Date,Time,Virtual Memory Committed [MB],Virtual Memory Available [MB],Virtual Memory Load [%],Physical Memory Used [MB],Physical Memory Available [MB],Physical Memory Load [%],Page File Usage [%],Page File Total [MB],Page File Used [MB],Core VIDs (avg) [V],Core 0 VID [V],Core 1 VID [V],Core 2 VID [V],Core 3 VID [V],Uncore VID [V],SA VID [V],Core Clocks (avg) [MHz],Core 0 Clock [MHz],Core 1 Clock [MHz],Core 2 Clock [MHz],Core 3 Clock [MHz],Bus Clock [MHz],Ring/LLC Clock [MHz],Core Effective Clocks (avg) [MHz],Core 0 T0 Effective Clock [MHz],Core 0 T1 Effective Clock [MHz],Core 1 T0 Effective Clock [MHz],Core 1 T1 Effective Clock [MHz],Core 2 T0 Effective Clock [MHz],Core 2 T1 Effective Clock [MHz],Core 3 T0 Effective Clock [MHz],Core 3 T1 Effective Clock [MHz],Average Effective Clock [MHz],Core Usage (avg) [%],Core 0 T0 Usage [%],Core 0 T1 Usage [%],Core 1 T0 Usage [%],Core 1 T1 Usage [%],Core 2 T0 Usage [%],Core 2 T1 Usage [%],Core 3 T0 Usage [%],Core 3 T1 Usage [%],Max CPU/Thread Usage [%],Total CPU Usage [%],On-Demand Clock Modulation [%],Core Utility (avg) [%],Core 0 T0 Utility [%],Core 0 T1 Utility [%],Core 1 T0 Utility [%],Core 1 T1 Utility [%],Core 2 T0 Utility [%],Core 2 T1 Utility [%],Core 3 T0 Utility [%],Core 3 T1 Utility [%],Total CPU Utility [%],Core Ratios (avg) [x],Core 0 Ratio [x],Core 1 Ratio [x],Core 2 Ratio [x],Core 3 Ratio [x],Uncore Ratio [x],Core Temperatures (avg) [°C],Core 0 [°C],Core 1 [°C],Core 2 [°C],Core 3 [°C],Core Distance to TjMAX (avg) [°C],Core 0 Distance to TjMAX [°C],Core 1 Distance to TjMAX [°C],Core 2 Distance to TjMAX [°C],Core 3 Distance to TjMAX [°C],CPU Package [°C],Core Max [°C],Core Thermal Throttling (avg) [Yes/No],Core 0 Thermal Throttling [Yes/No],Core 1 Thermal Throttling [Yes/No],Core 2 Thermal Throttling [Yes/No],Core 3 Thermal Throttling [Yes/No],Core Critical Temperature (avg) [Yes/No],Core 0 Critical Temperature [Yes/No],Core 1 Critical Temperature [Yes/No],Core 2 Critical Temperature [Yes/No],Core 3 Critical Temperature [Yes/No],Core Power Limit Exceeded (avg) [Yes/No],Core 0 Power Limit Exceeded [Yes/No],Core 1 Power Limit Exceeded [Yes/No],Core 2 Power Limit Exceeded [Yes/No],Core 3 Power Limit Exceeded [Yes/No],Package/Ring Thermal Throttling [Yes/No],Package/Ring Critical Temperature [Yes/No],Package/Ring Power Limit Exceeded [Yes/No],CPU Package [°C],CPU IA Cores [°C],CPU GT Cores (Graphics) [°C],VR VCC Current (SVID IOUT) [A],CPU Package Power [W],IA Cores Power [W],GT Cores Power [W],Total System Power [W],System Agent Power [W],Rest-of-Chip Power [W],PCH Power [W],PL1 Power Limit (Static) [W],PL1 Power Limit (Dynamic) [W],PL2 Power Limit (Static) [W],PL2 Power Limit (Dynamic) [W],Current cTDP Level [],Package C2 Residency [%],Package C3 Residency [%],Package C6 Residency [%],Package C7 Residency [%],Package C8 Residency [%],Package C9 Residency [%],Package C10 Residency [%],Core C0 Residency (avg) [%],Core 0 T0 C0 Residency [%],Core 0 T1 C0 Residency [%],Core 1 T0 C0 Residency [%],Core 1 T1 C0 Residency [%],Core 2 T0 C0 Residency [%],Core 2 T1 C0 Residency [%],Core 3 T0 C0 Residency [%],Core 3 T1 C0 Residency [%],Core C7 Residency (avg) [%],Core 0 C7 Residency [%],Core 1 C7 Residency [%],Core 2 C7 Residency [%],Core 3 C7 Residency [%],Memory Clock [MHz],Memory Clock Ratio [x],Tcas [T],Trcd [T],Trp [T],Tras [T],Trc [T],Trfc [T],Command Rate [T],Gear Mode [],IA Limit Reasons (avg) [Yes/No],IA: PROCHOT [Yes/No],IA: Thermal Event [Yes/No],IA: Residency State Regulation [Yes/No],IA: Running Average Thermal Limit [Yes/No],IA: VR Thermal Alert [Yes/No],IA: VR TDC [Yes/No],IA: Electrical Design Point/Other (ICCmax PL4 SVID DDR RAPL) [Yes/No],IA: Package-Level RAPL/PBM PL1 [Yes/No],IA: Package-Level RAPL/PBM PL2 PL3 [Yes/No],IA: Max Turbo Limit [Yes/No],IA: Turbo Attenuation (MCT) [Yes/No],GT Limit Reasons (avg) [Yes/No],GT: PROCHOT [Yes/No],GT: Thermal Event [Yes/No],GT: DDR RAPL [Yes/No],GT: Residency State Regulation [Yes/No],GT: Running Average Thermal Limit [Yes/No],GT: VR Thermal Alert [Yes/No],GT: VR TDC [Yes/No],GT: Max VR Voltage  ICCmax  PL4 [Yes/No],GT: Domain-Level PBM PLGT [Yes/No],GT: Package-Level RAPL/PBM PL1 [Yes/No],GT: Package-Level RAPL/PBM PL2 PL3 [Yes/No],GT: Inefficient Operation [Yes/No],GT: Fuses limit [Yes/No],Ring Limit Reasons (avg) [Yes/No],RING: PROCHOT [Yes/No],RING: Thermal Event [Yes/No],RING: DDR RAPL [Yes/No],RING: Residency State Regulation [Yes/No],RING: Running Average Thermal Limit [Yes/No],RING: VR Thermal Alert [Yes/No],RING: VR TDC [Yes/No],RING: Max VR Voltage  ICCmax  PL4 [Yes/No],RING: Package-Level RAPL/PBM PL1 [Yes/No],RING: Package-Level RAPL/PBM PL2 PL3 [Yes/No],PCH Temperature [°C],Temp0 [°C],Temp1 [°C],Temp2 [°C],Temp3 [°C],Temp4 [°C],Temp5 [°C],Temp6 [°C],Other (Docking) [RPM],Other (Docking) [RPM],AC Adapter Rating [W],Drive Temperature [°C],Drive Remaining Life [%],Drive Available Spare [%],Drive Failure [Yes/No],Drive Warning [Yes/No],Total Host Writes [GB],Total Host Reads [GB],Read Activity [%],Write Activity [%],Total Activity [%],Read Rate [MB/s],Write Rate [MB/s],Read Total [MB],Write Total [MB],GPU Core Temperature [°C],iGPU VID [V],IGPU Power [W],GPU Clock [MHz],GPU Memory Clock [MHz],GPU Total Usage [%],GPU Computing Usage [%],GPU Media Engine Usage [%],GPU D3D Utilizations (avg) [%],GPU D3D Usage [%],GPU Video Decode 0 Usage [%],GPU Video Decode 1 Usage [%],GPU Video Processing 0 Usage [%],GPU Copy Engine Usage [%],GPU Memory Usage [%],GPU Memory Allocated [MB],GPU Memory Available [MB],GPU D3D Memory Dynamic [MB],GPU Throttle Reasons (avg) [Yes/No],Avg. Power (PL1) [Yes/No],Burst Power (PL2) [Yes/No],Current (PL4) [Yes/No],Thermal [Yes/No],Power Supply [Yes/No],Software Limit [Yes/No],Hardware Limit [Yes/No],Battery Voltage [V],Remaining Capacity [Wh],Charge Level [%],Charge Rate [W],Wear Level [%],Estimated Remaining Time [mins],Framerate Presented (avg) [FPS],Framerate Presented (99%) [FPS],Framerate Presented (1%) [FPS],Framerate Presented (0.1%) [FPS],Framerate Presented (1% low) [FPS],Framerate Presented (0.1% low) [FPS],Framerate Displayed (avg) [FPS],Framerate Displayed (99%) [FPS],Framerate Displayed (1%) [FPS],Framerate Displayed (0.1%) [FPS],Framerate Displayed (1% low) [FPS],Framerate Displayed (0.1% low) [FPS],Frame Time Presented (avg) [ms],Frame Time Presented (99%) [ms],Frame Time Presented (1%) [ms],Frame Time Presented (0.1%) [ms],Frame Time Displayed (1% high) [ms],Frame Time Displayed (0.1% high) [ms],GPU Busy (avg) [ms],GPU Wait (avg) [ms],CPU Busy (avg) [ms],CPU Wait (avg) [ms],Animation Error (avg) [ms],Total DL [MB],Total UP [MB],Current DL rate [KB/s],Current UP rate [KB/s],Total Errors []
1.7.2026,10:58.5,20033,4222,82.5,7188,726,90.8,22,16341,3595,0.952,0.972,0.94,0.955,0.94,0.866,0.736,3537.6,3537.6,3537.6,3537.6,3537.6,98.3,2358.4,3582.8,3610.4,3625.5,3573.3,3576.4,3624.4,3630.6,3509.3,3512.5,3582.8,100,100,100,100,100,100,100,100,100,100,100,100,150.4,152.5,152.5,150.1,150.1,152.2,152.2,147,147,150.4,36,36,36,36,36,24,96,95,95,94,100,4,5,5,6,0,100,100,Yes,Yes,Yes,No,Yes,No,No,No,No,No,No,No,No,No,No,Yes,No,No,99,99,78,16.25,30.679,27.098,0.108,11.568,1.707,0.55,0.539,64,28,64,64,0,0,0,0,0,0,0,0,99.5,98.9,99.3,99.4,99.5,99.5,99.6,99.7,99.8,0,0,0,0,0,2096.4,21.33,36,39,39,90,129,598,1,2,Yes,No,Yes,No,No,No,No,No,No,No,Yes,No,No,No,No,No,No,No,No,No,No,No,No,No,No,No,No,No,No,No,No,No,No,No,No,No,No,78,99,54,52,42,52,64,64,7322,7021,65,61,55,100,No,No,34693,80193,9.2,1.5,10.7,9.103,0.315,580639,207413,78,0.697,0.108,600,2096,1.6,0.5,0,0.8,1.8,0,2.2,0,0,33.8,1337,2620,1337,No,No,No,No,No,No,No,No,8.194,29.062,99,2.573,43.5,59.6,30,63.4,19.7,19.6,19.6,19.6,30,60.6,20,19.9,19.9,19.9,33.38,50.88,15.72,15.51,51.03,51.03,1.19,2.42,33.1,0.28,33.26,2323,74,2.7,2.2,0
1.7.2026,11:00.5,20020,4235,82.5,7220,694,91.2,22,16341,3595,0.946,0.96,0.94,0.955,0.93,0.866,0.673,3537.6,3537.6,3537.6,3537.6,3537.6,98.3,2751.5,3516.4,3505.7,3515.5,3507.6,3522.5,3521.1,3535.7,3506.2,3516.5,3516.4,100,100,100,100,100,100,100,100,100,100,100,100,148.6,149.3,149.3,148.5,148.5,149.2,149.2,147.4,147.4,148.6,36,36,36,36,36,28,99,99,100,96,100,1,1,0,4,0,100,100,Yes,Yes,Yes,No,Yes,No,No,No,No,No,No,No,No,No,No,Yes,No,No,98,98,78,15.996,30.953,27.476,0.149,11.441,1.73,0.578,0.533,64,28,64,64,0,0,0,0,0,0,0,0,98.8,98.1,98.4,98.6,99.1,98.6,99,99.3,99.6,0,0,0,0,0,2096.4,21.33,36,39,39,90,129,598,1,2,Yes,No,Yes,No,No,No,No,No,No,No,Yes,No,No,No,No,No,No,No,No,No,No,No,No,No,No,No,No,No,No,No,No,No,No,No,No,No,No,78,99,54,52,42,52,64,64,7295,7034,65,61,55,100,No,No,34693,80193,60.8,3.8,64.6,124.902,0.453,580878,207414,78,0.717,0.149,700,2096,3.5,1.9,0,1.3,4.1,0,2.3,0,0,33.9,1340,2617,1340,No,No,No,No,No,No,No,No,8.195,29.062,99,2.573,43.5,59.6,30.1,87.9,17.6,17.1,17.1,17.1,30,60.9,19.9,19.9,19.9,19.9,33.18,56.86,11.28,10.29,58.66,58.66,1.24,3.36,32.8,0.37,31.61,2323,74,5.7,6.8,0
1.7.2026,11:02.5,20035,4220,82.5,7300,614,92.2,22,16341,3595,0.928,0.972,0.917,0.93,0.892,0.866,0.736,3439.4,3537.6,3439.4,3439.4,3341.1,98.3,2358.4,3516.2,3507.5,3528.1,3504.6,3512.1,3533.2,3544.4,3495.2,3504.8,3516.2,100,100,100,100,100,100,100,100,100,100,100,100,148.1,148.8,148.8,147.6,147.6,149,149,146.9,146.9,148.1,35,36,35,35,34,24,96,95,97,93,98,4,5,3,7,2,98,98,Yes,Yes,Yes,No,Yes,No,No,No,No,No,No,No,No,No,No,Yes,No,No,100,100,78,13.965,30.132,25.95,0.301,11.524,2.024,0.993,0.541,64,28,64,64,0,0,0,0,0,0,0,0,99.2,98.5,99,99.1,99.4,99.1,99.4,99.4,99.7,0,0,0,0,0,2096.4,21.33,36,39,39,90,129,598,1,2,Yes,No,Yes,No,No,No,No,No,No,No,Yes,No,No,No,No,No,No,No,No,No,No,No,No,No,No,No,No,No,No,No,No,No,No,No,No,No,No,78,99,56,53,43,53,66,65,6959,6862,65,60,55,100,No,No,34693,80193,39.9,0.2,40.1,52.929,0.756,580980,207415,77,0.697,0.301,600,2096,3.1,1.6,0,1.2,3.6,0,2.3,0,0,34.3,1357,2599,1358,No,No,No,No,No,No,No,No,8.193,29.062,99,2.581,43.5,59.6,30.5,62.3,19.8,19.8,19.8,19.8,30.6,60.2,20,20,20,20,32.74,50.82,15.73,15.65,50.96,50.96,1.19,2.73,32.42,0.32,32.2,2325,74,888.5,20.8,0
1.7.2026,11:04.5,20039,4216,82.6,7322,592,92.5,22,16341,3595,0.921,0.972,0.907,0.92,0.882,0.866,0.673,3439.4,3537.6,3439.4,3439.4,3341.1,98.3,3144.6,3499.5,3506.1,3523.8,3493.8,3497.5,3522.1,3526.1,3462.3,3464.4,3499.5,100,100,100,100,100,100,100,100,100,100,100,100,147,148,148,146.7,146.7,148.1,148.1,145.2,145.2,147,35,36,35,35,34,32,97,97,98,93,100,3,3,2,7,0,100,100,Yes,Yes,Yes,Yes,Yes,No,No,No,No,No,No,No,No,No,No,Yes,No,No,98,98,77,16.25,31.95,28.148,0.164,11.338,1.851,0.787,0.547,64,28,64,64,0,0,0,0,0,0,0,0,99.4,98.9,99.4,99.4,99.5,99.3,99.4,99.5,99.6,0,0,0,0,0,1048.2,10.67,20,20,20,45,129,299,1,2,Yes,No,Yes,No,No,No,No,No,No,No,Yes,No,No,No,No,No,No,No,No,No,No,No,No,No,No,No,No,No,No,No,No,No,No,No,No,No,No,78,99,56,53,43,53,66,65,7433,7241,65,60,55,100,No,No,34693,80193,39.7,0.4,40.1,20.235,3.794,581019,207423,77,0.7,0.164,600,2096,1.7,0.6,0,0.8,2,0,2.1,0,0,34.3,1357,2600,1357,No,No,No,No,No,No,No,No,8.195,29.062,99,2.59,43.5,59.6,29.5,63.8,19.6,19.6,19.6,19.6,29.5,60.2,20,20,20,20,33.94,51.22,15.41,15.07,51.41,51.41,1.25,2.68,33.64,0.31,33.35,2325,74,4.4,8.5,0
1.7.2026,11:06.6,20010,4245,82.4,7308,606,92.3,22,16341,3594,0.942,0.97,0.94,0.955,0.905,0.866,0.673,3513.1,3537.6,3537.6,3537.6,3439.4,98.3,2358.4,3521.5,3522.8,3542.7,3518.6,3526.6,3535,3550.1,3485.6,3490.7,3521.5,100,100,100,100,100,100,100,100,100,100,100,100,148.2,149.3,149.3,148.1,148.1,149.2,149.2,146.3,146.3,148.2,35.8,36,36,36,35,24,96,97,97,94,98,4,3,3,6,2,100,98,Yes,Yes,Yes,Yes,Yes,No,No,No,No,No,No,No,No,No,No,Yes,No,No,101,101,78,15.996,29.312,25.659,0.12,11.201,1.77,0.701,0.535,64,27,64,64,0,0,0,0,0,0,0,0,99.2,98.5,99.1,99.2,99.4,99,99.4,99.5,99.7,0,0,0,0,0,2096.4,21.33,36,39,39,90,129,598,1,2,Yes,No,Yes,No,No,No,No,No,No,No,Yes,No,No,No,No,No,No,No,No,No,No,No,No,No,No,No,No,No,No,No,No,No,No,No,No,No,No,80,99,56,53,43,53,66,65,7349,7110,65,61,55,100,No,No,34693,80194,13.8,2.5,16.3,22.289,0.235,581062,207423,78,0.755,0.12,900,1048,1.6,0.5,0,0.8,1.8,0,2.4,0,0,34.1,1348,2608,1349,No,No,No,No,No,No,No,No,8.194,29.062,99,2.589,43.5,59.6,28.4,61.8,19.6,19.6,19.5,19.5,28.4,60.4,20,20,20,20,35.16,50.94,16.2,16.19,51.14,51.14,1.11,1.02,34.86,0.3,30.6,2326,74,808.8,12.8,0
1.7.2026,11:08.5,20020,4234,82.5,7318,596,92.4,22,16341,3594,0.946,1.02,0.917,0.917,0.93,0.886,0.673,3537.6,3734.2,3439.4,3439.4,3537.6,98.3,3439.4,3519.3,3511.4,3532.5,3517.5,3526.5,3530.7,3541.9,3494.6,3499.3,3519.3,100,100,100,100,100,100,100,100,100,100,100,100,148.3,149.3,149.3,148.3,148.3,148.9,148.9,146.6,146.6,148.3,36,38,35,35,36,35,98,97,100,94,100,2,3,0,6,0,98,100,Yes,Yes,Yes,No,Yes,No,No,No,No,No,No,No,No,No,No,Yes,No,No,101,101,78,16.25,30.456,26.736,0.137,11.32,1.804,0.701,0.539,64,27,64,64,0,0,0,0,0,0,0,0,99.1,98.2,98.8,99.1,99.3,99,99.3,99.5,99.7,0,0,0,0,0,1048.2,10.67,20,20,20,45,129,299,1,2,Yes,No,Yes,No,No,No,No,No,No,No,Yes,No,No,No,No,No,No,No,No,No,No,No,No,No,No,No,No,No,No,No,No,No,No,No,No,No,No,79,99,56,53,43,53,66,65,7363,7021,65,61,55,100,No,No,34693,80194,7.5,0,7.5,4.447,0.204,581071,207423,77,0.697,0.137,600,2096,1.6,0.5,0,0.8,1.9,0,2.2,0,0,33.9,1341,2616,1341,No,No,No,No,No,No,No,No,8.194,29.062,99,2.589,43.5,59.6,30.1,91.8,18.3,18.2,18.2,18.2,30,60.3,20,20,20,20,33.27,54.56,10.73,10.27,54.93,54.93,1.17,3.69,32.96,0.31,33.9,2326,74,0,0,0
1.7.2026,11:10.5,20017,4238,82.5,7329,585,92.6,22,16341,3594,0.924,0.947,0.917,0.917,0.915,0.848,0.736,3439.4,3439.4,3439.4,3439.4,3439.4,98.3,3242.8,3550.5,3572.9,3589.1,3550.5,3558,3576.3,3584.9,3484.8,3487.3,3550.5,100,100,100,100,100,100,100,100,100,100,100,100,149.1,150.9,150.9,149.3,149.3,150.3,150.3,145.9,145.9,149.1,35,35,35,35,35,33,96,96,96,93,98,4,4,4,7,2,100,98,Yes,Yes,Yes,Yes,Yes,No,No,No,No,No,No,No,No,No,No,Yes,No,No,101,101,78,15.996,28.912,24.984,0.196,11.336,1.856,0.738,0.539,64,27,64,64,0,0,0,0,0,0,0,0,99.5,98.9,99.4,99.4,99.6,99.4,99.6,99.7,99.8,0,0,0,0,0,1048.2,10.67,20,20,20,45,129,299,1,2,Yes,No,Yes,No,No,No,No,No,No,No,Yes,No,No,No,No,No,No,No,No,No,No,No,No,No,No,No,No,No,No,No,No,No,No,No,No,No,No,78,99,56,53,43,53,66,65,7281,6971,65,61,55,100,No,No,34693,80194,6.8,0,6.9,9.748,0.173,581089,207424,78,0.755,0.196,900,1048,2.3,0.9,0,1,2.7,0,2.3,0,0,33.9,1341,2616,1341,No,No,No,No,No,No,No,No,8.194,29.062,99,2.581,43.5,59.6,31.5,76.1,19.5,19.4,19.4,19.4,31.6,60.1,20,20,20,20,31.77,51.25,13.19,12.31,51.47,51.47,1.27,3.94,31.46,0.31,29.24,2326,74,5.8,2.6,0
1.7.2026,11:12.5,20017,4237,82.5,7344,570,92.7,22,16341,3594,0.934,0.97,0.885,0.955,0.927,0.866,0.673,3488.5,3537.6,3341.1,3537.6,3537.6,98.3,2358.4,3543.9,3554.9,3574.5,3553.5,3560,3563.1,3574.8,3483.4,3486.7,3543.9,100,100,100,100,100,100,100,100,100,100,100,100,148.9,150.6,150.6,149.4,149.4,149.9,149.9,145.9,145.9,149,35.5,36,34,36,36,24,98,97,98,95,100,2,3,2,5,0,100,100,Yes,Yes,Yes,No,Yes,No,No,No,No,No,No,No,No,No,No,Yes,No,No,98,98,78,15.742,30.87,27.118,0.137,11.39,1.796,0.664,0.538,64,26,64,64,0,0,0,0,0,0,0,0,99.4,98.6,99.1,99.3,99.5,99.3,99.6,99.7,99.8,0,0,0,0,0,2096.4,21.33,36,39,39,90,129,598,1,2,Yes,No,Yes,No,No,No,No,No,No,No,Yes,No,No,No,No,No,No,No,No,No,No,No,No,No,No,No,No,No,No,No,No,No,No,No,No,No,No,78,99,56,53,43,53,66,65,7281,6984,65,61,55,100,No,No,34693,80194,10.7,0,10.7,22.676,0.02,581132,207424,78,0.697,0.137,600,1048,2.2,1.1,0,1,2.5,0,2.3,0,0,33.9,1341,2616,1341,No,No,No,No,No,No,No,No,8.197,29.062,99,2.59,43.5,59.6,45.1,81.1,19.9,19.9,19.9,19.9,45,61.9,20,20,20,20,22.18,50.14,12.02,11.08,50.21,50.21,1.21,0.3,21.84,0.35,11.85,2329,74,1222.7,18.9,0
1.7.2026,11:14.6,20023,4232,82.5,7383,531,93.2,22,16341,3593,0.861,0.972,0.76,0.945,0.765,0.866,0.738,2997.2,3537.6,2456.7,3537.6,2456.7,98.3,2653.2,3351.1,3467.8,3489.4,3363.5,3368.8,3375.9,3387.1,3174,3182.2,3351.1,100,100,100,100,100,100,100,100,100,100,100,100,141.2,147.1,147.1,141.8,141.8,142.5,142.5,133.5,133.5,141.2,30.5,36,25,36,25,27,92,93,93,94,87,8,7,7,6,13,93,94,Yes,Yes,Yes,No,Yes,No,No,No,No,No,Yes,Yes,Yes,Yes,Yes,Yes,No,Yes,99,99,78,15.235,28.577,24.78,0.214,11.347,1.831,0.702,0.547,64,26,64,64,0,0,0,0,0,0,0,0,99.2,98.5,99.1,99.1,99.3,98.9,99.3,99.5,99.7,0,0,0,0,0,2096.4,21.33,36,39,39,90,129,598,1,2,Yes,No,Yes,No,No,No,No,No,Yes,No,Yes,No,No,No,No,No,No,No,No,No,No,No,No,No,No,No,No,No,No,No,No,No,No,No,No,No,No,80,99,56,53,43,53,66,65,7281,6984,65,61,55,100,No,No,34693,80194,37.9,0.1,37.9,74.671,0.164,581277,207424,78,0.717,0.214,700,2096,6.4,4.7,0,2,6.7,0,2.4,0.9,0,34.5,1365,2592,1365,No,No,No,No,No,No,No,No,8.194,29.062,99,2.581,43.5,59.6,42.7,65.1,20,20,20,20,25.4,60.2,4.3,3.6,3.5,3.5,23.41,50.07,15.36,15.06,50.11,50.11,0.21,0,23.41,0,16.91,2329,74,94.2,12.2,0
1.7.2026,11:16.6,20037,4217,82.6,7452,462,94.1,22,16341,3593,0.812,0.822,0.762,0.93,0.732,0.848,0.738,2726.9,2751.5,2456.7,3439.4,2260.2,98.3,2555,3143.2,3336.2,3356.6,3182.1,3189.2,3279.8,3289.5,2751.3,2761.1,3143.2,100,100,100,100,100,100,100,100,100,100,100,100,132.5,141.6,141.6,134.2,134.2,138.4,138.4,115.7,115.7,132.5,27.8,28,25,35,23,26,90,92,92,90,87,10,8,8,10,13,92,92,Yes,No,No,No,Yes,No,No,No,No,No,Yes,Yes,Yes,Yes,Yes,Yes,No,Yes,93,93,78,15.235,28.9,24.265,0.702,10.772,1.971,0.972,0.538,64,26,64,64,0,0,0,0,0,0,0,0,99.1,98.3,99,99,99.2,99,99.3,99.3,99.7,0,0,0,0,0,2096.4,21.33,36,39,39,90,129,598,1,2,Yes,No,No,No,No,No,No,No,Yes,No,No,No,No,No,No,No,No,No,No,No,No,No,No,No,No,No,No,No,No,No,No,No,No,No,No,No,No,78,98,56,53,43,53,66,65,7308,6984,65,61,55,100,No,No,34693,80194,28.7,0.5,29.2,78.367,0.281,581428,207425,78,0.755,0.702,900,2096,10.8,8.9,0,3.4,10.9,0,2,4.2,0,34.9,1379,2578,1380,No,No,No,No,No,No,No,No,8.196,29.062,99,2.598,43.5,59.6,47.4,93.1,19.9,19.8,19.8,19.8,43.2,60.3,14.3,12.2,12,12,21.11,50.14,10.74,7.03,50.56,50.56,0.55,0,21.11,0,9.59,2329,74,46,4.2,0
1.7.2026,11:18.6,20043,4212,82.6,7307,607,92.3,22,16341,3593,0.806,0.787,0.94,0.76,0.735,0.866,0.738,2702.4,2555,3537.6,2456.7,2260.2,98.3,3341.1,3146.6,3352.6,3368.2,3225.9,3230.8,3123.9,3132.4,2873.5,2865.8,3146.6,100,100,100,100,100,100,100,100,100,100,100,100,132.5,142,142,135.9,135.9,131.5,131.5,120.5,120.5,132.5,27.5,26,36,25,23,34,90,91,94,88,87,10,9,6,12,13,97,94,Yes,No,Yes,No,Yes,No,No,No,No,No,Yes,Yes,Yes,Yes,Yes,Yes,No,Yes,91,91,78,9.141,24.905,20.22,0.717,9.896,2.03,1.068,0.536,64,26,64,64,0,0,0,0,0,0,0,0,99.2,98.5,99,99.1,99.3,99.2,99.5,99.6,99.4,0,0,0,0,0,1048.2,10.67,20,20,20,45,129,299,1,2,Yes,No,No,No,No,No,No,No,Yes,No,No,No,No,No,No,No,No,No,No,No,No,No,No,No,No,No,No,No,No,No,No,No,No,No,No,No,No,78,98,57,54,43,54,67,66,7308,6984,65,61,55,100,No,No,34693,80194,10.2,27.4,37.6,9.449,0.507,581446,207426,77,0.7,0.717,600,2096,11.8,9.8,0,3.6,12,0,2.2,3.7,0,34.8,1376,2580,1377,No,No,No,No,No,No,No,No,8.195,29.062,99,2.598,43.5,59.6,49.5,61.4,23.6,20.5,20.2,20.2,49.5,61.1,23.6,20.3,20,20,20.21,42.34,16.28,16.26,49.62,49.62,0.52,0,20.21,0,7.16,2329,74,5.7,2.5,0
1.7.2026,11:20.5,20047,4207,82.6,7319,595,92.4,22,16341,3592,0.889,0.872,0.872,0.88,0.93,0.866,0.738,3267.4,3046.3,3242.8,3242.8,3537.6,98.3,2358.4,3176.6,3434.1,3458,3194.3,3199.9,3272.3,3282.3,2784.3,2787.4,3176.6,100,100,100,100,100,100,100,100,100,100,100,100,133.6,145.6,145.6,134.5,134.5,137.6,137.6,116.6,116.6,133.6,33.2,31,33,33,36,24,91,93,93,89,90,9,7,7,11,10,93,93,No,No,No,No,No,No,No,No,No,No,Yes,Yes,Yes,Yes,Yes,Yes,No,Yes,94,94,77,12.696,24.849,20.427,0.762,9.8,2.051,1.099,0.533,64,25.8,64,64,0,0,0,0,0,0,0,0,99.3,98.6,99.2,99.2,99.4,99.3,99.5,99.6,99.7,0,0,0,0,0,1048.2,10.67,20,20,20,45,129,299,1,2,Yes,No,No,No,No,No,No,No,Yes,No,No,No,No,No,No,No,No,No,No,No,No,No,No,No,No,No,No,No,No,No,No,No,No,No,No,No,No,77,97,57,54,43,54,67,66,7349,6984,65,61,55,100,No,No,34693,80194,100,0.1,100,16.256,0.126,581477,207426,77,0.755,0.762,900,1048,10.5,8.6,0,3.3,10.6,0,1.8,4.2,0,34.7,1374,2582,1375,No,No,No,No,No,No,No,No,8.194,29.062,99,2.597,43.5,59.6,40.7,63.1,19.9,19.8,19.8,19.8,40.7,61.2,20,20,20,20,24.54,50.28,15.84,15.59,50.39,50.39,0.38,0,24.54,0,12.42,2331,74,981.6,18,0
1.7.2026,11:22.5,20019,4236,82.5,7296,619,92.1,22,16341,3591,0.861,0.972,0.852,0.842,0.775,0.866,0.676,3021.7,3537.6,3046.3,2948,2555,98.3,3341.1,3171.3,3435.6,3455.5,3241.7,3246.8,3263,3271.1,2727.6,2729.4,3171.3,100,100,100,100,100,100,100,100,100,100,100,100,133.3,145.4,145.4,136.4,136.4,137.2,137.2,114.3,114.3,133.3,30.8,36,31,30,26,34,91,93,93,87,91,9,7,7,13,9,93,93,No,No,No,No,No,No,No,No,No,No,Yes,Yes,Yes,Yes,Yes,No,No,Yes,93,93,78,11.172,24.161,19.839,0.584,9.809,1.856,0.837,0.544,64,25.8,64,64,0,0,0,0,0,0,0,0,99.4,98.7,99.2,99.3,99.4,99.3,99.6,99.7,99.8,0,0,0,0,0,1048.2,10.67,20,20,20,45,129,299,1,2,Yes,No,No,No,No,No,No,No,Yes,No,No,No,No,No,No,No,No,No,No,No,No,No,No,No,No,No,No,No,No,No,No,No,No,No,No,No,No,78,96,57,54,43,54,67,66,7363,7009,65,61,55,100,No,No,34693,80194,5.2,1.2,6.4,5.408,0.205,581487,207426,77,0.755,0.584,900,1048,6.7,5.1,0,2.5,6.8,0,1.9,3.8,0,34.5,1364,2592,1365,No,No,No,No,No,No,No,No,8.198,29.062,99,2.599,43.5,59.6,54.7,68,20,20,20,20,46.3,60.7,8.6,6.2,6,6,18.29,50.01,14.7,13.93,50.1,50.1,0.59,0,18.29,0,3.47,2331,74,0.4,0.3,0
1.7.2026,11:24.5,20039,4215,82.6,7327,587,92.5,22,16341,3591,0.847,0.972,0.872,0.81,0.732,0.866,0.738,2948,3537.6,3242.8,2751.5,2260.2,98.3,2358.4,3147.6,3442.1,3463.1,3247.9,3247.5,3215.3,3221.6,2670.5,2672.7,3147.6,100,100,100,100,100,100,100,100,100,100,100,100,132.5,146,146,136.8,136.8,135.1,135.1,112.1,112.1,132.5,30,36,33,28,23,24,91,93,93,91,87,9,7,7,9,13,95,93,No,No,No,No,No,No,No,No,No,No,Yes,Yes,Yes,Yes,Yes,No,No,Yes,94,94,77,9.395,25.01,20.941,0.598,9.818,1.886,0.875,0.535,64,25.8,64,64,0,0,0,0,0,0,0,0,99.2,98.4,99,99.2,99.2,99.3,99.5,99.6,99.7,0,0,0,0,0,1048.2,10.67,20,20,20,45,129,299,1,2,Yes,No,No,No,No,No,No,No,Yes,No,No,No,No,No,No,No,No,No,No,No,No,No,No,No,No,No,No,No,No,No,No,No,No,No,No,No,No,76,96,57,54,43,54,67,66,7349,7021,65,61,55,100,No,No,34693,80194,12.8,0,12.8,9.847,0.021,581506,207426,76,0.7,0.598,600,1048,11.9,10.1,0,3.3,12.3,0,2.2,1.7,0,34.8,1375,2581,1376,No,No,No,No,No,No,No,No,8.195,29.062,99,2.59,43.5,59.6,52.8,64.1,20.1,20.1,20.1,20.1,44.2,60.4,9.2,6.9,6.7,6.7,18.95,49.69,15.61,15.25,49.78,49.78,0.62,0,18.95,0,5.75,2333,74,926.9,12.7,0
1.7.2026,11:26.5,20052,4203,82.6,7334,581,92.6,22,16341,3591,0.901,0.972,0.94,0.955,0.735,0.866,0.738,3218.3,3537.6,3537.6,3537.6,2260.2,98.3,2849.8,3193.9,3471.6,3488.5,3234.8,3240.2,3283.6,3290.1,2770,2772,3193.9,100,100,100,100,100,100,100,100,100,100,100,100,134.2,146.7,146.7,136,136,138,138,116,116,134.2,32.8,36,36,36,23,29,91,94,94,89,87,9,6,6,11,13,94,94,No,No,No,No,No,No,No,No,No,No,Yes,Yes,Yes,Yes,Yes,No,No,Yes,95,95,77,14.219,25.532,20.955,0.722,9.821,1.971,0.998,0.54,64,25.8,64,64,0,0,0,0,0,0,0,0,99.4,98.8,99.3,99.3,99.4,99.4,99.6,99.6,99.7,0,0,0,0,0,2096.4,21.33,36,39,39,90,129,598,1,2,Yes,No,No,No,No,No,No,No,Yes,No,No,No,No,No,No,No,No,No,No,No,No,No,No,No,No,No,No,No,No,No,No,No,No,No,No,No,No,76,96,57,54,43,54,67,66,7349,7021,65,61,55,100,No,No,34693,80194,7,0,7,3.658,0.251,581513,207427,76,0.7,0.722,600,1048,8.3,6.8,0,2.2,8.7,0,2,0.6,0,35.2,1394,2563,1394,No,No,No,No,No,No,No,No,8.194,29.062,99,2.589,43.5,59.6,39.3,145,18.2,17.6,17.5,17.5,39.3,60.2,20,20,20,20,25.46,55.16,6.83,6.32,57.13,57.13,1.07,0.68,25.14,0.32,18.49,2333,74,0.3,3.6,0
1.7.2026,11:28.6,20106,4149,82.8,7407,507,93.5,22,16341,3591,0.881,0.96,0.817,0.93,0.817,0.866,0.676,3169.1,3537.6,2849.8,3439.4,2849.8,98.3,2358.4,3157.1,3385.6,3404,3250.1,3255.5,3282.3,3293.8,2690.8,2695,3157.1,100,100,100,100,100,100,100,100,100,100,100,100,133,143.6,143.6,137,137,138.4,138.4,112.9,112.9,133,32.2,36,29,35,29,24,91,94,93,90,88,9,6,7,10,12,94,94,No,No,No,No,No,No,No,No,No,No,Yes,Yes,Yes,Yes,Yes,No,No,Yes,92,92,77,12.188,25.762,22.014,0.285,9.551,1.768,0.698,0.526,64,25.5,64,64,0,0,0,0,0,0,0,0,99.2,98.5,99,99.1,99.2,99.1,99.4,99.5,99.7,0,0,0,0,0,2096.4,21.33,36,39,39,90,129,598,1,2,Yes,No,No,No,No,No,No,No,Yes,No,No,No,No,No,No,No,No,No,No,No,No,No,No,No,No,No,No,No,No,No,No,No,No,No,No,No,No,77,95,57,54,43,54,67,66,7295,7021,65,61,55,100,No,No,34693,80194,22.4,0.5,23,21.056,0.156,581553,207427,77,0.702,0.285,600,2096,5.7,4.3,0,1.6,6,0,2.2,0,0,35.5,1406,2550,1407,No,No,No,No,No,No,No,No,8.197,29.062,99,2.59,43.5,59.6,58.8,129.7,37.1,35.7,35.6,35.6,57.9,60.2,30,30,30,30,17.02,26.91,7.69,7.61,28.13,28.13,1.49,3.24,16.69,0.32,2.83,2333,74,93,26.1,0
1.7.2026,11:30.6,20068,4187,82.7,7419,495,93.7,22,16341,3591,0.907,0.96,0.92,0.905,0.842,0.866,0.676,3316.5,3537.6,3341.1,3341.1,3046.3,98.3,2358.4,3181.7,3333.4,3354.4,3106.4,3112.7,3330.8,3335.1,2936.3,2944.2,3181.7,100,100,100,100,100,100,100,100,100,100,100,100,133.9,141.3,141.3,131,131,140.2,140.2,123.4,123.4,133.9,33.8,36,34,34,31,24,90,94,89,88,88,10,6,11,12,12,94,94,Yes,No,No,No,Yes,No,No,No,No,No,Yes,Yes,Yes,Yes,Yes,Yes,No,Yes,92,92,77,14.219,26.963,22.701,0.398,9.673,1.972,0.99,0.534,64,25.5,64,64,0,0,0,0,0,0,0,0,99.2,98.5,99.2,99.1,99.3,99.2,99.3,99.4,99.6,0,0,0,0,0,1048.2,10.67,20,20,20,45,129,299,1,2,Yes,No,No,No,No,No,No,No,Yes,No,No,No,No,No,No,No,No,No,No,No,No,No,No,No,No,No,No,No,No,No,No,No,No,No,No,No,No,76,95,57,54,43,54,67,66,7308,7009,65,61,55,100,No,No,34693,80194,17.1,2.1,19.2,29.038,0.352,581608,207428,76,0.7,0.398,600,2096,7,5.4,0,2,7.6,0,2.4,0,0,35.9,1422,2535,1422,No,No,No,No,No,No,No,No,8.194,29.062,99,2.589,43.5,59.6,42.2,69.1,5.4,3.9,3.7,3.7,42.1,60.2,5.5,3.9,3.8,3.8,23.71,183.96,14.47,13.86,267.15,267.15,0.4,0,23.71,0,12.96,2333,74,22.4,4.1,0
1.7.2026,11:32.6,20102,4152,82.8,7381,533,93.2,22,16341,3587,0.864,0.752,0.79,0.93,0.985,0.886,0.678,3046.3,2358.4,2653.2,3439.4,3734.2,98.3,2456.7,3181.6,3320,3346.4,3069.4,3073.7,3226.5,3237.4,3084.3,3094.9,3181.6,100,100,100,100,100,100,100,100,100,100,100,100,134,141.1,141.1,129.3,129.3,136,136,129.7,129.7,134,31,24,27,35,38,25,91,89,91,94,90,9,11,9,6,10,93,94,Yes,No,No,No,Yes,No,No,No,No,No,Yes,Yes,Yes,Yes,Yes,Yes,No,Yes,93,93,76,13.203,26.269,22.273,0.292,9.707,1.883,0.908,0.51,64,25.5,64,64,0,0,0,0,0,0,0,0,99.1,98.3,99,99.2,99.3,99,99.3,99.3,99.6,0,0,0,0,0,1048.2,10.67,20,20,20,45,129,299,1,2,Yes,No,Yes,No,No,No,No,No,Yes,No,Yes,No,No,No,No,No,No,No,No,No,No,No,No,No,No,No,No,No,No,No,No,No,No,No,No,No,No,77,95,58,55,43,54,67,67,7308,7021,65,61,55,100,No,No,34693,80194,37.8,0.1,37.9,92.519,0.286,581798,207428,76,0.7,0.292,600,1048,3,1.6,0,1.2,3.4,0,2.4,0,0,35.8,1418,2539,1418,No,No,No,No,No,No,No,No,8.195,29.062,99,2.581,43.5,59.6,5.3,236.1,2.1,2,2,2,3.5,14.1,2,2,2,2,188.72,486.9,4.2,3.03,495.45,495.45,0.75,0.17,188.45,0.27,39.62,2335,74,834.7,13.6,0
1.7.2026,11:34.6,20063,4192,82.7,7190,724,90.8,22,16341,3595,0.907,0.972,0.93,0.842,0.885,0.866,0.676,3341.1,3537.6,3537.6,2948,3341.1,98.3,3144.6,3206.6,3454.5,3476,3212.4,3220.2,3277.9,3290,2857.1,2864.6,3206.6,100,100,100,100,100,100,100,100,100,100,100,100,135,146.4,146.4,135.3,135.3,138.4,138.4,120,120,135,34,36,36,30,34,32,90,92,92,85,90,10,8,8,15,10,92,92,No,No,No,No,No,No,No,No,No,No,Yes,Yes,Yes,Yes,Yes,No,No,Yes,94,94,76,13.203,25.056,21.466,0.128,9.693,1.78,0.78,0.509,64,25.5,64,64,0,0,0,0,0,0,0,0,99.3,98.6,99.2,99.2,99.4,99.1,99.5,99.5,99.7,0,0,0,0,0,1048.2,10.67,20,20,20,45,129,299,1,2,Yes,No,No,No,No,No,No,No,Yes,No,Yes,No,No,No,No,No,No,No,No,No,No,No,No,No,No,No,No,No,No,No,No,No,No,No,No,No,No,76,95,58,55,43,54,67,67,7322,7021,65,61,55,100,No,No,34693,80194,28.6,19.4,48,35.358,44.856,581862,207510,76,0.757,0.128,900,1048,1.4,0.5,0,0.7,1.4,0,2.4,0,0,34.2,1355,2602,1355,No,No,No,No,No,No,No,No,8.194,29.062,99,2.581,43.5,59.6,39.3,61.9,6.8,5.6,5.5,5.5,39.5,60.2,6.8,5.6,5.5,5.5,25.45,146.41,16.15,16.15,181.99,181.99,0.21,0.04,25.16,0.29,12.78,2336,74,578.1,11.9,0
1.7.2026,11:36.5,20120,4134,82.9,7283,631,92,22,16341,3595,0.858,0.84,0.897,0.88,0.815,0.868,0.678,3070.9,2849.8,3341.1,3242.8,2849.8,98.3,3144.6,3170.8,3295.4,3310.9,3082.9,3087.2,3433.2,3440.1,2855.1,2861.5,3170.8,100,100,100,100,100,100,100,100,100,100,100,100,133.6,139.7,139.7,130,130,144.9,144.9,120,120,133.6,31.2,29,34,33,29,32,90,92,91,85,92,10,8,9,15,8,92,92,No,No,No,No,No,No,No,No,No,No,Yes,Yes,Yes,Yes,Yes,No,No,Yes,90,90,76,12.442,25.596,21.882,0.131,9.757,1.815,0.821,0.507,64,25.2,64,64,0,0,0,0,0,0,0,0,99.1,98.5,99,99.1,99.2,98.9,99.1,99.4,99.6,0,0,0,0,0,1048.2,10.67,20,20,20,45,129,299,1,2,Yes,No,No,No,No,No,No,No,Yes,No,Yes,No,No,No,No,No,No,No,No,No,No,No,No,No,No,No,No,No,No,No,No,No,No,No,No,No,No,76,95,58,55,43,54,67,67,7308,7021,65,62,55,100,No,No,34693,80195,49.8,0.1,49.9,115.086,0.234,582082,207510,76,0.71,0.131,650,1048,1.8,0.9,0,0.8,2,0,2.1,0,0,34.6,1368,2589,1368,No,No,No,No,No,No,No,No,8.195,29.062,99,2.581,43.5,59.6,39.3,61.9,6.8,5.6,5.5,5.5,39.5,60.2,6.8,5.6,5.5,5.5,25.45,146.41,16.15,16.15,181.99,181.99,0.21,0.04,25.16,0.29,12.78,2337,74,420.7,23.1,0
1.7.2026,11:38.5,20021,4233,82.5,7189,725,90.8,22,16341,3595,0.871,0.96,0.87,0.895,0.76,0.868,0.738,3120,3537.6,3144.6,3341.1,2456.7,98.3,2751.5,3218.3,3406,3424.1,3202.3,3207.6,3348.6,3355.6,2899.9,2902.4,3218.3,100,100,100,100,100,100,100,100,100,100,100,100,135.2,143.9,143.9,134.5,134.5,140.7,140.7,121.6,121.6,135.2,31.8,36,32,34,25,28,90,91,91,89,91,10,9,9,11,9,91,91,No,No,No,No,No,No,No,No,No,No,Yes,Yes,Yes,Yes,Yes,No,No,Yes,91,91,75,11.934,25.185,21.4,0.1,9.747,1.8,0.809,0.507,64,25.2,64,64,0,0,0,0,0,0,0,0,99.4,98.9,99.4,99.4,99.6,99.4,99.6,99.6,99.7,0,0,0,0,0,1048.2,10.67,20,20,20,45,129,299,1,2,Yes,No,No,No,No,No,No,No,Yes,No,No,No,No,No,No,No,No,No,No,No,No,No,No,No,No,No,No,No,No,No,No,No,No,No,No,No,No,76,94,58,55,43,54,67,67,7322,7021,65,62,55,100,No,No,34693,80195,8.3,0,8.4,10.254,0.111,582101,207510,76,0.757,0.1,900,1048,1.3,0.6,0,0.7,1.3,0,2.2,0,0,34.6,1370,2586,1371,No,No,No,No,No,No,No,No,8.196,29.062,99,2.59,43.5,59.6,26.2,77.4,2.1,1.5,1.5,1.5,26.2,60.5,2.1,1.5,1.5,1.5,38.13,486.46,13.26,12.45,687.31,687.31,0.43,0,37.82,0.31,43.33,2337,74,3.3,16.9,0
1.7.2026,11:40.5,20020,4235,82.5,7197,717,90.9,22,16341,3595,0.846,0.875,0.907,0.76,0.842,0.868,0.678,2997.2,3046.3,3439.4,2456.7,3046.3,98.3,3144.6,3221.9,3452.5,3469.5,3250.3,3257,3265.7,3272.8,2902.4,2905.1,3221.9,100,100,100,100,100,100,100,100,100,100,100,100,135.3,145.8,145.8,136.6,136.6,137.2,137.2,121.7,121.7,135.3,30.5,31,35,25,31,32,89,89,91,88,87,11,11,9,12,13,92,91,No,No,No,No,No,No,No,No,No,No,Yes,Yes,Yes,Yes,Yes,No,No,Yes,93,93,76,15.489,24.851,21.295,0.158,9.701,1.628,0.574,0.504,64,25.2,64,64,0,0,0,0,0,0,0,0,99.5,98.8,99.4,99.4,99.6,99.4,99.6,99.7,99.7,0,0,0,0,0,1048.2,10.67,20,20,20,45,129,299,1,2,Yes,No,No,No,No,No,No,No,Yes,No,No,No,No,No,No,No,No,No,No,No,No,No,No,No,No,No,No,No,No,No,No,No,No,No,No,No,No,76,94,58,55,43,54,67,67,7336,7034,65,62,55,100,No,No,34693,80195,6.7,0,6.7,4.282,0.157,582109,207510,75,0.702,0.158,600,1048,2.6,1.7,0,1,2.7,0,2.3,0,0,33.3,1319,2637,1320,No,No,No,No,No,No,No,No,8.195,29.062,99,2.59,43.5,59.6,23.2,70.8,2.1,1.7,1.7,1.7,23.6,60.3,2.2,1.8,1.7,1.7,43.06,478.18,14.18,14.02,600.24,600.24,0.53,0.51,42.79,0.27,52.68,2337,74,441.9,10.7,0
1.7.2026,11:42.5,20015,4240,82.5,7197,717,90.9,22,16341,3595,0.867,0.96,0.817,0.807,0.885,0.868,0.678,3120,3537.6,2849.8,2751.5,3341.1,98.3,2948,3238.8,3418.6,3433.3,3191.6,3194.1,3320.1,3325.2,3012.4,3015.1,3238.8,100,100,100,100,100,100,100,100,100,100,100,100,135.9,144,144,133.9,133.9,139.4,139.4,126.3,126.3,135.9,31.8,36,29,28,34,30,90,94,90,87,87,10,6,10,13,13,94,94,No,No,No,No,No,No,No,No,No,No,Yes,Yes,Yes,Yes,Yes,No,No,Yes,93,93,75,12.188,24.534,21.074,0.137,9.7,1.633,0.557,0.506,64,25.2,64,64,0,0,0,0,0,0,0,0,99.6,99.2,99.6,99.6,99.7,99.5,99.7,99.7,99.8,0,0,0,0,0,2096.4,21.33,36,39,39,90,129,598,1,2,Yes,No,No,No,No,No,No,No,Yes,No,No,No,No,No,No,No,No,No,No,No,No,No,No,No,No,No,No,No,No,No,No,No,No,No,No,No,No,76,94,58,55,43,54,67,67,7349,7059,65,62,55,100,No,No,34693,80195,5.3,0,5.3,6.221,0.107,582121,207511,76,0.702,0.137,600,1048,2.4,1.5,0,0.9,2.6,0,2,0,0,33.3,1319,2637,1320,No,No,No,No,No,No,No,No,8.194,29.062,99,2.589,43.5,59.6,26,69.7,1.9,1.3,1.2,1.2,26,60.1,1.9,1.3,1.3,1.3,38.4,528.2,14.34,13.96,801.2,801.2,0.35,0.42,38.4,0,44.08,2337,74,0.3,0.2,0
1.7.2026,11:44.6,20031,4223,82.5,7221,693,91.2,22,16341,3594,0.934,0.972,0.94,0.93,0.895,0.868,0.738,3463.9,3537.6,3537.6,3439.4,3341.1,98.3,3341.1,3219.3,3467.2,3483,3154.1,3157.9,3346.8,3353.7,2894.7,2897.4,3219.3,100,100,100,100,100,100,100,100,100,100,100,100,135.1,146.2,146.2,132.4,132.4,140.5,140.5,121.2,121.2,135.1,35.2,36,36,35,34,34,90,91,93,87,90,10,9,7,13,10,91,93,No,No,No,No,No,No,No,No,No,No,Yes,Yes,Yes,Yes,Yes,No,No,Yes,92,92,76,9.902,25.477,22.217,0.158,9.683,1.531,0.456,0.504,64,25,64,64,0,0,0,0,0,0,0,0,99.5,99.1,99.5,99.5,99.6,99.4,99.6,99.7,99.8,0,0,0,0,0,1048.2,10.67,20,20,20,45,129,299,1,2,Yes,No,No,No,No,No,No,No,Yes,No,No,No,No,No,No,No,No,No,No,No,No,No,No,No,No,No,No,No,No,No,No,No,No,No,No,No,No,76,94,58,55,43,54,67,67,7349,7021,65,63,55,100,No,No,34693,80195,17,2,18.9,15.551,0.081,582151,207511,75,0.702,0.158,600,2096,1.4,0.6,0,0.7,1.5,0,2.2,0,0,33.3,1316,2641,1316,No,No,No,No,No,No,No,No,8.198,29.062,99,2.591,43.5,59.6,24.8,66.5,2.6,2.1,2.1,2.1,24.8,60.2,2.6,2.1,2.1,2.1,40.26,381.4,15.03,14.67,485.29,485.29,0.29,0.6,40.26,0,39.87,2338,74,58.6,2.6,0
1.7.2026,11:46.6,20248,4007,83.4,7655,259,96.7,21.8,16341,3566,0.904,0.925,0.9,0.907,0.885,0.831,0.738,3341.1,3341.1,3341.1,3341.1,3341.1,98.3,2161.9,3160,3227.1,3243.3,3037.9,3047.2,3289.3,3314.7,3050.5,3070.4,3160,100,100,100,100,100,100,100,100,100,100,100,100,134.6,138.2,138.2,129.4,129.4,140.9,140.9,129.8,129.8,134.4,34,34,34,34,34,22,89,90,89,88,90,11,10,11,12,10,90,90,No,No,No,No,No,No,No,No,No,No,Yes,Yes,Yes,Yes,Yes,No,No,Yes,92,92,75,13.203,24.882,21.625,0.103,9.693,1.542,0.476,0.503,64,25,64,64,0,0,0,0,0,0,0,0,98,97.4,98,98,98.3,97.5,98.3,98.2,98.8,0,0,0,0,0,1048.2,10.67,20,20,20,45,129,299,1,2,Yes,No,No,No,No,No,No,No,Yes,No,No,No,No,No,No,No,No,No,No,No,No,No,No,No,No,No,No,No,No,No,No,No,No,No,No,No,No,76,94,58,55,43,54,67,67,7322,7021,65,63,55,100,No,No,34693,80195,100,9.2,100,363.433,5.682,582867,207522,75,0.702,0.103,600,1048,1.7,0.9,0,0.8,1.8,0,2,0,0,33.6,1329,2627,1330,No,No,No,No,No,No,No,No,8.194,29.062,99,2.581,43.5,59.6,10.5,70.3,2.4,2.4,2.4,2.4,10.5,60.1,2.4,2.4,2.4,2.4,95.22,409.88,14.23,14.21,416.91,416.91,0.5,0,95.22,0,107.88,2338,74,216.2,26.3,0
1.7.2026,11:48.6,20310,3945,83.7,7313,601,92.4,20.8,16341,3405,0.881,0.907,0.885,0.85,0.882,0.813,0.738,3193.7,3242.8,3242.8,3046.3,3242.8,98.3,2358.4,3167.4,3215.4,3230.2,3083.5,3093.1,3236.2,3244.3,3112.3,3124,3167.4,100,100,100,100,100,100,100,100,100,100,100,100,135,137.8,137.8,131.6,131.6,138.1,138.1,132.5,132.5,135.2,32.5,33,33,31,33,24,89,89,90,87,90,11,11,10,13,10,89,90,No,No,No,No,No,No,No,No,No,No,Yes,Yes,Yes,Yes,Yes,No,No,Yes,93,93,75,13.203,25.268,21.316,0.098,9.823,1.962,1.023,0.506,64,25,64,64,0,0,0,0,0,0,0,0,98,97.4,97.9,97.9,98.2,97.9,98.2,98.2,98.6,0,0,0,0,0,2096.4,21.33,36,39,39,90,129,598,1,2,Yes,No,No,No,No,No,No,No,Yes,No,No,No,No,No,No,No,No,No,No,No,No,No,No,No,No,No,No,No,No,No,No,No,No,No,No,No,No,76,93,58,55,44,54,67,67,7322,7034,65,63,55,100,No,No,34693,80195,57.1,6.5,63.5,135.862,19.793,583131,207560,75,0.757,0.098,900,1048,3.5,2.2,0,1.2,3.7,0,2.3,0,0,33.6,1328,2629,1328,No,No,No,No,No,No,No,No,8.195,29.062,99,2.59,43.5,59.6,42.7,203.4,5.2,3.5,3.4,3.4,41.4,60.6,5.1,3.5,3.3,3.3,23.4,193.4,5.2,2.05,299.02,299.02,0.61,0.11,22.87,0.53,13.58,2338,74,6.1,22.8,0
1.7.2026,11:50.6,20351,3904,83.9,7295,619,92.1,20.3,16341,3315,0.885,0.907,0.872,0.88,0.88,0.831,0.738,3242.8,3242.8,3242.8,3242.8,3242.8,98.3,2653.2,3146.5,3235.9,3255.1,3074.4,3087.5,3309.8,3316.2,2940.2,2952.7,3146.5,100,100,100,100,100,100,100,100,100,100,100,100,133.5,138.5,138.5,130.8,130.8,140.5,140.5,124.1,124.1,133.5,33,33,33,33,33,27,90,89,88,87,94,10,11,12,13,6,92,94,No,No,No,No,No,No,No,No,No,No,Yes,Yes,Yes,Yes,Yes,No,No,Yes,93,93,76,11.934,25.353,20.991,0.317,9.808,2.193,1.319,0.503,64,25,64,64,0,0,0,0,0,0,0,0,98.4,97.5,98.1,98.1,98.5,98.4,98.6,98.8,98.9,0,0,0,0,0,2096.4,21.33,36,39,39,90,129,598,1,2,Yes,No,No,No,No,No,No,No,Yes,No,No,No,No,No,No,No,No,No,No,No,No,No,No,No,No,No,No,No,No,No,No,No,No,No,No,No,No,77,93,58,55,44,54,67,67,7336,7009,65,63,55,100,No,No,34693,80196,35.5,0.1,35.6,75.412,0.827,583282,207562,76,0.73,0.317,600,2096,4.7,3.2,0,1.5,5.1,0,2.3,0,0,34.5,1363,2593,1364,No,No,No,No,No,No,No,No,8.195,29.062,99,2.59,43.5,59.6,59.4,69.9,47.7,46.2,46,46,41.1,61.1,13.3,12.1,12,12,16.84,20.31,14.44,13.9,20.39,20.39,0.53,0,16.44,0.4,0.77,2339,74,437.6,8,0
1.7.2026,11:52.6,20351,3904,83.9,7295,619,92.1,20.3,16341,3315,0.885,0.907,0.872,0.88,0.88,0.831,0.738,3242.8,3242.8,3242.8,3242.8,3242.8,98.3,2653.2,3146.5,3235.9,3255.1,3074.4,3087.5,3309.8,3316.2,2940.2,2952.7,3146.5,100,100,100,100,100,100,100,100,100,100,100,100,133.5,138.5,138.5,130.8,130.8,140.5,140.5,124.1,124.1,133.5,33,33,33,33,33,27,90,89,88,87,94,10,11,12,13,6,92,94,No,No,No,No,No,No,No,No,No,No,Yes,Yes,Yes,Yes,Yes,No,No,Yes,90,90,76,10.664,25.719,21.52,0.359,9.657,2.057,1.171,0.507,64,24.8,64,64,0,0,0,0,0,0,0,0,98.4,97.5,98.1,98.1,98.5,98.4,98.6,98.8,98.9,0,0,0,0,0,2096.4,21.33,36,39,39,90,129,598,1,2,Yes,No,No,No,No,No,No,No,Yes,No,No,No,No,No,No,No,No,No,No,No,No,No,No,No,No,No,No,No,No,No,No,No,No,No,No,No,No,77,93,58,55,44,54,67,67,7336,7034,65,63,55,100,No,No,34693,80196,35.5,0.1,35.6,75.412,0.827,583282,207562,75,0.702,0.359,600,2096,5.7,3.7,0,1.7,6.3,0,2.1,0,0,33.9,1342,2614,1343,No,No,No,No,No,No,No,No,8.196,29.062,99,2.59,43.5,59.6,59.4,69.9,47.7,46.2,46,46,41.1,61.1,13.3,12.1,12,12,16.84,20.31,14.44,13.9,20.39,20.39,0.53,0,16.44,0.4,0.77,2339,74,437.6,8,0
1.7.2026,11:54.6,20349,3906,83.8,7373,541,93.1,20.3,16341,3313,0.904,0.985,0.752,0.98,0.897,0.886,0.678,3242.8,3635.9,2358.4,3635.9,3341.1,98.3,3242.8,3138.4,3347.5,3360.2,3048.1,3048.1,3340.1,3319.5,2820.5,2823.4,3138.4,100,100,100,100,100,100,100,100,100,100,100,100,132.5,141.8,141.8,128.5,128.5,140.8,140.8,118.9,118.9,132.5,33,37,24,37,34,33,89,91,87,94,83,11,9,13,6,17,93,94,No,No,No,No,No,No,No,No,No,No,Yes,Yes,Yes,Yes,Yes,No,No,Yes,95,95,75,12.949,23.512,19.722,0.097,9.508,1.89,0.937,0.503,64,24.8,64,64,0,0,0,0,0,0,0,0,99.1,98.6,99,99.1,99.1,99.1,99.2,99.2,99.3,0,0,0,0,0,1048.2,10.67,20,20,20,45,129,299,1,2,Yes,No,No,No,No,No,No,No,Yes,No,No,No,No,No,No,No,No,No,No,No,No,No,No,No,No,No,No,No,No,No,No,No,No,No,No,No,No,76,93,58,55,44,54,67,67,7349,7034,65,63,55,100,No,No,34693,80196,8,0.4,8.4,5.175,0.347,583378,207566,76,0.757,0.097,900,2096,0.6,0.2,0,0.5,0.6,0,1.9,0,0,33.5,1326,2631,1326,No,No,No,No,No,No,No,No,8.195,29.062,99,2.606,43.5,59.6,59.4,69.9,47.7,46.2,46,46,41.1,61.1,13.3,12.1,12,12,16.84,20.31,14.44,13.9,20.39,20.39,0.53,0,16.44,0.4,0.77,2340,74,474.3,24.5,0
1.7.2026,11:56.6,20347,3908,83.8,7373,541,93.1,20.3,16341,3313,0.879,0.97,0.92,0.89,0.735,0.848,0.738,3095.4,3439.4,3439.4,3242.8,2260.2,98.3,2751.5,3184.3,3415.2,3425.3,3138.7,3143.8,3294.5,3289.5,2883,2884.8,3184.3,100,100,100,100,100,100,100,100,100,100,100,100,134.3,144.7,144.7,132.4,132.4,139.1,139.1,121.1,121.1,134.3,31.5,35,35,33,23,28,88,91,90,85,85,12,9,10,15,15,91,91,No,No,No,No,No,No,No,No,No,No,Yes,Yes,Yes,Yes,Yes,No,No,Yes,93,93,76,15.742,24.57,21.267,0.056,9.548,1.587,0.559,0.505,64,24.8,64,64,0,0,0,0,0,0,0,0,99,98.6,98.9,99,99.1,99,99.2,99.2,99.3,0,0,0,0,0,2096.4,21.33,36,39,39,90,129,598,1,2,Yes,No,No,No,No,No,No,No,Yes,No,No,No,No,No,No,No,No,No,No,No,No,No,No,No,No,No,No,No,No,No,No,No,No,No,No,No,No,76,93,58,55,44,54,67,67,7363,7034,65,63,55,100,No,No,34693,80196,5.6,0.1,5.7,5.533,0.372,583389,207567,76,0.757,0.056,900,1048,0.7,0.2,0,0.5,0.6,0,2.1,0,0,33.4,1320,2636,1321,No,No,No,No,No,No,No,No,8.195,29.062,99,2.598,43.5,59.6,13.2,60.9,1.4,1.2,1.2,1.2,9.1,60.1,0.9,0.8,0.8,0.8,75.51,716.08,16.41,16.4,816.42,816.42,0.34,0,75.51,0,134.43,2340,74,4.4,6.3,0
1.7.2026,11:58.6,20347,3908,83.8,7373,541,93.1,20.3,16341,3313,0.879,0.97,0.92,0.89,0.735,0.848,0.738,3095.4,3439.4,3439.4,3242.8,2260.2,98.3,2751.5,3184.3,3415.2,3425.3,3138.7,3143.8,3294.5,3289.5,2883,2884.8,3184.3,100,100,100,100,100,100,100,100,100,100,100,100,134.3,144.7,144.7,132.4,132.4,139.1,139.1,121.1,121.1,134.3,31.5,35,35,33,23,28,88,91,90,85,85,12,9,10,15,15,91,91,No,No,No,No,No,No,No,No,No,No,Yes,Yes,Yes,Yes,Yes,No,No,Yes,93,93,75,11.934,25.979,22.702,0.091,9.603,1.571,0.521,0.504,64,24.5,64,64,0,0,0,0,0,0,0,0,99,98.6,98.9,99,99.1,99,99.2,99.2,99.3,0,0,0,0,0,2096.4,21.33,36,39,39,90,129,598,1,2,Yes,No,No,No,No,No,No,No,Yes,No,No,No,No,No,No,No,No,No,No,No,No,No,No,No,No,No,No,No,No,No,No,No,No,No,No,No,No,76,92,58,55,44,54,67,67,7322,7046,65,63,55,100,No,No,34693,80196,5.6,0.1,5.7,5.533,0.372,583389,207567,75,0.757,0.091,900,2096,2.9,1.8,0,1.1,3.1,0,2.2,0,0,34.7,1373,2583,1374,No,No,No,No,No,No,No,No,8.195,29.062,99,2.59,43.5,59.6,13.2,60.9,1.4,1.2,1.2,1.2,9.1,60.1,0.9,0.8,0.8,0.8,75.51,716.08,16.41,16.4,816.42,816.42,0.34,0,75.51,0,134.43,2340,74,4.4,6.3,0
1.7.2026,12:00.6,20407,3848,84.1,7027,887,88.7,22.7,16341,3708,0.839,0.822,0.762,0.865,0.907,0.848,0.678,2948,2751.5,2456.7,3144.6,3439.4,98.3,2260.2,3145.4,3200.8,3212.5,3062.9,3067.4,3235.6,3244.2,3063.9,3076.2,3145.4,100,100,100,100,100,100,100,100,100,100,100,100,134,136.5,136.5,129.9,129.9,137.5,137.5,132.1,132.1,134,30,28,25,32,35,23,89,91,88,88,90,11,9,12,12,10,93,91,No,No,No,No,No,No,No,No,No,No,Yes,Yes,Yes,Yes,Yes,No,No,Yes,90,90,75,11.172,25.202,21.583,0.198,9.475,1.697,0.698,0.503,64,24.5,64,64,0,0,0,0,0,0,0,0,98.3,97.8,98.2,98.4,98.6,98.2,98.4,98.4,98.7,0,0,0,0,0,1048.2,10.67,20,20,20,45,129,299,1,2,Yes,No,No,No,No,No,No,No,Yes,No,No,No,No,No,No,No,No,No,No,No,No,No,No,No,No,No,No,No,No,No,No,No,No,No,No,No,No,76,92,58,55,44,54,67,67,7295,7046,65,63,55,100,No,No,34693,80196,34.3,100,100,23.981,258.836,583446,208003,74,0.757,0.198,900,2096,4,2.7,0,1.3,4.3,0,2.2,0,0,34.5,1366,2591,1366,No,No,No,No,No,No,No,No,8.196,29.062,99,2.606,43.5,59.6,33.1,114.8,5.5,4.9,4.9,4.9,29.3,60.9,5.6,5.1,5,5,30.24,182.31,8.47,8.18,204.74,204.74,1.91,6.64,29.87,0.37,18.89,2341,74,526.5,14.9,0
1.7.2026,12:02.6,20390,3865,84,7152,762,90.3,23,16341,3766,0.912,0.972,0.942,0.945,0.787,0.868,0.678,3316.5,3537.6,3537.6,3537.6,2653.2,98.3,3341.1,3152.2,3356.3,3370.9,3094.2,3097.7,3259.6,3267.3,2883.9,2887.6,3152.2,100,100,100,100,100,100,100,100,100,100,100,100,133.1,142.3,142.3,130.5,130.5,137.7,137.7,121.9,121.9,133.1,33.8,36,36,36,27,34,88,91,87,87,87,12,9,13,13,13,91,91,No,No,No,No,No,No,No,No,No,No,Yes,Yes,Yes,Yes,Yes,No,No,Yes,92,92,75,14.981,24.184,19.921,0.258,9.933,2.098,1.219,0.501,64,24.5,64,64,0,0,0,0,0,0,0,0,99,98.6,98.9,99,99.1,98.9,99.2,99.1,99.3,0,0,0,0,0,1048.2,10.67,20,20,20,45,129,299,1,2,Yes,No,No,No,No,No,No,No,Yes,No,No,No,No,No,No,No,No,No,No,No,No,No,No,No,No,No,No,No,No,No,No,No,No,No,No,No,No,76,92,58,55,44,54,67,67,7268,7009,65,63,55,100,No,No,34694,80196,11.4,11.1,22.6,6.571,21.777,583459,208045,75,0.757,0.258,900,1048,2.6,1.6,0,1,2.7,0,2.1,0,0,34.9,1380,2577,1380,No,No,No,No,No,No,No,No,8.194,29.062,99,2.597,43.5,59.6,33.1,114.8,5.5,4.9,4.9,4.9,29.3,60.9,5.6,5.1,5,5,30.24,182.31,8.47,8.18,204.74,204.74,1.91,6.64,29.87,0.37,18.89,2341,74,1.1,0.6,0
1.7.2026,12:04.6,20385,3869,84,7166,748,90.5,23,16341,3766,0.875,0.972,0.832,0.92,0.775,0.868,0.678,3120,3537.6,2948,3439.4,2555,98.3,2948,3149.9,3369.6,3389.8,3102.9,3107.6,3225.2,3238.9,2881.6,2883.6,3149.9,100,100,100,100,100,100,100,100,100,100,100,100,132.8,142.9,142.9,130.7,130.7,136.4,136.4,121.2,121.2,132.8,31.8,36,30,35,26,30,89,92,88,89,87,11,8,12,11,13,92,92,No,No,No,No,No,No,No,No,No,No,Yes,Yes,Yes,Yes,Yes,No,No,Yes,92,92,74,10.41,24.28,20.857,0.05,9.764,1.675,0.639,0.502,64,24.5,64,64,0,0,0,0,0,0,0,0,99,98.5,99,99.1,99.2,98.8,99.2,99.2,99.3,0,0,0,0,0,1048.2,10.67,20,20,20,45,129,299,1,2,Yes,No,No,No,No,No,No,No,Yes,No,No,No,No,No,No,No,No,No,No,No,No,No,No,No,No,No,No,No,No,No,No,No,No,No,No,No,No,76,92,58,56,44,54,68,67,7295,6984,65,64,55,100,No,No,34694,80196,5.9,0.1,6.1,4.054,1.16,583466,208047,74,0.757,0.05,900,1048,0.7,0.2,0,0.6,0.8,0,2.2,0,0,34.9,1380,2577,1380,No,No,No,No,No,No,No,No,8.194,29.062,99,2.589,43.5,59.6,33.1,114.8,5.5,4.9,4.9,4.9,29.3,60.9,5.6,5.1,5,5,30.24,182.31,8.47,8.18,204.74,204.74,1.91,6.64,29.87,0.37,18.89,2341,74,0.1,2.4,0
1.7.2026,12:06.6,20374,3881,83.9,7172,742,90.6,23,16341,3766,0.888,0.925,0.9,0.92,0.807,0.831,0.678,3218.3,3341.1,3341.1,3439.4,2751.5,98.3,2161.9,3152.6,3399.1,3411.6,3092.8,3098.6,3235.6,3243.2,2868.4,2871.2,3152.6,100,100,100,100,100,100,100,100,100,100,100,100,132.9,143.8,143.8,130.5,130.5,136.5,136.5,120.7,120.7,132.9,32.8,34,34,35,28,22,90,93,90,89,90,10,7,10,11,10,93,93,No,No,No,No,No,No,No,No,No,No,Yes,Yes,Yes,Yes,Yes,No,No,Yes,89,89,74,15.742,24.464,21.19,0.059,9.76,1.581,0.506,0.504,64,24.2,64,64,0,0,0,0,0,0,0,0,99.1,98.7,99.1,99,99.2,99,99.2,99.2,99.3,0,0,0,0,0,1048.2,10.67,20,20,20,45,129,299,1,2,Yes,No,No,No,No,No,No,No,Yes,No,No,No,No,No,No,No,No,No,No,No,No,No,No,No,No,No,No,No,No,No,No,No,No,No,No,No,No,75,92,58,56,44,54,68,67,7281,6984,65,64,55,100,No,No,34694,80196,100,35.4,100,4.504,0.088,583475,208048,75,0.757,0.059,900,1048,0.7,0.2,0,0.5,0.6,0,2.1,0,0,34.9,1380,2577,1380,No,No,No,No,No,No,No,No,8.197,29.062,99,2.59,43.5,59.6,33.1,114.8,5.5,4.9,4.9,4.9,29.3,60.9,5.6,5.1,5,5,30.24,182.31,8.47,8.18,204.74,204.74,1.91,6.64,29.87,0.37,18.89,2342,74,546.4,5.8,0
1.7.2026,12:08.6,20332,3923,83.8,7151,763,90.3,23,16341,3766,0.854,0.947,0.802,0.93,0.735,0.868,0.738,2972.6,3439.4,2751.5,3439.4,2260.2,98.3,3341.1,3136.6,3379.3,3396.3,3131.8,3138.1,3247,3257.7,2770.9,2772.1,3136.6,100,100,100,100,100,100,100,100,100,100,100,100,132.4,143.5,143.5,132.2,132.2,137.2,137.2,116.8,116.8,132.4,30.2,35,28,35,23,34,88,91,89,89,83,12,9,11,11,17,91,91,No,No,No,No,No,No,No,No,No,No,Yes,Yes,Yes,Yes,Yes,No,No,Yes,91,91,75,14.727,24.948,21.639,0.054,9.69,1.57,0.497,0.506,64,24.2,64,64,0,0,0,0,0,0,0,0,99,98.4,98.9,98.9,99.1,98.9,99.2,99.2,99.3,0,0,0,0,0,1048.2,10.67,20,20,20,45,129,299,1,2,Yes,No,No,No,No,No,No,No,Yes,No,No,No,No,No,No,No,No,No,No,No,No,No,No,No,No,No,No,No,No,No,No,No,No,No,No,No,No,76,92,58,56,44,54,68,67,7295,7021,65,64,55,100,No,No,34694,80196,11.5,0.7,12.2,5.087,0.145,583485,208048,75,0.702,0.054,600,1048,1.6,0.9,0,0.7,1.7,0,1.7,0,0,34.8,1377,2579,1378,No,No,No,No,No,No,No,No,8.194,29.062,99,2.589,43.5,59.6,26.6,61.4,3.3,3.2,3.2,3.2,26.6,60.2,3.3,3.2,3.2,3.2,37.64,301.16,16.28,16.25,316.02,316.02,0.36,0,37.64,0,37.69,2342,74,4.4,3.2,0
1.7.2026,12:10.6,20352,3903,83.9,7205,709,91,23,16341,3765,0.896,0.972,0.87,0.875,0.867,0.868,0.678,3242.8,3537.6,3144.6,3144.6,3144.6,98.3,2358.4,3119.7,3368.7,3386.3,3120.5,3125.4,3235.5,3246.7,2735,2739.3,3119.7,100,100,100,100,100,100,100,100,100,100,100,100,131.9,143.4,143.4,132,132,137,137,115.2,115.2,131.9,33,36,32,32,32,24,89,94,91,87,84,11,6,9,13,16,94,94,No,No,No,No,No,No,No,No,No,No,Yes,Yes,Yes,Yes,Yes,No,No,Yes,90,90,75,11.172,24.47,20.985,0.178,9.677,1.65,0.626,0.503,64,24.2,64,64,0,0,0,0,0,0,0,0,98.8,98.1,98.6,98.8,98.9,98.7,99,99.1,99.2,0,0,0,0,0,2096.4,21.33,36,39,39,90,129,598,1,2,Yes,No,No,No,No,No,No,No,Yes,No,No,No,No,No,No,No,No,No,No,No,No,No,No,No,No,No,No,No,No,No,No,No,No,No,No,No,No,76,92,58,56,44,54,68,67,7295,6996,65,64,55,100,No,No,34694,80196,23.8,0.1,23.9,17.906,0.412,583519,208049,74,0.702,0.178,600,1048,3.3,2.1,0,0.8,3.9,0,0,0,0,34.7,1372,2585,1372,No,No,No,No,No,No,No,No,8.195,29.062,99,2.598,43.5,59.6,49.6,107.4,14,10.4,10.1,10.1,47.8,60.2,11.6,10.1,10,10,20.18,71.2,9.39,6.78,99.02,99.02,0.77,2.34,19.86,0.32,6.75,2342,74,33.3,10.4,0
1.7.2026,12:12.7,20352,3903,83.9,7205,709,91,23,16341,3765,0.896,0.972,0.87,0.875,0.867,0.868,0.678,3242.8,3537.6,3144.6,3144.6,3144.6,98.3,2358.4,3119.7,3368.7,3386.3,3120.5,3125.4,3235.5,3246.7,2735,2739.3,3119.7,100,100,100,100,100,100,100,100,100,100,100,100,131.9,143.4,143.4,132,132,137,137,115.2,115.2,131.9,33,36,32,32,32,24,89,94,91,87,84,11,6,9,13,16,94,94,No,No,No,No,No,No,No,No,No,No,Yes,Yes,Yes,Yes,Yes,No,No,Yes,92,92,74,15.235,24.817,21.121,0.192,9.475,1.725,0.714,0.504,64,24.2,64,64,0,0,0,0,0,0,0,0,98.8,98.1,98.6,98.8,98.9,98.7,99,99.1,99.2,0,0,0,0,0,2096.4,21.33,36,39,39,90,129,598,1,2,Yes,No,No,No,No,No,No,No,Yes,No,No,No,No,No,No,No,No,No,No,No,No,No,No,No,No,No,No,No,No,No,No,No,No,No,No,No,No,76,92,58,56,44,54,68,67,7322,6996,65,64,55,100,No,No,34694,80196,23.8,0.1,23.9,17.906,0.412,583519,208049,74,0.702,0.192,600,2096,4,2.7,0,0.9,4.6,0,0,0,0,34.4,1361,2596,1361,No,No,No,No,No,No,No,No,8.194,29.062,99,2.589,43.5,59.6,49.6,107.4,14,10.4,10.1,10.1,47.8,60.2,11.6,10.1,10,10,20.18,71.2,9.39,6.78,99.02,99.02,0.77,2.34,19.86,0.32,6.75,2342,74,33.3,10.4,0
1.7.2026,12:14.6,20459,3796,84.3,7312,602,92.3,23,16341,3765,0.864,0.95,0.737,0.93,0.762,0.848,0.738,3070.9,3439.4,2260.2,3439.4,2456.7,98.3,3242.8,3104.9,3196.1,3211.2,3015.4,3018.1,3179.5,3178.4,2842.5,2855.5,3062.1,100,100,100,100,100,100,100,100,100,100,100,100,130.7,143.8,143.8,132.3,132.3,133.2,133.2,113.5,113.5,130.7,31.2,34,34,34,23,32,88,90,90,87,86,12,10,10,13,14,90,90,No,No,No,No,No,No,No,No,No,No,Yes,Yes,Yes,Yes,Yes,No,No,Yes,92,92,75,9.902,24.387,20.698,0.192,9.43,1.755,0.798,0.507,64,24,64,64,0,0,0,0,0,0,0,0,98.8,98.2,98.7,98.8,98.9,98.8,98.9,99,99.2,0,0,0,0,0,2096.4,21.33,36,39,39,90,129,598,1,2,Yes,No,No,No,No,No,No,No,Yes,No,No,No,No,No,No,No,No,No,No,No,No,No,No,No,No,No,No,No,No,No,No,No,No,No,No,No,No,76,92,58,56,44,54,68,67,7308,7009,65,64,55,100,No,No,34694,80196,13.4,0.1,13.4,25.64,0.457,583575,208050,75,0.702,0.192,600,2096,3.4,2,0,0.8,4,0,0,0,0,34.2,1351,2605,1352,No,No,No,No,No,No,No,No,8.195,29.062,99,2.598,43.5,59.6,29.5,106.2,11,9.6,9.5,9.5,29.5,60.2,11.6,10.1,10,10,33.9,90.95,9.25,7.8,105.76,105.76,0.65,0.24,33.57,0.33,29.81,2343,74,617,16.5,0
1.7.2026,12:16.7,20667,3588,85.2,7440,475,93.9,22.8,16341,3728,0.88,0.907,0.87,0.875,0.867,0.813,0.738,3169.1,3242.8,3144.6,3144.6,3144.6,98.3,3046.3,3078.4,3218.4,3231.3,3133.3,3140.4,3170.1,3166.5,2776.6,2791,3078.4,100,100,100,100,100,100,100,100,100,100,100,100,131,137.8,137.8,133.4,133.4,135.1,135.1,117.8,117.8,131,32.2,33,32,32,32,31,89,89,89,87,90,11,11,11,13,10,92,90,No,No,No,No,No,No,No,No,No,No,Yes,Yes,Yes,Yes,Yes,No,No,Yes,91,91,75,11.934,23.484,19.77,0.083,9.381,1.83,0.912,0.504,64,24,64,64,0,0,0,0,0,0,0,0,98.1,97.5,98,98,98.2,98.1,98.3,98.4,98.7,0,0,0,0,0,2096.4,21.33,36,39,39,90,129,598,1,2,Yes,No,No,No,No,No,No,No,Yes,No,No,No,No,No,No,No,No,No,No,No,No,No,No,No,No,No,No,No,No,No,No,No,No,No,No,No,No,75,91,58,56,44,54,68,67,7308,6984,65,64,55,100,No,No,34694,80196,32.2,9.2,41.5,58.732,5.349,583737,208061,75,0.702,0.083,600,2096,0.8,0.5,0,0.2,1,0,0,0,0,34.7,1372,2585,1372,No,No,No,No,No,No,No,No,8.195,29.062,99,2.598,43.5,59.6,59.5,69.2,52.9,52.8,52.8,52.8,60,60.2,60,59.9,59.9,59.9,16.81,19,14.42,14.37,19.05,19.05,2,0.26,16.46,0.35,1.89,2343,74,6.5,4.1,0
1.7.2026,12:18.6,20667,3588,85.2,7440,475,93.9,22.8,16341,3728,0.88,0.907,0.87,0.875,0.867,0.813,0.738,3169.1,3242.8,3144.6,3144.6,3144.6,98.3,3046.3,3078.4,3218.4,3231.3,3133.3,3140.4,3170.1,3166.5,2776.6,2791,3078.4,100,100,100,100,100,100,100,100,100,100,100,100,131,137.8,137.8,133.4,133.4,135.1,135.1,117.8,117.8,131,32.2,33,32,32,32,31,89,89,89,87,90,11,11,11,13,10,92,90,No,No,No,No,No,No,No,No,No,No,Yes,Yes,Yes,Yes,Yes,No,No,Yes,90,90,75,11.68,23.275,19.144,0.378,9.499,2.023,1.164,0.506,64,24,64,64,0,0,0,0,0,0,0,0,98.1,97.5,98,98,98.2,98.1,98.3,98.4,98.7,0,0,0,0,0,2096.4,21.33,36,39,39,90,129,598,1,2,Yes,No,No,No,No,No,No,No,Yes,No,No,No,No,No,No,No,No,No,No,No,No,No,No,No,No,No,No,No,No,No,No,No,No,No,No,No,No,75,91,58,56,44,54,68,67,7281,7021,65,64,55,100,No,No,34694,80196,32.2,9.2,41.5,58.732,5.349,583737,208061,74,0.757,0.378,900,2096,11,9.4,0,3.2,11.3,2.1,0,2.8,0,36.3,1437,2520,1437,No,No,No,No,No,No,No,No,8.194,29.062,99,2.614,43.5,59.6,59.5,69.2,52.9,52.8,52.8,52.8,60,60.2,60,59.9,59.9,59.9,16.81,19,14.42,14.37,19.05,19.05,2,0.26,16.46,0.35,1.89,2344,74,273.2,30.6,0
1.7.2026,12:20.6,20776,3479,85.6,7355,559,92.9,22.2,16341,3625,0.833,0.772,0.92,0.92,0.72,0.848,0.738,2874.3,2456.7,3439.4,3439.4,2161.9,98.3,2260.2,3058.7,3212.8,3228.3,3035.8,3044.5,3192.2,3146.9,2803.2,2806.3,3058.7,100,100,100,100,100,100,100,100,100,100,100,100,129.7,137,137,128.6,128.6,135.3,135.3,117.9,117.9,129.7,29.2,25,35,35,22,23,86,87,88,87,83,14,13,12,13,17,88,88,No,No,No,No,No,No,No,No,No,No,Yes,Yes,Yes,Yes,Yes,No,No,Yes,92,92,75,12.442,23.729,19.051,0.604,9.435,2.101,1.271,0.504,64,24,64,64,0,0,0,0,0,0,0,0,98.6,98,98.4,98.5,98.8,98.6,98.8,98.9,99,0,0,0,0,0,1048.2,10.67,20,20,20,45,129,299,1,2,Yes,No,No,No,No,No,No,No,Yes,No,No,No,No,No,No,No,No,No,No,No,No,No,No,No,No,No,No,No,No,No,No,No,No,No,No,No,No,75,91,59,57,44,54,68,67,7308,7009,65,63,55,100,No,No,34694,80196,12,6.1,18.1,29.218,12.274,583972,208080,74,0.757,0.604,900,2096,8.7,7,0,2.7,9,2.2,2.5,0,0,38,1504,2452,1505,No,No,No,No,No,No,No,No,8.194,29.062,99,2.597,43.5,59.6,45,95.4,8.9,8.8,8.8,8.8,45,60.2,10,10,10,10,22.21,111.76,10.56,9.94,114.09,114.09,2.53,3.81,21.87,0.34,12.99,2346,75,1689.3,22,0
1.7.2026,12:22.6,20751,3504,85.5,7088,826,89.5,22.2,16341,3629,0.887,0.925,0.887,0.852,0.885,0.831,0.738,3267.4,3341.1,3341.1,3046.3,3341.1,98.3,2161.9,3051.2,3206.8,3223.9,3110.7,3113.2,3148.3,3157.2,2720.9,2728.3,3051.2,100,100,100,100,100,100,100,100,100,100,100,100,129.3,137,137,132,132,133.5,133.5,114.8,114.8,129.3,33.2,34,34,31,34,22,86,87,88,82,85,14,13,12,18,15,87,88,No,No,No,No,No,No,No,No,No,No,Yes,Yes,Yes,Yes,Yes,No,No,Yes,88,88,76,12.188,23.982,19.845,0.409,9.37,1.997,1.119,0.51,64,23.8,64,64,0,0,0,0,0,0,0,0,98.5,97.8,98.3,98.5,98.6,98.5,98.8,98.9,99.1,0,0,0,0,0,1048.2,10.67,20,20,20,45,129,299,1,2,Yes,No,No,No,No,No,No,No,Yes,No,No,No,No,No,No,No,No,No,No,No,No,No,No,No,No,No,No,No,No,No,No,No,No,No,No,No,No,75,91,59,57,44,54,68,67,7322,7021,65,63,55,100,No,No,34694,80196,9.5,2.5,11.9,15.905,7.919,584003,208095,76,0.702,0.409,550,1048,8.9,7.2,0,3,8.9,2.4,2.2,1.7,0,38.9,1538,2419,1530,No,No,No,No,No,No,No,No,8.199,29.062,99,2.599,43.5,59.6,26.8,66.1,4.2,3.8,3.8,3.8,26.7,60.1,4.2,3.8,3.8,3.8,37.37,240.33,15.13,14.91,266.65,266.65,0.3,0,37.37,0,28.61,2346,75,1.9,10,0
1.7.2026,12:24.6,20751,3504,85.5,7088,826,89.5,22.2,16341,3629,0.887,0.925,0.887,0.852,0.885,0.831,0.738,3267.4,3341.1,3341.1,3046.3,3341.1,98.3,2161.9,3051.2,3206.8,3223.9,3110.7,3113.2,3148.3,3157.2,2720.9,2728.3,3051.2,100,100,100,100,100,100,100,100,100,100,100,100,129.3,137,137,132,132,133.5,133.5,114.8,114.8,129.3,33.2,34,34,31,34,22,86,87,88,82,85,14,13,12,18,15,87,88,No,No,No,No,No,No,No,No,No,No,Yes,Yes,Yes,Yes,Yes,No,No,Yes,91,91,74,9.902,22.845,18.497,0.518,9.4,2.042,1.194,0.503,64,23.8,64,64,0,0,0,0,0,0,0,0,98.5,97.8,98.3,98.5,98.6,98.5,98.8,98.9,99.1,0,0,0,0,0,1048.2,10.67,20,20,20,45,129,299,1,2,Yes,No,No,No,No,No,No,No,Yes,No,No,No,No,No,No,No,No,No,No,No,No,No,No,No,No,No,No,No,No,No,No,No,No,No,No,No,No,75,90,59,57,44,54,68,67,7322,7021,65,63,55,100,No,No,34694,80196,9.5,2.5,11.9,15.905,7.919,584003,208095,75,0.757,0.518,900,1048,2.9,1.5,0,1.7,2.9,0.2,1.9,3.6,0,36.2,1433,2523,1434,No,No,No,No,No,No,No,No,8.195,29.062,99,2.606,43.5,59.6,26.8,66.1,4.2,3.8,3.8,3.8,26.7,60.1,4.2,3.8,3.8,3.8,37.37,240.33,15.13,14.91,266.65,266.65,0.3,0,37.37,0,28.61,2346,75,1.9,10,0
1.7.2026,12:26.6,20744,3511,85.5,7252,662,91.6,22.2,16341,3629,0.887,0.825,0.92,0.907,0.895,0.848,0.738,3218.3,2751.5,3439.4,3341.1,3341.1,98.3,2260.2,3081.7,3316,3331.4,3144,3151.6,3175.7,3191.8,2671.3,2671.8,3081.7,100,100,100,100,100,100,100,100,100,100,100,100,129.9,141.1,141.1,132.9,132.9,134.1,134.1,111.6,111.6,129.9,32.8,28,35,34,34,23,89,90,89,88,90,11,10,11,12,10,91,90,No,No,No,No,No,No,No,No,No,No,Yes,Yes,Yes,Yes,Yes,No,No,Yes,87,87,75,10.918,24.496,20.647,0.306,9.441,1.841,0.887,0.504,64,23.8,64,64,0,0,0,0,0,0,0,0,98.7,98.1,98.6,98.6,98.8,98.5,99,99,99.1,0,0,0,0,0,2096.4,21.33,36,39,39,90,129,598,1,2,Yes,No,No,No,No,No,No,No,Yes,No,No,No,No,No,No,No,No,No,No,No,No,No,No,No,No,No,No,No,No,No,No,No,No,No,No,No,No,75,90,59,57,44,54,68,67,7308,7009,65,64,55,100,No,No,34694,80197,14.8,0,14.8,21.808,0.039,584047,208095,74,0.757,0.306,900,2096,6.5,5.1,0,2.2,6.8,0,2,2.3,0,35.8,1416,2541,1416,No,No,No,No,No,No,No,No,8.195,29.062,99,2.606,43.5,59.6,28.3,69,2.2,1.4,1.4,1.4,27.8,60.2,2.1,1.4,1.4,1.4,35.29,451.61,14.5,14.24,730.47,730.47,0.43,0,35.29,0,31.43,2346,75,0.1,0.1,0
1.7.2026,12:28.7,20721,3534,85.4,7662,252,96.8,21.5,16341,3521,0.871,0.925,0.782,0.892,0.882,0.813,0.738,3095.4,3341.1,2555,3242.8,3242.8,98.3,2849.8,3076.2,3141.9,3157.7,2906.7,2911.8,3130.1,3137,3104.8,3119.5,3076.2,100,100,100,100,100,100,100,100,100,100,100,100,131.3,134.5,134.5,124.1,124.1,134.2,134.2,132.2,132.2,131.3,31.5,34,26,33,33,29,88,89,87,87,91,12,11,13,13,9,92,91,No,No,No,No,No,No,No,No,No,No,Yes,Yes,Yes,Yes,Yes,No,No,Yes,88,88,74,10.664,24.356,20.271,0.192,9.727,2.029,1.188,0.504,64,23.8,64,64,0,0,0,0,0,0,0,0,98.1,97.5,98.1,98.3,98.5,97.8,98,97.9,98.4,0,0,0,0,0,2096.4,21.33,36,39,39,90,129,598,1,2,Yes,No,No,No,No,No,No,No,Yes,No,No,No,No,No,No,No,No,No,No,No,No,No,No,No,No,No,No,No,No,No,No,No,No,No,No,No,No,75,90,59,57,44,54,68,67,7322,7009,65,64,55,100,No,No,34694,80197,100,0,100,280.318,0.096,584586,208096,74,0.702,0.192,600,2096,2.7,1.9,0,1,2.7,0,2.3,0,0,35,1383,2573,1384,No,No,No,No,No,No,No,No,8.194,29.062,99,2.597,43.5,59.6,28.3,69,2.2,1.4,1.4,1.4,27.8,60.2,2.1,1.4,1.4,1.4,35.29,451.61,14.5,14.24,730.47,730.47,0.43,0,35.29,0,31.43,2346,75,71.4,3.6,0
1.7.2026,12:30.7,21445,2809,88.4,7535,379,95.2,23.2,16341,3784,0.866,0.875,0.87,0.867,0.852,0.783,0.738,3095.4,3046.3,3144.6,3144.6,3046.3,98.3,2456.7,3058.1,3077.3,3094,3016.8,3022.8,3089.6,3083.6,3038.3,3042.5,3058.1,100,100,100,100,100,100,100,100,100,100,100,100,130.3,131.8,131.8,127.9,127.9,131.9,131.9,129.4,129.4,130.3,31.5,31,32,32,31,25,87,86,88,85,88,13,14,12,15,12,89,88,No,No,No,No,No,No,No,No,No,No,Yes,Yes,Yes,Yes,Yes,No,No,Yes,88,88,74,12.442,23.278,18.948,0.245,9.707,2.18,1.376,0.503,64,23.5,64,64,0,0,0,0,0,0,0,0,98.1,97.6,98,98.4,98.6,97.8,97.8,98.2,98.4,0,0,0,0,0,2096.4,21.33,36,39,39,90,129,598,1,2,Yes,No,No,No,No,No,No,No,Yes,No,No,No,No,No,No,No,No,No,No,No,No,No,No,No,No,No,No,No,No,No,No,No,No,No,No,No,No,75,90,59,57,44,54,68,67,7295,7021,65,64,55,100,No,No,34694,80197,54.3,56.4,100,76.327,140.278,584748,208393,75,0.712,0.245,650,2096,3,1.9,0,1,3.1,0,2.1,0,0,35.8,1415,2542,1415,No,No,No,No,No,No,No,No,8.196,29.062,99,2.606,43.5,59.6,10,73.2,2.5,2.4,2.4,2.4,5.5,53.6,2.4,2.4,2.4,2.4,100.1,403.46,13.65,13.63,418.57,418.57,0.49,0,100.1,0,267.89,2346,75,7,5,0
1.7.2026,12:32.7,21673,2582,89.3,7351,563,92.8,23.1,16341,3780,0.869,0.892,0.86,0.867,0.857,0.796,0.741,3144.6,3144.6,3144.6,3144.6,3144.6,98.3,1965.4,3080.1,3098.1,3118.3,3054.8,3061.9,3113.5,3130.9,3030.2,3033.3,3080.1,100,100,100,100,100,100,100,100,100,100,100,100,131.1,132.9,132.9,129.9,129.9,132.7,132.7,128.8,128.8,131.1,32,32,32,32,32,20,88,89,89,84,91,12,11,11,16,9,92,91,No,No,No,No,No,No,No,No,No,No,Yes,Yes,Yes,Yes,Yes,No,No,Yes,87,87,75,11.426,22.883,18.779,0.127,9.527,2.126,1.275,0.502,64,23.5,64,64,0,0,0,0,0,0,0,0,98.1,97.4,98,98.2,98.5,98,98.2,98.5,98.3,0,0,0,0,0,2096.4,21.33,36,39,39,90,129,598,1,2,Yes,No,No,No,No,No,No,No,Yes,No,No,No,No,No,No,No,No,No,No,No,No,No,No,No,No,No,No,No,No,No,No,No,No,No,No,No,No,75,90,59,57,44,54,68,67,7295,7021,65,64,55,100,No,No,34694,80197,41.9,1.7,43.6,57.925,2.287,584856,208397,75,0.71,0.127,650,2096,1.4,0.5,0,0.8,1.6,0,2.2,0,0,35.8,1415,2541,1415,No,No,No,No,No,No,No,No,8.195,29.062,99,2.606,43.5,59.6,45.3,103.2,6.4,4.2,4,4,45.3,60.2,6.6,4.2,4,4,22.07,156,9.58,5.39,248.65,248.65,0.66,1.64,21.7,0.36,11.62,2346,75,5.9,4.6,0
1.7.2026,12:34.6,21965,2289,90.5,7398,516,93.4,23.1,16341,3774,0.862,0.867,0.87,0.86,0.852,0.783,0.678,3070.9,3046.3,3144.6,3046.3,3046.3,98.3,1867.1,3046.5,3074.1,3097.4,2863.6,2875,3168.1,3178.1,3060.5,3055.2,3046.5,100,100,100,100,100,100,100,100,100,100,100,100,129.4,131.5,131.5,121.6,121.6,134.9,134.9,129.5,129.5,129.4,31.2,31,32,31,31,19,88,89,90,84,91,12,11,10,16,9,91,91,No,No,No,No,No,No,No,No,No,No,Yes,Yes,Yes,Yes,Yes,No,No,Yes,90,90,75,11.172,22.721,18.725,0.115,9.488,1.983,1.136,0.502,64,23.5,64,64,0,0,0,0,0,0,0,0,98.4,97.6,98.4,98.4,98.8,98.1,98.4,98.6,98.6,0,0,0,0,0,2096.4,21.33,36,39,39,90,129,598,1,2,Yes,No,No,No,No,No,No,No,Yes,No,No,No,No,No,No,No,No,No,No,No,No,No,No,No,No,No,No,No,No,No,No,No,No,No,No,No,No,75,90,59,57,44,54,68,67,7349,7009,65,64,55,100,No,No,34694,80197,78.2,0,78.2,64.593,0.264,584980,208397,75,0.757,0.115,900,2096,1.4,0.4,0,0.8,1.6,0,2.2,0,0,35.2,1392,2564,1393,No,No,No,No,No,No,No,No,8.195,29.062,99,2.606,43.5,59.6,43.9,119.5,5.8,3.9,3.7,3.7,44,60.2,6,3.9,3.8,3.8,22.77,172.41,8.34,5.26,268.75,268.75,0.83,1.36,22.42,0.35,13.3,2347,75,5.6,3.2,0
1.7.2026,12:36.6,21957,2298,90.5,7155,760,90.3,24.3,16341,3973,0.829,0.835,0.725,0.86,0.895,0.831,0.738,2849.8,2849.8,2161.9,3046.3,3341.1,98.3,2653.2,3032.9,3090.4,3116.2,2944.7,2949.4,3144.8,3158.8,2931.8,2927.4,3032.9,100,100,100,100,100,100,100,100,100,100,100,100,128.7,132,132,124.7,124.7,133.8,133.8,124.1,124.1,128.7,29,29,22,31,34,27,87,87,85,85,92,13,13,15,15,8,91,92,No,No,No,No,No,No,No,No,No,No,Yes,Yes,Yes,Yes,Yes,No,No,Yes,91,91,74,11.68,22.792,18.884,0.081,9.422,1.961,1.159,0.502,64,23.5,64,64,0,0,0,0,0,0,0,0,98.5,97.7,98.5,98.7,98.9,98.1,98.5,98.8,99.1,0,0,0,0,0,1048.2,10.67,20,20,20,45,129,299,1,2,Yes,No,No,No,No,No,No,No,Yes,No,No,No,No,No,No,No,No,No,No,No,No,No,No,No,No,No,No,No,No,No,No,No,No,No,No,No,No,75,90,59,57,45,55,69,67,7349,7021,65,64,55,100,No,No,34694,80197,100,100,100,17.018,114.576,585010,208601,74,0.702,0.081,600,1048,1.4,0.5,0,0.6,1.8,0,1,0,0,35.3,1396,2560,1397,No,No,No,No,No,No,No,No,8.195,29.062,99,2.598,43.5,59.6,47.3,113.6,7.3,4.6,4.4,4.4,47.2,60.3,7.7,4.8,4.6,4.6,21.16,138.09,8.48,5.36,227.43,227.43,0.53,0.94,20.82,0.34,5.29,2347,75,0,0,0
1.7.2026,12:38.6,22439,1816,92.5,7609,305,96.1,25.6,16341,4177,0.839,0.875,0.767,0.86,0.852,0.783,0.738,2898.9,3046.3,2456.7,3046.3,3046.3,98.3,1867.1,3030.3,3008.8,3030.8,2750.1,2759.6,3182.8,3185.8,3155.6,3168.7,3030.3,100,100,100,100,100,100,100,100,100,100,100,100,128.7,128.5,128.5,116.5,116.5,135.2,135.2,134.6,134.6,128.7,29.5,31,25,31,31,19,86,85,88,83,88,14,15,12,17,12,90,88,No,No,No,No,No,No,No,No,No,No,Yes,Yes,Yes,Yes,Yes,No,No,Yes,88,88,75,14.473,22.469,18.71,0.062,9.468,1.895,1.071,0.503,64,23,64,64,0,0,0,0,0,0,0,0,98.5,97.8,98.5,98.5,98.8,98.4,98.5,98.3,98.8,0,0,0,0,0,1572.3,16,28,29,29,68,129,448,1,2,Yes,No,No,No,No,No,No,No,Yes,No,No,No,No,No,No,No,No,No,No,No,No,No,No,No,No,No,No,No,No,No,No,No,No,No,No,No,No,74,90,59,57,45,55,69,67,7308,7021,65,64,55,100,No,No,34694,80198,47,42.6,89.6,63.512,105.758,585140,208818,75,0.702,0.062,600,1572,1.2,0.5,0,0.3,1.7,0,0,0,0,35.3,1395,2562,1395,No,No,No,No,No,No,No,No,8.199,29.062,99,2.607,43.5,59.6,46.1,108.1,7.3,5.3,5.1,5.1,46.1,60.2,7.3,5.2,5,5,21.69,136.08,8.95,5.01,195.35,195.35,0.24,0.02,21.29,0.41,9.32,2347,75,63.4,6.5,0
1.7.2026,12:40.6,22748,1507,93.7,7894,21,99.7,24.6,16341,4025,0.864,0.875,0.87,0.86,0.852,0.796,0.741,3070.9,3046.3,3144.6,3046.3,3046.3,98.3,2948,3014.9,3051.4,3070.8,2905.3,2917.4,3060.8,3066.9,3021.5,3025.1,3014.9,100,100,100,100,100,100,100,100,100,100,100,100,128.3,130.5,130.5,123.5,123.5,130.6,130.6,128.6,128.6,128.3,31.2,31,32,31,31,30,84,85,83,82,87,16,15,17,18,13,90,87,No,No,No,No,No,No,No,No,No,No,Yes,Yes,Yes,Yes,Yes,No,No,Yes,87,87,74,11.172,21.548,17.451,0.053,9.359,2.041,1.216,0.502,64,23,64,64,0,0,0,0,0,0,0,0,98.2,97.6,98.2,98.2,98.6,97.9,98,98.3,98.4,0,0,0,0,0,2096.4,21.33,36,39,39,90,129,598,1,2,Yes,No,No,No,No,No,No,No,Yes,No,No,No,No,No,No,No,No,No,No,No,No,No,No,No,No,No,No,No,No,No,No,No,No,No,No,No,No,75,89,59,57,45,55,69,67,7322,7009,65,64,55,100,No,No,34694,80198,100,3.8,100,200.455,5.036,585504,208827,74,0.757,0.053,900,2096,2.1,1.3,0,0.6,2.4,0,0.4,0,0,35.9,1405,2552,1418,No,No,No,No,No,No,No,No,8.195,29.062,99,2.606,43.5,59.6,44.8,98.1,6.5,4.3,4.2,4.2,44.8,60.6,6.4,4.2,4,4,22.34,154.72,10.05,7.08,239.03,239.03,0.21,0,21.96,0.38,11.67,2347,75,14.5,3.3,0
1.7.2026,12:42.7,22911,1344,94.4,7695,219,97.2,24.4,16341,3980,0.867,0.892,0.855,0.852,0.867,0.796,0.738,3095.4,3144.6,3046.3,3046.3,3144.6,98.3,1965.4,3008.7,3053.3,3063.5,3021.3,3031.2,3069.3,3082.8,2870.4,2878,3008.7,100,100,100,100,100,100,100,100,100,100,100,100,128.6,131.7,131.7,129.3,129.4,131.3,131.3,122.2,122.2,128.6,31.5,32,31,31,32,20,85,85,88,85,83,15,15,12,15,17,87,88,No,No,No,No,No,No,No,No,No,No,Yes,Yes,Yes,Yes,Yes,No,No,Yes,86,86,74,11.934,23.014,18.726,0.314,9.401,2.088,1.243,0.503,64,23,64,64,0,0,0,0,0,0,0,0,97.8,96.9,97.2,97.5,97.9,97.6,98,98.4,98.7,0,0,0,0,0,2096.4,21.33,36,39,39,90,129,598,1,2,Yes,No,No,No,No,No,No,No,Yes,No,No,No,No,No,No,No,No,No,No,No,No,No,No,No,No,No,No,No,No,No,No,No,No,No,No,No,No,75,89,59,57,45,55,69,67,7308,7034,65,64,55,100,No,No,34694,80198,90.2,2.1,92.3,142.909,0.313,585774,208828,75,0.842,0.314,900,2096,5.8,4,0,2.5,5.4,0,3.8,3.4,0,36.4,1440,2517,1440,No,No,No,No,No,No,No,No,8.195,29.062,99,2.614,43.5,59.6,8,61,2.4,2.3,2.3,2.3,8,60.1,2.4,2.3,2.3,2.3,124.94,422.71,16.4,16.4,433.52,433.52,0.47,0,124.94,0,202.76,2347,75,1.5,5.9,0
1.7.2026,12:44.6,22951,1304,94.6,7379,535,93.2,24.3,16341,3977,0.872,0.892,0.87,0.867,0.857,0.796,0.738,3144.6,3144.6,3144.6,3144.6,3144.6,98.3,2358.4,2958.3,3055.5,3065.7,2996.3,3008.1,3061,3083.7,2691.5,2704.6,2958.3,100,100,100,100,100,100,100,100,100,100,100,100,126.1,131.5,131.5,127.9,127.9,130.7,130.7,114.2,114.2,126.1,32,32,32,32,32,24,86,87,86,84,85,14,13,14,16,15,87,87,No,No,No,No,No,No,No,No,No,No,Yes,Yes,Yes,Yes,Yes,No,No,Yes,86,86,74,13.457,23.6,19.19,0.54,9.229,2.046,1.239,0.503,64,22.2,64,64,0,0,0,0,0,0,0,0,98,97.1,97.4,97.8,98.2,97.8,98.5,98.4,98.9,0,0,0,0,0,2096.4,21.33,36,39,39,90,129,598,1,2,Yes,No,No,No,No,No,No,No,Yes,No,No,No,No,No,No,No,No,No,No,No,No,No,No,No,No,No,No,No,No,No,No,No,No,No,No,No,No,74,89,59,57,45,55,69,67,7336,7009,65,64,55,100,No,No,34694,80199,100,2.2,100,136.953,11.456,586040,208850,73,0.702,0.54,600,2096,8,6.4,0,2.4,8.5,0,2.1,1.6,0,35.3,1395,2561,1396,No,No,No,No,No,No,No,No,8.199,29.062,99,2.615,43.5,59.6,37.9,68,6.7,5.6,5.5,5.5,34.8,63.5,6,5.5,5.5,5.5,26.38,148.16,14.7,14.43,183.06,183.06,0.5,0,26.38,0,15.51,2347,75,33.9,1.1,0
1.7.2026,12:46.6,23257,998,95.8,7798,116,98.5,24.4,16341,3988,0.844,0.892,0.74,0.875,0.867,0.796,0.678,2923.5,3144.6,2260.2,3144.6,3144.6,98.3,1965.4,2930.5,2970.6,2992.8,2749.5,2760.9,3004,3022.3,2968.7,2975.6,2930.5,100,100,100,100,100,100,100,100,100,100,100,100,124.7,127.8,127.8,117.7,117.7,128,128,125.1,125.1,124.7,29.8,32,23,32,32,20,86,86,86,85,85,14,14,14,15,15,88,86,No,No,No,No,No,No,No,No,No,No,Yes,Yes,Yes,Yes,Yes,No,No,Yes,86,86,75,11.426,22.263,18.202,0.289,9.13,1.976,1.202,0.502,64,22.2,64,64,0,0,0,0,0,0,0,0,97.9,97,97.8,97.6,98,97.6,98.2,98.3,98.6,0,0,0,0,0,2096.4,21.33,36,39,39,90,129,598,1,2,Yes,No,No,No,No,No,No,No,Yes,No,No,No,No,No,No,No,No,No,No,No,No,No,No,No,No,No,No,No,No,No,No,No,No,No,No,No,No,75,89,59,57,45,55,69,67,7308,6996,65,64,55,100,No,No,34694,80199,69.9,6.9,76.8,130.081,5.841,586298,208862,74,0.842,0.289,900,2096,6.4,4.8,0,2,6.6,0,2.5,1,0,35.8,1418,2539,1419,No,No,No,No,No,No,No,No,8.195,29.062,99,2.598,43.5,59.6,7.9,64.3,1.2,1.1,1.1,1.1,7.9,60.1,1.2,1.1,1.1,1.1,127.08,838.43,15.55,15.51,900.19,900.19,0.25,8.96,127.08,0,219.22,2347,75,5,5.5,0
1.7.2026,12:48.9,23297,958,96,7758,156,98,24.4,16341,3989,0.84,0.852,0.807,0.845,0.855,0.773,0.738,2923.5,2948,2751.5,2948,3046.3,98.3,2555,2929.4,2966.3,2985.2,2884.9,2893.9,3001.3,3011.3,2844.2,2848,2929.4,100,100,100,100,100,100,100,100,100,100,100,100,125.2,127.5,127.5,122.9,122.9,128.7,128.7,121.9,121.9,125.2,29.8,30,28,30,31,26,84,84,85,82,85,16,16,15,18,15,85,85,No,No,No,No,No,No,No,No,No,No,Yes,Yes,Yes,Yes,Yes,No,No,Yes,86,86,73,12.442,20.976,16.363,0.636,9.152,2.103,1.317,0.5,64,22,64,64,0,0,0,0,0,0,0,0,98.1,97.2,97.8,98,98.3,97.9,98.2,98.5,98.6,0,0,0,0,0,2096.4,21.33,36,39,39,90,129,598,1,2,Yes,No,No,No,No,No,No,No,Yes,No,No,No,No,No,No,No,No,No,No,No,No,No,No,No,No,No,No,No,No,No,No,No,No,No,No,No,No,74,88,59,57,45,55,69,67,7322,6984,65,64,55,100,No,No,34695,80199,46.1,6.1,52.2,88.969,11.635,586458,208883,74,0.757,0.636,900,2096,9,7.2,0,3,9.3,0,2,4,0,35.6,1408,2548,1409,No,No,No,No,No,No,No,No,8.195,29.062,99,2.598,43.5,59.6,31.1,121.1,9.2,8.5,8.5,8.5,26.8,63.2,9.2,8.6,8.6,8.6,32.19,108.52,8.26,6.34,118.26,118.26,0.45,0,32.19,0,21.34,2347,75,155.7,10.7,0
1.7.2026,12:50.6,23212,1043,95.6,7396,518,93.4,24.8,16341,4049,0.859,0.875,0.855,0.86,0.845,0.783,0.741,3046.3,3046.3,3046.3,3046.3,3046.3,98.3,2849.8,2983.7,3000.2,3021.8,2918.2,2927.7,3021.2,3028.4,2971.8,2980.2,2983.7,100,100,100,100,100,100,100,100,100,100,100,100,126.6,128.5,128.5,123.8,123.8,128.3,128.3,125.9,125.9,126.6,31,31,31,31,31,29,84,83,86,83,86,16,17,14,17,14,87,86,No,No,No,No,No,No,No,No,No,No,Yes,Yes,Yes,Yes,Yes,No,No,Yes,87,87,74,13.965,21.567,17.459,0.596,8.802,1.886,1.053,0.497,64,22,64,64,0,0,0,0,0,0,0,0,98.4,97.5,98.2,98.4,98.8,98.3,98.6,98.6,98.8,0,0,0,0,0,1048.2,10.67,20,20,20,45,129,299,1,2,Yes,No,No,No,No,No,No,No,Yes,No,No,No,No,No,No,No,No,No,No,No,No,No,No,No,No,No,No,No,No,No,No,No,No,No,No,No,No,74,88,59,57,45,55,69,67,7349,6996,65,64,55,100,No,No,34695,80199,51.7,7.5,59.1,64.798,42.846,586589,208969,74,0.72,0.596,700,1048,8.9,7.1,0,3,9,0,2.1,3.7,0,35.8,1414,2542,1415,No,No,No,No,No,No,No,No,8.196,29.062,99,2.598,43.5,59.6,47.4,73.8,15,14.9,14.9,14.9,47.4,60.4,15,15,15,15,21.11,66.76,13.55,13.41,66.96,66.96,0.83,1.16,21.11,0,6,2347,75,0.2,0.2,0
1.7.2026,12:52.6,23193,1062,95.6,7434,480,93.9,24.8,16341,4049,0.859,0.875,0.857,0.852,0.852,0.783,0.741,3046.3,3046.3,3046.3,3046.3,3046.3,98.3,2358.4,3040.3,3013.7,3033.3,3039.1,3043.9,3035,3046.4,3053.4,3058,3040.3,100,100,100,100,100,100,100,100,100,100,100,100,128.6,128.7,128.7,128.6,128.6,128.6,128.6,128.7,128.7,128.6,31,31,31,31,31,24,84,83,86,83,86,16,17,14,17,14,86,86,No,No,No,No,No,No,No,No,No,No,Yes,Yes,Yes,Yes,Yes,No,No,Yes,85,85,73,13.203,21.57,17.243,0.564,8.729,1.802,0.921,0.497,64,21.5,64,64,0,0,0,0,0,0,0,0,98.7,97.8,98.5,98.7,98.8,98.6,99,99.1,99.2,0,0,0,0,0,1048.2,10.67,20,20,20,45,129,299,1,2,Yes,No,No,No,No,No,No,No,Yes,No,No,No,No,No,No,No,No,No,No,No,No,No,No,No,No,No,No,No,No,No,No,No,No,No,No,No,No,75,88,59,57,45,55,69,67,7336,6996,65,64,55,100,No,No,34695,80199,18.8,0.1,18.8,36.185,0.576,586654,208970,73,0.757,0.564,900,1048,7.2,5.5,0,2.7,7.3,0,2,4.1,0,35.9,1418,2539,1419,No,No,No,No,No,No,No,No,8.195,29.062,99,2.59,43.5,59.6,53.1,74,29.5,29.3,29.2,29.2,53.1,60.3,30,30,30,30,18.83,33.84,13.51,12.93,34.2,34.2,0.4,0.02,18.83,0,4.44,2347,75,0.4,1.1,0
1.7.2026,12:54.6,23195,1060,95.6,7090,824,89.5,26.7,16341,4358,0.831,0.892,0.87,0.845,0.715,0.796,0.741,2825.2,3144.6,3144.6,2948,2063.6,98.3,2751.5,2895.6,3031.3,3054.8,2877,2884.3,3025.7,3040.8,2621.6,2629.4,2895.6,100,100,100,100,100,100,100,100,100,100,100,100,123,130,130,122.2,122.2,128.8,128.8,111.1,111.1,123,28.8,32,32,30,21,28,84,84,85,83,82,16,16,15,17,18,85,85,No,No,No,No,No,No,No,No,No,No,Yes,Yes,Yes,Yes,Yes,No,No,Yes,86,86,73,9.902,20.775,16.452,0.449,8.688,1.939,1.103,0.497,64,21.5,64,64,0,0,0,0,0,0,0,0,98.3,97.4,98.1,98.3,98.6,98.1,98.6,98.7,99,0,0,0,0,0,2096.4,21.33,36,39,39,90,129,598,1,2,Yes,No,No,No,No,No,No,No,Yes,No,No,No,No,No,No,No,No,No,No,No,No,No,No,No,No,No,No,No,No,No,No,No,No,No,No,No,No,73,87,59,57,45,55,69,67,7336,7021,65,64,55,100,No,No,34695,80199,75.9,73.4,100,74.37,177.162,586800,209317,73,0.722,0.449,700,2096,6.1,4.4,0,2.5,6.4,0,2,3.9,0,36.2,1433,2524,1434,No,No,No,No,No,No,No,No,8.195,29.062,99,2.606,43.5,59.6,60.2,84.5,42.3,38,37.6,37.6,59,61.1,40.8,30.8,29.9,29.9,16.62,23.64,11.84,8.64,26.62,26.62,0.54,0.1,16.62,0,0.75,2347,75,0.1,0,0
1.7.2026,12:56.6,23210,1044,95.6,7373,541,93.1,26.7,16341,4357,0.874,0.91,0.885,0.88,0.82,0.813,0.741,3144.6,3242.8,3242.8,3242.8,2849.8,98.3,2849.8,2886.4,3009.9,3029,2834.7,2845.8,3053.3,3064.2,2622.1,2632.6,2886.4,100,100,100,100,100,100,100,100,100,100,100,100,122.8,129.3,129.3,120.8,120.8,130.2,130.2,110.9,110.9,122.8,32,33,33,33,29,29,82,82,83,85,79,18,18,17,15,21,83,85,No,No,No,No,No,No,No,No,No,No,Yes,Yes,Yes,Yes,Yes,No,No,Yes,85,85,73,8.633,22.84,18.642,0.523,8.641,1.88,1.046,0.497,64,21.5,64,64,0,0,0,0,0,0,0,0,98.1,97.2,97.9,98,98.4,97.9,98.1,98.5,98.9,0,0,0,0,0,1048.2,10.67,20,20,20,45,129,299,1,2,Yes,No,No,No,No,No,No,No,Yes,No,No,No,No,No,No,No,No,No,No,No,No,No,No,No,No,No,No,No,No,No,No,No,No,No,No,No,No,74,87,59,57,45,55,69,67,7336,6996,65,64,55,100,No,No,34695,80200,66.2,2.7,68.9,133.283,0.143,587071,209317,74,0.722,0.523,700,1048,7.1,5.3,0,2.8,7.2,0,2.2,4.8,0,36.2,1430,2526,1431,No,No,No,No,No,No,No,No,8.196,29.062,99,2.615,43.5,59.6,43.3,71,12,12,12,12,43.2,60.1,12,12,12,12,23.11,83.33,14.09,13.94,83.51,83.51,0.81,1.55,23.11,0,8.66,2347,75,1.5,38.9,0
1.7.2026,12:58.6,23209,1046,95.6,7374,540,93.1,26.7,16341,4356,0.877,0.892,0.87,0.877,0.87,0.796,0.741,3144.6,3144.6,3144.6,3144.6,3144.6,98.3,2260.2,2882.8,3006.3,3024.8,2776,2778.6,3090.1,3086.5,2645.1,2655,2882.8,100,100,100,100,100,100,100,100,100,100,100,100,122.4,128.5,128.5,117.8,117.8,131.2,131.2,112.2,112.2,122.4,32,32,32,32,32,23,83,83,85,81,84,17,17,15,19,16,84,85,No,No,No,No,No,No,No,No,No,No,Yes,Yes,Yes,Yes,Yes,No,No,Yes,84,84,72,13.203,21.75,17.713,0.47,8.534,1.812,0.945,0.5,64,21,64,64,0,0,0,0,0,0,0,0,98.4,97.8,98.3,98.4,98.5,98.4,98.5,98.6,98.9,0,0,0,0,0,2096.4,21.33,36,39,39,90,129,598,1,2,Yes,No,No,No,No,No,No,No,Yes,No,No,No,No,No,No,No,No,No,No,No,No,No,No,No,No,No,No,No,No,No,No,No,No,No,No,No,No,73,87,59,57,45,55,69,67,7363,7021,65,64,55,100,No,No,34695,80200,30.7,0.1,30.8,59.254,0.461,587178,209318,72,0.702,0.47,600,2096,6.7,5.1,0,2.5,6.7,0,1.8,4,0,35.9,1420,2536,1421,No,No,No,No,No,No,No,No,8.199,29.062,99,2.607,43.5,59.6,17.1,51.1,3.8,3.4,3.4,3.4,8,29.6,3.1,3,3,3,58.39,262.05,19.46,18.02,294.11,294.11,4.37,15.51,58.06,0.33,130.36,2347,75,96.8,57.7,0
1.7.2026,13:00.6,23207,1048,95.6,7464,450,94.3,26.6,16341,4354,0.789,0.86,0.782,0.795,0.717,0.813,0.678,2555,2948,2555,2653.2,2063.6,98.3,2063.6,2848.4,3044.6,3061.4,2838.1,2843.1,2931.2,2941.8,2562.4,2564.5,2848.4,100,100,100,100,100,100,100,100,100,100,100,100,120.9,130,130,120.5,120.5,124.6,124.6,108.5,108.5,120.9,26,30,26,27,21,21,82,83,83,81,81,18,17,17,19,19,83,83,No,No,No,No,No,No,No,No,No,No,Yes,Yes,Yes,Yes,Yes,No,No,Yes,86,86,72,9.395,20.758,16.59,0.511,8.415,1.814,0.948,0.496,64,20.8,64,64,0,0,0,0,0,0,0,0,98.5,97.8,98.3,98.4,98.6,98.3,98.7,98.7,98.8,0,0,0,0,0,1048.2,10.67,20,20,20,45,129,299,1,2,Yes,No,No,No,No,No,No,No,Yes,No,No,No,No,No,No,No,No,No,No,No,No,No,No,No,No,No,No,No,No,No,No,No,No,No,No,No,No,74,87,59,57,45,55,69,67,7281,7009,65,64,55,100,No,No,34695,80200,37.5,0.1,37.5,104.073,0.234,587373,209318,72,0.722,0.511,700,1048,5.9,4.5,0,2.3,5.9,0,1.9,3.7,0,35.9,1420,2537,1420,No,No,No,No,No,No,No,No,8.195,29.062,99,2.606,43.5,59.6,24.2,38.2,16.5,16.4,16.4,16.4,1.2,1.2,1.2,1.2,1.2,1.2,41.24,60.8,26.24,26.06,61.13,61.13,3.92,17.77,40.86,0.37,23.68,2347,75,13.4,49.9,0
1.7.2026,13:02.6,23180,1075,95.5,7478,436,94.4,26.6,16341,4354,0.864,0.9,0.885,0.892,0.78,0.813,0.681,3070.9,3242.8,3242.8,3242.8,2555,98.3,2063.6,2862.1,3008.6,3024.9,2782.7,2790.8,3045.3,3047.5,2596,2601,2862.1,100,100,100,100,100,100,100,100,100,100,100,100,121.2,128.2,128.2,118,118,128.7,128.7,109.6,109.6,121.2,31.2,33,33,33,26,21,82,83,83,82,81,18,17,17,18,19,83,83,No,No,No,No,No,No,No,No,No,No,Yes,Yes,Yes,Yes,Yes,No,No,Yes,85,85,72,10.156,20.771,17.006,0.392,8.358,1.721,0.82,0.497,64,20.5,64,64,0,0,0,0,0,0,0,0,98.6,98,98.5,98.5,98.7,98.7,98.8,98.9,99,0,0,0,0,0,1048.2,10.67,20,20,20,45,129,299,1,2,Yes,No,No,No,No,No,No,No,Yes,No,No,No,No,No,No,No,No,No,No,No,No,No,No,No,No,No,No,No,No,No,No,No,No,No,No,No,No,74,87,59,57,45,55,69,67,7295,7021,65,64,55,100,No,No,34695,80200,15.2,0.1,15.2,33.585,0.183,587438,209319,72,0.757,0.392,900,1048,4.1,2.8,0,1.9,4,0,1.9,3.8,0,35.4,1401,2555,1402,No,No,No,No,No,No,No,No,8.195,29.062,99,2.598,43.5,59.6,24.3,34.2,18.5,18.5,18.5,18.5,0.8,0.8,0.8,0.8,0.8,0.8,41.13,54.25,29,28.9,54.38,54.38,4.32,12.12,40.77,0.36,10.57,2347,75,0.5,0.3,0
1.7.2026,13:04.6,23163,1092,95.4,7509,405,94.8,26.6,16341,4354,0.879,0.875,0.887,0.882,0.872,0.813,0.681,3193.7,3046.3,3242.8,3242.8,3242.8,98.3,2063.6,2884.2,3076.7,3095.7,2758.5,2764.4,3063.3,3071.6,2618.4,2624.7,2884.2,100,100,100,100,100,100,100,100,100,100,100,100,121.8,130.7,130.7,116.7,116.7,129.5,129.5,110.4,110.4,121.8,32.5,31,33,33,33,21,82,84,81,82,83,18,16,19,18,17,84,84,No,No,No,No,No,No,No,No,No,No,Yes,Yes,Yes,Yes,Yes,No,No,Yes,84,84,72,9.649,19.305,15.918,0.189,8.213,1.571,0.587,0.496,64,20.5,64,64,0,0,0,0,0,0,0,0,98.9,98.3,98.9,98.7,98.9,98.8,99.1,99,99.2,0,0,0,0,0,1048.2,10.67,20,20,20,45,129,299,1,2,Yes,No,No,No,No,No,No,No,Yes,No,No,No,No,No,No,No,No,No,No,No,No,No,No,No,No,No,No,No,No,No,No,No,No,No,No,No,No,73,86,59,57,45,55,69,67,7336,7034,65,64,55,100,No,No,34695,80200,71.6,2.9,74.5,36.2,0.436,587507,209319,72,0.757,0.189,900,1048,2.6,1.4,0,1.6,2.5,0,1.8,3.5,0,35.2,1392,2564,1393,No,No,No,No,No,No,No,No,8.199,29.062,99,2.607,43.5,59.6,15.5,0,2,2,2,2,1.9,1.9,1.9,1.9,1.9,1.9,64.6,501.91,0.24,0.24,505.03,505.03,2.94,3.86,64.27,0.33,28.42,2347,75,13.9,4.9,0
1.7.2026,13:06.6,23149,1106,95.4,7504,410,94.8,26.6,16341,4354,0.834,0.852,0.875,0.735,0.872,0.796,0.681,2923.5,2948,3242.8,2260.2,3242.8,98.3,2751.5,2910.4,3064.8,3076.8,2844.6,2847.7,3027.1,3028.6,2695.6,2697.6,2910.4,100,100,100,100,100,100,100,100,100,100,100,100,122.8,129.8,129.8,120.1,120.1,127.7,127.7,113.5,113.5,122.8,29.8,30,33,23,33,28,81,82,81,81,79,19,18,19,19,21,82,82,No,No,No,No,No,No,No,No,No,No,Yes,Yes,Yes,Yes,Yes,No,No,Yes,84,84,73,10.156,19.605,16.187,0.197,8.279,1.533,0.535,0.496,64,20.5,64,64,0,0,0,0,0,0,0,0,99,98.5,99,98.9,99,99,99.1,99.2,99.2,0,0,0,0,0,1048.2,10.67,20,20,20,45,129,299,1,2,Yes,No,No,No,No,No,No,No,Yes,No,No,No,No,No,No,No,No,No,No,No,No,No,No,No,No,No,No,No,No,No,No,No,No,No,No,No,No,74,86,59,57,45,55,69,67,7377,7046,65,64,55,100,No,No,34695,80200,100,0,100,47.062,0.031,587597,209320,71,0.757,0.197,900,1048,2.5,1.4,0,1.5,2.4,0,1.8,3.6,0,35,1385,2572,1378,No,No,No,No,No,No,No,No,8.194,29.062,99,2.606,43.5,59.6,11.6,45.9,2.1,1.9,1.9,1.9,0,0,0,0,0,0,86.31,485.82,21.75,21.72,532.95,532.95,2.86,3.23,85.24,1.07,0,2347,75,0,0,0
1.7.2026,13:08.6,23135,1120,95.3,7483,431,94.5,26.4,16341,4309,0.819,0.91,0.755,0.895,0.717,0.813,0.743,2726.9,3242.8,2358.4,3242.8,2063.6,98.3,2063.6,2839.4,3099.1,3113.3,2804.1,2808.2,2893.3,2899.6,2547.3,2549.9,2839.4,100,100,100,100,100,100,100,100,100,100,100,100,119.9,131.5,131.5,118.5,118.5,122.3,122.3,107.5,107.5,120,27.8,33,24,33,21,21,80,84,80,80,77,20,16,20,20,23,84,84,No,No,No,No,No,No,No,No,No,No,Yes,Yes,Yes,Yes,Yes,No,No,Yes,84,84,72,8.887,20.078,16.496,0.33,8.167,1.645,0.708,0.496,64,20,64,64,0,0,0,0,0,0,0,0,98.9,98.5,98.9,98.8,99,98.9,99.1,99.1,99.2,0,0,0,0,0,2096.4,21.33,36,39,39,90,129,598,1,2,Yes,No,No,No,No,No,No,No,Yes,No,No,No,No,No,No,No,No,No,No,No,No,No,No,No,No,No,No,No,No,No,No,No,No,No,No,No,No,73,86,59,57,45,55,68,67,7308,7059,65,64,55,100,No,No,34695,80200,8,0.2,8.1,12.816,0.044,587622,209320,72,0.77,0.33,700,2096,5.4,4.1,0,2.2,5.3,0,1.7,3.9,0,35,1384,2572,1385,No,No,No,No,No,No,No,No,8.195,29.062,99,2.606,43.5,59.6,15.8,0,2,2,2,2,0,0,0,0,0,0,63.49,499.92,0.22,0.21,500.91,500.91,4.18,18.05,63.14,0.35,0,2347,75,64.9,2.6,0
1.7.2026,13:10.6,23141,1114,95.4,7363,551,93,26.1,16341,4272,0.834,0.895,0.822,0.877,0.74,0.796,0.743,2849.8,3144.6,2849.8,3144.6,2260.2,98.3,1965.4,2835.5,3027.8,3044.1,2758.8,2761.7,2965.3,2971.9,2574.5,2579.8,2835.5,100,100,100,100,100,100,100,100,100,100,100,100,119.7,128.7,128.7,116.5,116.5,125.2,125.2,108.4,108.4,119.7,29,32,29,32,23,20,81,82,82,82,79,19,18,18,18,21,82,82,No,No,No,No,No,No,No,No,No,No,Yes,Yes,Yes,Yes,Yes,No,No,Yes,83,83,72,11.68,20.478,16.768,0.439,8.209,1.677,0.776,0.495,64,20,64,64,0,0,0,0,0,0,0,0,98.8,98.2,98.8,98.8,99,98.8,99,99,99.2,0,0,0,0,0,1048.2,10.67,20,20,20,45,129,299,1,2,Yes,No,No,No,No,No,No,No,Yes,No,No,No,No,No,No,No,No,No,No,No,No,No,No,No,No,No,No,No,No,No,No,No,No,No,No,No,No,74,86,59,57,45,55,68,67,7295,7034,65,64,55,100,No,No,34695,80200,21.1,0,21.1,29.793,0.091,587679,209320,72,0.76,0.439,900,1048,5.5,4.1,0,2.3,5.4,0,1.9,3.9,0,33.9,1343,2614,1344,No,No,No,No,No,No,No,No,8.195,29.062,99,2.59,43.5,59.6,10.6,0,1.1,1,1,1,0,0,0,0,0,0,94.35,919.52,0.25,0.25,998.64,998.64,4.29,15.72,94.01,0.34,0,2347,75,0.1,0.1,0
1.7.2026,13:12.6,23151,1104,95.4,7081,833,89.4,26.4,16341,4320,0.821,0.827,0.807,0.852,0.795,0.786,0.681,2800.6,2751.5,2751.5,3046.3,2653.2,98.3,1867.1,2797.3,2963.6,2980.3,2803.4,2809.2,2937.1,2951.9,2464.2,2469,2797.3,100,100,100,100,100,100,100,100,100,100,100,100,118.8,126.8,126.8,119,119,125.1,125.1,104.3,104.3,118.8,28.5,28,28,31,27,19,80,82,80,81,78,20,18,20,19,22,82,82,No,No,No,No,No,No,No,No,No,No,Yes,Yes,Yes,Yes,Yes,No,No,Yes,82,82,72,9.649,20.378,16.004,0.52,8.386,1.884,1.063,0.498,64,19.5,64,64,0,0,0,0,0,0,0,0,98.4,97.6,98.1,98.5,98.6,98.1,98.6,98.8,98.9,0,0,0,0,0,1048.2,10.67,20,20,20,45,129,299,1,2,Yes,No,No,No,No,No,No,No,Yes,No,No,No,No,No,No,No,No,No,No,No,No,No,No,No,No,No,No,No,No,No,No,No,No,No,No,No,No,73,85,59,57,45,55,68,67,7295,7009,65,64,55,100,No,No,34695,80200,17.9,20.5,38.4,36.198,53.748,587748,209421,72,0.705,0.52,600,1048,8,6,0,3,8.5,0,2.2,4.3,0,34.7,1373,2583,1374,No,No,No,No,No,No,No,No,8.195,29.062,99,2.59,43.5,59.6,29.4,495.4,2.7,1.9,1.9,1.9,11,60.1,1,0.9,0.9,0.9,34.06,363.82,2.54,0.62,530.15,530.15,1.03,0.15,33.64,0.42,36.07,2347,75,0.3,2.4,0
1.7.2026,13:14.6,23168,1087,95.5,7098,816,89.6,26.4,16341,4320,0.839,0.885,0.782,0.867,0.82,0.796,0.743,2923.5,3144.6,2555,3144.6,2849.8,98.3,2456.7,2786.7,2954.3,2965.1,2801.4,2803.6,2894.7,2908.6,2480.6,2485.6,2786.7,100,100,100,100,100,100,100,100,100,100,100,100,118.1,126,126,118.7,118.7,122.9,122.9,104.7,104.7,118.1,29.8,32,26,32,29,25,80,81,80,80,79,20,19,20,20,21,81,81,No,No,No,No,No,No,No,No,No,No,Yes,Yes,Yes,Yes,Yes,No,No,Yes,82,82,72,11.172,19.167,15.357,0.464,8.237,1.748,0.824,0.498,64,19.5,64,64,0,0,0,0,0,0,0,0,98.6,97.9,98.3,98.6,98.7,98.4,98.9,98.9,99.1,0,0,0,0,0,2096.4,21.33,36,39,39,90,129,598,1,2,Yes,No,No,No,No,No,No,No,Yes,No,No,No,No,No,No,No,No,No,No,No,No,No,No,No,No,No,No,No,No,No,No,No,No,No,No,No,No,73,85,59,57,45,55,68,67,7308,6996,65,64,55,100,No,No,34695,80200,5.8,0.1,5.9,11.173,0.224,587769,209422,71,0.76,0.464,900,2096,5.8,4,0,2.5,6.1,0,2.1,4,0,34.8,1377,2580,1377,No,No,No,No,No,No,No,No,8.199,29.062,99,2.599,43.5,59.6,45.8,91.4,11.2,9.3,9.1,9.1,36.8,61.4,9.6,8.7,8.6,8.6,21.85,89.13,10.94,9.77,109.91,109.91,0.91,2.75,21.52,0.33,13.86,2347,75,0,0,0
1.7.2026,13:16.6,23163,1092,95.4,7108,806,89.8,26.4,16341,4320,0.824,0.877,0.707,0.862,0.847,0.786,0.683,2776.1,3046.3,1965.4,3046.3,3046.3,98.3,2358.4,2803.8,2960.4,2972.7,2792.2,2796.5,2903.3,2915.1,2542.2,2547.7,2803.8,100,100,100,100,100,100,100,100,100,100,100,100,118.8,126.3,126.3,118.3,118.3,123.2,123.2,107.4,107.4,118.8,28.2,31,20,31,31,24,80,81,80,80,78,20,19,20,20,22,81,81,No,No,No,No,No,No,No,No,No,No,Yes,Yes,Yes,Yes,Yes,No,No,Yes,82,82,72,9.141,19.943,16.091,0.395,8.227,1.727,0.771,0.498,64,19.2,64,64,0,0,0,0,0,0,0,0,98.6,97.9,98.3,98.6,98.7,98.4,98.8,98.8,99,0,0,0,0,0,1048.2,10.67,20,20,20,45,129,299,1,2,Yes,No,No,No,No,No,No,No,Yes,No,No,No,No,No,No,No,No,No,No,No,No,No,No,No,No,No,No,No,No,No,No,No,No,No,No,No,No,72,84,59,57,45,55,68,67,7268,6996,65,64,55,100,No,No,34695,80200,10.4,0.1,10.5,9.523,0.249,587788,209422,72,0.735,0.395,600,1048,6.4,4.2,0,2.7,6.8,0,2.2,4.6,0,34.7,1372,2585,1366,No,No,No,No,No,No,No,No,8.194,29.062,99,2.597,43.5,59.6,54.3,80.5,29,28.6,28.6,28.6,54.8,60.8,30,30,30,30,18.42,34.48,12.39,11.49,35.02,35.02,0.73,0.27,18.06,0.36,4.1,2347,75,5,2.2,0
1.7.2026,13:18.6,23165,1090,95.5,7112,802,89.8,26.4,16341,4319,0.786,0.827,0.757,0.832,0.727,0.786,0.743,2530.4,2751.5,2358.4,2849.8,2161.9,98.3,1867.1,2770,2894.3,2907.7,2780.7,2784.6,2850.9,2864.2,2534.7,2542.5,2770,100,100,100,100,100,100,100,100,100,100,100,100,117.6,123.8,123.8,118.2,118.2,121.3,121.3,107.2,107.2,117.6,25.8,28,24,29,22,19,80,81,79,80,79,20,19,21,20,21,81,81,No,No,No,No,No,No,No,No,No,No,Yes,Yes,Yes,Yes,Yes,No,No,Yes,80,80,71,11.934,19.738,15.647,0.536,8.184,1.813,0.926,0.498,64,19,64,64,0,0,0,0,0,0,0,0,98.4,97.6,98.1,98.3,98.4,98.2,98.6,98.6,99,0,0,0,0,0,1048.2,10.67,20,20,20,45,129,299,1,2,Yes,No,No,No,No,No,No,No,Yes,No,No,No,No,No,No,No,No,No,No,No,No,No,No,No,No,No,No,No,No,No,No,No,No,No,No,No,No,72,84,59,57,45,55,68,67,7281,6996,65,64,55,100,No,No,34695,80200,11.2,0,11.2,17.079,0.054,587821,209423,71,0.76,0.536,900,1048,9,6.7,0,3.2,9.5,0,2.2,4.1,0,34.6,1370,2587,1370,No,No,No,No,No,No,No,No,8.194,29.062,99,2.589,43.5,59.6,55.7,86.4,29.5,29,29,29,54.8,61,30,30,30,30,17.97,33.94,10.8,7.93,34.55,34.55,0.74,0.47,17.56,0.41,3.74,2348,75,68.8,5.6,0
1.7.2026,13:20.6,23178,1077,95.5,7195,719,90.9,26.4,16341,4319,0.827,0.862,0.755,0.847,0.842,0.773,0.743,2800.6,2948,2358.4,2948,2948,98.3,2751.5,2755.2,2850.4,2864.3,2719.1,2722.7,2875.9,2889.4,2556,2564.1,2755.2,100,100,100,100,100,100,100,100,100,100,100,100,117,121.9,121.9,115.4,115.4,122.3,122.3,108.3,108.3,117,28.5,30,24,30,30,28,78,78,80,78,77,22,22,20,22,23,80,80,No,No,No,No,No,No,No,No,No,No,Yes,Yes,Yes,Yes,Yes,No,No,Yes,80,80,72,12.696,18.442,14.45,0.529,8.186,1.79,0.915,0.498,64,19,64,64,0,0,0,0,0,0,0,0,98.4,97.7,98.1,98.4,98.6,98.2,98.6,98.7,99,0,0,0,0,0,2096.4,21.33,36,39,39,90,129,598,1,2,Yes,No,No,No,No,No,No,No,Yes,No,No,No,No,No,No,No,No,No,No,No,No,No,No,No,No,No,No,No,No,No,No,No,No,No,No,No,No,72,83,59,57,45,55,68,67,7281,6959,65,64,55,100,No,No,34695,80200,26.3,0.4,26.7,38.526,0.05,587895,209423,72,0.76,0.529,900,2096,7.7,5.6,0,2.9,8.2,0,2.2,4,0,34.6,1370,2587,1370,No,No,No,No,No,No,No,No,8.199,29.062,99,2.607,43.5,59.6,36.4,88.2,5.1,4.5,4.5,4.5,36,62,5.2,4.7,4.6,4.6,27.45,197.13,11.19,9.21,223.18,223.18,0.62,0.4,27.1,0.35,14.36,2348,75,0.4,0.1,0
1.7.2026,13:22.6,23196,1058,95.6,7147,767,90.3,26,16341,4252,0.803,0.877,0.755,0.852,0.727,0.786,0.743,2653.2,3046.3,2358.4,3046.3,2161.9,98.3,1867.1,2705.1,2841.5,2851.8,2719.2,2728.2,2753,2779.7,2478.6,2488.9,2705.1,100,100,100,100,100,100,100,100,100,100,100,100,115.2,121.8,121.8,115.9,115.9,118,118,105.3,105.3,115.2,27,31,24,31,22,19,78,78,80,78,78,22,22,20,22,22,80,80,No,No,No,No,No,No,No,No,No,No,Yes,Yes,Yes,Yes,Yes,No,No,Yes,80,80,71,9.902,19.443,15.112,0.542,8.153,1.919,1.113,0.499,64,18.5,64,64,0,0,0,0,0,0,0,0,98.1,97.4,97.8,98.1,98.4,97.5,98.4,98.3,98.7,0,0,0,0,0,2096.4,21.33,36,39,39,90,129,598,1,2,Yes,No,No,No,No,No,No,No,Yes,No,No,No,No,No,No,No,No,No,No,No,No,No,No,No,No,No,No,No,No,No,No,No,No,No,No,No,No,73,83,59,57,45,55,68,67,7308,6996,65,64,55,100,No,No,34695,80200,14.9,1.6,16.6,23.911,8.294,587940,209438,71,0.715,0.542,650,2096,7.2,5,0,2.9,7.7,0,2.1,4.5,0,34.7,1371,2585,1372,No,No,No,No,No,No,No,No,8.194,29.062,99,2.589,43.5,59.6,54.6,89.6,28.9,27.8,27.7,27.7,54.8,60.8,30,30,30,30,18.35,35.69,11.11,10.61,38.27,38.27,0.65,0.28,17.96,0.39,3.81,2348,75,0.8,1.1,0
1.7.2026,13:24.6,23186,1069,95.5,7137,777,90.1,26,16341,4253,0.79,0.87,0.847,0.715,0.727,0.786,0.743,2579.5,3046.3,3046.3,2063.6,2161.9,98.3,1867.1,2714.2,2847.4,2857.9,2725,2729.5,2790,2806.5,2475.5,2482.1,2714.2,100,100,100,100,100,100,100,100,100,100,100,100,115.1,121.6,121.6,115.5,115.5,118.7,118.7,104.7,104.7,115.1,26.2,31,31,21,22,19,78,78,80,77,76,22,22,20,23,24,79,80,No,No,No,No,No,No,No,No,No,No,Yes,Yes,Yes,Yes,Yes,No,No,Yes,80,80,71,10.41,18.515,14.738,0.363,7.88,1.705,0.778,0.498,64,18.2,64,64,0,0,0,0,0,0,0,0,98.5,97.8,98.2,98.5,98.6,98.2,98.8,98.8,99,0,0,0,0,0,1048.2,10.67,20,20,20,45,129,299,1,2,Yes,No,No,No,No,No,No,No,Yes,No,No,No,No,No,No,No,No,No,No,No,No,No,No,No,No,No,No,No,No,No,No,No,No,No,No,No,No,72,83,59,57,45,54,68,66,7281,6996,65,64,55,100,No,No,34695,80200,8.8,0.2,9,8.483,0.506,587957,209439,71,0.76,0.363,900,1048,5.7,3.5,0,2.4,6,0,2,4.2,0,34.4,1361,2596,1361,No,No,No,No,No,No,No,No,8.196,29.062,99,2.59,43.5,59.6,54.6,67.3,29.8,29.6,29.6,29.6,54.8,61.1,30,30,30,30,18.32,33.59,14.81,14.48,33.87,33.87,0.64,0.29,17.97,0.35,3.82,2348,75,0.2,0.2,0
1.7.2026,13:26.6,23189,1065,95.6,7155,759,90.4,26,16341,4253,0.833,0.877,0.782,0.862,0.81,0.786,0.743,2849.8,3046.3,2555,3046.3,2751.5,98.3,1867.1,2706.1,2844,2858.2,2725.4,2729.6,2781.6,2799.2,2452.4,2458.4,2706.1,100,100,100,100,100,100,100,100,100,100,100,100,114.7,121.5,121.5,115.6,115.6,118.1,118.1,103.6,103.6,114.7,29,31,26,31,28,19,78,80,79,78,76,22,20,21,22,24,80,80,No,No,No,No,No,No,No,No,No,No,Yes,Yes,Yes,Yes,Yes,No,No,Yes,82,82,70,10.918,18.999,15.153,0.39,7.921,1.685,0.754,0.498,64,18.2,64,64,0,0,0,0,0,0,0,0,98.6,97.8,98.3,98.5,98.7,98.3,98.9,98.8,99.1,0,0,0,0,0,2096.4,21.33,36,39,39,90,129,598,1,2,Yes,No,No,No,No,No,No,No,Yes,No,No,No,No,No,No,No,No,No,No,No,No,No,No,No,No,No,No,No,No,No,No,No,No,No,No,No,No,72,82,59,57,45,54,68,66,7281,6996,65,65,55,100,No,No,34695,80200,83.4,0,83.4,5.748,0.113,587968,209440,71,0.772,0.39,700,2096,4.2,2.5,0,2.1,4.6,0,1.9,4,0,33.8,1338,2619,1338,No,No,No,No,No,No,No,No,8.195,29.062,99,2.598,43.5,59.6,56,65.8,30.4,30.4,30.4,30.4,55.9,61.3,30,30,30,30,17.86,32.79,15.17,15.07,32.8,32.8,0.63,0.43,17.52,0.34,2.41,2348,75,0,0,0
1.7.2026,13:28.6,23157,1098,95.4,7153,762,90.3,26,16341,4253,0.767,0.862,0.707,0.77,0.73,0.773,0.743,2383,2948,1965.4,2456.7,2161.9,98.3,1965.4,2711.7,2930.1,2938.5,2687.6,2688.5,2802.9,2809,2417.1,2419.8,2711.7,100,100,100,100,100,100,100,100,100,100,100,100,114.7,124.7,124.7,113.7,113.7,118.5,118.5,102,102,114.7,24.2,30,20,25,22,20,77,78,79,77,75,23,22,21,23,25,78,79,No,No,No,No,No,No,No,No,No,No,Yes,Yes,Yes,Yes,Yes,No,No,Yes,80,80,70,10.41,18.384,14.903,0.347,7.887,1.606,0.671,0.5,64,18,64,64,0,0,0,0,0,0,0,0,98.7,98.1,98.4,98.7,98.7,98.8,99,98.9,99.1,0,0,0,0,0,2096.4,21.33,36,39,39,90,129,598,1,2,Yes,No,No,No,No,No,No,No,Yes,No,No,No,No,No,No,No,No,No,No,No,No,No,No,No,No,No,No,No,No,No,No,No,No,No,No,No,No,72,82,59,57,45,54,68,66,7295,6996,65,64,55,100,No,No,34695,80200,100,0,100,6.894,0.036,587981,209440,70,0.725,0.347,700,2096,7.4,5.5,0,2.7,7.6,0,1.9,4,0,33.8,1337,2620,1337,No,No,No,No,No,No,No,No,8.196,29.062,99,2.598,43.5,59.6,24.1,41.7,16.7,16.6,16.6,16.6,0,0,0,0,0,0,41.42,60.07,24.03,24.02,60.31,60.31,4.2,19.22,41.04,0.37,0,2348,75,69.1,2.8,0
1.7.2026,13:30.6,23157,1098,95.4,7161,753,90.4,26,16341,4253,0.813,0.855,0.8,0.84,0.757,0.776,0.743,2726.9,2948,2653.2,2948,2358.4,98.3,2555,2662,2818.2,2828.5,2699,2705.7,2700.8,2716.6,2410.1,2417,2662,100,100,100,100,100,100,100,100,100,100,100,100,112.9,120.5,120.5,114.6,114.6,114.8,114.8,101.9,101.9,112.9,27.8,30,27,30,24,26,77,78,78,77,76,23,22,22,23,24,79,78,No,No,No,No,No,No,No,No,No,No,Yes,Yes,Yes,Yes,Yes,No,No,Yes,79,79,71,12.188,17.463,13.46,0.531,7.857,1.764,0.884,0.498,64,17.8,64,64,0,0,0,0,0,0,0,0,98.4,97.6,98,98.4,98.6,98.3,98.8,98.7,99,0,0,0,0,0,2096.4,21.33,36,39,39,90,129,598,1,2,Yes,No,No,No,No,No,No,No,Yes,No,No,No,No,No,No,No,No,No,No,No,No,No,No,No,No,No,No,No,No,No,No,No,No,No,No,No,No,72,82,59,57,45,54,68,66,7268,6996,65,64,55,100,No,No,34695,80200,6.1,0.1,6.2,5.527,0.135,587991,209440,71,0.76,0.531,900,2096,8.5,6.2,0,3.1,9,0,2.2,4.4,0,33.8,1337,2620,1337,No,No,No,No,No,No,No,No,8.195,29.062,99,2.598,43.5,59.6,54.9,73.2,27.1,25.6,25.4,25.4,54.8,61.7,30,30,30,30,18.22,36.85,13.7,13.51,39.31,39.31,0.68,0.24,17.85,0.37,3.86,2348,75,0.8,3.6,0
1.7.2026,13:32.6,23144,1111,95.4,7166,748,90.5,26,16341,4253,0.815,0.855,0.797,0.812,0.795,0.776,0.683,2751.5,2948,2653.2,2751.5,2653.2,98.3,1768.8,2624.6,2809.3,2822.7,2662.2,2670.1,2688.9,2701.7,2318.5,2323.8,2624.6,100,100,100,100,100,100,100,100,100,100,100,100,111.4,120.3,120.3,113.1,113.1,114.2,114.2,98,98,111.4,28,30,27,28,27,18,77,77,78,77,75,23,23,22,23,25,77,78,No,No,No,No,No,No,No,No,No,No,Yes,Yes,Yes,Yes,Yes,No,No,Yes,79,79,70,10.156,17.91,13.916,0.544,7.809,1.75,0.878,0.499,64,17.5,64,64,0,0,0,0,0,0,0,0,98.4,97.6,98,98.3,98.6,98.3,98.8,98.8,99,0,0,0,0,0,2096.4,21.33,36,39,39,90,129,598,1,2,Yes,No,No,No,No,No,No,No,Yes,No,No,No,No,No,No,No,No,No,No,No,No,No,No,No,No,No,No,No,No,No,No,No,No,No,No,No,No,72,81,59,57,45,54,68,66,7281,6984,65,64,55,100,No,No,34695,80200,22.7,10.8,33.5,7.126,0.105,588005,209440,71,0.762,0.544,900,2096,6.4,4.5,0,2.6,7,0,1.9,4.1,0,33.9,1340,2617,1340,No,No,No,No,No,No,No,No,8.195,29.062,99,2.598,43.5,59.6,60.5,100.2,45.7,44.2,44.1,44.1,60,61.2,58.8,58.4,58.3,58.3,16.54,22.1,9.96,8.71,22.75,22.75,0.53,0.2,16.17,0.37,1.68,2348,75,0.1,1.9,0
1.7.2026,13:34.6,23139,1116,95.3,7171,743,90.6,26,16341,4250,0.787,0.83,0.77,0.84,0.71,0.776,0.683,2530.4,2751.5,2456.7,2948,1965.4,98.3,1768.8,2664.5,2841.4,2846.9,2649.7,2654.1,2789.7,2798.2,2366.6,2369.7,2664.5,100,100,100,100,100,100,100,100,100,100,100,100,112.9,121.3,121.3,112.3,112.3,118.2,118.2,99.9,99.9,112.9,25.8,28,25,30,20,18,76,77,77,77,75,24,23,23,23,25,77,77,No,No,No,No,No,No,No,No,No,No,Yes,Yes,Yes,Yes,Yes,No,No,Yes,78,78,70,11.426,17.524,14.02,0.274,7.673,1.585,0.649,0.501,64,17.5,64,64,0,0,0,0,0,0,0,0,98.6,97.8,98,98.6,98.8,98.6,98.9,99,99.1,0,0,0,0,0,1048.2,10.67,20,20,20,45,129,299,1,2,Yes,No,No,No,No,No,No,No,Yes,No,No,No,No,No,No,No,No,No,No,No,No,No,No,No,No,No,No,No,No,No,No,No,No,No,No,No,No,71,81,59,57,45,54,68,66,7281,6984,65,64,55,100,No,No,34695,80201,21.4,2.6,24,10.512,0.151,588025,209440,70,0.725,0.274,700,1048,3.8,2.4,0,1.8,4.2,0,1.5,3.5,0,34.3,1357,2599,1358,No,No,No,No,No,No,No,No,8.195,29.062,99,2.598,43.5,59.6,23.9,30.1,16.9,16.4,16.4,16.4,0,0,0,0,0,0,41.83,59.31,33.23,33.21,61.04,61.04,2.98,5.91,41.42,0.41,0,2348,75,0.5,1.7,0
1.7.2026,13:36.6,23160,1095,95.4,7213,701,91.1,26,16341,4250,0.8,0.895,0.81,0.767,0.727,0.786,0.743,2604.1,3046.3,2751.5,2456.7,2161.9,98.3,1867.1,2671.5,2825.2,2833.3,2643,2645.6,2793.3,2798.3,2415.7,2417.6,2671.5,100,100,100,100,100,100,100,100,100,100,100,100,113,120.2,120.2,111.7,111.7,118.2,118.2,101.9,101.9,113,26.5,31,28,25,22,19,78,78,79,78,76,22,22,21,22,24,79,79,No,No,No,No,No,No,No,No,No,No,Yes,Yes,Yes,Yes,Yes,No,No,Yes,80,80,69,9.649,17.461,14.049,0.164,7.633,1.536,0.589,0.499,64,17.5,64,64,0,0,0,0,0,0,0,0,98.8,98.2,98.5,98.8,98.9,98.7,98.9,99,99.1,0,0,0,0,0,1048.2,10.67,20,20,20,45,129,299,1,2,Yes,No,No,No,No,No,No,No,Yes,No,No,No,No,No,No,No,No,No,No,No,No,No,No,No,No,No,No,No,No,No,No,No,No,No,No,No,No,72,81,59,57,45,54,68,66,7295,6996,65,64,55,100,No,No,34695,80201,25.3,0,25.4,11.323,0.112,588047,209441,70,0.762,0.164,900,1048,1.4,0.7,0,0.8,1.5,0,2.3,0,0,33.9,1342,2614,1343,No,No,No,No,No,No,No,No,8.198,29.062,99,2.599,43.5,59.6,15.5,81.2,2.8,2.6,2.6,2.6,15.5,60.1,2.8,2.6,2.6,2.6,64.54,362.41,12.3,12.25,386.92,386.92,1,0.15,64.2,0.34,93.93,2348,75,6.7,4.1,0
1.7.2026,13:38.6,23160,1095,95.4,7226,688,91.2,26,16341,4250,0.776,0.862,0.745,0.74,0.755,0.776,0.746,2456.7,2948,2260.2,2260.2,2358.4,98.3,2260.2,2667.4,2834.2,2846.3,2612.1,2613.2,2728.8,2730.4,2486,2488.3,2667.4,100,100,100,100,100,100,100,100,100,100,100,100,112.5,120.1,120.1,110.2,110.2,115.1,115.1,104.7,104.7,112.5,25,30,23,23,24,23,76,76,77,78,75,24,24,23,22,25,77,78,No,No,No,No,No,No,No,No,No,No,Yes,Yes,Yes,Yes,Yes,No,No,Yes,80,80,70,9.902,16.652,13.602,0.051,7.494,1.392,0.43,0.498,64,16.8,64,64,0,0,0,0,0,0,0,0,99,98.5,99,99,99,99,99.1,99.1,99.2,0,0,0,0,0,2096.4,21.33,36,39,39,90,129,598,1,2,Yes,No,No,No,No,No,No,No,Yes,No,No,No,No,No,No,No,No,No,No,No,No,No,No,No,No,No,No,No,No,No,No,No,No,No,No,No,No,72,80,59,57,45,54,68,66,7322,6984,65,64,55,100,No,No,34695,80201,13.7,0,13.8,6.278,0.098,588059,209441,70,0.762,0.051,900,2096,0.8,0.2,0,0.6,0.9,0,2.3,0,0,33.9,1342,2614,1343,No,No,No,No,No,No,No,No,8.195,29.062,99,2.59,43.5,59.6,1.9,1.9,1.9,1.9,1.9,1.9,1.9,1.9,1.9,1.9,1.9,1.9,529.3,529.3,529.3,529.3,529.3,529.3,0.21,0,528.81,0.5,25.47,2348,75,80.5,11,0
1.7.2026,13:40.6,23128,1127,95.3,6928,986,87.5,25.9,16341,4227,0.8,0.862,0.837,0.797,0.702,0.776,0.683,2604.1,2948,2948,2653.2,1867.1,98.3,1867.1,2571.3,2752.9,2773.6,2442.5,2445.8,2713.7,2721.2,2359.4,2361.1,2571.3,100,100,100,100,100,100,100,100,100,100,100,100,108.7,117.2,117.2,103.1,103.1,114.9,114.9,99.4,99.4,108.7,26.5,30,30,27,19,19,76,77,78,76,75,24,23,22,24,25,77,78,No,No,No,No,No,No,No,No,No,No,Yes,Yes,Yes,Yes,Yes,No,No,Yes,77,77,69,12.696,16.845,13.619,0.062,7.425,1.504,0.652,0.495,64,16.8,64,64,0,0,0,0,0,0,0,0,98.8,98.1,98.8,98.9,99,98.6,98.9,99,99.1,0,0,0,0,0,1048.2,10.67,20,20,20,45,129,299,1,2,Yes,No,No,No,No,No,No,No,Yes,No,No,No,No,No,No,No,No,No,No,No,No,No,No,No,No,No,No,No,No,No,No,No,No,No,No,No,No,71,80,59,57,45,54,68,66,7308,6984,65,64,55,100,No,No,34695,80201,14.3,0,14.4,7.87,0.072,588074,209441,69,0.707,0.062,600,1048,2.4,1.6,0,0.9,2.7,0,1.9,0,0,33.8,1337,2620,1337,No,No,No,No,No,No,No,No,8.195,29.062,99,2.606,43.5,59.6,1.9,1.9,1.9,1.9,1.9,1.9,1.8,1.8,1.8,1.8,1.8,1.8,539.31,539.31,539.31,539.31,539.31,539.31,0.19,0,538.84,0.47,19.04,2348,75,0.5,0.1,0
1.7.2026,13:42.6,23195,1060,95.6,7007,907,88.5,25.9,16341,4227,0.744,0.845,0.71,0.707,0.712,0.763,0.743,2186.5,2849.8,1965.4,1965.4,1965.4,98.3,2653.2,2583.3,2759.7,2768.3,2531.1,2537.2,2712,2717.7,2319.2,2321.5,2583.3,100,100,100,100,100,100,100,100,100,100,100,100,109.5,117.7,117.7,107.3,107.3,114.9,114.9,98.1,98.1,109.5,22.2,29,20,20,20,27,76,77,77,75,74,24,23,23,25,26,77,77,No,No,No,No,No,No,No,No,No,No,Yes,Yes,Yes,Yes,Yes,No,No,Yes,76,76,69,9.395,16.503,13.08,0.253,7.406,1.578,0.684,0.5,64,16.5,64,64,0,0,0,0,0,0,0,0,98.6,97.9,98.3,98.6,98.8,98.6,98.9,98.9,99,0,0,0,0,0,2096.4,21.33,36,39,39,90,129,598,1,2,Yes,No,No,No,No,No,No,No,Yes,No,No,No,No,No,No,No,No,No,No,No,No,No,No,No,No,No,No,No,No,No,No,No,No,No,No,No,No,71,80,59,57,45,54,68,66,7268,6971,65,64,55,100,No,No,34695,80201,11.8,0,11.8,18.144,0.036,588109,209441,70,0.765,0.253,900,2096,5.2,3.7,0,2,5.4,0,2.4,2.2,0,35.5,1403,2554,1403,No,No,No,No,No,No,No,No,8.194,29.062,99,2.597,43.5,59.6,37.3,30070.7,10.6,10.3,10.3,10.3,0,0,0,0,0,0,27.04,95.65,0.35,0.34,98.79,98.79,31.57,1200.23,26.42,0.62,0,2348,75,0.4,0.8,0
1.7.2026,13:44.6,23183,1072,95.5,7123,791,90,25.9,16341,4227,0.815,0.83,0.785,0.82,0.825,0.753,0.746,2726.9,2751.5,2555,2751.5,2849.8,98.3,2555,2490.7,2664.1,2663,2539.7,2544.3,2609.8,2618.4,2141.6,2144.6,2490.7,100,100,100,100,100,100,100,100,100,100,100,100,105.8,113.8,113.8,107.8,107.8,110.9,110.9,90.6,90.6,105.8,27.8,28,26,28,29,26,74,75,77,74,72,26,25,23,26,28,75,77,No,No,No,No,No,No,No,No,No,No,Yes,Yes,Yes,Yes,Yes,No,No,Yes,77,77,70,9.649,17.106,13.053,0.48,7.449,1.803,1.021,0.5,64,16.5,64,64,0,0,0,0,0,0,0,0,98.4,97.6,97.7,98.3,98.5,98.3,98.6,98.8,98.9,0,0,0,0,0,1048.2,10.67,20,20,20,45,129,299,1,2,Yes,No,No,No,No,No,No,No,Yes,No,No,No,No,No,No,No,No,No,No,No,No,No,No,No,No,No,No,No,No,No,No,No,No,No,No,No,No,71,79,59,57,45,54,68,66,7268,6959,65,64,55,100,No,No,34695,80201,32.3,1.3,33.6,25.116,0.05,588157,209441,69,0.707,0.48,600,1048,7.4,5.7,0,2.5,8,0,1.4,3.1,0,35.5,1406,2551,1407,No,No,No,No,No,No,No,No,8.195,29.062,99,2.598,43.5,59.6,32.7,64.7,5,4.1,4,4,32.7,64.2,5,4.1,4,4,30.62,201.95,15.46,15.44,250.09,250.09,0.63,0.13,30.62,0,18.47,2348,75,0.1,0.1,0
1.7.2026,13:46.8,23227,1028,95.7,7423,491,93.7,25.9,16341,4227,0.801,0.797,0.802,0.805,0.8,0.743,0.748,2628.7,2555,2653.2,2653.2,2653.2,98.3,2063.6,2509,2653.8,2660.8,2540.5,2545.1,2577.6,2586.5,2252.8,2254.7,2509,100,100,100,100,100,100,100,100,100,100,100,100,106.7,113.9,113.9,108.1,108.1,109.7,109.7,95,95,106.7,26.8,26,27,27,27,21,75,74,75,74,77,25,26,25,26,23,75,77,No,No,No,No,No,No,No,No,No,No,Yes,Yes,Yes,Yes,Yes,No,No,Yes,74,74,69,8.633,16.254,12.405,0.244,7.441,1.784,0.99,0.501,64,16.2,64,64,0,0,0,0,0,0,0,0,98.2,97.4,97.6,98.1,98.3,98.1,98.4,98.7,98.7,0,0,0,0,0,1048.2,10.67,20,20,20,45,129,299,1,2,Yes,No,No,No,No,No,No,No,Yes,No,No,No,No,No,No,No,No,No,No,No,No,No,No,No,No,No,No,No,No,No,No,No,No,No,No,No,No,70,79,59,57,45,54,68,66,7295,6959,65,64,55,100,No,No,34695,80201,55.6,0.1,55.7,90.045,0.196,588334,209442,69,0.725,0.244,700,1048,6,5,0,1.5,6.5,0.6,0,0.3,0,37.5,1485,2471,1483,No,No,No,No,No,No,No,No,8.196,29.062,99,2.598,43.5,59.6,20,65.7,4.1,3.8,3.8,3.8,18.7,61.1,4,3.8,3.8,3.8,49.95,242.68,15.23,15.04,265.92,265.92,0.59,0.45,49.95,0,35.93,2348,75,93.5,11.3,0
1.7.2026,13:48.6,23214,1041,95.7,7503,411,94.8,25.3,16341,4127,0.75,0.782,0.747,0.775,0.695,0.721,0.746,2235.6,2456.7,2260.2,2456.7,1768.8,98.3,2063.6,2397,2429.1,2440.5,2404.6,2411.3,2418.6,2427.3,2318.3,2326,2397,100,100,100,100,100,100,100,100,100,100,100,100,103,105.3,105.3,103.7,103.7,103.8,103.8,99.3,99.3,103,22.8,25,23,25,18,21,73,74,74,71,72,27,26,26,29,28,75,74,No,No,No,No,No,No,No,No,No,No,Yes,Yes,Yes,Yes,Yes,No,No,Yes,75,75,68,7.617,15.832,11.21,0.737,7.399,2.024,1.382,0.513,64,16,64,64,0,0,0,0,0,0,0,0,97.4,96.4,96.9,97,97.3,97.4,97.8,97.9,98.2,0,0,0,0,0,2096.4,21.33,36,39,39,90,129,598,1,2,Yes,No,No,No,No,No,No,No,Yes,No,No,No,No,No,No,No,No,No,No,No,No,No,No,No,No,No,No,No,No,No,No,No,No,No,No,No,No,70,78,59,57,45,54,68,66,7228,6971,65,64,55,100,No,No,34695,80201,36.7,0,36.8,66.083,0.189,588463,209442,68,0.765,0.737,900,2096,17.9,15.6,0,4.9,18.6,2,0,3.8,0,37.5,1484,2473,1484,No,No,No,No,No,No,No,No,8.195,29.062,99,2.59,43.5,59.6,55.5,67.5,28.6,27.7,27.6,27.6,52.1,60.2,19.4,15.4,15,15,18.02,34.93,14.82,14.6,36.22,36.22,0.67,0,18.02,0,2.32,2354,75,3186.2,43.6,0
1.7.2026,13:50.6,23207,1047,95.6,7301,613,92.2,25.7,16341,4207,0.788,0.815,0.805,0.73,0.802,0.743,0.688,2530.4,2653.2,2653.2,2161.9,2653.2,98.3,1474,2332.4,2399.4,2416.4,2343.5,2349.5,2380.9,2390.2,2189.5,2189.4,2332.4,100,100,100,100,100,100,100,100,100,100,100,100,99.5,103.4,103.4,99.9,99.9,101.8,101.8,93,93,99.5,25.8,27,27,22,27,15,72,74,72,71,73,28,26,28,29,27,74,74,No,No,No,No,No,No,No,No,No,No,Yes,Yes,Yes,Yes,Yes,No,No,Yes,74,74,68,11.172,15.962,11.306,0.884,7.248,1.953,1.301,0.507,64,16,64,64,0,0,0,0,0,0,0,0,97.9,97,97.6,97.9,98.2,97.7,98.1,98.2,98.2,0,0,0,0,0,2096.4,21.33,36,39,39,90,129,598,1,2,Yes,No,No,No,No,No,No,No,Yes,No,No,No,No,No,No,No,No,No,No,No,No,No,No,No,No,No,No,No,No,No,No,No,No,No,No,No,No,70,78,59,57,45,54,68,66,7349,7021,65,64,55,100,No,No,34695,80201,40.3,13.4,53.7,58.932,48.033,588572,209531,68,0.71,0.884,600,2096,14,12.1,0,4.1,14.4,1.9,0,4,0,37.7,1492,2464,1493,No,No,No,No,No,No,No,No,8.195,29.062,99,2.598,43.5,59.6,49.3,85.5,14.3,12.3,12.2,12.2,45,62.5,13.1,12.1,12,12,20.28,69.89,11.69,10.02,82.22,82.22,0.6,0.82,20.28,0,7.07,2357,75,1550.5,18.4,0
1.7.2026,13:52.6,23181,1074,95.5,7298,616,92.2,25.7,16341,4207,0.791,0.83,0.82,0.82,0.695,0.756,0.688,2505.8,2751.5,2751.5,2751.5,1768.8,98.3,1572.3,2446.7,2621,2630.6,2416.6,2421.9,2538.4,2544.5,2197.6,2202.5,2446.7,100,100,100,100,100,100,100,100,100,100,100,100,103.9,112.2,112.2,102.7,102.7,107.7,107.7,93,93,103.9,25.5,28,28,28,18,16,74,76,73,74,73,26,24,27,26,27,76,76,No,No,No,No,No,No,No,No,No,No,Yes,Yes,Yes,Yes,Yes,No,No,Yes,75,75,67,9.395,16.471,12.548,0.554,7.23,1.687,0.88,0.5,64,15.5,64,64,0,0,0,0,0,0,0,0,98.4,97.6,97.9,98.3,98.5,98.4,98.7,98.7,98.9,0,0,0,0,0,1048.2,10.67,20,20,20,45,129,299,1,2,Yes,No,No,No,No,No,No,No,Yes,No,No,No,No,No,No,No,No,No,No,No,No,No,No,No,No,No,No,No,No,No,No,No,No,No,No,No,No,70,77,59,57,45,54,68,66,7308,6971,65,64,55,100,No,No,34695,80201,33.7,0,33.7,24.441,0.034,588618,209531,68,0.71,0.554,600,1048,7.7,6.1,0,2.8,8.4,1.6,0,4.2,0,37.5,1483,2474,1483,No,No,No,No,No,No,No,No,8.194,29.062,99,2.597,43.5,59.6,34.1,67,14.9,14.9,14.9,14.9,34,61.5,15,15,15,15,29.35,67.13,14.93,14.9,67.16,67.16,0.53,0.16,29.35,0,11.65,2357,75,0.1,0.9,0
1.7.2026,13:54.6,23184,1071,95.5,7323,591,92.5,25.7,16341,4207,0.789,0.782,0.8,0.775,0.8,0.743,0.748,2555,2456.7,2653.2,2456.7,2653.2,98.3,1965.4,2416.1,2602.7,2607.9,2423.6,2425.7,2469.5,2475.6,2159.3,2164.7,2416.1,100,100,100,100,100,100,100,100,100,100,100,100,102.5,111.2,111.2,102.8,102.8,104.6,104.6,91.3,91.3,102.5,26,25,27,25,27,20,72,75,73,71,69,28,25,27,29,31,75,75,No,No,No,No,No,No,No,No,No,No,Yes,Yes,Yes,Yes,Yes,No,No,Yes,74,74,67,11.172,15.202,11.386,0.473,7.089,1.624,0.794,0.503,64,15.2,64,64,0,0,0,0,0,0,0,0,98.5,97.7,97.9,98.4,98.5,98.6,98.8,98.8,99,0,0,0,0,0,1048.2,10.67,20,20,20,45,129,299,1,2,Yes,No,No,No,No,No,No,No,Yes,No,No,No,No,No,No,No,No,No,No,No,No,No,No,No,No,No,No,No,No,No,No,No,No,No,No,No,No,69,77,58,58,45,54,68,65,7322,6984,65,64,55,100,No,No,34695,80201,14.7,0.7,15.4,11.402,0.068,588640,209531,68,0.737,0.473,750,1048,6.7,5.1,0,2.6,6.9,1.9,0,4,0,36.9,1461,2496,1461,No,No,No,No,No,No,No,No,8.195,29.062,99,2.598,43.5,59.6,31.2,63.2,12.7,12.1,12.1,12.1,31.2,61.5,12.7,12.1,12,12,32.08,78.64,15.82,15.75,82.73,82.73,0.56,0.41,32.08,0,14.99,2359,75,589.2,6.3,0
1.7.2026,13:56.6,23169,1086,95.5,7318,597,92.4,25.7,16341,4207,0.74,0.815,0.722,0.7,0.722,0.743,0.748,2161.9,2653.2,2063.6,1867.1,2063.6,98.3,2260.2,2401.5,2608.1,2615.5,2390.6,2391.9,2488,2494,2110.8,2112.9,2401.5,100,100,100,100,100,100,100,100,100,100,100,100,101.8,111.4,111.4,101.3,101.3,105.3,105.3,89.1,89.1,101.8,22,27,21,19,21,23,72,73,74,71,72,28,27,26,29,28,73,74,No,No,No,No,No,No,No,No,No,No,Yes,Yes,Yes,Yes,Yes,No,No,Yes,74,74,67,9.649,14.642,10.963,0.466,7.001,1.594,0.741,0.5,64,15.2,64,64,0,0,0,0,0,0,0,0,98.6,97.8,98.1,98.5,98.6,98.6,98.9,98.9,99,0,0,0,0,0,2096.4,21.33,36,39,39,90,129,598,1,2,Yes,No,No,No,No,No,No,No,Yes,No,No,No,No,No,No,No,No,No,No,No,No,No,No,No,No,No,No,No,No,No,No,No,No,No,No,No,No,68,77,58,58,45,54,68,65,7281,6996,65,64,55,100,No,No,34695,80201,16,0,16,7.646,0.215,588654,209531,67,0.737,0.466,750,2096,8.5,6.8,0,3,9,1.9,0,4.1,0,37.1,1467,2490,1467,No,No,No,No,No,No,No,No,8.194,29.062,99,2.597,43.5,59.6,35.4,63,14.9,14.9,14.9,14.9,35.3,61.4,14.9,14.9,14.9,14.9,28.27,66.9,15.88,15.86,67.11,67.11,0.51,0.26,28.27,0,14.86,2359,75,0,0,0
1.7.2026,13:58.6,23160,1095,95.4,7315,599,92.4,25.7,16341,4207,0.755,0.81,0.747,0.73,0.732,0.743,0.688,2309.3,2653.2,2260.2,2161.9,2161.9,98.3,1867.1,2374.2,2581.3,2592.6,2369.1,2374.2,2435.7,2440.8,2098.7,2100.9,2374.2,100,100,100,100,100,100,100,100,100,100,100,100,100.6,110.2,110.2,100.5,100.5,103.1,103.1,88.6,88.6,100.6,23.5,27,23,22,22,19,72,74,73,70,70,28,26,27,30,30,74,74,No,No,No,No,No,No,No,No,No,No,Yes,Yes,Yes,Yes,Yes,No,No,Yes,76,76,66,7.109,14.962,11.268,0.504,7.014,1.59,0.761,0.498,64,15,64,64,0,0,0,0,0,0,0,0,98.6,97.8,98.3,98.5,98.7,98.6,98.8,98.9,99,0,0,0,0,0,2096.4,21.33,36,29,29,68,129,598,1,2,Yes,No,No,No,No,No,No,No,Yes,No,No,No,No,No,No,No,No,No,No,No,No,No,No,No,No,No,No,No,No,No,No,No,No,No,No,No,No,68,76,58,58,45,54,68,65,7268,6947,65,64,55,100,No,No,34695,80201,7,0,7,4.404,0.095,588663,209532,67,0.795,0.504,750,2096,6.1,4.7,0,2.4,6.1,1.8,0,3.9,0,36.8,1457,2500,1457,No,No,No,No,No,No,No,No,8.198,29.062,99,2.599,43.5,59.6,24.1,43.2,16.9,16.4,16.4,16.4,23.7,30.1,19.2,19,19,19,41.55,59.31,23.14,22.33,60.97,60.97,4.11,17.71,41.19,0.36,16.24,2359,75,0.6,2.5,0
1.7.2026,14:00.6,23150,1104,95.4,7312,602,92.3,25.7,16341,4207,0.753,0.815,0.8,0.7,0.697,0.743,0.686,2235.6,2653.2,2653.2,1867.1,1768.8,98.3,1670.6,2387.7,2601.3,2619.3,2396,2398.4,2408.6,2414.1,2131,2133,2387.7,100,100,100,100,100,100,100,100,100,100,100,100,101,110.9,110.9,101.5,101.5,101.8,101.8,89.9,89.9,101,22.8,27,27,19,18,17,72,74,72,70,71,28,26,28,30,29,74,74,No,No,No,No,No,No,No,No,No,No,Yes,Yes,Yes,Yes,Yes,No,No,Yes,75,75,66,7.871,15.292,11.641,0.446,6.912,1.528,0.671,0.5,64,15,64,64,0,0,0,0,0,0,0,0,98.7,98,98.7,98.6,98.7,98.8,99,99,99,0,0,0,0,0,2096.4,21.33,36,39,39,90,129,598,1,2,Yes,No,No,No,No,No,No,No,Yes,No,No,No,No,No,No,No,No,No,No,No,No,No,No,No,No,No,No,No,No,No,No,No,No,No,No,No,No,68,76,58,58,45,54,68,65,7281,6984,65,64,55,100,No,No,34695,80201,16.4,0,16.5,5.026,0.059,588672,209532,67,0.785,0.446,950,2096,6.2,4.8,0,2.4,6.3,1.9,0,3.8,0,31.6,1249,2708,1249,No,No,No,No,No,No,No,No,8.195,29.062,99,2.606,43.5,59.6,24.2,34.9,18.7,18.6,18.6,18.6,24,30,19.8,19.8,19.8,19.8,41.4,53.87,28.62,28.51,53.93,53.93,4.12,17.63,41.05,0.35,16.97,2360,75,785.3,6.1,0
1.7.2026,14:02.6,23095,1160,95.2,7266,648,91.8,25.7,16341,4207,0.765,0.815,0.725,0.772,0.747,0.743,0.748,2358.4,2653.2,2063.6,2456.7,2260.2,98.3,1965.4,2361.3,2603.9,2621.7,2364.5,2368,2374.9,2381.8,2086.8,2088.7,2361.3,100,100,100,100,100,100,100,100,100,100,100,100,100,111.1,111.1,100.3,100.3,100.6,100.6,88.2,88.2,100,24,27,21,25,23,20,72,74,72,71,70,28,26,28,29,30,74,74,No,No,No,No,No,No,No,No,No,No,Yes,Yes,Yes,Yes,Yes,No,No,Yes,73,73,66,9.902,14.134,10.576,0.393,6.956,1.535,0.684,0.495,64,14.5,64,64,0,0,0,0,0,0,0,0,98.6,97.9,98.5,98.5,98.6,98.6,98.8,98.8,98.9,0,0,0,0,0,2096.4,21.33,36,39,39,90,129,598,1,2,Yes,No,No,No,No,No,No,No,Yes,No,No,No,No,No,No,No,No,No,No,No,No,No,No,No,No,No,No,No,No,No,No,No,No,No,No,No,No,68,76,58,58,45,54,68,65,7201,7034,65,64,55,100,No,No,34695,80201,16.1,0.6,16.7,6.337,0.305,588684,209532,67,0.727,0.393,700,2096,5.9,4.5,0,2.3,5.8,1.8,0,3.7,0,31.5,1245,2711,1246,No,No,No,No,No,No,No,No,8.195,29.062,99,2.598,43.5,59.6,24.4,46.1,18.6,18.6,18.6,18.6,24.5,49.6,20,20,20,20,40.97,53.93,21.14,19.23,53.95,53.95,3.95,15.89,40.61,0.36,18.13,2360,75,0.2,0.1,0
1.7.2026,14:04.6,23164,1090,95.5,7346,568,92.8,25.7,16341,4207,0.766,0.782,0.775,0.775,0.732,0.723,0.748,2383,2456.7,2456.7,2456.7,2161.9,98.3,2063.6,2293,2454.1,2471.4,2265.7,2277.1,2396.5,2403,2036.7,2039.4,2293,100,100,100,100,100,100,100,100,100,100,100,100,97.9,105.9,105.9,97,97,102.1,102.1,86.5,86.5,97.9,24.2,25,25,25,22,21,70,72,72,69,68,30,28,28,31,32,72,72,No,No,No,No,No,No,No,No,No,No,Yes,Yes,Yes,Yes,Yes,No,No,Yes,72,72,66,7.871,14.761,11.083,0.471,6.847,1.624,0.834,0.5,64,14.5,64,64,0,0,0,0,0,0,0,0,97.9,96.7,97.5,97.6,98.1,98,98.3,98.3,98.4,0,0,0,0,0,2096.4,21.33,36,39,39,90,129,598,1,2,Yes,No,No,No,No,No,No,No,Yes,No,No,No,Yes,No,No,No,No,No,No,No,No,No,No,No,Yes,No,No,No,No,No,No,No,No,No,No,No,No,69,75,58,58,45,54,68,65,7281,7034,65,65,55,100,No,No,34695,80201,22.5,0,22.6,30.167,0.04,588744,209532,67,0.765,0.471,900,2096,11.2,9.4,0,3.6,11.6,2,0,4.3,0,32.2,1275,2682,1275,No,No,No,No,No,No,No,No,8.195,29.062,99,2.598,43.5,59.6,32.5,86.3,12.8,12.1,12,12,32.6,61.7,12.8,12.1,12,12,30.73,78.25,11.59,10.49,83.09,83.09,0.67,1.01,30.73,0,7.76,2360,75,52.7,15.1,0
1.7.2026,14:06.6,23154,1101,95.4,7366,549,93,25.7,16341,4207,0.744,0.8,0.695,0.792,0.69,0.733,0.688,2137.3,2555,1768.8,2555,1670.6,98.3,1867.1,2222.4,2376.6,2383.2,2252.1,2257.6,2352.2,2355.7,1899.7,1901.8,2222.4,100,100,100,100,100,100,100,100,100,100,100,100,94.6,102.1,102.1,95.9,95.9,99.9,99.9,80.4,80.4,94.6,21.8,26,18,26,17,19,70,72,73,69,68,30,28,27,31,32,73,73,No,No,No,No,No,No,No,No,No,No,Yes,Yes,Yes,Yes,Yes,No,No,Yes,72,72,66,7.109,14.145,9.966,0.74,6.867,1.755,1.04,0.503,64,14.5,64,64,0,0,0,0,0,0,0,0,98.2,97.2,97.5,98.1,98.3,98.3,98.4,98.7,98.9,0,0,0,0,0,1048.2,10.67,20,20,20,45,129,299,1,2,Yes,No,No,No,No,No,No,No,Yes,No,No,No,No,No,No,No,No,No,No,No,No,No,No,No,No,No,No,No,No,No,No,No,No,No,No,No,No,68,75,58,58,45,54,68,65,7281,7046,65,64,55,100,No,No,34695,80201,18.2,0.9,19,19.582,0.15,588781,209533,66,0.765,0.74,900,1048,8.1,6.7,0,2.5,8.7,1.8,0,2.1,0,32.9,1300,2657,1300,No,No,No,No,No,No,No,No,8.196,29.062,99,2.598,43.5,59.6,39.6,63.2,12.8,12.1,12,12,41.9,61.8,12.7,12.1,12,12,25.25,77.9,15.83,15.82,83.29,83.29,0.66,0.16,25.25,0,8.13,2362,75,839.8,8.5,0
1.7.2026,14:08.6,23077,1178,95.1,7470,444,94.3,25.7,16341,4207,0.758,0.817,0.705,0.802,0.707,0.746,0.691,2260.2,2653.2,1867.1,2653.2,1867.1,98.3,1474,2222.3,2326.8,2339.1,2176.5,2182.5,2417.6,2419.6,1956.8,1959.6,2222.3,100,100,100,100,100,100,100,100,100,100,100,100,94.6,100.1,100.1,92.8,92.8,102.8,102.8,82.5,82.5,94.6,23,27,19,27,19,15,70,72,69,72,68,30,28,31,28,32,72,72,No,No,No,No,No,No,No,No,No,No,Yes,Yes,Yes,Yes,Yes,No,No,Yes,72,72,66,7.617,14.079,10.474,0.214,6.687,1.711,0.975,0.499,64,14,64,64,0,0,0,0,0,0,0,0,98,97.1,97.6,98,98.3,98.2,98,98.5,98.6,0,0,0,0,0,2096.4,21.33,36,39,39,90,129,598,1,2,Yes,No,No,No,No,No,No,No,Yes,No,No,No,Yes,No,No,No,No,No,No,No,No,No,No,No,Yes,No,No,No,No,No,No,No,No,No,No,No,No,68,74,58,58,45,54,68,65,7281,7009,65,64,55,100,No,No,34695,80201,39.6,0,39.6,104.905,0.062,588998,209533,67,0.765,0.214,900,2096,4.4,3.4,0,1.3,4.8,1.9,0,0,0,32.9,1302,2655,1302,No,No,No,No,No,No,No,No,8.195,29.062,99,2.598,43.5,59.6,29.5,65.3,3,2.5,2.4,2.4,29.5,61.6,3,2.5,2.4,2.4,33.91,329.54,15.32,15.19,415.56,415.56,0.62,3.05,33.91,0,34.91,2362,75,0.3,1.2,0
1.7.2026,14:10.6,23072,1183,95.1,7286,628,92,25.3,16341,4141,0.766,0.8,0.777,0.787,0.7,0.733,0.703,2333.9,2555,2456.7,2555,1768.8,98.3,1867.1,2219.2,2413,2417,2235.8,2243.8,2370.2,2366.6,1852.3,1854.7,2219.2,100,100,100,100,100,100,100,100,100,100,100,100,94.6,103.3,103.3,95.1,95.1,100.7,100.7,79.1,79.1,94.6,23.8,26,25,26,18,19,69,71,69,69,67,31,29,31,31,33,71,71,No,No,No,No,No,No,No,No,No,No,Yes,Yes,Yes,Yes,Yes,No,No,Yes,71,71,65,9.649,13.738,10.208,0.1,6.612,1.64,0.886,0.5,64,13.8,64,64,0,0,0,0,0,0,0,0,98.3,97.5,97.7,98.2,98.5,98.3,98.6,98.8,98.9,0,0,0,0,0,2096.4,21.33,36,39,39,90,129,598,1,2,Yes,No,No,No,No,No,No,No,Yes,No,No,No,Yes,No,No,No,No,No,No,No,No,No,No,No,Yes,No,No,No,No,No,No,No,No,No,No,No,No,68,74,58,58,45,54,67,64,7228,7021,65,64,55,100,No,No,34695,80201,9.3,0,9.3,6.33,0.013,589009,209533,65,0.712,0.1,600,2096,1.3,0.6,0,0.7,1.5,2.1,0,0,0,32.3,1276,2680,1277,No,No,No,No,No,No,No,No,8.195,29.062,99,2.59,43.5,59.6,3.6,60.6,1.1,1.1,1.1,1.1,2.9,60,0.8,0.8,0.8,0.8,281.63,917.61,16.5,16.38,949.28,949.28,0.44,23.11,281.63,0,215.96,2362,75,0.2,0.1,0
1.7.2026,14:12.6,23069,1186,95.1,7297,618,92.1,25.3,16341,4141,0.774,0.8,0.792,0.777,0.725,0.733,0.691,2407.6,2555,2555,2456.7,2063.6,98.3,1867.1,2270.2,2488.3,2490.1,2287.4,2289.6,2346.4,2351.8,1953.3,1955.1,2270.2,100,100,100,100,100,100,100,100,100,100,100,100,96.2,106.1,106.1,96.8,96.8,99.4,99.4,82.4,82.4,96.2,24.5,26,26,25,21,19,70,70,72,69,67,30,30,28,31,33,71,72,No,No,No,No,No,No,No,No,No,No,Yes,Yes,Yes,Yes,Yes,No,No,Yes,72,72,65,8.125,14.069,10.748,0.08,6.523,1.527,0.703,0.506,64,13.5,64,64,0,0,0,0,0,0,0,0,98.6,97.9,98,98.6,98.7,98.6,98.8,98.9,99,0,0,0,0,0,1048.2,10.67,20,20,20,45,129,299,1,2,Yes,No,No,No,No,No,No,No,Yes,No,No,No,No,No,No,No,No,No,No,No,No,No,No,No,No,No,No,No,No,No,No,No,No,No,No,No,No,68,74,58,58,45,54,67,64,7349,7046,65,64,55,100,No,No,34695,80201,19.9,0.1,20,9.008,0.393,589027,209534,65,0.767,0.08,900,1048,2,1.2,0,0.9,2.5,2,0,0,0,32.2,1272,2685,1272,No,No,No,No,No,No,No,No,8.194,29.062,99,2.589,43.5,59.6,7.3,60.9,0.8,0.8,0.8,0.8,7.3,62.1,0.8,0.8,0.8,0.8,137.49,1184.6,16.41,16.4,1316.65,1316.65,0.43,11.18,137.49,0,224.65,2363,75,798.5,7.7,0
1.7.2026,14:14.6,22988,1266,94.7,7230,684,91.3,25.3,16341,4141,0.731,0.715,0.717,0.792,0.7,0.736,0.691,2063.6,1965.4,1965.4,2555,1768.8,98.3,1375.8,2222.9,2448.1,2448.3,2273.5,2275.6,2281.8,2287.3,1883.5,1885.1,2222.9,100,100,100,100,100,100,100,100,100,100,100,100,94.2,104.4,104.5,96.3,96.3,96.6,96.6,79.5,79.5,94.2,21,20,20,26,18,14,70,71,71,69,68,30,29,29,31,32,71,71,No,No,No,No,No,No,No,No,No,No,Yes,Yes,Yes,Yes,Yes,No,No,Yes,70,70,65,9.395,13.2,9.843,0.06,6.482,1.544,0.74,0.502,64,13.5,64,64,0,0,0,0,0,0,0,0,98.6,97.9,97.9,98.6,98.7,98.6,98.9,98.9,99,0,0,0,0,0,1048.2,10.67,20,20,20,45,129,299,1,2,Yes,No,No,No,No,No,No,No,Yes,No,No,No,No,No,No,No,No,No,No,No,No,No,No,No,No,No,No,No,No,No,No,No,No,No,No,No,No,68,73,58,58,45,54,67,64,7336,7009,65,64,55,100,No,No,34695,80202,14.3,0,14.3,7.228,0.104,589041,209534,65,0.767,0.06,900,1048,0.7,0.1,0,0.5,0.7,1.9,0,0,0,32.2,1272,2685,1272,No,No,No,No,No,No,No,No,8.198,29.062,99,2.591,43.5,59.6,7.3,60.9,0.8,0.8,0.8,0.8,7.3,62.1,0.8,0.8,0.8,0.8,137.49,1184.6,16.41,16.4,1316.65,1316.65,0.43,11.18,137.49,0,224.65,2363,75,0.2,0.1,0
1.7.2026,14:16.6,22960,1295,94.6,7230,684,91.3,25.3,16341,4141,0.749,0.752,0.735,0.76,0.747,0.736,0.748,2260.2,2260.2,2161.9,2358.4,2260.2,98.3,1375.8,2222.5,2440.8,2441.1,2217.2,2221.8,2319,2325.8,1907.2,1906.9,2222.5,100,100,100,100,100,100,100,100,100,100,100,100,94.3,104.3,104.3,94,94,98.3,98.3,80.6,80.6,94.3,23,23,22,24,23,14,69,72,69,69,67,31,28,31,31,33,72,72,No,No,No,No,No,No,No,No,No,No,Yes,Yes,Yes,Yes,Yes,No,No,Yes,71,71,65,7.871,13.792,10.501,0.046,6.465,1.552,0.758,0.5,64,13.5,64,64,0,0,0,0,0,0,0,0,98.4,97.8,97.8,98.5,98.7,98.5,98.8,98.8,98.8,0,0,0,0,0,1048.2,10.67,20,20,20,45,129,299,1,2,Yes,No,No,No,No,No,No,No,Yes,No,No,No,No,No,No,No,No,No,No,No,No,No,No,No,No,No,No,No,No,No,No,No,No,No,No,No,No,67,73,58,58,45,54,67,64,7349,7034,65,64,55,100,No,No,34695,80202,14.6,0,14.6,22.47,0.208,589084,209534,65,0.715,0.046,600,1048,0.7,0.2,0,0.4,0.9,0.8,0,0,0,32.2,1272,2684,1273,No,No,No,No,No,No,No,No,8.194,29.062,99,2.589,43.5,59.6,7.3,60.9,0.8,0.8,0.8,0.8,7.3,62.1,0.8,0.8,0.8,0.8,137.49,1184.6,16.41,16.4,1316.65,1316.65,0.43,11.18,137.49,0,224.65,2363,75,0.2,0.6,0
1.7.2026,14:18.6,22957,1298,94.6,7254,660,91.6,25.3,16341,4141,0.76,0.8,0.677,0.787,0.775,0.736,0.748,2284.7,2555,1572.3,2555,2456.7,98.3,1375.8,2209.4,2458.3,2460.3,2186.2,2189.7,2313.6,2320.8,1872.3,1873.7,2209.4,100,100,100,100,100,100,100,100,100,100,100,100,93.7,104.8,104.8,92.6,92.6,98.1,98.1,79.1,79.1,93.7,23.2,26,16,26,25,14,68,71,69,69,65,32,29,31,31,35,71,71,No,No,No,No,No,No,No,No,No,No,Yes,Yes,Yes,Yes,Yes,No,No,Yes,70,70,65,7.109,12.739,9.549,0.023,6.359,1.465,0.616,0.501,64,13,64,64,0,0,0,0,0,0,0,0,98.6,98,98,98.6,98.7,98.6,98.8,98.9,98.9,0,0,0,0,0,1048.2,10.67,20,20,20,45,129,299,1,2,Yes,No,No,No,No,No,No,No,Yes,No,No,No,No,No,No,No,No,No,No,No,No,No,No,No,No,No,No,No,No,No,No,No,No,No,No,No,No,67,72,58,58,45,54,67,64,7295,7034,65,64,55,100,No,No,34695,80202,27.2,0.3,27.5,8.763,0.095,589101,209534,65,0.712,0.023,600,1048,0.6,0.3,0,0.2,0.9,0,0,0,0,32.2,1272,2685,1272,No,No,No,No,No,No,No,No,8.196,29.062,99,2.59,43.5,59.6,1.3,31.9,0.7,0.7,0.7,0.7,1.3,31.6,0.7,0.7,0.7,0.7,765.89,1500.47,31.31,17.82,1515.46,1515.46,0.37,0,765.89,0,924.49,2363,75,0.3,1.6,0
1.7.2026,14:20.6,22976,1279,94.7,7262,652,91.7,25.3,16341,4141,0.751,0.782,0.697,0.775,0.75,0.723,0.691,2235.6,2456.7,1768.8,2456.7,2260.2,98.3,1277.5,2184.1,2370.1,2372.7,2144,2147.1,2298.6,2303.9,1917,1919.2,2184.1,100,100,100,100,100,100,100,100,100,100,100,100,92.5,101.1,101.1,90.8,90.8,97.3,97.3,80.9,80.9,92.5,22.8,25,18,25,23,13,68,70,69,68,66,32,30,31,32,34,70,70,No,No,No,No,No,No,No,No,No,No,Yes,Yes,Yes,Yes,Yes,No,No,Yes,70,70,64,7.871,12.942,9.739,0.037,6.355,1.494,0.657,0.502,64,13,64,64,0,0,0,0,0,0,0,0,98.5,97.8,98,98.6,98.7,98.6,98.8,98.9,99,0,0,0,0,0,2096.4,21.33,36,39,39,90,129,598,1,2,Yes,No,No,No,No,No,No,No,Yes,No,No,No,No,No,No,No,No,No,No,No,No,No,No,No,No,No,No,No,No,No,No,No,No,No,No,No,No,66,72,58,58,45,54,67,64,7308,6996,65,64,55,100,No,No,34695,80202,18.2,0.1,18.3,8.009,0.388,589116,209535,65,0.712,0.037,600,2096,0.7,0.4,0,0.2,0.9,0,0,0,0,32.2,1272,2685,1272,No,No,No,No,No,No,No,No,8.195,29.062,99,2.59,43.5,59.6,1,14.5,0.5,0.5,0.5,0.5,1,14.4,0.5,0.5,0.5,0.5,1024.14,1979.46,68.82,51.28,1998.96,1998.96,0.53,68.34,1024.14,0,1740.6,2364,75,525.7,3.4,0
1.7.2026,14:22.6,22978,1277,94.7,7272,642,91.8,25.3,16341,4141,0.729,0.77,0.75,0.695,0.7,0.713,0.691,2039.1,2358.4,2260.2,1768.8,1768.8,98.3,1179.2,2184.6,2389.4,2394.9,2151.2,2155.2,2304,2308.5,1886.2,1887.4,2184.6,100,100,100,100,100,100,100,100,100,100,100,100,92.6,102,102,91.2,91.2,97.7,97.7,79.7,79.7,92.6,20.8,24,23,18,18,12,68,70,68,67,66,32,30,32,33,34,70,70,No,No,No,No,No,No,No,No,No,No,Yes,Yes,Yes,Yes,Yes,No,No,Yes,70,70,64,7.363,13.102,9.976,0.03,6.329,1.45,0.597,0.5,64,12.5,64,64,0,0,0,0,0,0,0,0,98.6,97.8,98.1,98.5,98.7,98.6,98.8,98.9,99,0,0,0,0,0,1048.2,10.67,20,20,20,45,129,299,1,2,Yes,No,No,No,No,No,No,No,Yes,No,No,No,No,No,No,No,No,No,No,No,No,No,No,No,No,No,No,No,No,No,No,No,No,No,No,No,No,66,72,58,58,45,54,67,64,7268,6971,65,64,55,100,No,No,34695,80202,11.5,0,11.5,4.961,0.07,589125,209535,64,0.712,0.03,600,1048,0.8,0.3,0,0.2,1.1,0,0,0,0,32.2,1272,2684,1273,No,No,No,No,No,No,No,No,8.195,29.062,99,2.59,43.5,59.6,3.9,47.5,1.8,1.8,1.8,1.8,3.9,46.2,1.8,1.8,1.8,1.8,256.01,560.21,21.06,16.59,569.6,569.6,0.74,31.79,256.01,0,334.78,2364,75,0.5,0.3,0
1.7.2026,14:24.6,22978,1277,94.7,7280,634,91.9,25.3,16341,4141,0.741,0.785,0.752,0.725,0.7,0.723,0.691,2137.3,2456.7,2260.2,2063.6,1768.8,98.3,1277.5,2130.1,2319.3,2322.9,2066.4,2072.5,2224.8,2232,1900.3,1902.9,2130.1,100,100,100,100,100,100,100,100,100,100,100,100,90.3,98.9,98.9,87.6,87.6,94.3,94.3,80.2,80.2,90.3,21.8,25,23,21,18,13,67,68,69,65,67,33,32,31,35,33,68,69,No,No,No,No,No,No,No,No,No,No,Yes,Yes,Yes,Yes,Yes,No,No,Yes,70,70,64,7.871,12.424,9.328,0.016,6.146,1.402,0.536,0.5,64,12.5,64,64,0,0,0,0,0,0,0,0,98.6,98,98.1,98.5,98.8,98.5,98.8,98.9,99,0,0,0,0,0,2096.4,21.33,36,39,39,90,129,598,1,2,Yes,No,No,No,No,No,No,No,Yes,No,No,No,No,No,No,No,No,No,No,No,No,No,No,No,No,No,No,No,No,No,No,No,No,No,No,No,No,66,71,58,58,45,54,67,64,7349,6996,65,64,55,100,No,No,34695,80202,13.8,0,13.8,5.133,0.081,589135,209535,65,0.715,0.016,600,2096,0.4,0.2,0,0.1,0.6,0,0,0,0,32.2,1272,2684,1273,No,No,No,No,No,No,No,No,8.196,29.062,99,2.582,43.5,59.6,3.9,47.5,1.8,1.8,1.8,1.8,3.9,46.2,1.8,1.8,1.8,1.8,256.01,560.21,21.06,16.59,569.6,569.6,0.74,31.79,256.01,0,334.78,2365,75,425.4,4.2,0
1.7.2026,14:26.6,22978,1277,94.7,7282,632,92,25.3,16341,4141,0.722,0.752,0.69,0.707,0.737,0.726,0.691,1989.9,2260.2,1670.6,1867.1,2161.9,98.3,1768.8,2137.8,2320.6,2332.1,2087.4,2088.6,2178.8,2182.5,1955.3,1957,2137.8,100,100,100,100,100,100,100,100,100,100,100,100,90.4,98.6,98.6,88.3,88.3,92.1,92.1,82.5,82.5,90.4,20.2,23,17,19,22,18,67,70,68,65,66,33,30,32,35,34,70,70,No,No,No,No,No,No,No,No,No,No,Yes,Yes,Yes,Yes,Yes,No,No,Yes,68,68,63,6.348,12.221,9.238,0.024,6.155,1.361,0.48,0.496,64,12.5,64,64,0,0,0,0,0,0,0,0,98.8,98.3,98.7,98.7,98.9,98.8,99,99,99,0,0,0,0,0,1048.2,10.67,20,20,20,45,129,299,1,2,Yes,No,No,No,No,No,No,No,Yes,No,No,No,No,No,No,No,No,No,No,No,No,No,No,No,No,No,No,No,No,No,No,No,No,No,No,No,No,67,71,58,57,45,54,66,63,7295,7021,65,64,55,100,No,No,34695,80202,9.7,0,9.7,3.094,0.114,589141,209536,64,0.715,0.024,600,1048,0.5,0.2,0,0.1,0.6,0,0,0,0,32.2,1272,2684,1273,No,No,No,No,No,No,No,No,8.195,29.062,99,2.59,43.5,59.6,3.9,47.5,1.8,1.8,1.8,1.8,3.9,46.2,1.8,1.8,1.8,1.8,256.01,560.21,21.06,16.59,569.6,569.6,0.74,31.79,256.01,0,334.78,2365,75,0.1,0,0
1.7.2026,14:28.6,22982,1273,94.7,7297,617,92.1,25.3,16341,4141,0.726,0.752,0.727,0.75,0.672,0.703,0.691,2014.5,2260.2,2063.6,2260.2,1474,98.3,1080.9,2095.8,2266.3,2272.1,2022.2,2027,2188.6,2194.5,1897,1898.6,2095.8,100,100,100,100,100,100,100,100,100,100,100,100,88.7,96.4,96.4,85.7,85.7,92.7,92.7,80.1,80.1,88.7,20.5,23,21,23,15,11,66,68,67,65,64,34,32,33,35,36,68,68,No,No,No,No,No,No,No,No,No,No,Yes,Yes,Yes,Yes,Yes,No,No,Yes,68,68,64,8.379,12.616,9.589,0.026,6.144,1.388,0.523,0.499,64,12,64,64,0,0,0,0,0,0,0,0,98.7,98.1,98.4,98.6,98.8,98.6,98.9,98.9,99,0,0,0,0,0,1048.2,10.67,20,20,20,45,129,299,1,2,Yes,No,No,No,No,No,No,No,Yes,No,No,No,No,No,No,No,No,No,No,No,No,No,No,No,No,No,No,No,No,No,No,No,No,No,No,No,No,65,71,58,57,45,54,66,63,7308,6996,65,64,55,100,No,No,34695,80202,14.1,0,14.1,5.955,0.011,589153,209536,64,0.715,0.026,600,1048,1.1,0.6,0,0.3,1.6,0,0,0,0,32.1,1271,2685,1272,No,No,No,No,No,No,No,No,8.195,29.062,99,2.581,43.5,59.6,2.6,61.6,0.5,0.5,0.5,0.5,2.6,60.2,0.5,0.5,0.5,0.5,388.68,1897.02,16.24,16.23,1981.92,1981.92,0.28,18.89,388.68,0,330.72,2366,75,422.5,4,0
1.7.2026,14:30.6,22985,1269,94.7,7306,608,92.3,25.3,16341,4141,0.766,0.77,0.767,0.765,0.762,0.713,0.751,2358.4,2358.4,2358.4,2358.4,2358.4,98.3,1474,2037.9,2200.6,2207.9,1996.7,2000.6,2124.8,2129.5,1820.3,1822.5,2037.9,100,100,100,100,100,100,100,100,100,100,100,100,86.4,94.1,94.1,84.7,84.7,90,90,76.7,76.7,86.4,24,24,24,24,24,15,67,68,66,67,67,33,32,34,33,33,68,68,No,No,No,No,No,No,No,No,No,No,Yes,Yes,Yes,Yes,Yes,No,No,Yes,67,67,63,6.856,11.953,8.757,0.058,6.039,1.465,0.649,0.5,64,12,64,64,0,0,0,0,0,0,0,0,98.4,97.7,97.9,98.3,98.5,98.5,98.7,98.8,98.9,0,0,0,0,0,1048.2,10.67,20,20,20,45,129,299,1,2,Yes,No,No,No,No,No,No,No,Yes,No,No,No,No,No,No,No,No,No,No,No,No,No,No,No,No,No,No,No,No,No,No,No,No,No,No,No,No,65,70,58,57,45,54,66,63,7268,6996,65,64,55,100,No,No,34695,80202,24.2,0.3,24.5,6.676,0.162,589165,209536,63,0.715,0.058,600,1048,2.9,2.2,0,0.7,3.5,0,0,0,0,32.1,1271,2686,1271,No,No,No,No,No,No,No,No,8.198,29.062,99,2.599,43.5,59.6,60.2,65.4,56.3,56.2,56.2,56.2,60.1,60.3,60,60,60,60,16.61,17.51,15.32,15.29,17.51,17.51,1.28,0.01,15.95,0.65,0.66,2366,75,0.2,0.2,0
1.7.2026,14:32.6,22985,1269,94.7,7316,598,92.4,25.3,16341,4141,0.718,0.755,0.752,0.688,0.677,0.703,0.751,1916.2,2260.2,2260.2,1670.6,1474,98.3,2063.6,2023,2200.1,2210.6,2008.9,2011.3,2094.2,2098,1780,1780.5,2023,100,100,100,100,100,100,100,100,100,100,100,100,85.8,93.9,93.9,85.1,85.1,88.9,88.9,75.5,75.5,85.8,19.5,23,23,17,15,21,65,66,67,64,63,35,34,33,36,37,66,67,No,No,No,No,No,No,No,No,No,No,Yes,Yes,Yes,Yes,Yes,No,No,Yes,67,67,64,6.856,11.931,8.723,0.075,6.012,1.437,0.629,0.499,64,11.5,64,64,0,0,0,0,0,0,0,0,98.6,97.9,98.4,98.5,98.7,98.6,98.8,98.8,98.9,0,0,0,0,0,2096.4,21.33,36,39,39,90,129,598,1,2,Yes,No,No,No,No,No,No,No,Yes,No,No,No,No,No,No,No,No,No,No,No,No,No,No,No,No,No,No,No,No,No,No,No,No,No,No,No,No,65,70,58,57,45,54,66,63,7241,6947,65,63,55,100,No,No,34695,80202,21.9,12.7,34.5,6.533,0.129,589178,209536,64,0.715,0.075,600,2096,0.5,0.2,0,0.2,0.8,0,0,0,0,32.1,1271,2686,1271,No,No,No,No,No,No,No,No,8.195,29.062,99,2.59,43.5,59.6,60.2,65.4,56.3,56.2,56.2,56.2,60.1,60.3,60,60,60,60,16.61,17.51,15.32,15.29,17.51,17.51,1.28,0.01,15.95,0.65,0.66,2366,75,0.1,0.1,0
1.7.2026,14:34.6,22955,1300,94.6,7287,627,92,25.3,16341,4141,0.739,0.755,0.752,0.75,0.7,0.703,0.693,2137.3,2260.2,2260.2,2260.2,1768.8,98.3,1080.9,1994,2161.2,2170,1985.1,1987.2,2027.5,2031.7,1794,1795.5,1994,100,100,100,100,100,100,100,100,100,100,100,100,84.3,91.8,91.8,84,84,85.7,85.7,75.5,75.5,84.3,21.8,23,23,23,18,11,66,68,67,65,65,34,32,33,35,35,68,68,No,No,No,No,No,No,No,No,No,No,Yes,Yes,Yes,Yes,Yes,No,No,Yes,66,66,63,6.856,11.497,8.474,0.019,5.877,1.368,0.527,0.496,64,11.5,64,64,0,0,0,0,0,0,0,0,98.7,98.2,98.6,98.7,98.8,98.7,98.9,98.9,99,0,0,0,0,0,1048.2,10.67,20,20,20,45,129,299,1,2,Yes,No,No,No,No,No,No,No,Yes,No,No,No,No,No,No,No,No,No,No,No,No,No,No,No,No,No,No,No,No,No,No,No,No,No,No,No,No,65,70,58,57,45,54,66,63,7241,6971,65,64,55,100,No,No,34695,80202,7,0,7.1,3.932,0.136,589186,209536,63,0.715,0.019,600,1048,0.6,0.2,0,0.2,0.8,0,0,0,0,32.1,1271,2686,1271,No,No,No,No,No,No,No,No,8.195,29.062,99,2.581,43.5,59.6,60.2,65.4,56.3,56.2,56.2,56.2,60.1,60.3,60,60,60,60,16.61,17.51,15.32,15.29,17.51,17.51,1.28,0.01,15.95,0.65,0.66,2366,75,0,0,0
1.7.2026,14:36.6,22952,1303,94.6,7298,616,92.2,25.3,16341,4141,0.723,0.755,0.72,0.697,0.72,0.703,0.693,1989.9,2260.2,1965.4,1768.8,1965.4,98.3,1080.9,1997.7,2168.7,2177.3,1943.5,1946.3,2059.4,2065.4,1809.7,1811.4,1997.7,100,100,100,100,100,100,100,100,100,100,100,100,84.5,92.1,92.1,82.3,82.3,87.2,87.2,76.5,76.5,84.5,20.2,23,20,18,20,11,65,67,65,64,63,35,33,35,36,37,67,67,No,No,No,No,No,No,No,No,No,No,Yes,Yes,Yes,Yes,Yes,No,No,Yes,67,67,63,6.602,11.729,8.754,0.022,5.881,1.333,0.468,0.495,64,11.5,64,64,0,0,0,0,0,0,0,0,98.7,98.3,98.7,98.6,98.8,98.6,98.9,98.9,99,0,0,0,0,0,1048.2,10.67,20,20,20,45,129,299,1,2,Yes,No,No,No,No,No,No,No,Yes,No,No,No,No,No,No,No,No,No,No,No,No,No,No,No,No,No,No,No,No,No,No,No,No,No,No,No,No,65,69,58,57,45,54,66,63,7308,7021,65,63,55,100,No,No,34695,80202,35.4,0.2,35.6,3.26,0.151,589192,209537,63,0.715,0.022,600,1048,0.5,0.2,0,0.1,0.6,0,0,0,0,32.1,1271,2686,1271,No,No,No,No,No,No,No,No,8.195,29.062,99,2.581,43.5,59.6,60.2,65.4,56.3,56.2,56.2,56.2,60.1,60.3,60,60,60,60,16.61,17.51,15.32,15.29,17.51,17.51,1.28,0.01,15.95,0.65,0.66,2366,75,0.2,0.7,0
1.7.2026,14:38.6,22961,1294,94.6,7312,602,92.3,25.3,16341,4141,0.717,0.74,0.74,0.72,0.667,0.693,0.693,1916.2,2161.9,2161.9,1965.4,1375.8,98.3,1179.2,1941.9,2109.8,2122.1,1889.8,1892.2,2006.5,2009.8,1751.8,1753.3,1941.9,100,100,100,100,100,100,100,100,100,100,100,100,82.2,89.8,89.8,80,80,85,85,74,74,82.2,19.5,22,22,20,14,12,64,66,64,63,63,36,34,36,37,37,66,66,No,No,No,No,No,No,No,No,No,No,Yes,Yes,Yes,Yes,Yes,No,No,Yes,65,65,62,6.602,11.571,8.565,0.018,5.774,1.371,0.53,0.496,64,11,64,64,0,0,0,0,0,0,0,0,98.7,98.1,98.6,98.6,98.7,98.6,98.8,98.8,98.9,0,0,0,0,0,2096.4,21.33,36,39,39,90,129,598,1,2,Yes,No,No,No,No,No,No,No,Yes,No,No,No,No,No,No,No,No,No,No,No,No,No,No,No,No,No,No,No,No,No,No,No,No,No,No,No,No,65,69,58,57,45,54,66,63,7336,6996,65,63,55,100,No,No,34695,80202,13.5,0,13.5,4.731,0.073,589201,209537,63,0.715,0.018,600,2096,0.7,0.3,0,0.2,1.1,0,0,0,0,32.1,1270,2686,1271,No,No,No,No,No,No,No,No,8.195,29.062,99,2.581,43.5,59.6,60.2,65.4,56.3,56.2,56.2,56.2,60.1,60.3,60,60,60,60,16.61,17.51,15.32,15.29,17.51,17.51,1.28,0.01,15.95,0.65,0.66,2366,75,2.7,4.2,0
1.7.2026,14:40.6,22987,1268,94.7,7346,568,92.8,25.3,16341,4141,0.73,0.73,0.732,0.727,0.73,0.683,0.693,2063.6,2063.6,2063.6,2063.6,2063.6,98.3,1375.8,1888,2017.2,2020.6,1849.9,1855.6,1983.8,1989.9,1691.5,1695.7,1888,100,100,100,100,100,100,100,100,100,100,100,100,80.3,86.4,86.4,78.7,78.8,84.4,84.4,71.7,71.7,80.3,21,21,21,21,21,14,63,65,64,62,62,37,35,36,38,38,66,65,No,No,No,No,No,No,No,No,No,No,Yes,Yes,Yes,Yes,Yes,No,No,Yes,66,66,63,6.602,11.05,7.785,0.109,5.802,1.487,0.713,0.5,64,11,64,64,0,0,0,0,0,0,0,0,98.2,97.4,97.6,98.1,98.4,98.2,98.5,98.5,98.8,0,0,0,0,0,1048.2,10.67,20,20,20,45,129,299,1,2,Yes,No,No,No,No,No,No,No,Yes,No,No,No,No,No,No,No,No,No,No,No,No,No,No,No,No,No,No,No,No,No,No,No,No,No,No,No,No,64,68,58,57,45,54,66,63,7336,7009,65,63,55,100,No,No,34695,80202,27.7,0,27.7,6.195,0.075,589213,209537,62,0.715,0.109,600,1048,2.7,1.9,0,0.7,3.5,0,0,0,0,32.7,1295,2662,1295,No,No,No,No,No,No,No,No,8.195,29.062,99,2.59,43.5,59.6,55.6,95.3,29.4,29.3,29.3,29.3,55.7,62.3,30,30,30,30,17.99,34.02,10.5,9.47,34.15,34.15,0.7,0.57,17.99,0,1.93,2366,75,0,0,0
1.7.2026,14:42.6,22994,1261,94.7,7366,548,93,25.3,16341,4141,0.712,0.73,0.732,0.72,0.667,0.683,0.753,1867.1,2063.6,2063.6,1965.4,1375.8,98.3,1867.1,1861.7,2012.2,2018.4,1872.6,1874.2,1908.4,1913.4,1645.9,1648.6,1861.7,100,100,100,100,100,100,100,100,100,100,100,100,79.2,86.2,86.2,79.6,79.6,81.1,81.1,69.7,69.7,79.2,19,21,21,20,14,19,63,64,64,62,62,37,36,36,38,38,64,64,No,No,No,No,No,No,No,No,No,No,Yes,Yes,Yes,Yes,Yes,No,No,Yes,64,64,62,5.84,11.384,8.232,0.056,5.75,1.427,0.639,0.5,64,11,64,64,0,0,0,0,0,0,0,0,98.3,97.5,97.8,98.3,98.4,98.3,98.5,98.6,98.8,0,0,0,0,0,2096.4,21.33,36,39,39,90,129,598,1,2,Yes,No,No,No,No,No,No,No,Yes,No,No,No,No,No,No,No,No,No,No,No,No,No,No,No,No,No,No,No,No,No,No,No,No,No,No,No,No,63,68,57,57,45,53,65,62,7322,6996,65,63,55,100,No,No,34695,80202,22.3,0.1,22.4,9.082,0.116,589230,209537,62,0.715,0.056,600,2096,1.5,0.9,0,0.4,2,0,0,0,0,32.7,1294,2663,1294,No,No,No,No,No,No,No,No,8.195,29.062,99,2.59,43.5,59.6,25.9,62.8,4.2,3.6,3.5,3.5,25.9,60.2,4.2,3.6,3.5,3.5,38.62,238,15.93,15.9,282.84,282.84,0.45,0.11,38.62,0,36.27,2366,75,0.2,0.1,0
1.7.2026,14:44.6,22980,1275,94.7,7367,547,93,25.3,16341,4141,0.721,0.74,0.702,0.7,0.74,0.693,0.696,1965.4,2161.9,1768.8,1768.8,2161.9,98.3,982.7,1897.8,2081.4,2092.4,1893.1,1896.1,1940.8,1945.8,1665.5,1667,1897.8,100,100,100,100,100,100,100,100,100,100,100,100,80.4,88.9,88.9,80.3,80.3,82.2,82.2,70.4,70.4,80.4,20,22,18,18,22,10,63,65,63,62,62,37,35,37,38,38,65,65,No,No,No,No,No,No,No,No,No,No,Yes,Yes,Yes,Yes,Yes,No,No,Yes,65,65,61,5.586,11.284,8.299,0.027,5.709,1.346,0.512,0.502,64,11,64,64,0,0,0,0,0,0,0,0,98.5,97.8,98.3,98.5,98.6,98.5,98.8,98.8,98.9,0,0,0,0,0,1048.2,10.67,20,20,20,45,129,299,1,2,Yes,No,No,No,No,No,No,No,Yes,No,No,No,No,No,No,No,No,No,No,No,No,No,No,No,No,No,No,No,No,No,No,No,No,No,No,No,No,63,68,57,57,45,53,65,62,7241,6910,65,63,55,100,No,No,34695,80202,33.2,0,33.2,4.197,0.011,589238,209537,62,0.715,0.027,600,1048,1.2,0.7,0,0.3,1.7,0,0,0,0,32.4,1281,2675,1282,No,No,No,No,No,No,No,No,8.195,29.062,99,2.581,43.5,59.6,4.3,56.6,1,1,1,1,4.3,56.7,1,1,1,1,234.33,1009.65,17.68,16.79,1049.66,1049.66,0.35,0.68,234.33,0,399.79,2368,75,844.1,7.1,0
1.7.2026,14:46.6,22960,1295,94.6,7374,540,93.1,25.3,16341,4141,0.713,0.74,0.692,0.737,0.682,0.696,0.696,1891.7,2161.9,1670.6,2161.9,1572.3,98.3,982.7,1905.6,2101.5,2103.5,1882.7,1888.3,1982.6,1982.5,1650.8,1652.7,1905.6,100,100,100,100,100,100,100,100,100,100,100,100,80.9,89.9,89.9,80,80,84,84,69.8,69.8,80.9,19.2,22,17,22,16,10,64,65,64,62,63,36,35,36,38,37,65,65,No,No,No,No,No,No,No,No,No,No,Yes,Yes,Yes,Yes,Yes,No,No,Yes,65,65,62,5.84,11.18,8.032,0.056,5.8,1.386,0.565,0.5,64,11,64,64,0,0,0,0,0,0,0,0,98.4,97.6,97.7,98.3,98.6,98.5,98.5,98.7,98.8,0,0,0,0,0,2096.4,21.33,36,39,39,90,129,598,1,2,Yes,No,No,No,No,No,No,No,Yes,No,No,No,No,No,No,No,No,No,No,No,No,No,No,No,No,No,No,No,No,No,No,No,No,No,No,No,No,64,67,57,57,45,53,65,62,7308,6996,65,63,55,100,No,No,34695,80202,100,19.5,100,1.964,0.016,589242,209537,61,0.715,0.056,600,2096,2.3,1.4,0,0.6,3.1,0,0,0,0,29.5,1167,2790,1167,No,No,No,No,No,No,No,No,8.195,29.062,99,2.581,43.5,59.6,12.5,62.3,1.8,1.7,1.7,1.7,12.5,60.1,1.8,1.7,1.7,1.7,79.69,552.75,16.05,16.03,600.52,600.52,0.47,0.57,79.69,0,121.58,2368,75,0,0,0
1.7.2026,14:48.6,22967,1288,94.6,7419,496,93.7,25.3,16341,4134,0.722,0.73,0.732,0.727,0.697,0.683,0.756,1965.4,2063.6,2063.6,2063.6,1670.6,98.3,1867.1,1889,2063.7,2075.9,1881.1,1886.2,1949.6,1957.9,1647.1,1650.2,1889,100,100,100,100,100,100,100,100,100,100,100,100,80.3,88.5,88.5,80,80,82.9,82.9,69.8,69.8,80.3,20,21,21,21,17,19,64,66,64,63,62,36,34,36,37,38,66,66,No,No,No,No,No,No,No,No,No,No,Yes,Yes,Yes,Yes,Yes,No,No,Yes,64,64,61,5.586,10.652,7.503,0.091,5.784,1.402,0.614,0.497,64,11,64,64,0,0,0,0,0,0,0,0,98.3,97.4,98,98.2,98.5,98.3,98.7,98.6,98.8,0,0,0,0,0,1048.2,10.67,20,20,20,45,129,299,1,2,Yes,No,No,No,No,No,No,No,Yes,No,No,No,No,No,No,No,No,No,No,No,No,No,No,No,No,No,No,No,No,No,No,No,No,No,No,No,No,64,67,57,57,45,53,65,62,7349,6984,65,63,55,100,No,No,34695,80202,14.1,0,14.1,32.078,0.02,589304,209537,61,0.715,0.091,600,1048,1.9,1.2,0,0.5,2.5,0,0,0,0,29.5,1166,2791,1166,No,No,No,No,No,No,No,No,8.194,29.062,99,2.573,43.5,59.6,14.6,74.6,2.2,2.1,2.1,2.1,14.6,63.3,2.2,2.1,2.1,2.1,68.53,454.04,13.41,13.2,484.11,484.11,0.41,0.99,68.53,0,94.11,2368,75,0,0,0
1.7.2026,14:50.6,22968,1287,94.6,7411,503,93.6,25.3,16341,4134,0.74,0.74,0.74,0.74,0.74,0.696,0.696,2161.9,2161.9,2161.9,2161.9,2161.9,98.3,1572.3,1874.9,2022.7,2031.3,1876.6,1879.1,1945.4,1947.3,1646.9,1649.5,1874.9,100,100,100,100,100,100,100,100,100,100,100,100,79.6,86.5,86.5,79.6,79.6,82.5,82.5,69.7,69.7,79.6,22,22,22,22,22,16,64,65,64,63,62,36,35,36,37,38,65,65,No,No,No,No,No,No,No,No,No,No,Yes,Yes,Yes,Yes,Yes,No,No,Yes,64,64,61,5.078,11.066,7.913,0.044,5.742,1.426,0.631,0.499,64,11,64,64,0,0,0,0,0,0,0,0,98.4,97.6,98,98.4,98.5,98.5,98.6,98.7,98.8,0,0,0,0,0,1048.2,10.67,20,20,20,45,129,299,1,2,Yes,No,No,No,No,No,No,No,Yes,No,No,No,No,No,No,No,No,No,No,No,No,No,No,No,No,No,No,No,No,No,No,No,No,No,No,No,No,62,67,57,57,45,53,65,62,7322,6984,65,63,55,100,No,No,34695,80202,5.5,0.1,5.6,5.144,0.171,589313,209538,62,0.715,0.044,600,1048,0.7,0.2,0,0.2,1,0,0,0,0,29.5,1165,2792,1166,No,No,No,No,No,No,No,No,8.195,29.062,99,2.573,43.5,59.6,4.6,57.4,1.8,1.8,1.8,1.8,4.6,56.7,1.8,1.8,1.8,1.8,216.3,556.09,17.42,16.52,566.08,566.08,0.42,1.63,216.3,0,382.86,2368,75,0.1,0.1,0
1.7.2026,14:52.6,22961,1293,94.6,7398,516,93.4,25.3,16341,4134,0.713,0.742,0.74,0.7,0.67,0.696,0.696,1867.1,2161.9,2161.9,1768.8,1375.8,98.3,982.7,1917,2091.3,2103.8,1891.1,1892.8,1973.5,1978,1701.7,1703.8,1917,100,100,100,100,100,100,100,100,100,100,100,100,81.2,89.1,89.1,80.1,80.1,83.6,83.6,72,72,81.2,19,22,22,18,14,10,63,64,63,62,62,37,36,37,38,38,64,64,No,No,No,No,No,No,No,No,No,No,Yes,Yes,Yes,Yes,Yes,No,No,Yes,64,64,62,5.332,11.099,8.179,0.019,5.707,1.311,0.47,0.496,64,11,64,64,0,0,0,0,0,0,0,0,98.6,98,98.6,98.6,98.7,98.6,98.8,98.8,98.9,0,0,0,0,0,1048.2,10.67,20,20,20,45,129,299,1,2,Yes,No,No,No,No,No,No,No,Yes,No,No,No,No,No,No,No,No,No,No,No,No,No,No,No,No,No,No,No,No,No,No,No,No,No,No,No,No,62,66,57,57,45,53,65,62,7322,7059,65,62,55,100,No,No,34695,80202,7.5,0.1,7.5,3.989,0.115,589321,209538,62,0.715,0.019,600,1048,0.5,0.2,0,0.1,0.7,0,0,0,0,29.4,1165,2792,1165,No,No,No,No,No,No,No,No,8.199,29.062,99,2.583,43.5,59.6,1.5,58.6,0.5,0.5,0.5,0.5,1.5,57.8,0.5,0.5,0.5,0.5,649.5,1845.57,17.06,16.46,1882.21,1882.21,0.46,1.47,649.5,0,1249.18,2368,75,0.1,0.1,0
1.7.2026,14:54.6,22937,1318,94.5,7380,534,93.2,25.3,16341,4133,0.716,0.72,0.74,0.69,0.715,0.696,0.696,1916.2,1965.4,2161.9,1670.6,1867.1,98.3,982.7,1908.8,2071.9,2083.2,1931.9,1932.5,1931.6,1935.2,1691.1,1692.7,1908.8,100,100,100,100,100,100,100,100,100,100,100,100,80.9,88.4,88.4,81.8,81.8,81.9,81.9,71.5,71.5,80.9,19.5,20,22,17,19,10,64,65,64,63,62,36,35,36,37,38,65,65,No,No,No,No,No,No,No,No,No,No,Yes,Yes,Yes,Yes,Yes,No,No,Yes,65,65,61,6.348,11.606,8.588,0.023,5.722,1.37,0.58,0.496,64,11,64,64,0,0,0,0,0,0,0,0,98.5,97.9,98.5,98.6,98.6,98.5,98.7,98.8,98.8,0,0,0,0,0,1048.2,10.67,20,20,20,45,129,299,1,2,Yes,No,No,No,No,No,No,No,Yes,No,No,No,No,No,No,No,No,No,No,No,No,No,No,No,No,No,No,No,No,No,No,No,No,No,No,No,No,63,66,57,57,45,53,65,62,7308,7046,65,63,55,100,No,No,34695,80202,38.5,0.1,38.6,9.716,0.405,589340,209539,61,0.715,0.023,600,1048,0.5,0.2,0,0.2,0.8,0,0,0,0,29.4,1165,2792,1165,No,No,No,No,No,No,No,No,8.195,29.062,99,2.581,43.5,59.6,1,11.8,0.5,0.5,0.5,0.5,1,11.8,0.5,0.5,0.5,0.5,982.69,1880.64,84.75,68.25,1898.97,1898.97,0.52,9.26,982.69,0,1840.48,2368,75,0.1,0,0
1.7.2026,14:56.6,22902,1353,94.4,7369,545,93.1,25.3,16341,4133,0.722,0.74,0.74,0.72,0.688,0.696,0.753,1965.4,2161.9,2161.9,1965.4,1572.3,98.3,1965.4,1917.9,2088.1,2100.8,1872.6,1875,1970.7,1973.2,1730.6,1732.1,1917.9,100,100,100,100,100,100,100,100,100,100,100,100,81.3,89,89,79.3,79.3,83.5,83.5,73.2,73.2,81.3,20,22,22,20,16,20,63,65,64,61,63,37,35,36,39,37,65,65,No,No,No,No,No,No,No,No,No,No,Yes,Yes,Yes,Yes,Yes,No,No,Yes,64,64,61,6.348,10.437,7.454,0.016,5.71,1.318,0.494,0.496,64,11,64,64,0,0,0,0,0,0,0,0,98.6,98,98.5,98.6,98.7,98.5,98.7,98.8,98.8,0,0,0,0,0,1048.2,10.67,20,20,20,45,129,299,1,2,Yes,No,No,No,No,No,No,No,Yes,No,No,No,No,No,No,No,No,No,No,No,No,No,No,No,No,No,No,No,No,No,No,No,No,No,No,No,No,62,66,56,57,45,53,64,61,7322,7009,65,62,55,100,No,No,34695,80202,27.6,0,27.6,12.046,0.071,589363,209539,61,0.715,0.016,600,1048,0.6,0.2,0,0.2,0.9,0,0,0,0,29.4,1162,2795,1162,No,No,No,No,No,No,No,No,8.195,29.062,99,2.573,43.5,59.6,1.5,59,0.5,0.5,0.5,0.5,1.5,57.7,0.5,0.5,0.5,0.5,654.95,1861.5,16.94,16.34,1898.47,1898.47,0.42,4.7,654.95,0,1254.64,2368,75,8.3,9.3,0
1.7.2026,14:58.6,22910,1345,94.4,7382,532,93.2,25.3,16341,4133,0.715,0.742,0.672,0.737,0.707,0.696,0.696,1891.7,2161.9,1474,2161.9,1768.8,98.3,982.7,1922.6,2067.8,2080.4,1890.3,1893.2,1965.1,1972.1,1755.2,1757,1922.6,100,100,100,100,100,100,100,100,100,100,100,100,81.4,88.2,88.2,80.1,80.1,83.2,83.2,74.2,74.2,81.4,19.2,22,15,22,18,10,62,64,62,62,62,38,36,38,38,38,64,64,No,No,No,No,No,No,No,No,No,No,Yes,Yes,Yes,Yes,Yes,No,No,Yes,64,64,62,5.332,11.47,8.518,0.02,5.692,1.326,0.509,0.496,64,11,64,64,0,0,0,0,0,0,0,0,98.6,97.9,98.5,98.6,98.7,98.5,98.8,98.8,98.9,0,0,0,0,0,1048.2,10.67,20,20,20,45,129,299,1,2,Yes,No,No,No,No,No,No,No,Yes,No,No,No,No,No,No,No,No,No,No,No,No,No,No,No,No,No,No,No,No,No,No,No,No,No,No,No,No,62,65,56,57,45,53,64,61,7295,6959,65,62,55,100,No,No,34695,80202,30.8,0,30.8,9.191,0.077,589381,209539,61,0.717,0.02,600,1048,0.6,0.2,0,0.2,0.8,0,0,0,0,29.3,1159,2798,1159,No,No,No,No,No,No,No,No,8.195,29.062,99,2.573,43.5,59.6,1.5,57.7,0.5,0.5,0.5,0.5,1.5,56.7,0.5,0.5,0.5,0.5,649.39,1829.47,17.34,16.44,1865.46,1865.46,0.44,1.95,649.39,0,1238.08,2368,75,255.1,3,0
1.7.2026,15:00.6,22907,1348,94.4,7389,526,93.3,25.3,16341,4133,0.709,0.74,0.685,0.74,0.67,0.696,0.753,1818,2161.9,1572.3,2161.9,1375.8,98.3,1768.8,1905.2,2070.4,2083.3,1849.1,1851.1,1975.7,1980.9,1714.9,1716.2,1905.2,100,100,100,100,100,100,100,100,100,100,100,100,80.8,88.3,88.3,78.4,78.4,83.7,83.7,72.7,72.7,80.8,18.5,22,16,22,14,18,62,64,63,61,60,38,36,37,39,40,64,64,No,No,No,No,No,No,No,No,No,No,Yes,Yes,Yes,Yes,Yes,No,No,Yes,64,64,60,7.617,10.818,7.857,0.023,5.695,1.327,0.518,0.499,64,11,64,64,0,0,0,0,0,0,0,0,98.5,97.9,98.5,98.5,98.6,98.5,98.8,98.7,98.8,0,0,0,0,0,1048.2,10.67,20,20,20,45,129,299,1,2,Yes,No,No,No,No,No,No,No,Yes,No,No,No,No,No,No,No,No,No,No,No,No,No,No,No,No,No,No,No,No,No,No,No,No,No,No,No,No,62,65,56,57,45,53,64,61,7308,6996,65,62,55,100,No,No,34695,80202,100,0,100,8.152,0.008,589396,209539,61,0.717,0.023,600,1048,0.6,0.2,0,0.2,0.9,0,0,0,0,29.3,1158,2798,1159,No,No,No,No,No,No,No,No,8.195,29.062,99,2.565,43.5,59.6,1.5,57.7,0.5,0.5,0.5,0.5,1.5,57.8,0.5,0.5,0.5,0.5,649.47,1845.46,17.32,16.73,1882.11,1882.11,0.46,2.09,649.47,0,1243.44,2369,75,574.3,3.6,0
1.7.2026,15:02.6,22902,1353,94.4,7417,497,93.7,25.3,16341,4133,0.689,0.672,0.695,0.72,0.67,0.696,0.698,1621.4,1474,1670.6,1965.4,1375.8,98.3,982.7,1900.1,2040.4,2054.3,1858.9,1860.5,1979.7,1986.9,1709,1710.9,1900.1,100,100,100,100,100,100,100,100,100,100,100,100,80.6,87.2,87.2,78.9,78.9,83.8,83.8,72.5,72.5,80.6,16.5,15,17,20,14,10,62,64,61,63,60,38,36,39,37,40,64,64,No,No,No,No,No,No,No,No,No,No,Yes,Yes,Yes,Yes,Yes,No,No,Yes,64,64,60,5.332,11.369,8.317,0.022,5.571,1.389,0.614,0.495,64,11,64,64,0,0,0,0,0,0,0,0,98.4,97.8,98.4,98.4,98.5,98.3,98.7,98.6,98.7,0,0,0,0,0,1048.2,10.67,20,20,20,45,129,299,1,2,Yes,No,No,No,No,No,No,No,Yes,No,No,No,No,No,No,No,No,No,No,No,No,No,No,No,No,No,No,No,No,No,No,No,No,No,No,No,No,62,65,56,57,45,53,64,61,7322,6996,65,62,55,100,No,No,34695,80202,18.5,0.1,18.6,20.285,0.16,589436,209539,60,0.717,0.022,600,1048,0.6,0.2,0,0.2,0.8,0,0,0,0,29.3,1158,2799,1158,No,No,No,No,No,No,No,No,8.195,29.062,99,2.565,43.5,59.6,4.5,58.5,1.7,1.7,1.7,1.7,4.5,57.7,1.7,1.7,1.7,1.7,221.87,588.14,17.09,16.48,599.12,599.12,0.4,1.73,221.87,0,427.37,2369,75,5.8,1.8,0
1.7.2026,15:04.6,22938,1317,94.5,7446,468,94,25.3,16341,4133,0.693,0.682,0.702,0.7,0.688,0.696,0.696,1670.6,1572.3,1768.8,1768.8,1572.3,98.3,982.7,1904.1,2066.9,2079.6,1879.6,1881.6,1971.6,1978.1,1686.7,1688.7,1904.1,100,100,100,100,100,100,100,100,100,100,100,100,80.6,88.2,88.2,79.6,79.6,83.1,83.1,71.5,71.5,80.6,17,16,18,18,16,10,62,63,63,61,62,38,37,37,39,38,63,63,No,No,No,No,No,No,No,No,No,No,Yes,Yes,Yes,Yes,Yes,No,No,Yes,64,64,61,7.363,10.776,7.807,0.024,5.475,1.333,0.533,0.495,64,11,64,64,0,0,0,0,0,0,0,0,98.6,97.9,98.5,98.5,98.6,98.5,98.8,98.7,98.8,0,0,0,0,0,1048.2,10.67,20,20,20,45,129,299,1,2,Yes,No,No,No,No,No,No,No,Yes,No,No,No,No,No,No,No,No,No,No,No,No,No,No,No,No,No,No,No,No,No,No,No,No,No,No,No,No,62,65,56,57,45,53,64,61,7322,6971,65,62,55,100,No,No,34695,80202,98.4,0,98.4,10.489,0.081,589458,209539,61,0.717,0.024,600,1048,0.5,0.2,0,0.1,0.7,0,0,0,0,29.1,1150,2807,1150,No,No,No,No,No,No,No,No,8.195,29.062,99,2.565,43.5,59.6,1.5,59.1,0.5,0.5,0.5,0.5,1.5,57.8,0.5,0.5,0.5,0.5,655.13,1861.97,16.93,16.32,1898.95,1898.95,0.42,5.25,655.13,0,1254.84,2369,75,0,0,0
1.7.2026,15:06.6,22939,1316,94.5,7440,474,94,25.3,16341,4133,0.7,0.682,0.682,0.737,0.697,0.696,0.758,1744.3,1572.3,1572.3,2161.9,1670.6,98.3,1965.4,1918.3,2074.4,2082,1869.9,1871.4,2004.7,2014.5,1713.7,1715.6,1918.3,100,100,100,100,100,100,100,100,100,100,100,100,81.5,88.6,88.6,79.4,79.4,85.7,85.7,72.2,72.2,81.5,17.8,16,16,22,17,20,62,64,62,63,60,38,36,38,37,40,64,64,No,No,No,No,No,No,No,No,No,No,Yes,Yes,Yes,Yes,Yes,No,No,Yes,64,64,60,6.856,10.681,7.687,0.026,5.683,1.342,0.538,0.498,64,11,64,64,0,0,0,0,0,0,0,0,98.5,97.8,98.2,98.5,98.5,98.4,98.8,98.7,98.8,0,0,0,0,0,1048.2,10.67,20,20,20,45,129,299,1,2,Yes,No,No,No,No,No,No,No,Yes,No,No,No,No,No,No,No,No,No,No,No,No,No,No,No,No,No,No,No,No,No,No,No,No,No,No,No,No,62,65,56,57,45,53,64,61,7254,6959,65,62,55,100,No,No,34695,80202,48,0.1,48,7.885,0.171,589472,209540,60,0.717,0.026,600,1048,1.2,0.6,0,0.4,1.9,0,0,0,0,29.1,1150,2807,1150,No,No,No,No,No,No,No,No,8.195,29.062,99,2.549,43.5,59.6,2.5,58.8,0.6,0.5,0.5,0.5,2.5,55.7,0.6,0.5,0.5,0.5,399.73,1817.18,17,16.21,1898.84,1898.84,0.44,2.43,399.73,0,699.43,2369,75,0.1,0.1,0
1.7.2026,15:08.6,22903,1351,94.4,7413,501,93.6,25.3,16341,4133,0.736,0.742,0.742,0.72,0.74,0.696,0.713,2112.8,2161.9,2161.9,1965.4,2161.9,98.3,1474,1914.4,2049.1,2051.4,1852.5,1854.7,2002.1,2005.6,1748.4,1751.5,1914.4,100,100,100,100,100,100,100,100,100,100,100,100,81.3,87.6,87.6,78.6,78.6,85.2,85.2,73.8,73.8,81.3,21.5,22,22,20,22,15,62,64,61,61,60,38,36,39,39,40,64,64,No,No,No,No,No,No,No,No,No,No,Yes,Yes,Yes,Yes,Yes,No,No,Yes,64,64,60,7.109,11.235,8.173,0.064,5.743,1.38,0.583,0.5,64,11,64,64,0,0,0,0,0,0,0,0,98.3,97.7,97.8,98.4,98.5,98.4,98.5,98.6,98.8,0,0,0,0,0,1048.2,10.67,20,20,20,45,129,299,1,2,Yes,No,No,No,No,No,No,No,Yes,No,No,No,No,No,No,No,No,No,No,No,No,No,No,No,No,No,No,No,No,No,No,No,No,No,No,No,No,61,65,56,57,45,53,64,61,7281,6984,65,62,55,100,No,No,34695,80202,3.8,0.1,4,2.561,0.199,589476,209540,60,0.717,0.064,600,1048,1.6,0.9,0,0.4,2.1,0,0,0,0,29.2,1153,2803,1154,No,No,No,No,No,No,No,No,8.199,29.062,99,2.558,43.5,59.6,23.6,72.8,3,2.7,2.7,2.7,23.6,61.7,3,2.8,2.7,2.7,42.45,329.97,13.74,13.58,368.67,368.67,0.46,0.55,42.45,0,52.82,2369,75,0,0,0
1.7.2026,15:10.6,22896,1359,94.3,7442,472,94,25.3,16341,4132,0.704,0.73,0.685,0.73,0.67,0.686,0.756,1768.8,2063.6,1572.3,2063.6,1375.8,98.3,1670.6,1868.2,1988.7,1991.7,1819.9,1824.4,1954.3,1961.1,1701.4,1704.1,1868.2,100,100,100,100,100,100,100,100,100,100,100,100,79.5,85.3,85.3,77.4,77.4,83.2,83.2,72.2,72.2,79.5,18,21,16,21,14,17,62,64,62,62,60,38,36,38,38,40,64,64,No,No,No,No,No,No,No,No,No,No,Yes,Yes,Yes,Yes,Yes,No,No,Yes,64,64,60,6.348,10.424,7.157,0.142,5.776,1.461,0.735,0.5,64,11,64,64,0,0,0,0,0,0,0,0,98.1,97.3,97.5,98.1,98.4,98,98.4,98.4,98.6,0,0,0,0,0,2096.4,21.33,36,39,39,90,129,598,1,2,Yes,No,No,No,No,No,No,No,Yes,No,No,No,No,No,No,No,No,No,No,No,No,No,No,No,No,No,No,No,No,No,No,No,No,No,No,No,No,63,65,56,57,45,53,64,61,7295,6959,65,62,55,100,No,No,34695,80202,14.5,0.4,14.9,20.621,0.1,589516,209540,60,0.717,0.142,600,2096,3.6,2.9,0,0.9,4.3,0,0,0,0,29.4,1164,2793,1164,No,No,No,No,No,No,No,No,8.195,29.062,99,2.557,43.5,59.6,51.2,98.3,17.7,16,15.8,15.8,51.5,63.6,17,15.2,15,15,19.51,56.39,10.17,8.84,63.21,63.21,1.02,0.52,19.51,0,6.55,2369,75,0.1,0.2,0
1.7.2026,15:12.6,22887,1367,94.3,7441,473,94,25.3,16341,4132,0.703,0.702,0.685,0.71,0.715,0.696,0.756,1768.8,1768.8,1572.3,1867.1,1867.1,98.3,1965.4,1897.9,2041.7,2048.4,1850,1854.7,2003.7,2009.8,1685.9,1688.8,1897.9,100,100,100,100,100,100,100,100,100,100,100,100,80.6,87.5,87.5,78.5,78.5,85,85,71.3,71.3,80.6,18,18,16,19,19,20,62,64,62,62,61,38,36,38,38,39,64,64,No,No,No,No,No,No,No,No,No,No,Yes,Yes,Yes,Yes,Yes,No,No,Yes,64,64,60,6.602,11.099,8.156,0.052,5.664,1.313,0.502,0.5,64,11,64,64,0,0,0,0,0,0,0,0,98.4,97.6,97.8,98.4,98.7,98.4,98.7,98.7,98.8,0,0,0,0,0,1048.2,10.67,20,20,20,45,129,299,1,2,Yes,No,No,No,No,No,No,No,Yes,No,No,No,No,No,No,No,No,No,No,No,No,No,No,No,No,No,No,No,No,No,No,No,No,No,No,No,No,63,64,56,56,45,52,63,61,7295,6996,65,62,55,100,No,No,34695,80202,20.5,0,20.5,7.391,0.1,589531,209541,60,0.717,0.052,600,1048,0.8,0.3,0,0.3,1.3,0,0,0,0,29.4,1164,2793,1164,No,No,No,No,No,No,No,No,8.195,29.062,99,2.549,43.5,59.6,51.2,98.3,17.7,16,15.8,15.8,51.5,63.6,17,15.2,15,15,19.51,56.39,10.17,8.84,63.21,63.21,1.02,0.52,19.51,0,6.55,2369,75,0.3,0.1,0
1.7.2026,15:14.6,22946,1309,94.6,7514,400,94.9,25.3,16341,4132,0.713,0.712,0.712,0.712,0.715,0.671,0.756,1867.1,1867.1,1867.1,1867.1,1867.1,98.3,1670.6,1920.6,2020.9,2026.2,1953.1,1957.6,1973.4,1983.9,1697.4,1752.2,1920.6,100,100,100,100,100,100,100,100,100,100,100,100,81.8,87.1,87.1,83.5,83.5,84.6,84.6,72.1,72.1,81.8,19,19,19,19,19,17,61,62,60,61,62,39,38,40,39,38,62,62,No,No,No,No,No,No,No,No,No,No,Yes,Yes,Yes,Yes,Yes,No,No,Yes,63,63,60,5.078,11.28,8.052,0.014,5.848,1.499,0.807,0.5,64,11,64,64,0,0,0,0,0,0,0,0,97.7,96.8,97.2,97.7,97.9,97.5,98,98.4,98.3,0,0,0,0,0,2096.4,21.33,36,39,39,90,129,598,1,2,Yes,No,No,No,No,No,No,No,Yes,No,No,No,No,No,No,No,No,No,No,No,No,No,No,No,No,No,No,No,No,No,No,No,No,No,No,No,No,62,64,56,56,45,52,63,61,7281,6984,65,62,55,100,No,No,34695,80202,85.4,0.5,85.9,118.031,0.071,589889,209541,60,0.717,0.014,600,1048,1.1,0.5,0,0.3,1.6,0,0,0,0,29.5,1166,2791,1166,No,No,No,No,No,No,No,No,8.195,29.062,99,2.557,43.5,59.6,10.8,67.8,2.1,2,2,2,10.8,62.3,2.1,2,2,2,92.58,477.7,14.75,14.64,501.8,501.8,0.29,0,92.58,0,101.04,2371,75,570,7.5,0
1.7.2026,15:17.1,23005,1249,94.8,7497,418,94.7,25.1,16341,4107,0.711,0.712,0.712,0.712,0.705,0.671,0.756,1842.5,1867.1,1867.1,1867.1,1768.8,98.3,1670.6,1779.3,1795.6,1799.8,1770,1776.9,1799.9,1801.3,1780.1,1710.6,1779.3,100,100,100,100,100,100,100,100,100,100,100,100,77.1,78.2,78.2,76.2,76.2,77.6,77.6,76.4,76.4,77.1,18.8,19,19,19,18,17,61,62,61,61,61,39,38,39,39,39,62,62,No,No,No,No,No,No,No,No,No,No,Yes,Yes,Yes,Yes,Yes,No,No,Yes,63,62,60,5.84,10.624,7.08,0.064,5.836,1.678,1.07,0.504,64,11,64,64,0,0,0,0,0,0,0,0,96.8,95.8,96.1,97,97.4,96.8,96.9,97.4,97.3,0,0,0,0,0,2096.4,21.33,36,39,39,90,129,598,1,2,Yes,No,No,No,No,No,No,No,Yes,No,No,No,No,No,No,No,No,No,No,No,No,No,No,No,No,No,No,No,No,No,No,No,No,No,No,No,No,62,64,56,56,45,52,63,61,7295,6959,65,62,55,100,No,No,34695,80203,100,0.1,100,146.25,0.315,590033,209541,60,0.717,0.064,600,2096,1.9,1.3,0,0.5,2.4,0,0,0,0,31.1,1231,2725,1227,No,No,No,No,No,No,No,No,8.195,29.062,99,2.557,43.5,59.6,1.6,2.7,1.1,1.1,1.1,1.1,1.6,2.7,1.1,1.1,1.1,1.1,641.54,912.3,370.77,365.8,917.83,917.83,0.54,0,641.54,0,708.67,2371,75,4.5,4.3,0
1.7.2026,15:18.7,23104,1151,95.2,7387,527,93.3,25.1,16341,4095,0.697,0.712,0.712,0.71,0.652,0.671,0.696,1695.1,1867.1,1867.1,1867.1,1179.2,98.3,1080.9,1753.6,1769.1,1771.2,1757.2,1763.3,1757.6,1764.9,1719.2,1726.5,1753.6,100,100,100,100,100,100,100,100,100,100,100,100,75.5,76.8,76.8,75.6,75.6,75.9,75.9,73.7,73.7,75.5,17.2,19,19,19,12,11,61,63,61,61,60,39,37,39,39,40,63,63,No,No,No,No,No,No,No,No,No,No,Yes,Yes,Yes,Yes,Yes,No,No,Yes,64,64,59,6.856,11.045,7.442,0.099,5.83,1.739,1.153,0.502,64,11,64,64,0,0,0,0,0,0,0,0,97.1,96.2,96.3,97.1,97.5,96.9,97.3,97.6,98,0,0,0,0,0,1048.2,10.67,20,20,20,45,129,299,1,2,Yes,No,No,No,No,No,No,No,Yes,No,No,No,No,No,No,No,No,No,No,No,No,No,No,No,No,No,No,No,No,No,No,No,No,No,No,No,No,62,64,56,56,45,52,63,61,7281,6984,65,61,55,100,No,No,34695,80203,77.4,0.1,77.5,73.639,0.231,590171,209541,60,0.717,0.099,600,1048,2.1,1.2,0,0.6,2.9,0,0,0,0,30.5,1215,2742,1207,No,No,No,No,No,No,No,No,8.195,29.062,99,2.557,43.5,59.6,26,71.9,3.4,3.2,3.2,3.2,26,61.7,3.4,3.2,3.2,3.2,38.47,292.01,13.91,13.55,316.84,316.84,0.44,0,38.47,0,39.74,2371,75,17.4,4.8,0
1.7.2026,15:20.7,23148,1107,95.4,7476,439,94.4,25.1,16341,4095,0.706,0.682,0.732,0.73,0.68,0.686,0.698,1793.4,1572.3,2063.6,2063.6,1474,98.3,1277.5,1785.3,1879.4,1890.2,1720,1727.2,1880.9,1898.2,1641.1,1645.6,1785.3,100,100,100,100,100,100,100,100,100,100,100,100,76.3,81.2,81.2,73.7,73.7,80.4,80.4,69.8,69.8,76.3,18.2,16,21,21,15,13,62,64,61,62,60,38,36,39,38,40,64,64,No,No,No,No,No,No,No,No,No,No,Yes,Yes,Yes,Yes,Yes,No,No,Yes,63,63,60,6.602,10.875,7.476,0.058,5.721,1.561,0.925,0.501,64,11,64,64,0,0,0,0,0,0,0,0,97.7,96.7,97.3,97.5,97.9,97.7,98.2,98.2,98.4,0,0,0,0,0,1048.2,10.67,20,20,20,45,129,299,1,2,Yes,No,No,No,No,No,No,No,Yes,No,No,No,No,No,No,No,No,No,No,No,No,No,No,No,No,No,No,No,No,No,No,No,No,No,No,No,No,63,64,56,56,45,52,63,61,7336,6984,65,61,55,100,No,No,34695,80203,24.3,0.1,24.4,41.582,0.311,590251,209542,60,0.717,0.058,600,1048,1.1,0.6,0,0.3,1.5,0,0,0,0,30.5,1206,2751,1206,No,No,No,No,No,No,No,No,8.195,29.062,99,2.557,43.5,59.6,28.2,68.1,5.8,5.2,5.1,5.1,28.2,62.1,5.7,5.1,5,5,35.46,171.74,14.68,14.61,196.08,196.08,0.52,0.06,35.46,0,15.66,2371,75,24.7,5.2,0
1.7.2026,15:22.6,23257,997,95.8,7262,652,91.7,25.8,16341,4216,0.7,0.732,0.695,0.672,0.7,0.686,0.711,1719.7,2063.6,1670.6,1474,1670.6,98.3,1474,1799.8,1923.1,1938.2,1730.2,1734.6,1900.8,1899.1,1633.2,1639.1,1799.8,100,100,100,100,100,100,100,100,100,100,100,100,76.8,82.8,82.8,73.9,73.9,81.1,81.1,69.4,69.4,76.8,17.5,21,17,15,17,15,62,63,62,61,60,38,37,38,39,40,63,63,No,No,No,No,No,No,No,No,No,No,Yes,Yes,Yes,Yes,Yes,No,No,Yes,64,64,60,6.602,11.024,7.718,0.019,5.753,1.535,0.936,0.497,64,11,64,64,0,0,0,0,0,0,0,0,97.9,97.1,97.8,97.7,98,97.9,98.2,98.2,98.5,0,0,0,0,0,2096.4,21.33,36,39,39,90,129,598,1,2,Yes,No,No,No,No,No,No,No,Yes,No,No,No,No,No,No,No,No,No,No,No,No,No,No,No,No,No,No,No,No,No,No,No,No,No,No,No,No,62,63,56,56,45,52,63,61,7322,7021,65,61,55,100,No,No,34695,80203,31.3,24.9,56.1,31.526,70.225,590308,209670,60,0.717,0.019,600,2096,0.7,0.2,0,0.2,1,0,0,0,0,30.5,1206,2751,1206,No,No,No,No,No,No,No,No,8.195,29.062,99,2.549,43.5,59.6,28.2,68.1,5.8,5.2,5.1,5.1,28.2,62.1,5.7,5.1,5,5,35.46,171.74,14.68,14.61,196.08,196.08,0.52,0.06,35.46,0,15.66,2371,75,5.8,2.2,0
1.7.2026,15:24.7,23287,968,96,7348,566,92.8,25.8,16341,4216,0.714,0.73,0.732,0.73,0.662,0.686,0.711,1867.1,2063.6,2063.6,2063.6,1277.5,98.3,884.4,1833.9,1971.3,1986.6,1784.7,1791.5,1920.4,1935.1,1639.9,1641.7,1833.9,100,100,100,100,100,100,100,100,100,100,100,100,78.2,84.8,84.8,76.2,76.2,81.9,81.9,69.8,69.8,78.2,19,21,21,21,13,9,62,64,61,62,60,38,36,39,38,40,64,64,No,No,No,No,No,No,No,No,No,No,Yes,Yes,Yes,Yes,Yes,No,No,Yes,64,64,60,6.094,11.228,8.016,0.022,5.75,1.483,0.821,0.496,64,11,64,64,0,0,0,0,0,0,0,0,98,97,97.8,97.9,98.2,97.7,98.4,98.3,98.4,0,0,0,0,0,1048.2,10.67,20,20,20,45,129,299,1,2,Yes,No,No,No,No,No,No,No,Yes,No,No,No,No,No,No,No,No,No,No,No,No,No,No,No,No,No,No,No,No,No,No,No,No,No,No,No,No,61,63,56,56,45,52,63,61,7295,7009,65,61,55,100,No,No,34695,80203,27.2,2.1,29.3,47.04,22.844,590402,209716,60,0.717,0.022,600,1048,1.1,0.5,0,0.3,1.5,0,0,0,0,31.4,1242,2715,1242,No,No,No,No,No,No,No,No,8.199,29.062,99,2.55,43.5,59.6,28.2,68.1,5.8,5.2,5.1,5.1,28.2,62.1,5.7,5.1,5,5,35.46,171.74,14.68,14.61,196.08,196.08,0.52,0.06,35.46,0,15.66,2371,75,9.7,4.6,0
1.7.2026,15:26.7,23359,895,96.3,7468,447,94.3,25.8,16341,4216,0.712,0.722,0.722,0.682,0.722,0.673,0.756,1867.1,1965.4,1965.4,1572.3,1965.4,98.3,1375.8,1828.8,1939.4,1945.8,1766.2,1778,1913.4,1924.9,1661.1,1701.5,1828.8,100,100,100,100,100,100,100,100,100,100,100,100,78.1,84.1,84.1,76,76,82.2,82.2,70.3,70.3,78.1,19,20,20,16,20,14,62,63,62,61,62,38,37,38,39,38,63,63,No,No,No,No,No,No,No,No,No,No,Yes,Yes,Yes,Yes,Yes,No,No,Yes,62,62,59,6.348,11.444,7.943,0.079,5.786,1.561,0.918,0.5,64,11,64,64,0,0,0,0,0,0,0,0,97.4,96.3,96.6,97,97.7,97.5,98.1,98.2,98.2,0,0,0,0,0,2096.4,21.33,36,39,39,90,129,598,1,2,Yes,No,No,No,No,No,No,No,Yes,No,No,No,No,No,No,No,No,No,No,No,No,No,No,No,No,No,No,No,No,No,No,No,No,No,No,No,No,62,63,56,56,45,52,63,61,7336,6971,65,61,55,100,No,No,34695,80203,52.9,1.1,54,77.922,0.52,590578,209717,59,0.717,0.079,600,2096,2,1.3,0,0.5,2.6,0,0,0,0,32.3,1279,2677,1280,No,No,No,No,No,No,No,No,8.199,29.062,99,2.55,43.5,59.6,59.7,65.9,51.8,51.3,51.2,51.2,60,62.1,58.1,58.1,58.1,58.1,16.75,19.3,15.17,15.11,19.53,19.53,0.35,0,16.75,0,0.74,2371,75,40,4.1,0
1.7.2026,15:28.7,23359,895,96.3,7468,447,94.3,25.8,16341,4216,0.712,0.722,0.722,0.682,0.722,0.673,0.756,1867.1,1965.4,1965.4,1572.3,1965.4,98.3,1375.8,1828.8,1939.4,1945.8,1766.2,1778,1913.4,1924.9,1661.1,1701.5,1828.8,100,100,100,100,100,100,100,100,100,100,100,100,78.1,84.1,84.1,76,76,82.2,82.2,70.3,70.3,78.1,19,20,20,16,20,14,62,63,62,61,62,38,37,38,39,38,63,63,No,No,No,No,No,No,No,No,No,No,Yes,Yes,Yes,Yes,Yes,No,No,Yes,62,62,59,5.078,11.138,7.67,0.032,5.814,1.628,1.038,0.501,64,11,64,64,0,0,0,0,0,0,0,0,97.4,96.3,96.6,97,97.7,97.5,98.1,98.2,98.2,0,0,0,0,0,2096.4,21.33,36,39,39,90,129,598,1,2,Yes,No,No,No,No,No,No,No,Yes,No,No,No,No,No,No,No,No,No,No,No,No,No,No,No,No,No,No,No,No,No,No,No,No,No,No,No,No,62,63,55,56,45,52,63,60,7322,7009,65,61,55,100,No,No,34695,80203,52.9,1.1,54,77.922,0.52,590578,209717,60,0.717,0.032,600,2096,1,0.4,0,0.3,1.4,0,0,0,0,32.3,1279,2677,1280,No,No,No,No,No,No,No,No,8.195,29.062,99,2.549,43.5,59.6,59.7,65.9,51.8,51.3,51.2,51.2,60,62.1,58.1,58.1,58.1,58.1,16.75,19.3,15.17,15.11,19.53,19.53,0.35,0,16.75,0,0.74,2371,75,40,4.1,0
1.7.2026,15:30.7,23354,901,96.2,7511,404,94.8,25.8,16341,4215,0.708,0.692,0.695,0.73,0.715,0.686,0.698,1818,1670.6,1670.6,2063.6,1867.1,98.3,1867.1,1804,1880.7,1895.2,1664.7,1675.6,1988.7,2006.2,1662.8,1658,1804,100,100,100,100,100,100,100,100,100,100,100,100,76.1,81.2,81.2,71.5,71.5,82.6,82.6,69.1,69.1,76.1,18.5,17,17,21,19,19,62,63,61,62,60,38,37,39,38,40,63,63,No,No,No,No,No,No,No,No,No,No,Yes,Yes,Yes,Yes,Yes,No,No,Yes,62,62,60,6.094,10.215,6.91,0.032,5.73,1.546,0.93,0.498,64,11,64,64,0,0,0,0,0,0,0,0,97.7,96.7,97.5,97.1,97.8,98.1,97.8,98.3,98.1,0,0,0,0,0,1048.2,10.67,20,20,20,45,129,299,1,2,Yes,No,No,No,No,No,No,No,Yes,No,No,No,No,No,No,No,No,No,No,No,No,No,No,No,No,No,No,No,No,No,No,No,No,No,No,No,No,62,63,55,56,45,52,63,60,7349,7034,65,60,55,100,No,No,34695,80203,24.5,0.1,24.7,74.635,2.659,590872,209723,60,0.717,0.032,600,1048,0.9,0.3,0,0.3,1.3,0,0,0,0,32.1,1272,2685,1272,No,No,No,No,No,No,No,No,8.195,29.062,99,2.54,43.5,59.6,37,63,4.1,2.9,2.9,2.9,36.9,60.1,4.1,2.9,2.9,2.9,27.06,246.86,15.86,15.79,349.84,349.84,0.24,0,27.06,0,21.06,2372,76,22.6,21.6,0
1.7.2026,15:32.7,23340,915,96.2,7540,374,95.2,25.8,16341,4215,0.705,0.732,0.715,0.682,0.69,0.686,0.756,1768.8,2063.6,1867.1,1572.3,1572.3,98.3,1474,1841,1923.5,1944,1722.8,1729.3,2027,2031,1674.1,1676.6,1841,100,100,100,100,100,100,100,100,100,100,100,100,78.6,82.8,82.8,73.6,73.6,86.3,86.3,71.6,71.6,78.6,18,21,19,16,16,15,62,63,62,62,60,38,37,38,38,40,63,63,No,No,No,No,No,No,No,No,No,No,Yes,Yes,Yes,Yes,Yes,No,No,Yes,63,63,60,5.84,11.449,8.227,0.028,5.749,1.48,0.811,0.503,64,11,64,64,0,0,0,0,0,0,0,0,98.1,97,98,97.7,98.1,98,98.4,98.5,98.6,0,0,0,0,0,2096.4,21.33,36,39,39,90,129,598,1,2,Yes,No,No,No,No,No,No,No,Yes,No,No,No,No,No,No,No,No,No,No,No,No,No,No,No,No,No,No,No,No,No,No,No,No,No,No,No,No,62,63,55,56,45,52,63,60,7349,7034,65,60,55,100,No,No,34695,80203,26.1,1.9,28,69.381,4.087,590994,209730,59,0.717,0.028,600,2096,2.6,1.7,0,0.7,3.3,0,0,0,0,32.5,1286,2670,1287,No,No,No,No,No,No,No,No,8.195,29.062,99,2.54,43.5,59.6,32.9,62.8,5.6,5.5,5.5,5.5,32.9,60.3,5.6,5.5,5.5,5.5,30.41,179.65,15.94,15.88,183.26,183.26,0.25,0.47,30.41,0,14.74,2374,76,1188.5,11.7,0
1.7.2026,15:34.7,23345,910,96.2,7561,353,95.5,25.8,16341,4215,0.705,0.722,0.725,0.682,0.69,0.676,0.758,1768.8,1965.4,1965.4,1572.3,1572.3,98.3,1768.8,1798.7,1951,1958.8,1809.2,1813.7,1888.9,1897.1,1534.1,1536.6,1798.7,100,100,100,100,100,100,100,100,100,100,100,100,76.8,84.1,84.1,77.3,77.3,80.7,80.7,65,65,76.8,18,20,20,16,16,18,60,62,61,61,58,40,38,39,39,42,62,62,No,No,No,No,No,No,No,No,No,No,Yes,Yes,Yes,Yes,Yes,No,No,Yes,62,62,60,5.332,10.798,7.327,0.186,5.824,1.591,0.987,0.499,64,11,64,64,0,0,0,0,0,0,0,0,97.9,96.8,97.3,97.8,98,98,98.4,98.5,98.7,0,0,0,0,0,1048.2,10.67,20,20,20,45,129,299,1,2,Yes,No,No,No,No,No,No,No,Yes,No,No,No,No,No,No,No,No,No,No,No,No,No,No,No,No,No,No,No,No,No,No,No,No,No,No,No,No,62,63,55,56,45,52,63,60,7308,6959,65,61,55,100,No,No,34695,80204,16.5,4.7,21.1,67.732,89.515,591120,209897,60,0.717,0.186,600,1048,5.8,4.6,0,1.4,7.1,0,0,0,0,32.7,1295,2662,1296,No,No,No,No,No,No,No,No,8.196,29.062,99,2.541,43.5,59.6,51.7,70.3,16.4,14.9,14.8,14.8,51.7,62.3,16.6,15.2,15.1,15.1,19.36,61.04,14.22,13.87,67.7,67.7,0.44,0.43,19.36,0,4.08,2374,76,0.2,0.2,0
1.7.2026,15:36.7,23374,880,96.3,7438,476,93.9,25.8,16341,4215,0.705,0.722,0.725,0.702,0.67,0.676,0.758,1768.8,1965.4,1965.4,1768.8,1375.8,98.3,1277.5,1790.4,1914.2,1923,1798.7,1802.5,1884,1889.8,1554.3,1556.3,1790.4,100,100,100,100,100,100,100,100,100,100,100,100,76.3,82.4,82.4,76.7,76.7,80.2,80.2,65.8,65.8,76.3,18,20,20,18,14,13,60,62,61,59,60,40,38,39,41,40,62,62,No,No,No,No,No,No,No,No,No,No,Yes,Yes,Yes,Yes,Yes,No,No,Yes,62,62,59,6.348,11.408,7.917,0.167,5.838,1.601,1.015,0.499,64,11,64,64,0,0,0,0,0,0,0,0,98,96.9,97.4,97.9,98.1,98.1,98.4,98.5,98.6,0,0,0,0,0,2096.4,21.33,36,39,39,90,129,598,1,2,Yes,No,No,No,No,No,No,No,Yes,No,No,No,No,No,No,No,No,No,No,No,No,No,No,No,No,No,No,No,No,No,No,No,No,No,No,No,No,62,63,55,56,45,52,63,60,7295,6971,65,61,55,100,No,No,34696,80204,18,0.8,18.8,177.219,14.098,591460,209924,59,0.717,0.167,600,2096,3.2,2.4,0,0.8,3.9,0,0,0,0,32.4,1283,2674,1283,No,No,No,No,No,No,No,No,8.195,29.062,99,2.54,43.5,59.6,16.6,79,1.6,1.4,1.4,1.4,17.2,62.2,1.7,1.5,1.5,1.5,60.15,608.35,12.51,12.43,711.6,711.6,1.38,0.05,59.58,0.57,86.45,2374,76,0,0,0
1.7.2026,15:38.7,23380,875,96.3,7489,425,94.6,25.8,16341,4214,0.721,0.73,0.732,0.732,0.688,0.686,0.756,1940.8,2063.6,2063.6,2063.6,1572.3,98.3,1277.5,1786.2,1903.9,1912.9,1782.2,1786.7,1875.3,1882.9,1571.5,1574.5,1786.2,100,100,100,100,100,100,100,100,100,100,100,100,76.2,82.1,82.1,76,76,80,80,66.7,66.7,76.2,19.8,21,21,21,16,13,60,62,61,59,59,40,38,39,41,41,62,62,No,No,No,No,No,No,No,No,No,No,Yes,Yes,Yes,Yes,Yes,No,No,Yes,62,62,60,6.094,11.276,7.81,0.107,5.771,1.571,0.952,0.501,64,11,64,64,0,0,0,0,0,0,0,0,97.8,96.8,97.2,97.9,98.1,97.8,98.2,98.3,98.4,0,0,0,0,0,1048.2,10.67,20,20,20,45,129,299,1,2,Yes,No,No,No,No,No,No,No,Yes,No,No,No,No,No,No,No,No,No,No,No,No,No,No,No,No,No,No,No,No,No,No,No,No,No,No,No,No,62,63,55,56,45,52,63,60,7295,6984,65,61,55,100,No,No,34696,80204,21.7,2.6,24.3,64.91,23.258,591585,209969,59,0.717,0.107,600,1048,2.5,1.8,0,0.6,3.2,0,0,0,0,32.5,1285,2671,1286,No,No,No,No,No,No,No,No,8.195,29.062,99,2.54,43.5,59.6,18.7,175.6,1.7,1.5,1.4,1.4,18.3,73.9,1.7,1.5,1.4,1.4,53.5,579.57,5.9,5.3,692.87,692.87,1.14,6.61,52.98,0.52,78.77,2374,76,9.3,1.6,0
1.7.2026,15:40.7,23360,895,96.3,7501,413,94.7,25.8,16341,4214,0.719,0.732,0.712,0.73,0.7,0.686,0.756,1916.2,2063.6,1867.1,2063.6,1670.6,98.3,1867.1,1805.9,1967.1,1978.6,1835.9,1840.2,1878.4,1889,1527.7,1530,1805.9,100,100,100,100,100,100,100,100,100,100,100,100,77,84.8,84.8,78.3,78.4,80.1,80.1,64.8,64.8,77,19.5,21,19,21,17,19,60,62,61,59,60,40,38,39,41,40,62,62,No,No,No,No,No,No,No,No,No,No,Yes,Yes,Yes,Yes,Yes,No,No,Yes,62,62,60,4.824,11.098,7.715,0.089,5.774,1.563,0.918,0.5,64,11,64,64,0,0,0,0,0,0,0,0,98,96.9,97.4,97.9,98.1,97.9,98.5,98.4,98.6,0,0,0,0,0,2096.4,21.33,36,39,39,90,129,598,1,2,Yes,No,No,No,No,No,No,No,Yes,No,No,No,No,No,No,No,No,No,No,No,No,No,No,No,No,No,No,No,No,No,No,No,No,No,No,No,No,62,63,55,56,45,52,63,60,7295,6959,65,60,55,100,No,No,34696,80204,7.3,1.4,8.6,32.271,26.053,591647,210019,59,0.717,0.089,600,2096,2.8,1.7,0,0.7,3.7,0,0,0,0,31.8,1258,2699,1258,No,No,No,No,No,No,No,No,8.196,29.062,99,2.533,43.5,59.6,13.9,114.2,1.4,1.2,1.2,1.2,13.6,61.2,1.4,1.2,1.2,1.2,72.16,721.66,8.71,8.27,815.21,815.21,0.86,3.12,71.75,0.41,115.2,2374,76,0,0,0
1.7.2026,15:42.9,23359,896,96.3,7498,417,94.7,26,16341,4253,0.703,0.732,0.735,0.682,0.662,0.686,0.758,1744.3,2063.6,2063.6,1572.3,1277.5,98.3,1867.1,1823.3,1975.4,1982.8,1784.1,1789.2,1931.8,1938.7,1590.8,1593.8,1823.3,100,100,100,100,100,100,100,100,100,100,100,100,77.7,84.9,84.9,76,76,82.3,82.3,67.6,67.6,77.7,17.8,21,21,16,13,19,61,63,61,61,59,39,37,39,39,41,63,63,No,No,No,No,No,No,No,No,No,No,Yes,Yes,Yes,Yes,Yes,No,No,Yes,62,61,59,8.379,11.252,7.881,0.08,5.783,1.532,0.867,0.5,64,11,64,64,0,0,0,0,0,0,0,0,98,97.2,97.5,98,98.3,98,98.3,98.4,98.5,0,0,0,0,0,2096.4,21.33,36,39,39,90,129,598,1,2,Yes,No,No,No,No,No,No,No,Yes,No,No,No,No,No,No,No,No,No,No,No,No,No,No,No,No,No,No,No,No,No,No,No,No,No,No,No,No,62,63,55,56,45,52,63,60,7295,6959,65,60,55,100,No,No,34696,80204,15.3,9.8,25.2,40.252,55.709,591726,210128,59,0.717,0.08,600,2096,3.1,2,0,1.8,6.7,2.2,0,0.1,0,32.5,1286,2670,1282,No,No,No,No,No,No,No,No,8.195,29.062,99,2.532,43.5,59.6,15.6,86.2,1.9,1.8,1.8,1.8,15.6,62.1,1.9,1.8,1.8,1.8,64.27,537.62,11.54,11.5,566.69,566.69,1.1,0.45,63.8,0.46,76.16,2374,76,0.2,0,0
1.7.2026,15:44.8,23400,855,96.4,7517,397,94.9,25.8,16341,4221,0.709,0.735,0.685,0.73,0.688,0.686,0.758,1818,2063.6,1572.3,2063.6,1572.3,98.3,1670.6,1724.9,1820.9,1823.4,1783.2,1787.2,1784.5,1793.6,1501.3,1505,1724.9,100,100,100,100,100,100,100,100,100,100,100,100,74,78.9,78.9,76.6,76.6,76.4,76.4,64,64,74,18.5,21,16,21,16,17,60,61,61,61,59,40,39,39,39,41,61,61,No,No,No,No,No,No,No,No,No,No,Yes,Yes,Yes,Yes,Yes,No,No,Yes,62,62,60,5.84,10.925,7.025,0.308,5.778,1.683,1.106,0.5,64,11,64,64,0,0,0,0,0,0,0,0,97.4,96.4,96.4,97.1,97.4,97.4,97.9,98,98.2,0,0,0,0,0,2096.4,21.33,36,39,39,90,129,598,1,2,Yes,No,No,No,No,No,No,No,Yes,No,No,No,No,No,No,No,No,No,No,No,No,No,No,No,No,No,No,No,No,No,No,No,No,No,No,No,No,62,63,55,55,45,52,63,59,7308,6984,65,60,55,100,No,No,34696,80204,18.4,0.9,19.2,31.446,1.976,591785,210132,59,0.717,0.308,600,2096,8.1,5.9,0,3.2,8.7,2.8,0,4.4,0,32.6,1289,2668,1289,No,No,No,No,No,No,No,No,8.195,29.062,99,2.524,43.5,59.6,55.7,70.1,29.1,28.5,28.5,28.5,55.7,64.2,29.9,29.8,29.8,29.8,17.95,34.41,14.26,14.14,35.15,35.15,0.36,0.23,17.95,0,2.46,2374,76,4.4,2,0
1.7.2026,15:46.9,23415,840,96.5,7554,360,95.4,25.8,16341,4221,0.669,0.692,0.688,0.647,0.65,0.663,0.698,1375.8,1670.6,1572.3,1179.2,1080.9,98.3,491.3,1729.8,1847.5,1849.5,1806.3,1811.6,1792.3,1793.3,1468.3,1469.9,1729.8,100,100,100,100,100,100,100,100,100,100,100,100,74.1,79.8,79.8,77.5,77.5,76.7,76.7,62.4,62.4,74.1,14,17,16,12,11,5,60,61,61,59,58,40,39,39,41,42,61,61,No,No,No,No,No,No,No,No,No,No,Yes,Yes,Yes,Yes,Yes,No,No,Yes,61,61,58,5.84,10.925,7.025,0.308,5.778,1.683,1.106,0.5,64,11,64,64,0,0,0,0,0,0,0,0,97.6,96.6,96.9,97.4,97.7,97.7,97.8,98.3,98.4,0,0,0,0,0,1572.3,16,28,29,29,68,129,448,1,2,Yes,No,No,No,No,No,No,No,Yes,No,No,No,Yes,No,No,No,No,No,No,No,No,No,Yes,No,Yes,No,No,No,No,No,No,No,No,No,No,No,No,62,62,55,55,45,52,63,59,7308,6984,65,60,55,100,No,No,34696,80204,17.1,4.2,21.3,22.382,0.211,591829,210132,59,0.717,0.604,600,1572,18.4,16.2,0,3.2,20.4,2.6,0,2.7,0,32.7,1289,2668,1289,No,No,No,No,No,No,No,No,8.199,29.062,99,2.525,43.5,59.6,47.6,63.8,23,20.1,19.8,19.8,47.6,61.6,23.1,20.2,19.9,19.9,21.03,43.56,15.67,15.53,50.46,50.46,0.6,0.31,21.03,0,6.94,2375,76,725,11.8,0
1.7.2026,15:48.8,23415,840,96.5,7554,360,95.4,25.8,16341,4221,0.669,0.692,0.688,0.647,0.65,0.663,0.698,1375.8,1670.6,1572.3,1179.2,1080.9,98.3,491.3,1729.8,1847.5,1849.5,1806.3,1811.6,1792.3,1793.3,1468.3,1469.9,1729.8,100,100,100,100,100,100,100,100,100,100,100,100,74.1,79.8,79.8,77.5,77.5,76.7,76.7,62.4,62.4,74.1,14,17,16,12,11,5,60,61,61,59,58,40,39,39,41,42,61,61,No,No,No,No,No,No,No,No,No,No,Yes,Yes,Yes,Yes,Yes,No,No,Yes,62,61,59,4.824,11.446,7.262,0.604,5.925,1.746,1.206,0.506,64,11,64,64,0,0,0,0,0,0,0,0,97.6,96.6,96.9,97.4,97.7,97.7,97.8,98.3,98.4,0,0,0,0,0,1572.3,16,28,29,29,68,129,448,1,2,Yes,No,No,No,No,No,No,No,Yes,No,No,No,Yes,No,No,No,No,No,No,No,No,No,Yes,No,Yes,No,No,No,No,No,No,No,No,No,No,No,No,62,62,55,55,45,52,63,59,7281,6959,65,60,55,100,No,No,34696,80204,17.1,4.2,21.3,22.382,0.211,591829,210132,59,0.717,0.654,600,1572,18.4,16.2,0,5.1,20.4,2.6,0,2.7,0,32.7,1301,2655,1293,No,No,No,No,No,No,No,No,8.199,29.062,99,2.517,43.5,59.6,47.6,63.8,23,20.1,19.8,19.8,47.6,61.6,23.1,20.2,19.9,19.9,21.03,43.56,15.67,15.53,50.46,50.46,0.6,0.31,21.03,0,6.94,2375,76,725,11.8,0
1.7.2026,15:50.9,23454,801,96.6,7385,529,93.3,25.8,16341,4221,0.707,0.712,0.725,0.722,0.67,0.676,0.758,1793.4,1867.1,1965.4,1965.4,1375.8,98.3,1768.8,1669.9,1744.1,1741.5,1731.2,1730.6,1757.9,1738.3,1457.3,1458.3,1669.9,100,100,100,100,100,100,100,100,100,100,100,100,71.7,76,76,74.6,74.6,75.2,75.2,61,61,71.7,18.2,19,20,20,14,18,60,62,61,59,60,40,38,39,41,40,62,62,No,No,No,No,No,No,No,No,No,No,Yes,Yes,Yes,Yes,Yes,No,No,Yes,62,62,59,5.078,10.649,6.541,0.654,5.874,1.733,1.226,0.5,64,11,64,64,0,0,0,0,0,0,0,0,96.9,95.9,95.6,96.9,96.9,97.6,97.4,97.6,97.6,0,0,0,0,0,2096.4,21.33,36,39,39,90,129,598,1,2,Yes,No,No,No,No,No,No,No,Yes,No,No,No,Yes,No,No,No,No,No,No,No,No,No,Yes,No,No,No,No,No,No,No,No,No,No,No,No,No,No,62,62,55,55,45,52,63,59,7268,6971,65,60,55,100,No,No,34696,80204,20.7,0,20.7,29.887,0,591944,210135,59,0.792,0.654,600,1572,14,12.6,0,3.8,15.9,2.8,0,0.5,0,32.9,1293,2663,1302,No,No,No,No,No,No,No,No,8.195,29.062,99,2.532,43.5,59.6,52.4,92.6,18.7,14.7,14.3,14.3,38.6,60.7,4.8,3.6,3.5,3.5,19.09,53.37,10.8,9.55,69.76,69.76,0.64,0.2,19.09,0,5.29,2375,76,158.6,30.9,0
1.7.2026,15:53.1,23490,764,96.8,7426,488,93.8,25.8,16341,4221,0.679,0.712,0.675,0.675,0.655,0.671,0.758,1498.6,1867.1,1474,1474,1179.2,98.3,1670.6,1674,1795.1,1799.5,1789.7,1790.6,1706.6,1714.3,1396.6,1399.3,1674,100,100,100,100,100,100,100,100,100,100,100,100,71.7,77.5,77.5,76.8,76.8,72.9,72.9,59.4,59.4,71.7,15.2,19,15,15,12,17,60,61,61,59,58,40,39,39,41,42,61,61,No,No,No,No,No,No,No,No,No,No,Yes,Yes,Yes,Yes,Yes,No,No,Yes,63,63,59,6.094,10.611,6.559,0.602,5.834,1.738,1.224,0.501,64,11,64,64,0,0,0,0,0,0,0,0,97.6,96.5,97,97.4,97.5,97.8,98.3,98.3,98.5,0,0,0,0,0,2096.4,21.33,36,39,39,90,129,598,1,2,Yes,No,No,No,No,No,No,No,Yes,No,No,No,Yes,No,No,No,No,No,No,No,No,No,Yes,No,No,No,No,No,No,No,No,No,No,No,No,No,No,60,62,55,55,45,52,63,59,7295,6984,65,60,55,100,No,No,34696,80205,15.2,0.1,15.4,16.425,0.725,591974,210136,59,0.717,0.602,600,2096,13.5,11.5,0,4.7,15.8,2.7,0,4.3,0,32,1306,2651,1292,Yes,Yes,No,No,No,No,No,No,8.195,29.062,99,2.54,43.5,59.6,36.7,66.9,16,15.2,15.1,15.1,29.1,61.9,5.8,4.7,4.6,4.6,27.26,62.32,14.94,14.6,66.29,66.29,1.48,0,27.26,0,16.69,2375,76,40,8.2,0
1.7.2026,15:54.8,23472,783,96.7,7397,517,93.4,25.7,16341,4195,0.703,0.732,0.685,0.73,0.665,0.686,0.698,1744.3,2063.6,1572.3,2063.6,1277.5,98.3,1277.5,1761.8,1812.4,1825.8,1812.5,1822.7,1800.6,1809.1,1602.4,1609.2,1761.8,100,100,100,100,100,100,100,100,100,100,100,100,75.6,78.9,78.9,77.7,77.7,77.2,77.2,68.6,68.6,75.6,17.8,21,16,21,13,13,61,62,61,61,59,39,38,39,39,41,62,62,No,No,No,No,No,No,No,No,No,No,Yes,Yes,Yes,Yes,Yes,No,No,Yes,62,62,59,6.094,11.169,7.217,0.31,5.892,1.748,1.197,0.5,64,11,64,64,0,0,0,0,0,0,0,0,97.2,96.1,96.6,97.1,97.6,97.1,97.5,97.8,98.2,0,0,0,0,0,1572.3,16,28,29,29,68,129,448,1,2,Yes,No,No,No,No,No,No,No,Yes,No,No,No,No,No,No,No,No,No,No,No,No,No,No,No,No,No,No,No,No,No,No,No,No,No,No,No,No,62,62,55,55,45,52,63,59,7281,6971,65,60,55,100,No,No,34696,80205,68.1,1.8,69.9,139.227,8.164,592244,210152,59,0.717,0.31,600,1572,1.5,0.9,0,4.6,1.7,2,0,0,0,31.3,1259,2697,1267,No,No,No,No,No,No,No,No,8.195,29.062,99,2.524,43.5,59.6,8.6,53.2,4.7,4.6,4.6,4.6,8.6,53.6,4.7,4.6,4.6,4.6,116.7,214.61,18.79,16.99,216.61,216.61,1.21,0,116.7,0,99.92,2375,76,21,4.6,0
1.7.2026,15:57.2,23428,827,96.5,7535,379,95.2,25.7,16341,4195,0.71,0.722,0.725,0.722,0.67,0.673,0.756,1818,1965.4,1965.4,1965.4,1375.8,98.3,1179.2,1803.6,1841.9,1850.8,1810.1,1815.9,1860.2,1863.7,1689.2,1696.5,1803.6,100,100,100,100,100,100,100,100,100,100,100,100,77.3,80.1,80.1,77.8,77.8,79.9,79.9,71.2,71.2,77.3,18.5,20,20,20,14,12,60,62,61,59,60,40,38,39,41,40,62,62,No,No,No,No,No,No,No,No,No,No,Yes,Yes,Yes,Yes,Yes,No,No,Yes,62,61,59,6.094,11.169,7.217,0.31,5.892,1.748,1.197,0.5,64,11,64,64,0,0,0,0,0,0,0,0,97.3,96,96.6,97.4,97.7,97.2,97.4,97.9,98.3,0,0,0,0,0,2096.4,21.33,36,39,39,90,129,598,1,2,Yes,No,No,No,No,No,No,No,Yes,No,No,No,Yes,No,No,No,No,No,No,No,No,No,Yes,No,Yes,No,No,No,No,No,No,No,No,No,No,No,No,62,62,55,55,45,52,63,59,7295,6971,65,60,55,100,No,No,34696,80205,100,4.3,100,170.082,2.153,592610,210157,59,0.717,0.31,600,1572,1.5,0.9,0,0.7,1.7,2,0,0,0,31.3,1239,2717,1240,No,No,No,No,No,No,No,No,8.195,29.062,99,2.516,43.5,59.6,2.9,48.8,1.3,1.3,1.2,1.2,2.9,47.2,1.3,1.3,1.3,1.3,344.46,788.42,20.49,16.88,800.09,800.09,0.92,135.69,344.46,0,516.51,2375,76,22,9.7,0
1.7.2026,15:59.1,23430,825,96.5,7460,454,94.2,25.2,16341,4113,0.674,0.685,0.688,0.675,0.65,0.658,0.698,1424.9,1572.3,1572.3,1474,1080.9,98.3,884.4,1741.1,1761.9,1761.2,1737.7,1739.4,1763.7,1764.1,1697.4,1703.9,1741.1,100,100,100,100,100,100,100,100,100,100,100,100,75.5,76.7,76.7,75,75,76.6,76.6,73.6,73.6,75.5,14.5,16,16,15,11,9,60,61,60,59,58,40,39,40,41,42,61,61,No,No,No,No,No,No,No,No,No,No,Yes,Yes,Yes,Yes,Yes,No,No,Yes,62,61,59,6.602,10.781,7.205,0.065,5.852,1.664,1.079,0.501,64,11,64,64,0,0,0,0,0,0,0,0,96.8,95.8,95.9,96.9,97.1,96.8,96.8,97.2,97.6,0,0,0,0,0,2096.4,21.33,36,39,39,90,129,598,1,2,Yes,No,No,No,No,No,No,No,Yes,No,No,No,Yes,No,No,No,No,No,No,No,No,No,Yes,No,No,No,No,No,No,No,No,No,No,No,No,No,No,62,62,55,55,45,52,63,59,7268,6971,65,60,55,100,No,No,34696,80205,100,7.7,100,152.156,13.468,592874,210180,60,0.717,0.065,600,2096,3.4,2.5,0,2.4,6.5,5.3,0,0,0,33,1307,2650,1294,No,No,No,No,No,No,No,No,8.195,29.062,99,2.516,43.5,59.6,41.7,151.6,10.4,8.7,8.6,8.6,43.4,60.5,12.4,10.2,10,10,23.99,95.61,6.94,6.44,116.76,116.76,1.69,4.23,23.42,0.57,15.52,2376,76,481.2,58.8,0
1.7.2026,16:01.4,23430,825,96.5,7460,454,94.2,25.2,16341,4113,0.674,0.685,0.688,0.675,0.65,0.658,0.698,1424.9,1572.3,1572.3,1474,1080.9,98.3,884.4,1741.1,1761.9,1761.2,1737.7,1739.4,1763.7,1764.1,1697.4,1703.9,1741.1,100,100,100,100,100,100,100,100,100,100,100,100,75.5,76.7,76.7,75,75,76.6,76.6,73.6,73.6,75.5,14.5,16,16,15,11,9,60,61,60,59,58,40,39,40,41,42,61,61,No,No,No,No,No,No,No,No,No,No,Yes,Yes,Yes,Yes,Yes,No,No,Yes,62,62,59,4.57,10.941,7.028,0.196,5.884,1.775,1.215,0.506,64,11,64,64,0,0,0,0,0,0,0,0,96.8,95.8,95.9,96.9,97.1,96.8,96.8,97.2,97.6,0,0,0,0,0,2096.4,21.33,36,39,39,90,129,598,1,2,Yes,No,No,No,No,No,No,No,Yes,No,No,No,Yes,No,No,No,No,No,No,No,No,No,Yes,No,No,No,No,No,No,No,No,No,No,No,No,No,No,62,62,55,55,45,52,62,59,7295,6971,65,60,55,100,No,No,34696,80206,100,7.7,100,152.156,13.468,592874,210180,59,0.717,0.196,600,2096,3.3,2.2,0,1.6,4.5,3.4,0,0,0,33,1306,2650,1300,No,No,No,No,No,No,No,No,8.194,29.062,99,2.516,43.5,59.6,41.7,151.6,10.4,8.7,8.6,8.6,43.4,60.5,12.4,10.2,10,10,23.99,95.61,6.94,6.44,116.76,116.76,1.69,4.23,23.42,0.57,15.52,2376,76,481.2,58.8,0
1.7.2026,16:03.1,23352,903,96.2,7484,431,94.5,24.9,16341,4073,0.723,0.725,0.705,0.73,0.732,0.676,0.758,1965.4,1965.4,1768.8,2063.6,2063.6,98.3,884.4,1766.5,1789,1800.9,1757.7,1762.7,1817.5,1821.2,1683.9,1699,1766.5,100,100,100,100,100,100,100,100,100,100,100,100,75.1,78,78,75.6,75.6,76.9,76.9,69.9,69.9,75.1,20,20,18,21,21,9,61,61,62,59,62,39,39,38,41,38,61,62,No,No,No,No,No,No,No,No,No,No,Yes,Yes,Yes,Yes,Yes,No,No,Yes,62,62,59,6.094,10.987,7.35,0.104,5.818,1.713,1.135,0.506,64,11,64,64,0,0,0,0,0,0,0,0,97.1,95.9,96.4,97,97.2,97.3,97.4,97.8,98.1,0,0,0,0,0,2096.4,21.33,36,39,39,90,129,598,1,2,Yes,No,No,No,No,No,No,No,Yes,No,No,No,Yes,No,No,No,No,No,No,No,No,No,No,No,Yes,No,No,No,No,No,No,No,No,No,No,No,No,61,62,55,55,45,52,62,59,7254,6984,65,60,55,100,No,No,34696,80206,90.9,6.1,97,124.585,19.554,593466,210273,59,0.725,0.104,650,2096,2,0.9,0,1.6,3.9,3.9,0,0,0,32.7,1293,2664,1295,No,No,No,No,No,No,No,No,8.196,29.062,99,2.516,43.5,59.6,30.1,67.6,16.8,16.7,16.6,16.6,30,61.8,19.9,19.9,19.9,19.9,33.24,59.45,14.91,14.78,60.07,60.07,2.64,2.61,32.76,0.48,32.4,2381,76,1052.4,13.5,0
1.7.2026,16:04.8,23371,884,96.3,7446,468,94,24.6,16341,4020,0.704,0.722,0.675,0.712,0.707,0.673,0.756,1768.8,1965.4,1474,1867.1,1768.8,98.3,1375.8,1785.8,1829.5,1834.9,1801.1,1806.2,1816.9,1822.5,1690.4,1685.2,1785.8,100,100,100,100,100,100,100,100,100,100,100,100,77.2,79.3,79.3,77.5,77.5,78.8,78.8,73.3,73.3,77.2,18,20,15,19,18,14,61,62,61,61,60,39,38,39,39,40,62,62,No,No,No,No,No,No,No,No,No,No,Yes,Yes,Yes,Yes,Yes,No,No,Yes,62,62,59,6.094,10.987,7.35,0.104,5.818,1.713,1.135,0.506,64,11,64,64,0,0,0,0,0,0,0,0,97.2,96.3,96.6,97.1,97.4,97,97.3,97.8,98.2,0,0,0,0,0,1048.2,10.67,20,20,20,45,129,299,1,2,Yes,No,No,No,No,No,No,No,Yes,No,No,No,Yes,No,No,No,No,No,No,No,No,No,Yes,No,Yes,No,No,No,No,No,No,No,No,No,No,No,No,61,62,55,55,45,52,62,59,7281,6996,65,60,55,100,No,No,34696,80206,18.6,5.4,23.9,29.481,12.132,593475,210277,59,0.725,0.104,650,2096,2,0.9,0,1.6,3.9,3.9,0,0,0,32.7,1293,2664,1295,No,No,No,No,No,No,No,No,8.199,29.062,99,2.509,43.5,59.6,30.1,60.2,16.7,16.6,16.6,16.6,30,61.9,19.9,19.9,19.9,19.9,33.16,59.76,16.51,16.47,60.07,60.07,1.71,4.3,32.73,0.43,31.05,2381,76,166.8,4.9,0
1.7.2026,16:07.0,23377,878,96.3,7474,440,94.4,24.6,16341,4020,0.694,0.722,0.725,0.665,0.662,0.673,0.756,1646,1965.4,1965.4,1375.8,1277.5,98.3,1080.9,1799,1915.2,1918.9,1840.4,1844.4,1863.1,1866.8,1571.3,1572,1799,100,100,100,100,100,100,100,100,100,100,100,100,76.8,82.3,82.3,78.5,78.5,79.5,79.5,66.8,66.8,76.8,16.8,20,20,14,13,11,60,62,61,59,59,40,38,39,41,41,62,62,No,No,No,No,No,No,No,No,No,No,Yes,Yes,Yes,Yes,Yes,No,No,Yes,62,62,58,5.586,11.227,7.568,0.076,5.891,1.719,1.132,0.503,64,11,64,64,0,0,0,0,0,0,0,0,98,97.2,97.3,97.9,98.1,98,98.2,98.5,98.6,0,0,0,0,0,2096.4,21.33,36,39,39,90,129,598,1,2,Yes,No,No,No,No,No,No,No,Yes,No,No,No,No,No,No,No,No,No,No,No,No,No,No,No,No,No,No,No,No,No,No,No,No,No,No,No,No,62,62,55,55,45,52,62,59,7281,7009,65,60,55,100,No,No,34696,80206,13,0.2,13.1,18.224,2.005,593508,210281,60,0.717,0.076,600,1048,1.7,0.8,0,1,3,2.2,0,0,0,32.7,1293,2664,1293,No,No,No,No,No,No,No,No,8.195,29.062,99,2.516,43.5,59.6,10.1,68,1.1,1,1,1,10.1,60.4,1.1,1,1,1,98.7,895.07,14.71,14.59,1003.54,1003.54,0.68,0.36,98.7,0,126.04,2382,76,81.7,5.3,0
1.7.2026,16:09.1,23282,973,95.9,7508,406,94.8,24.6,16341,4020,0.689,0.672,0.715,0.705,0.665,0.668,0.758,1572.3,1474,1768.8,1768.8,1277.5,98.3,1572.3,1778.6,1824.6,1830.4,1792.5,1794.2,1787.7,1793.5,1704.9,1700.7,1778.6,100,100,100,100,100,100,100,100,100,100,100,100,76.2,78.6,78.6,76.9,76.9,76.7,76.7,72.5,72.5,76.2,16,15,18,18,13,16,60,61,60,58,59,40,39,40,42,41,61,61,No,No,No,No,No,No,No,No,No,No,Yes,Yes,Yes,Yes,Yes,No,No,Yes,61,61,58,4.316,10.917,7.184,0.065,5.888,1.742,1.165,0.505,64,11,64,64,0,0,0,0,0,0,0,0,97.5,96.8,97.2,97.5,97.6,97.4,97.7,98.1,97.9,0,0,0,0,0,1048.2,10.67,20,20,20,45,129,299,1,2,Yes,No,No,No,No,No,No,No,Yes,No,No,No,No,No,No,No,No,No,No,No,No,No,No,No,No,No,No,No,No,No,No,No,No,No,No,No,No,60,62,55,55,45,52,62,59,7281,7034,65,60,55,100,No,No,34696,80206,55.9,0.4,56.3,84.283,1.458,593715,210284,58,0.717,0.065,600,2096,1.7,1,0,0.5,2.3,0,0,0,0,33.1,1310,2646,1298,No,No,No,No,No,No,No,No,8.199,29.062,99,2.517,43.5,59.6,60.1,65.9,55.8,55.7,55.7,55.7,60,60.4,59.8,59.8,59.8,59.8,16.63,19.16,15.18,15.1,19.65,19.65,0.5,14.89,16.09,0.55,0.63,2383,76,484.6,54,0
1.7.2026,16:10.9,23312,942,96.1,7480,434,94.5,23.9,16341,3912,0.704,0.705,0.705,0.705,0.7,0.668,0.758,1744.3,1768.8,1768.8,1768.8,1670.6,98.3,1572.3,1755.9,1779.2,1790.7,1765.3,1765.5,1753.4,1760.2,1712.2,1721,1755.9,100,100,100,100,100,100,100,100,100,100,100,100,75.2,77,77,75.6,75.6,75.2,75.2,73.1,73.1,75.2,17.8,18,18,18,17,16,60,61,60,59,59,40,39,40,41,41,61,61,No,No,No,No,No,No,No,No,No,No,Yes,Yes,Yes,Yes,Yes,No,No,Yes,61,61,58,4.57,10.874,7.225,0.05,5.813,1.714,1.133,0.501,64,11,64,64,0,0,0,0,0,0,0,0,97.4,96.5,97.1,97.5,97.5,97.3,97.7,97.7,98.2,0,0,0,0,0,2096.4,21.33,36,39,39,90,129,598,1,2,Yes,No,No,No,No,No,No,No,Yes,No,No,No,No,No,No,No,No,No,No,No,No,No,No,No,No,No,No,No,No,No,No,No,No,No,No,No,No,61,62,55,55,45,52,62,59,7349,7009,65,60,55,100,No,No,34696,80206,100,0.3,100,69.583,1.254,593909,210288,58,0.717,0.05,600,1048,1.5,1,0,0.4,1.9,0,0,0,0,32.5,1292,2665,1281,No,No,No,No,No,No,No,No,8.195,29.062,99,2.516,43.5,59.6,10.7,100.6,3.4,3.3,3.3,3.3,10.5,61.2,3.4,3.3,3.3,3.3,93.54,292.12,9.88,9.33,301.14,301.14,2.61,7.34,92.91,0.63,102.38,2383,76,169.4,48.9,0
1.7.2026,16:13.0,23374,881,96.3,7466,448,94.3,23.9,16341,3899,0.708,0.722,0.725,0.722,0.662,0.676,0.758,1793.4,1965.4,1965.4,1965.4,1277.5,98.3,1768.8,1730.4,1752.4,1766.9,1766,1771.5,1764.3,1792.2,1612,1618,1730.4,100,100,100,100,100,100,100,100,100,100,100,100,74.5,76.6,76.6,76.2,76.2,75.9,75.9,69.2,69.2,74.5,18.2,20,20,20,13,18,60,61,61,59,58,40,39,39,41,42,61,61,No,No,No,No,No,No,No,No,No,No,Yes,Yes,Yes,Yes,Yes,No,No,Yes,62,62,59,6.348,10.981,7.298,0.082,5.778,1.723,1.145,0.505,64,11,64,64,0,0,0,0,0,0,0,0,96.9,95.8,96.3,96.7,97,97,97.2,97.6,98,0,0,0,0,0,1048.2,10.67,20,20,20,45,129,299,1,2,Yes,No,No,No,No,No,No,No,Yes,No,No,No,Yes,No,No,No,No,No,No,No,No,No,Yes,No,Yes,No,No,No,No,No,No,No,No,No,No,No,No,62,62,55,55,45,52,62,59,7363,6996,65,59,55,100,No,No,34696,80206,18.1,0.6,18.7,20.715,2.911,593926,210290,59,0.72,0.082,600,2096,2.4,1.6,0,0.7,2.7,1,0,0,0,33,1306,2651,1307,No,No,No,No,No,No,No,No,8.197,29.062,99,2.516,43.5,59.6,35.8,164.5,4.7,3.8,3.7,3.7,36.2,61.6,4.8,3.8,3.8,3.8,27.92,214.89,6.03,4.04,270.53,270.53,1.04,3.04,27.36,0.56,14.25,2383,76,45,38.4,0
1.7.2026,16:14.8,23445,810,96.6,7281,633,91.9,24.5,16341,4000,0.701,0.712,0.722,0.702,0.665,0.673,0.698,1719.7,1867.1,1965.4,1768.8,1277.5,98.3,1768.8,1791,1847.3,1849.8,1856.6,1857.5,1834.6,1819.1,1629.8,1632.9,1791,100,100,100,100,100,100,100,100,100,100,100,100,76.7,79.6,79.6,79.3,79.3,78.7,78.7,69.2,69.2,76.7,17.5,19,20,18,13,18,60,62,61,59,58,40,38,39,41,42,62,62,No,No,No,No,No,No,No,No,No,No,Yes,Yes,Yes,Yes,Yes,No,No,Yes,61,61,58,5.84,10.751,7.102,0.05,5.869,1.725,1.141,0.504,64,11,64,64,0,0,0,0,0,0,0,0,97.7,96.8,97.1,97.8,97.9,97.5,97.8,98.2,98.4,0,0,0,0,0,2096.4,21.33,36,39,39,90,129,598,1,2,Yes,No,No,No,No,No,No,No,Yes,No,No,No,No,No,No,No,No,No,No,No,No,No,No,No,No,No,No,No,No,No,No,No,No,No,No,No,No,60,62,54,55,45,52,62,59,7308,6984,65,60,55,100,No,No,34696,80206,23.7,25.3,49,28.062,55.904,594009,210455,58,0.717,0.05,600,1048,1.7,1.2,0,0.4,2.2,0,0,0,0,33,1305,2652,1305,No,No,No,No,No,No,No,No,8.196,29.062,99,2.508,43.5,59.6,1.1,1.1,1.1,1.1,1.1,1.1,1.2,1.2,1.2,1.2,1.2,1.2,871.9,871.9,871.9,871.9,871.9,871.9,1.03,1.01,870.72,1.18,814.37,2394,76,3607.2,96.8,0
1.7.2026,16:16.9,23507,748,96.9,7354,560,92.9,24.5,16341,4000,0.714,0.712,0.715,0.712,0.717,0.671,0.758,1867.1,1867.1,1867.1,1867.1,1867.1,98.3,1670.6,1795.1,1843.8,1853.2,1864.7,1869.2,1803.7,1812.4,1653,1661.1,1795.1,100,100,100,100,100,100,100,100,100,100,100,100,76.9,80.1,80.1,80.1,80.1,77.2,77.2,70.2,70.2,76.9,19,19,19,19,19,17,60,61,60,59,58,40,39,40,41,42,61,61,No,No,No,No,No,No,No,No,No,No,Yes,Yes,Yes,Yes,Yes,No,No,Yes,62,62,58,6.348,10.751,7.102,0.05,5.869,1.725,1.141,0.504,64,11,64,64,0,0,0,0,0,0,0,0,97.4,96.2,96.7,97.2,97.4,97.4,97.9,97.9,98.4,0,0,0,0,0,2096.4,21.33,36,39,39,90,129,598,1,2,Yes,No,No,No,No,No,No,No,Yes,No,No,No,No,No,No,No,No,No,No,No,No,No,No,No,No,No,No,No,No,No,No,No,No,No,No,No,No,60,62,54,55,45,52,62,59,7322,6984,65,59,55,100,No,No,34696,80206,21.8,1,22.9,32.696,5.2,594032,210459,58,0.717,0.05,600,2096,1,0.5,0,0.3,1.4,0,0,0,0,32.8,1297,2659,1293,No,No,No,No,No,No,No,No,8.195,29.062,99,2.508,43.5,59.6,5.1,21.6,2.5,2.5,2.4,2.4,5.1,18.9,2.5,2.5,2.5,2.5,194.56,402.03,46.19,43.65,408.62,408.62,0.87,0.54,193.99,0.56,337.23,2395,76,407.9,92.1,0
1.7.2026,16:19.4,23541,714,97,7427,487,93.8,24.1,16341,3943,0.707,0.702,0.705,0.665,0.672,0.673,0.758,1793.4,1670.6,1867.1,1867.1,1768.8,98.3,1080.9,1768.9,1789.1,1795.8,1792.7,1795.8,1807.9,1808,1677.1,1684.4,1768.9,100,100,100,100,100,100,100,100,100,100,100,100,76,77.5,77.5,77.1,77.1,77.9,77.9,71.7,71.7,76,18.2,17,19,19,18,11,60,61,62,59,60,40,39,38,41,40,61,62,No,No,No,No,No,No,No,No,No,No,Yes,Yes,Yes,Yes,Yes,No,No,Yes,61,61,58,5.84,11.036,7.125,0.19,5.876,1.795,1.241,0.505,64,11,64,64,0,0,0,0,0,0,0,0,97.1,96.3,96.7,97.2,97.3,97,96.7,97.5,97.9,0,0,0,0,0,2096.4,21.33,36,39,39,90,129,598,1,2,Yes,No,No,No,No,No,No,No,Yes,No,No,No,No,No,No,No,No,No,No,No,No,No,No,No,No,No,No,No,No,No,No,No,No,No,No,No,No,60,62,54,55,45,52,62,59,7308,6996,65,59,55,100,No,No,34696,80207,63.2,4.5,67.7,121.745,5.219,594384,210474,58,0.717,0.088,600,2096,5,3.8,0,0.6,6.1,0,0,0,0,33.6,1320,2637,1320,No,No,No,No,No,No,No,No,8.199,29.062,99,2.501,43.5,59.6,26.5,76.4,2.7,2.2,2.2,2.2,26.5,62.8,2.7,2.2,2.1,2.1,37.68,368.6,12.77,12.53,461.86,461.86,1.16,0.41,37.09,0.59,38.09,2395,77,89.2,32.8,0
1.7.2026,16:20.8,23541,714,97,7427,487,93.8,24.1,16341,3943,0.686,0.702,0.705,0.665,0.672,0.673,0.758,1572.3,1768.8,1768.8,1375.8,1375.8,98.3,982.7,1735.4,1756.5,1759.1,1768.7,1771.3,1762.6,1748.5,1658.3,1658.1,1735.4,100,100,100,100,100,100,100,100,100,100,100,100,74.7,75.9,75.9,75.8,75.7,75.8,75.8,71.5,71.5,74.7,16,18,18,14,14,10,60,61,61,58,58,40,39,39,42,42,61,61,No,No,No,No,No,No,No,No,No,No,Yes,Yes,Yes,Yes,Yes,No,No,Yes,61,61,58,5.84,11.036,7.125,0.19,5.876,1.795,1.241,0.505,64,11,64,64,0,0,0,0,0,0,0,0,97.3,96.5,96.8,97.5,97.6,97.2,97.2,97.7,97.8,0,0,0,0,0,1572.3,16,28,29,29,68,129,448,1,2,Yes,No,No,No,No,No,No,No,Yes,No,No,No,No,No,No,No,No,No,No,No,No,No,No,No,No,No,No,No,No,No,No,No,No,No,No,No,No,60,61,54,55,45,52,62,59,7268,6984,65,59,55,100,No,No,34696,80207,33,2,35,50.443,1.3,594460,210476,58,0.717,0.088,600,2096,5,3.8,0,1.2,6.1,0,0,0,0,33.6,1328,2629,1328,No,No,No,No,No,No,No,No,8.199,29.062,99,2.509,43.5,59.6,11.7,11.7,11.7,11.7,11.7,11.7,0,0,0,0,0,0,85.82,85.82,85.82,85.82,85.82,85.82,0,0,85.82,0,0,2395,77,53.2,122.5,0
1.7.2026,16:22.7,23528,727,97,7475,439,94.4,23.9,16341,3911,0.709,0.722,0.725,0.722,0.665,0.676,0.758,1793.4,1965.4,1965.4,1965.4,1277.5,98.3,786.1,1786.4,1842.8,1849.8,1811.5,1816.2,1877.8,1884.5,1601.8,1606.9,1786.4,100,100,100,100,100,100,100,100,100,100,100,100,76.5,79.9,79.9,77.6,77.7,80.2,80.2,68.1,68.1,76.5,18.2,20,20,20,13,8,61,63,61,61,60,39,37,39,39,40,63,63,No,No,No,No,No,No,No,No,No,No,Yes,Yes,Yes,Yes,Yes,No,No,Yes,62,62,58,5.332,11.036,7.125,0.19,5.876,1.795,1.241,0.505,64,11,64,64,0,0,0,0,0,0,0,0,97.5,96.4,96.6,97.4,97.7,97.6,98,98.1,98.4,0,0,0,0,0,2096.4,21.33,36,39,39,90,129,598,1,2,Yes,No,No,No,No,No,No,No,Yes,No,No,No,No,No,No,No,No,No,No,No,No,No,No,No,No,No,No,No,No,No,No,No,No,No,No,No,No,60,61,54,55,45,52,62,59,7295,6984,65,59,55,100,No,No,34696,80207,13.4,0.2,13.6,21.816,1.557,594487,210478,58,0.717,0.19,600,1572,1.4,0.9,0,0.4,1.8,0,0,0,0,33.4,1320,2637,1320,No,No,No,No,No,No,No,No,8.195,29.062,99,2.499,43.5,59.6,13.7,137.3,2.2,2.1,2.1,2.1,13.8,62.4,2.3,2.2,2.1,2.1,72.8,455.91,7.5,6.13,482.72,482.72,1.14,0.41,72.18,0.61,67.71,2395,77,7.2,0.4,0
1.7.2026,16:24.8,23474,781,96.7,7427,487,93.8,23.7,16341,3872,0.733,0.732,0.732,0.732,0.735,0.686,0.758,2063.6,2063.6,2063.6,2063.6,2063.6,98.3,1867.1,1795.8,1906.6,1918.6,1835.3,1840.6,1828.4,1834.5,1599.1,1603,1795.8,100,100,100,100,100,100,100,100,100,100,100,100,76.6,82.3,82.3,78.4,78.4,78,78,67.9,67.9,76.6,21,21,21,21,21,19,60,62,61,59,60,40,38,39,41,40,62,62,No,No,No,No,No,No,No,No,No,No,Yes,Yes,Yes,Yes,Yes,No,No,Yes,62,62,59,6.094,10.454,6.984,0.149,5.793,1.606,0.99,0.501,64,11,64,64,0,0,0,0,0,0,0,0,97.9,96.8,97.3,97.7,98,97.9,98.2,98.3,98.6,0,0,0,0,0,2096.4,21.33,36,39,39,90,129,598,1,2,Yes,No,No,No,No,No,No,No,Yes,No,No,No,No,No,No,No,No,No,No,No,No,No,No,No,No,No,No,No,No,No,No,No,No,No,No,No,No,60,62,54,55,45,52,62,59,7281,6996,65,59,55,100,No,No,34696,80207,23.5,5.5,29,33.49,15.872,594551,210509,59,0.72,0.054,600,2096,4.4,3.3,0,1.1,5.4,0,0,0,0,33.2,1314,2642,1315,No,No,No,No,No,No,No,No,8.195,29.062,99,2.499,43.5,59.6,30.6,90.1,11.3,11.1,11.1,11.1,30.6,60.2,12,12,12,12,32.62,88.58,11.07,9.81,89.85,89.85,0.93,0.16,32.13,0.49,30.99,2395,77,49.3,28.6,0
1.7.2026,16:26.8,23271,984,95.9,7338,576,92.7,23.7,16341,3872,0.702,0.735,0.715,0.682,0.675,0.686,0.758,1719.7,2063.6,1867.1,1572.3,1375.8,98.3,1867.1,1834.4,1937.7,1945.6,1836.1,1842.6,1901.4,1910.3,1648.4,1653.1,1834.4,100,100,100,100,100,100,100,100,100,100,100,100,77.9,83.2,83.2,78.2,78.2,80.8,80.8,69.6,69.6,77.9,17.5,21,19,16,14,19,60,61,61,59,59,40,39,39,41,41,61,61,No,No,No,No,No,No,No,No,No,No,Yes,Yes,Yes,Yes,Yes,No,No,Yes,62,62,59,5.84,11.474,8.021,0.111,5.839,1.6,0.968,0.501,64,11,64,64,0,0,0,0,0,0,0,0,98.4,97.3,97.7,98.2,98.5,98.3,98.8,99,99.3,0,0,0,0,0,1048.2,10.67,20,20,20,45,129,299,1,2,Yes,No,No,No,No,No,No,No,Yes,No,No,No,No,No,No,No,No,No,No,No,No,No,No,No,No,No,No,No,No,No,No,No,No,No,No,No,No,60,61,54,55,45,52,62,59,7295,6959,65,59,55,100,No,No,34696,80207,52,10.2,62.3,142.694,91.569,594820,210681,59,0.717,0.149,600,2096,2.8,1.9,0,0.7,3.4,0,0,0,0,33.6,1330,2627,1331,No,No,No,No,No,No,No,No,8.199,29.062,99,2.492,43.5,59.6,29,66.4,6.4,6,6,6,28.9,62.2,6.5,6.1,6,6,34.53,155.33,15.22,15.2,167.28,167.28,1.2,0.24,33.91,0.63,25.95,2395,77,10.3,7.7,0
1.7.2026,16:28.9,23452,803,96.6,7431,483,93.8,23.7,16341,3865,0.699,0.722,0.725,0.682,0.665,0.676,0.758,1695.1,1965.4,1965.4,1572.3,1277.5,98.3,1572.3,1838,1925.2,1935.1,1786,1793.1,1936.6,1942.3,1689.7,1696,1838,100,100,100,100,100,100,100,100,100,100,100,100,78.4,82.9,82.9,76.4,76.4,82.5,82.5,71.8,71.8,78.4,17.2,20,20,16,13,16,60,62,61,59,57,40,38,39,41,43,62,62,No,No,No,No,No,No,No,No,No,No,Yes,Yes,Yes,Yes,Yes,No,No,Yes,61,61,58,5.078,11.474,8.021,0.111,5.839,1.6,0.968,0.501,64,11,64,64,0,0,0,0,0,0,0,0,98,96.9,97.5,97.7,98.1,98,98.3,98.5,98.9,0,0,0,0,0,2096.4,21.33,36,39,39,90,129,598,1,2,Yes,No,No,No,No,No,No,No,Yes,No,No,No,No,No,No,No,No,No,No,No,No,No,No,No,No,No,No,No,No,No,No,No,No,No,No,No,No,60,61,54,55,45,52,62,59,7308,6971,65,59,55,100,No,No,34696,80208,38.9,0.1,39,112.062,2.059,595043,210685,59,0.717,0.111,600,1048,2.1,1.5,0,0.5,2.6,0,0,0,0,33.3,1319,2638,1320,No,No,No,No,No,No,No,No,8.195,29.062,99,2.491,43.5,59.6,3.7,3.7,3.7,3.7,3.7,3.7,3.8,3.8,3.8,3.8,3.8,3.8,271.58,271.58,271.58,271.58,271.58,271.58,1.29,0.4,271.03,0.55,249.53,2395,77,4.2,4.2,0
1.7.2026,16:30.8,23453,802,96.6,7212,702,91.1,23.8,16341,3881,0.692,0.692,0.65,0.712,0.715,0.673,0.758,1646,1670.6,1179.2,1867.1,1867.1,98.3,1670.6,1826.9,1908.4,1914,1793.6,1796.5,1896.6,1905.7,1693.4,1707,1826.9,100,100,100,100,100,100,100,100,100,100,100,100,78,82.2,82.2,76.7,76.7,81.3,81.3,71.9,71.9,78,16.8,17,12,19,19,17,60,61,60,59,59,40,39,40,41,41,61,61,No,No,No,No,No,No,No,No,No,No,Yes,Yes,Yes,Yes,Yes,No,No,Yes,62,62,59,5.078,11.363,7.783,0.094,5.861,1.677,1.092,0.505,64,11,64,64,0,0,0,0,0,0,0,0,97.7,96.9,97.3,97.6,97.8,97.5,98,98.2,98.4,0,0,0,0,0,1048.2,10.67,20,20,20,45,129,299,1,2,Yes,No,No,No,No,No,No,No,Yes,No,No,No,No,No,No,No,No,No,No,No,No,No,No,No,No,No,No,No,No,No,No,No,No,No,No,No,No,60,61,54,54,44,52,62,59,7308,7021,65,59,55,100,No,No,34696,80208,25.8,26.2,52,49.567,72.886,595145,210836,59,0.717,0.069,600,2096,2.3,1.6,0,0.6,2.9,0,0,0,0,33.1,1308,2649,1308,No,No,No,No,No,No,No,No,8.196,29.062,99,2.508,43.5,59.6,24,67.3,4.4,4,4,4,24,60.1,4.3,4,4,4,41.63,229.37,14.89,14.78,249.56,249.56,1.24,0.2,41.05,0.58,26.41,2395,77,0.6,5.4,0
1.7.2026,16:32.8,23465,790,96.7,7182,732,90.7,24.4,16341,3987,0.689,0.685,0.725,0.682,0.665,0.678,0.701,1596.9,1572.3,1965.4,1572.3,1277.5,98.3,1375.8,1780.7,1879.4,1889.3,1820.1,1821.4,1825.3,1830.6,1599.1,1580.3,1780.7,100,100,100,100,100,100,100,100,100,100,100,100,75.9,80.8,80.8,77.4,77.4,77.8,77.8,67.8,67.8,75.9,16.2,16,20,16,13,14,60,62,60,58,58,40,38,40,42,42,62,62,No,No,No,No,No,No,No,No,No,No,Yes,Yes,Yes,Yes,Yes,No,No,Yes,62,62,60,5.84,10.772,7.267,0.142,5.791,1.591,0.981,0.496,64,11,64,64,0,0,0,0,0,0,0,0,98.1,97.2,97.7,98.1,98.1,98.1,98.4,98.5,98.7,0,0,0,0,0,2096.4,21.33,36,39,39,90,129,598,1,2,Yes,No,No,No,No,No,No,No,Yes,No,No,No,No,No,No,No,No,No,No,No,No,No,No,No,No,No,No,No,No,No,No,No,No,No,No,No,No,60,61,54,54,44,52,62,59,7295,6996,65,59,55,100,No,No,34696,80208,16.1,11.8,27.9,17.24,28.002,595175,210884,58,0.72,0.094,600,1048,4,3,0,1,5,0,0,0,0,33.6,1331,2626,1331,No,No,No,No,No,No,No,No,8.195,29.062,99,2.491,43.5,59.6,44,65.9,7.7,6.3,6.1,6.1,44,62.4,7.5,6.1,6,6,22.75,130.2,15.6,15.5,162.57,162.57,1.25,0.82,22.24,0.51,11.41,2395,77,30.7,13.3,0
1.7.2026,16:34.7,23461,794,96.7,7181,733,90.7,24.4,16341,3987,0.704,0.742,0.667,0.682,0.725,0.698,0.701,1768.8,2161.9,1375.8,1572.3,1965.4,98.3,982.7,1926.7,2085.8,2094.4,1932.2,1935.8,1994.3,1998.7,1685.3,1687,1926.7,100,100,100,100,100,100,100,100,100,100,100,100,81.8,89.4,89.4,82.1,82.1,84.5,84.5,71.1,71.1,81.8,18,22,14,16,20,10,60,63,60,59,60,40,37,40,41,40,63,63,No,No,No,No,No,No,No,No,No,No,Yes,Yes,Yes,Yes,Yes,No,No,Yes,62,62,58,6.856,11.913,8.556,0.142,5.913,1.471,0.768,0.501,64,11.5,64,64,0,0,0,0,0,0,0,0,98.3,97.4,97.8,98.3,98.5,98.5,98.7,98.7,98.8,0,0,0,0,0,2096.4,21.33,36,39,39,90,129,598,1,2,Yes,No,No,No,No,No,No,No,Yes,No,No,No,No,No,No,No,No,No,No,No,No,No,No,No,No,No,No,No,No,No,No,No,No,No,No,No,No,60,62,54,54,44,52,62,59,7308,7021,65,59,55,100,No,No,34696,80208,11.8,0.4,12.2,5.528,1.096,595185,210886,58,0.72,0.142,600,2096,3.8,2.8,0,0.9,4.6,0,0,0,0,33.6,1331,2625,1332,No,No,No,No,No,No,No,No,8.196,29.062,99,2.492,43.5,59.6,43.8,67.2,18.8,18.6,18.5,18.5,44.1,60.2,19.9,19.9,19.9,19.9,22.82,53.05,14.89,14.75,53.84,53.84,1.18,0.24,22.3,0.52,7.82,2395,77,30,23.1,0
1.7.2026,16:36.7,23471,784,96.7,7191,723,90.8,24.4,16341,3987,0.739,0.757,0.757,0.755,0.688,0.708,0.701,2088.2,2260.2,2260.2,2260.2,1572.3,98.3,1080.9,1967.8,2110.7,2117.2,1947,1949.8,2020.4,2023.2,1786.9,1787.3,1967.8,100,100,100,100,100,100,100,100,100,100,100,100,83.5,90.2,90.2,82.5,82.5,85.6,85.6,75.5,75.5,83.4,21.2,23,23,23,16,11,61,62,61,61,59,39,38,39,39,41,62,62,No,No,No,No,No,No,No,No,No,No,Yes,Yes,Yes,Yes,Yes,No,No,Yes,62,62,58,8.633,11.421,8.176,0.11,5.977,1.436,0.698,0.5,64,11.5,64,64,0,0,0,0,0,0,0,0,98.5,97.8,98,98.5,98.6,98.6,98.7,98.8,98.9,0,0,0,0,0,2096.4,21.33,36,39,39,90,129,598,1,2,Yes,No,No,No,No,No,No,No,Yes,No,No,No,No,No,No,No,No,No,No,No,No,No,No,No,No,No,No,No,No,No,No,No,No,No,No,No,No,60,62,54,54,44,52,62,59,7295,7021,65,60,55,100,No,No,34696,80208,31.9,6.5,38.4,2.267,2.246,595189,210891,58,0.717,0.142,600,2096,2.6,2,0,0.7,3.3,0,0,0,0,33.4,1323,2634,1323,No,No,No,No,No,No,No,No,8.196,29.062,99,2.483,43.5,59.6,13.6,71.8,2.5,2.4,2.4,2.4,13.6,60.6,2.5,2.4,2.4,2.4,73.23,405.99,13.84,13.69,422.24,422.24,1.2,0.18,72.74,0.49,90.85,2395,77,28.4,6.3,0
1.7.2026,16:38.7,23453,801,96.6,7194,720,90.8,24.4,16341,3987,0.714,0.76,0.705,0.692,0.7,0.708,0.713,1842.5,2260.2,1768.8,1670.6,1670.6,98.3,1867.1,1997.9,2155.7,2158.2,2015,2016.5,2061.3,2064.2,1755,1756.9,1997.9,100,100,100,100,100,100,100,100,100,100,100,100,84.7,92.2,92.2,85.4,85.4,87.3,87.3,74,74,84.7,18.8,23,18,17,17,19,61,62,62,59,60,39,38,38,41,40,63,62,No,No,No,No,No,No,No,No,No,No,Yes,Yes,Yes,Yes,Yes,No,No,Yes,62,62,58,6.602,11.96,8.702,0.12,6.049,1.447,0.731,0.501,64,12,64,64,0,0,0,0,0,0,0,0,98.4,97.6,97.7,98.4,98.5,98.5,98.7,98.7,98.8,0,0,0,0,0,2096.4,21.33,36,39,39,90,129,598,1,2,Yes,No,No,No,No,No,No,No,Yes,No,No,No,No,No,No,No,No,No,No,No,No,No,No,No,No,No,No,No,No,No,No,No,No,No,No,No,No,61,62,54,54,44,52,62,59,7295,7034,65,60,55,100,No,No,34696,80208,12.4,0.3,12.7,4.572,1.035,595198,210893,58,0.717,0.11,600,2096,3.2,2.3,0,0.8,3.9,0,0,0,0,33.4,1322,2635,1322,No,No,No,No,No,No,No,No,8.195,29.062,99,2.483,43.5,59.6,20.1,159.2,4.2,3.8,3.8,3.8,19.7,60.1,4.1,3.8,3.8,3.8,49.74,239.37,6.27,4.59,262.73,262.73,1.33,5.87,49.25,0.49,35.14,2395,77,35.3,29.3,0
1.7.2026,16:40.8,23433,821,96.6,7178,736,90.6,24.4,16341,3987,0.724,0.757,0.705,0.755,0.68,0.708,0.758,1940.8,2260.2,1768.8,2260.2,1474,98.3,1080.9,2035.6,2205.7,2214.8,2052.9,2054.5,2067.9,2072.5,1808.2,1808.5,2035.6,100,100,100,100,100,100,100,100,100,100,100,100,86.4,94.2,94.2,87.3,87.3,87.7,87.7,76.6,76.6,86.4,19.8,23,18,23,15,11,61,63,61,61,60,39,37,39,39,40,63,63,No,No,No,No,No,No,No,No,No,No,Yes,Yes,Yes,Yes,Yes,No,No,Yes,63,63,58,7.617,12.382,9.105,0.174,6.085,1.463,0.768,0.499,64,12,64,64,0,0,0,0,0,0,0,0,98.5,97.7,98.2,98.4,98.5,98.5,98.7,98.8,98.8,0,0,0,0,0,2096.4,21.33,36,39,39,90,129,598,1,2,Yes,No,No,No,No,No,No,No,Yes,No,No,No,No,No,No,No,No,No,No,No,No,No,No,No,No,No,No,No,No,No,No,No,No,No,No,No,No,60,62,54,54,44,52,62,59,7308,7034,65,60,55,100,No,No,34696,80208,12.5,2.9,15.4,8.954,8.977,595215,210910,58,0.717,0.12,600,2096,4.7,3.7,0,1.1,5.5,0,0,0,0,33.4,1323,2633,1324,No,No,No,No,No,No,No,No,8.199,29.062,99,2.484,43.5,59.6,41.1,67.5,12.3,11.2,11.1,11.1,41.1,61.7,11.5,10.1,10,10,24.34,80.99,14.78,14.77,89.46,89.46,1.11,0.15,23.8,0.54,10.21,2395,77,15.3,14.2,0
1.7.2026,16:42.8,23432,823,96.6,7193,721,90.8,24.4,16341,3987,0.704,0.74,0.705,0.702,0.67,0.696,0.758,1768.8,2161.9,1768.8,1768.8,1375.8,98.3,1965.4,2043.2,2191.2,2201.8,2002.2,2005.9,2111.8,2118.3,1855.6,1858.5,2043.2,100,100,100,100,100,100,100,100,100,100,100,100,86.9,93.9,93.9,85.1,85.1,89.8,89.8,78.7,78.6,86.9,18,22,18,18,14,20,60,62,61,59,60,40,38,39,41,40,62,62,No,No,No,No,No,No,No,No,No,No,Yes,Yes,Yes,Yes,Yes,No,No,Yes,62,62,59,6.094,12.118,8.889,0.109,6.088,1.466,0.772,0.5,64,12,64,64,0,0,0,0,0,0,0,0,98.3,97.5,98,98.2,98.4,98.2,98.5,98.6,98.8,0,0,0,0,0,1048.2,10.67,20,20,20,45,129,299,1,2,Yes,No,No,No,No,No,No,No,Yes,No,No,No,No,No,No,No,No,No,No,No,No,No,No,No,No,No,No,No,No,No,No,No,No,No,No,No,No,61,62,54,54,44,52,62,59,7295,7034,65,59,55,100,No,No,34696,80208,48.7,1.9,50.5,20.528,4.115,595258,210918,59,0.717,0.174,600,2096,2.7,2,0,0.6,3.2,0,0,0,0,33.7,1333,2624,1332,No,No,No,No,No,No,No,No,8.199,29.062,99,2.468,43.5,59.6,55.9,69.9,19.5,19.3,19.3,19.3,55.9,63.5,20,20,20,20,17.89,51.29,14.52,13.56,51.75,51.75,0.95,0.25,17.48,0.41,2.95,2395,77,1.5,31.6,0
1.7.2026,16:44.8,23449,805,96.6,7222,692,91.2,24.4,16341,3987,0.743,0.757,0.755,0.755,0.705,0.708,0.758,2137.3,2260.2,2260.2,2260.2,1768.8,98.3,1277.5,2090.1,2250.5,2259,2100.9,2104.7,2152.3,2157.4,1846.8,1849,2090.1,100,100,100,100,100,100,100,100,100,100,100,100,88.7,96.6,96.5,89.2,89.2,91.3,91.3,78,78,88.7,21.8,23,23,23,18,13,62,64,62,61,62,38,36,38,39,38,64,64,No,No,No,No,No,No,No,No,No,No,Yes,Yes,Yes,Yes,Yes,No,No,Yes,64,64,60,8.633,11.91,8.6,0.118,6.151,1.459,0.728,0.5,64,12.5,64,64,0,0,0,0,0,0,0,0,98.3,97.3,97.7,98.3,98.4,98.5,98.7,98.8,98.9,0,0,0,0,0,1048.2,10.67,20,20,20,45,129,299,1,2,Yes,No,No,No,No,No,No,No,Yes,No,No,No,No,No,No,No,No,No,No,No,No,No,No,No,No,No,No,No,No,No,No,No,No,No,No,No,No,61,62,54,54,44,52,62,59,7281,7034,65,60,55,100,No,No,34696,80208,10.2,0.1,10.3,4.117,0.146,595266,210919,58,0.717,0.109,600,1048,2.8,2,0,0.7,3.4,0,0,0,0,33.8,1337,2619,1338,No,No,No,No,No,No,No,No,8.195,29.062,99,2.467,43.5,59.6,9,101.1,2,1.9,1.9,1.9,9,60.2,2.1,1.9,1.9,1.9,111.55,489.88,9.25,8.11,521.3,521.3,0.68,0.62,111.01,0.54,149.4,2395,77,49.4,18,0
1.7.2026,16:46.8,23519,736,96.9,7260,654,91.7,24.4,16341,3987,0.732,0.722,0.755,0.77,0.682,0.708,0.698,2014.5,1965.4,2260.2,2358.4,1474,98.3,1080.9,2086.9,2247.7,2249.5,2119.9,2123.8,2139.6,2146.7,1831.8,1836.1,2086.9,100,100,100,100,100,100,100,100,100,100,100,100,88.7,96.1,96.1,90.2,90.2,91,91,77.7,77.7,88.7,20.5,20,23,24,15,11,62,64,64,59,60,38,36,36,41,40,64,64,No,No,No,No,No,No,No,No,No,No,Yes,Yes,Yes,Yes,Yes,No,No,Yes,63,63,58,5.586,12.933,9.617,0.096,6.235,1.5,0.802,0.503,64,12.5,64,64,0,0,0,0,0,0,0,0,98.3,97.6,97.8,98.3,98.5,98.3,98.6,98.6,98.8,0,0,0,0,0,1048.2,10.67,20,20,20,45,129,299,1,2,Yes,No,No,No,No,No,No,No,Yes,No,No,No,No,No,No,No,No,No,No,No,No,No,No,No,No,No,No,No,No,No,No,No,No,No,No,No,No,61,62,54,54,45,52,62,58,7308,7021,65,59,55,100,No,No,34696,80208,21.8,0.1,21.9,6.268,0.159,595278,210919,59,0.717,0.118,600,1048,2.3,1.7,0,0.5,2.7,0,0,0,0,34.2,1352,2604,1353,No,No,No,No,No,No,No,No,8.195,29.062,99,2.467,43.5,59.6,19.3,65.1,5.5,5.4,5.4,5.4,19.3,61.6,5.5,5.5,5.5,5.5,51.84,183.07,15.35,15.32,184.54,184.54,0.72,0,51.84,0,37.67,2396,77,153.4,40.1,0
1.7.2026,16:48.8,23488,767,96.8,7297,617,92.1,24.4,16341,3986,0.768,0.772,0.767,0.767,0.765,0.718,0.698,2358.4,2358.4,2358.4,2358.4,2358.4,98.3,1179.2,2048.4,2154.4,2168.9,2098.2,2100.8,2085.9,2091.8,1841.3,1845.4,2048.4,100,100,100,100,100,100,100,100,100,100,100,100,87,92.4,92.4,89.2,89.2,88.5,88.5,77.8,77.8,87,24,24,24,24,24,12,62,64,63,61,62,38,36,37,39,38,64,64,No,No,No,No,No,No,No,No,No,No,Yes,Yes,Yes,Yes,Yes,No,No,Yes,64,64,58,8.125,11.694,8.266,0.1,6.145,1.549,0.898,0.502,64,12,64,64,0,0,0,0,0,0,0,0,98.3,97.5,98,98.3,98.4,98.2,98.5,98.6,98.8,0,0,0,0,0,2096.4,21.33,36,39,39,90,129,598,1,2,Yes,No,No,No,No,No,No,No,Yes,No,No,No,No,No,No,No,No,No,No,No,No,No,No,No,No,No,No,No,No,No,No,No,No,No,No,No,No,61,62,54,54,45,52,62,58,7308,7021,65,59,55,100,No,No,34696,80208,11.6,0.6,12.2,13.266,0.77,595303,210920,58,0.717,0.096,600,1048,2.3,1.5,0,0.6,3,0,0,0,0,34.3,1355,2602,1355,No,No,No,No,No,No,No,No,8.195,29.062,99,2.475,43.5,59.6,38.6,70,10.4,9.8,9.7,9.7,38.6,60.1,10.7,10.1,10,10,25.93,95.85,14.29,14.17,102.68,102.68,0.65,0,25.93,0,61.9,2396,77,129.2,33.3,0
1.7.2026,16:50.7,23500,755,96.8,7331,583,92.6,24.4,16341,3985,0.73,0.74,0.742,0.74,0.697,0.698,0.758,2039.1,2161.9,2161.9,2161.9,1670.6,98.3,1179.2,1986.8,2114.5,2118.4,2046.1,2046.5,2051.2,2053.4,1730.7,1733.4,1986.8,100,100,100,100,100,100,100,100,100,100,100,100,84.7,90.8,90.8,87.1,87.1,87.3,87.3,73.5,73.5,84.7,20.8,22,22,22,17,12,62,63,62,61,60,38,37,38,39,40,63,63,No,No,No,No,No,No,No,No,No,No,Yes,Yes,Yes,Yes,Yes,No,No,Yes,64,64,60,6.094,11.956,8.393,0.172,6.089,1.61,0.975,0.505,64,12,64,64,0,0,0,0,0,0,0,0,98.1,97.2,97.5,98.1,98.1,98.2,98.3,98.6,98.7,0,0,0,0,0,2096.4,21.33,36,39,39,90,129,598,1,2,Yes,No,No,No,No,No,No,No,Yes,No,No,No,No,No,No,No,No,No,No,No,No,No,No,No,No,No,No,No,No,No,No,No,No,No,No,No,No,62,63,54,54,45,52,62,58,7295,7046,65,59,55,100,No,No,34696,80208,12.2,0.6,12.8,13.951,1.186,595332,210923,59,0.717,0.1,600,2096,4.3,3.3,0,1,5.1,0,0,0,0,34,1346,2611,1337,No,No,No,No,No,No,No,No,8.196,29.062,99,2.467,43.5,59.6,25.2,120.7,4.5,4.2,4.2,4.2,25.1,60.2,4.6,4.3,4.3,4.3,39.65,221.27,8.2,7.57,238.21,238.21,0.99,0.69,39.22,0.43,39.38,2397,77,539.9,45.9,0
1.7.2026,16:52.7,23494,761,96.8,7383,531,93.2,24.4,16341,3985,0.731,0.732,0.755,0.755,0.68,0.708,0.698,2014.5,2063.6,2260.2,2260.2,1474,98.3,1474,1981.5,2081.9,2089.1,1928.7,1939.3,1996.7,2003,1899.6,1913.4,1981.5,100,100,100,100,100,100,100,100,100,100,100,100,84.4,89.5,89.4,82.4,82.4,84.9,84.9,80.9,80.9,84.4,20.5,21,23,23,15,15,61,62,62,61,60,39,38,38,39,40,62,62,No,No,No,No,No,No,No,No,No,No,Yes,Yes,Yes,Yes,Yes,No,No,Yes,63,63,59,7.109,11.956,8.393,0.172,6.089,1.61,0.975,0.505,64,12,64,64,0,0,0,0,0,0,0,0,98.1,97.1,97.5,97.8,98.3,98.2,98.5,98.1,98.8,0,0,0,0,0,1048.2,10.67,20,20,20,45,129,299,1,2,Yes,No,No,No,No,No,No,No,Yes,No,No,No,No,No,No,No,No,No,No,No,No,No,No,No,No,No,No,No,No,No,No,No,No,No,No,No,No,62,63,54,54,45,52,62,58,7295,7021,65,60,55,100,No,No,34696,80208,6.7,0.1,6.7,4.189,0.333,595340,210924,59,0.717,0.172,600,2096,3.6,2.9,0,1.1,5.5,0,0,0.1,0,34.3,1356,2600,1357,No,No,No,No,No,No,No,No,8.196,29.062,99,2.467,43.5,59.6,11.5,65.5,2.2,2.1,2.1,2.1,11.5,62.3,2.2,2.1,2.1,2.1,87.17,457.8,15.26,15.16,483.8,483.8,0.34,9.99,87.17,0,113.41,2397,77,19.7,4.1,0
1.7.2026,16:54.8,23509,745,96.9,7470,444,94.3,24.4,16341,3985,0.696,0.712,0.712,0.677,0.68,0.671,0.698,1670.6,1867.1,1867.1,1474,1474,98.3,884.4,1913.8,2018.4,2025.1,1873.4,1864.1,1954.1,1952.5,1806.9,1815.7,1913.8,100,100,100,100,100,100,100,100,100,100,100,100,81.6,86.7,86.7,79.4,79.4,83.2,83.2,76.9,76.9,81.6,17,19,19,15,15,9,60,62,61,58,58,40,38,39,42,42,62,62,No,No,No,No,No,No,No,No,No,No,Yes,Yes,Yes,Yes,Yes,No,No,Yes,62,61,58,4.57,12.325,8.996,0.145,6.046,1.504,0.81,0.5,64,11.5,64,64,0,0,0,0,0,0,0,0,98.1,97.1,97.6,98.6,98.1,98.2,98.2,98.3,98.8,0,0,0,0,0,1048.2,10.67,20,20,20,45,129,299,1,2,Yes,No,No,No,No,No,No,No,Yes,No,No,No,Yes,No,No,No,No,No,No,No,No,No,Yes,No,Yes,No,No,No,No,No,No,No,No,No,No,No,No,62,62,54,54,45,52,62,58,7295,7034,65,59,55,100,No,No,34696,80208,7.4,1.1,8.4,7.543,0.354,595355,210924,58,0.772,0.145,900,1048,5.7,4.2,0,4.2,11.1,8.1,0,1.7,0,34.6,1370,2586,1371,No,No,No,No,No,No,No,No,8.195,29.062,99,2.467,43.5,59.6,30.6,61.7,5.7,5.1,5,5,28.5,60.3,5.6,5.1,5,5,32.73,175.46,16.2,16.2,199.9,199.9,0.7,0,32.73,0,20.79,2397,77,0.1,0.1,0
1.7.2026,16:56.8,23518,736,96.9,7466,448,94.3,24.4,16341,3984,0.732,0.742,0.732,0.73,0.725,0.696,0.758,2063.6,2161.9,2063.6,2063.6,1965.4,98.3,1965.4,1853.3,1927.2,1939.8,1914.3,1900.1,1862.2,1862.4,1706.6,1713.7,1853.3,100,100,100,100,100,100,100,100,100,100,100,100,78.8,83,83,80.9,80.9,79.1,79.1,72.3,72.3,78.8,21,22,21,21,20,20,61,62,61,61,61,39,38,39,39,39,62,62,No,No,No,No,No,No,No,No,No,No,Yes,Yes,Yes,Yes,Yes,No,No,Yes,62,62,60,7.363,11.572,7.937,0.33,5.99,1.589,0.972,0.5,64,11.5,64,64,0,0,0,0,0,0,0,0,98,97,97.5,98.7,98,98.1,98.1,98.3,98.7,0,0,0,0,0,2096.4,21.33,36,39,39,90,129,598,1,2,Yes,No,No,No,No,No,No,No,Yes,No,No,No,Yes,No,No,No,No,No,No,No,No,No,Yes,No,Yes,No,No,No,No,No,No,No,No,No,No,No,No,62,62,54,54,45,52,62,58,7308,7021,65,59,55,100,No,No,34696,80208,8.3,0.1,8.5,9.455,0.37,595373,210925,59,0.762,0.261,850,1048,6.5,4.7,0,2.6,7,2.2,0,3.9,0,34.4,1361,2595,1361,No,No,No,No,No,No,No,No,8.196,29.062,99,2.467,43.5,59.6,47,67.9,22.9,20.3,20,20,39,61.9,20,20,20,20,21.27,43.76,14.73,14.46,49.99,49.99,0.31,0.76,21.27,0,5.87,2397,77,13.5,8.3,0
1.7.2026,16:58.8,23562,693,97.1,7505,409,94.8,24,16341,3920,0.717,0.715,0.715,0.712,0.725,0.673,0.758,1891.7,1867.1,1867.1,1867.1,1965.4,98.3,1474,1748.4,1856.4,1859.3,1850.8,1837,1782.6,1787.3,1505.4,1508.7,1748.4,100,100,100,100,100,100,100,100,100,100,100,100,74.6,79.9,79.9,78.5,78.5,76.2,76.2,63.9,63.9,74.6,19.2,19,19,19,20,15,60,61,60,59,60,40,39,40,41,40,61,61,No,No,No,No,No,No,No,No,No,No,Yes,Yes,Yes,Yes,Yes,No,No,Yes,62,62,59,5.586,10.885,6.923,0.481,5.929,1.709,1.168,0.501,64,11,64,64,0,0,0,0,0,0,0,0,97.9,96.8,97.2,98.6,97.8,97.8,98.1,98.2,98.4,0,0,0,0,0,1048.2,10.67,20,20,20,45,129,299,1,2,Yes,No,No,No,No,No,No,No,Yes,No,No,No,Yes,No,No,No,No,No,No,No,No,No,Yes,No,Yes,No,No,No,No,No,No,No,No,No,No,No,No,60,62,54,54,45,52,62,58,7308,7021,65,59,55,100,No,No,34696,80208,13.5,0.6,14,23.63,2.344,595421,210930,58,0.717,0.481,900,2096,10.2,8.2,0,3.7,11.8,2.2,0,4.2,0,34,1343,2614,1346,No,No,No,No,No,No,No,No,8.195,29.062,99,2.467,43.5,59.6,38.6,71.6,13.6,11.8,11.6,11.6,33.2,60.8,6,4.7,4.6,4.6,25.91,73.38,13.96,13.61,85.84,85.84,0.8,1.15,25.91,0,9.03,2397,77,14.4,4.5,0
1.7.2026,17:01.0,23544,711,97,7659,255,96.7,23.4,16341,3818,0.717,0.735,0.677,0.732,0.715,0.698,0.758,1891.7,2063.6,1474,2063.6,1867.1,98.3,1474,1748.4,1787.9,1808.2,1646.2,1633.3,1850.9,1857,1851.2,1857.6,1786.5,100,100,100,100,100,100,100,100,100,100,100,100,74.6,79.9,79.9,78.5,78.5,76.2,76.2,63.9,63.9,74.6,19.2,19,19,19,20,15,60,61,60,59,60,40,39,40,41,40,61,61,No,No,No,No,No,No,No,No,No,No,Yes,Yes,Yes,Yes,Yes,No,No,Yes,61,61,58,4.824,10.924,7.407,0.167,5.795,1.608,1.068,0.498,64,11,64,64,0,0,0,0,0,0,0,0,97.9,96.8,97.2,98.6,97.8,97.8,98.1,98.2,98.4,0,0,0,0,0,1048.2,10.67,20,20,20,45,129,299,1,2,Yes,No,No,No,No,No,No,No,Yes,No,No,No,Yes,No,No,No,No,No,No,No,No,No,Yes,No,Yes,No,No,No,No,No,No,No,No,No,No,No,No,60,62,54,54,45,52,62,58,7295,7021,65,59,55,100,No,No,34696,80208,13.5,0.6,14,23.63,2.344,595421,210930,58,0.772,0.481,900,1048,4.7,3.3,0,1.7,5.3,3,0,0.4,0,33.4,1320,2637,1320,No,No,No,No,No,No,No,No,8.195,29.062,99,2.467,43.5,59.6,38.6,71.6,13.6,11.8,11.6,11.6,33.2,60.8,6,4.7,4.6,4.6,25.91,73.38,13.96,13.61,85.84,85.84,0.8,1.15,25.91,0,9.03,2397,77,14.4,4.5,0
1.7.2026,17:02.7,23544,711,97,7519,395,94.9,23.4,16341,3828,0.679,0.695,0.64,0.667,0.715,0.663,0.758,1498.6,1670.6,1080.9,1375.8,1867.1,98.3,1474,1772.5,1791.8,1798.9,1677.1,1666.6,1811.4,1813.8,1806.5,1814,1772.5,100,100,100,100,100,100,100,100,100,100,100,100,76.8,77.6,77.6,71.4,71.4,78.1,78.1,79.9,79.9,76.8,15.2,17,11,14,19,15,60,61,60,58,59,40,39,40,42,41,61,61,No,No,No,No,No,No,No,No,No,No,Yes,Yes,Yes,Yes,Yes,No,No,Yes,61,61,58,4.824,10.936,7.253,0.212,5.874,1.653,1.089,0.5,64,11.5,64,64,0,0,0,0,0,0,0,0,97.2,96.3,96.9,98.2,97.6,97,97.1,96.9,97.5,0,0,0,0,0,2096.4,21.33,36,39,39,90,129,598,1,2,Yes,No,No,No,No,No,No,No,Yes,No,No,No,Yes,No,No,No,No,No,No,No,No,No,Yes,No,No,No,No,No,No,No,No,No,No,No,No,No,No,62,62,53,54,44,51,61,58,7295,7021,65,59,55,100,No,No,34697,80208,80.2,100,100,69.087,262.721,595790,211026,58,0.717,0.167,600,1048,4.9,3.8,0,2.3,6.4,4.9,0,0.1,0,33.9,1342,2614,1343,No,No,No,No,No,No,No,No,8.199,29.062,99,2.46,43.5,59.6,31.4,66.5,3.6,2.9,2.9,2.9,31.3,61.4,3.6,2.9,2.9,2.9,31.89,276.81,15.04,14.74,349.48,349.48,0.71,0,31.89,0,29.54,2397,77,1.9,19.2,0
1.7.2026,17:04.8,23505,750,96.9,7410,504,93.6,23.3,16341,3815,0.747,0.722,0.742,0.767,0.755,0.708,0.758,2161.9,1965.4,2161.9,2260.2,2260.2,98.3,1080.9,1879.7,1955.1,1967.4,1846.9,1836.9,1941.7,1949.7,1767.2,1772.7,1879.7,100,100,100,100,100,100,100,100,100,100,100,100,80,84.1,84.1,77.9,77.9,83,83,75,75,80,22,20,22,23,23,11,62,62,61,61,62,38,38,39,39,38,62,62,No,No,No,No,No,No,No,No,No,No,Yes,Yes,Yes,Yes,Yes,No,No,Yes,62,62,58,6.348,10.936,7.253,0.212,5.874,1.653,1.089,0.5,64,11.5,64,64,0,0,0,0,0,0,0,0,98,97.1,97.6,98.8,98.2,97.5,97.8,98.2,98.4,0,0,0,0,0,1048.2,10.67,20,20,20,45,129,299,1,2,Yes,No,No,No,No,No,No,No,Yes,No,No,No,Yes,No,No,No,No,No,No,No,No,No,Yes,No,Yes,No,No,No,No,No,No,No,No,No,No,No,No,60,62,53,54,44,51,61,58,7308,7021,65,59,55,100,No,No,34697,80208,68.5,11.5,80,80.869,22.989,595941,211069,58,0.772,0.212,900,2096,1.5,0.7,0,1.5,3.3,4.1,0,0,0,33.6,1329,2628,1329,No,No,No,No,No,No,No,No,8.199,29.062,99,2.468,43.5,59.6,44,62,20,20,20,20,44,60.6,20,20,20,20,22.73,49.95,16.14,16.12,49.98,49.98,0.22,0,22.73,0,3.36,2397,77,0.8,0.2,0
1.7.2026,17:06.8,23508,747,96.9,7771,143,98.1,23.3,16341,3814,0.735,0.76,0.685,0.755,0.74,0.708,0.698,2063.6,2260.2,1572.3,2260.2,2161.9,98.3,1080.9,1924.7,1992.7,2009.6,1827.7,1815,1999.9,2000.9,1873.2,1879.1,1924.7,100,100,100,100,100,100,100,100,100,100,100,100,81.5,85.9,85.9,77.4,77.4,85.8,85.8,76.8,76.8,81.5,21,23,16,23,22,11,62,62,61,62,62,38,38,39,38,38,62,62,No,No,No,No,No,No,No,No,No,No,Yes,Yes,Yes,Yes,Yes,No,No,Yes,62,62,58,6.856,11.849,8.416,0.226,5.988,1.538,0.912,0.498,64,11.5,64,64,0,0,0,0,0,0,0,0,97.7,96.9,97.8,98.8,98.1,97.3,97.1,97.6,97.9,0,0,0,0,0,2096.4,21.33,36,39,39,90,129,598,1,2,Yes,No,No,No,No,No,No,No,Yes,No,No,No,Yes,No,No,No,No,No,No,No,No,No,Yes,No,Yes,No,No,No,No,No,No,No,No,No,No,No,No,61,62,53,54,44,51,61,58,7295,7021,65,59,55,100,No,No,34697,80208,100,30.5,100,110.984,0.214,596266,211070,59,0.772,0.065,900,1048,5.2,3.8,0,1.7,5.8,2.6,0,0,0,33,1305,2651,1306,No,No,No,No,No,No,No,No,8.195,29.062,99,2.467,43.5,59.6,28,80.7,4.4,4,4,4,23.5,60.4,4.3,4,4,4,35.77,224.74,12.39,12.06,249.91,249.91,0.11,0,35.77,0,52.31,2397,77,0.4,1,0
1.7.2026,17:08.9,23511,744,96.9,7804,110,98.6,22.9,16341,3747,0.752,0.742,0.757,0.755,0.755,0.696,0.758,2235.6,2161.9,2260.2,2260.2,2260.2,98.3,1375.8,1891.9,1892.1,1904.9,1738.5,1739.5,1995.4,1956.4,1951.4,1957.2,1891.9,100,100,100,100,100,100,100,100,100,100,100,100,81.6,81.8,81.8,73.9,73.9,85.5,85.5,85,85,81.5,22.8,22,23,23,23,14,62,63,61,61,62,38,37,39,39,38,63,63,No,No,No,No,No,No,No,No,No,No,Yes,Yes,Yes,Yes,Yes,No,No,Yes,62,62,59,7.109,11.317,7.718,0.1,5.976,1.64,1.081,0.499,64,12,64,64,0,0,0,0,0,0,0,0,97.3,96.6,97.3,98.2,98,97.3,96.8,97.1,97.4,0,0,0,0,0,1048.2,10.67,20,20,20,45,129,299,1,2,Yes,No,No,No,No,No,No,No,Yes,No,No,No,Yes,No,No,No,No,No,No,No,No,No,Yes,No,No,No,No,No,No,No,No,No,No,No,No,No,No,60,62,53,54,44,51,61,58,7308,7034,65,59,55,100,No,No,34697,80208,85,0.1,85.1,129.065,0.318,596381,211070,58,0.717,0.226,600,2096,2.3,1.2,0,1.5,3.4,4,0,0,0,33.1,1311,2646,1311,No,No,No,No,No,No,No,No,8.196,29.062,99,2.459,43.5,59.6,45.3,69.9,6.5,4.1,4,4,46.9,61.9,7.5,4.8,4.6,4.6,22.07,153.8,14.34,14.07,251.61,251.61,0.67,1.11,21.61,0.47,10.71,2397,77,0.2,0.1,0
1.7.2026,17:10.9,23497,758,96.8,7517,397,94.9,23.9,16341,3911,0.728,0.735,0.725,0.73,0.722,0.686,0.756,2014.5,2063.6,1965.4,2063.6,1965.4,98.3,884.4,2004.6,2018.7,2033.4,1967.9,1955.4,2028.7,2026.8,1996.8,2009.2,2004.6,100,100,100,100,100,100,100,100,100,100,100,100,86.2,87.4,87.4,83.4,83.4,87.5,87.5,86.7,86.7,86.3,20.5,21,20,21,20,9,61,63,61,59,62,39,37,39,41,38,63,63,No,No,No,No,No,No,No,No,No,No,Yes,Yes,Yes,Yes,Yes,No,No,Yes,62,62,58,7.109,11.317,7.718,0.1,5.976,1.64,1.081,0.499,64,12,64,64,0,0,0,0,0,0,0,0,97.4,96.5,97.2,98.5,98,97,97.4,97,97.7,0,0,0,0,0,2096.4,21.33,36,39,39,90,129,598,1,2,Yes,No,No,No,No,No,No,No,Yes,No,No,No,No,No,No,No,No,No,No,No,No,No,No,No,No,No,No,No,No,No,No,No,No,No,No,No,No,62,62,53,54,44,51,61,58,7308,7021,65,60,55,100,No,No,34697,80208,100,100,100,75.739,87.213,596553,211268,58,0.717,0.1,600,1048,2.1,1.2,0,0.5,2.5,0,0,0,0,32.9,1302,2655,1302,No,No,No,No,No,No,No,No,8.195,29.062,99,2.459,43.5,59.6,44.4,110.1,6,4,3.8,3.8,44.5,60.3,6.3,4.2,4,4,22.52,166.55,8.95,5.33,261.49,261.49,0.23,0,22.09,0.43,12.66,2397,77,0.1,0.1,0
1.7.2026,17:12.8,23436,818,96.6,7518,396,94.9,23.7,16341,3868,0.727,0.712,0.735,0.73,0.73,0.686,0.758,2014.5,1867.1,2063.6,2063.6,2063.6,98.3,1670.6,1981.9,1996.7,2008.5,1936.6,1927.4,2005.7,2021.8,1972,1986.6,1981.9,100,100,100,100,100,100,100,100,100,100,100,100,84.6,86.1,86.1,82,82,86.3,86.3,84.1,84.1,84.6,20.5,19,21,21,21,17,61,62,61,59,62,39,38,39,41,38,62,62,No,No,No,No,No,No,No,No,No,No,Yes,Yes,Yes,Yes,Yes,No,No,Yes,62,62,59,6.094,11.853,8.293,0.064,6.061,1.66,1.099,0.492,64,12,64,64,0,0,0,0,0,0,0,0,97.6,96.8,97.4,98.6,98.1,97,97.4,97.5,98.2,0,0,0,0,0,2096.4,21.33,36,39,39,90,129,598,1,2,Yes,No,No,No,No,No,No,No,Yes,No,No,No,No,No,No,No,No,No,No,No,No,No,No,No,No,No,No,No,No,No,No,No,No,No,No,No,No,61,62,53,54,44,51,61,58,7322,6996,65,59,55,100,No,No,34697,80208,57.1,0.1,57.2,90.752,0.028,596702,211268,59,0.717,0.081,600,2096,1.8,0.9,0,0.5,2.3,0,0,0,0,32.5,1285,2671,1286,No,No,No,No,No,No,No,No,8.197,29.062,99,2.459,43.5,59.6,44.8,68.3,6.5,4.3,4.2,4.2,42,62.1,5.5,4.1,4,4,23.59,175.81,14.67,14.38,238.41,238.41,0.45,0,21.88,1.71,13.03,2397,77,0.6,1.4,0
1.7.2026,17:14.8,23346,909,96.2,7503,411,94.7,22.9,16341,3737,0.731,0.742,0.695,0.742,0.742,0.696,0.698,2039.1,2161.9,1670.6,2161.9,2161.9,98.3,982.7,2017.3,2054.2,2080.8,1858,1849.3,2076.9,2092.2,2059.4,2067.7,2017.3,100,100,100,100,100,100,100,100,100,100,100,100,86.3,88.9,88.9,78.7,78.7,89.7,89.7,88.1,88.1,86.3,20.8,22,17,22,22,10,62,64,61,59,62,38,36,39,41,38,64,64,No,No,No,No,No,No,No,No,No,No,Yes,Yes,Yes,Yes,Yes,No,No,Yes,63,63,59,6.856,12.106,8.654,0.059,6.088,1.58,1.008,0.497,64,12.5,64,64,0,0,0,0,0,0,0,0,97.6,96.6,97.8,98.6,98.2,96.6,97.4,97.6,98,0,0,0,0,0,2096.4,21.33,36,39,39,90,129,598,1,2,Yes,No,No,No,No,No,No,No,Yes,No,No,No,No,No,No,No,No,No,No,No,No,No,No,No,No,No,No,No,No,No,No,No,No,No,No,No,No,60,62,53,54,44,51,61,58,7308,6984,65,59,55,100,No,No,34697,80208,49.3,0.4,49.7,110.361,2.255,596908,211273,59,0.717,0.064,600,2096,1.4,0.6,0,0.4,1.9,0,0,0,0,32.4,1283,2673,1284,No,No,No,No,No,No,No,No,8.199,29.062,99,2.46,43.5,59.6,46.2,96.4,6.7,4.2,4,4,46.3,61.1,7,4.2,4,4,21.63,148.48,10.44,6.91,250.45,250.45,0.39,0,21.19,0.44,10.68,2397,77,0.1,0.1,0
1.7.2026,17:16.8,23354,901,96.2,7605,309,96,22.1,16341,3615,0.742,0.742,0.745,0.74,0.74,0.696,0.698,2161.9,2161.9,2161.9,2161.9,2161.9,98.3,1965.4,2080.7,2110.2,2126.7,1973.6,1963.3,2126.2,2128.4,2105.4,2112.1,2080.7,100,100,100,100,100,100,100,100,100,100,100,100,89.1,91.5,91.5,83.6,83.5,91.6,91.6,89.8,89.8,89.1,22,22,22,22,22,20,62,64,61,61,62,38,36,39,39,38,64,64,No,No,No,No,No,No,No,No,No,No,Yes,Yes,Yes,Yes,Yes,No,No,Yes,63,63,58,7.363,12.175,8.692,0.067,6.195,1.634,1.051,0.5,64,12.5,64,64,0,0,0,0,0,0,0,0,97.5,96.4,97.1,98.7,98.1,96.9,97,97.7,98,0,0,0,0,0,1048.2,10.67,20,20,20,45,129,299,1,2,Yes,No,No,No,No,No,No,No,Yes,No,No,No,No,No,No,No,No,No,No,No,No,No,No,No,No,No,No,No,No,No,No,No,No,No,No,No,No,60,62,54,54,44,51,61,58,7322,6959,65,59,55,100,No,No,34697,80209,40.7,7.6,48.2,97.789,4.202,597114,211281,59,0.717,0.059,600,2096,2.1,1.1,0,0.5,2.7,0,0,0,0,32.8,1298,2659,1298,No,No,No,No,No,No,No,No,8.195,29.062,99,2.45,43.5,59.6,56.1,185.1,18.5,12.8,12.4,12.4,56.8,62.1,24.4,15.6,15,15,17.82,54.14,5.36,4.96,80.94,80.94,0.4,0.09,17.37,0.45,3.51,2397,77,3.4,1.5,0
1.7.2026,17:18.7,23350,905,96.2,7618,296,96.2,22.2,16341,3624,0.732,0.742,0.705,0.74,0.742,0.696,0.758,2063.6,2161.9,1768.8,2161.9,2161.9,98.3,1572.3,2065.6,2098.2,2117.3,1939.2,1929.5,2123.3,2134.2,2085,2098,2065.6,100,100,100,100,100,100,100,100,100,100,100,100,88.5,90.9,90.9,82.1,82.1,91.5,91.5,89.6,89.6,88.5,21,22,18,22,22,16,62,63,61,61,62,38,37,39,39,38,63,63,No,No,No,No,No,No,No,No,No,No,Yes,Yes,Yes,Yes,Yes,No,No,Yes,62,62,58,7.617,12.784,9.225,0.07,6.225,1.639,1.061,0.5,64,12.5,64,64,0,0,0,0,0,0,0,0,97.5,96.4,97.3,98.7,98.2,96.9,97.4,97.4,98,0,0,0,0,0,1048.2,10.67,20,20,20,45,129,299,1,2,Yes,No,No,No,No,No,No,No,Yes,No,No,No,No,No,No,No,No,No,No,No,No,No,No,No,No,No,No,No,No,No,No,No,No,No,No,No,No,60,63,54,54,44,51,61,58,7308,6971,65,59,55,100,No,No,34697,80209,80.3,100,100,71.519,48.511,597237,211365,59,0.717,0.067,600,1048,2,1.2,0,0.5,2.6,0,0,0,0,32.8,1298,2659,1298,No,No,No,No,No,No,No,No,8.195,29.062,99,2.45,43.5,59.6,43.8,140.6,6.2,4.7,4.6,4.6,43.8,61.3,6.6,5.1,5,5,22.86,162.02,7.16,2.98,219.05,219.05,0.44,0.21,22.4,0.45,13.62,2397,77,0,0,0
1.7.2026,17:20.9,23242,1013,95.8,7435,479,93.9,22.8,16341,3728,0.732,0.732,0.732,0.73,0.735,0.686,0.758,2063.6,2063.6,2063.6,2063.6,2063.6,98.3,1867.1,2085.1,2124,2133.4,1986.3,1975.7,2134.5,2146.8,2084,2095.8,2085.1,100,100,100,100,100,100,100,100,100,100,100,100,89.2,91.4,91.4,84,84,92.1,92.1,89.2,89.2,89.2,21,21,21,21,21,19,61,62,62,61,60,39,38,38,39,40,62,62,No,No,No,No,No,No,No,No,No,No,Yes,Yes,Yes,Yes,Yes,No,No,Yes,62,62,59,7.109,12.599,9.063,0.067,6.367,1.662,1.086,0.498,64,12.5,64,64,0,0,0,0,0,0,0,0,97.7,97,97.5,98.7,98.2,96.8,97.4,97.7,98.2,0,0,0,0,0,1572.3,16,28,29,29,68,129,448,1,2,Yes,No,No,No,No,No,No,No,Yes,No,No,No,No,No,No,No,No,No,No,No,No,No,No,No,No,No,No,No,No,No,No,No,No,No,No,No,No,60,63,54,54,44,51,61,58,7322,6996,65,59,55,100,No,No,34697,80209,100,100,100,187.904,114.095,597602,211587,59,0.717,0.07,600,1048,1.7,0.9,0,0.4,2.2,0,0,0,0,32.3,1279,2677,1280,No,No,No,No,No,No,No,No,8.199,29.062,99,2.443,43.5,59.6,45.8,73.6,6.8,4.3,4.2,4.2,46.3,61,7.1,4.5,4.3,4.3,21.85,146.66,11.26,10.62,240.87,240.87,0.46,0,21.31,0.54,10.88,2397,77,0.1,0,0
1.7.2026,17:22.8,23270,984,95.9,7631,283,96.4,22.2,16341,3625,0.732,0.742,0.705,0.74,0.74,0.696,0.756,2063.6,2161.9,1768.8,2161.9,2161.9,98.3,1768.8,2109.7,2104.6,2106.4,2118.7,2109.7,2106.5,2112.1,2109.3,2110.4,2109.7,100,100,100,100,100,100,100,100,100,100,100,100,90.9,91.2,91.2,90.4,90.4,91.1,91.1,90.7,90.7,90.9,21,22,18,22,22,18,62,63,62,61,62,38,37,38,39,38,63,63,No,No,No,No,No,No,No,No,No,No,Yes,Yes,Yes,Yes,Yes,No,No,Yes,63,63,59,7.109,12.868,9.101,0.109,6.384,1.818,1.246,0.501,64,13,64,64,0,0,0,0,0,0,0,0,96.9,96.4,96.4,97.8,97.4,96.5,96.8,97,97.1,0,0,0,0,0,2096.4,21.33,36,39,39,90,129,598,1,2,Yes,No,No,No,No,No,No,No,Yes,No,No,No,No,No,No,No,No,No,No,No,No,No,No,No,No,No,No,No,No,No,No,No,No,No,No,No,No,61,63,54,54,44,51,61,58,7308,6971,65,59,55,100,No,No,34697,80209,100,4.2,100,221.898,4.49,598046,211596,59,0.717,0.109,600,1572,3,2.1,0,0.8,3.8,0,0,0,0,32.9,1302,2655,1293,No,No,No,No,No,No,No,No,8.195,29.062,99,2.442,43.5,59.6,51.5,128.6,11.6,7.4,7.1,7.1,52.4,62.4,12.7,7.8,7.5,7.5,19.42,89.3,5.63,5.15,146.06,146.06,0.78,5.75,18.86,0.55,7.22,2397,77,16.9,11.2,0
1.7.2026,17:24.7,23268,987,95.9,7431,483,93.8,22.3,16341,3639,0.739,0.742,0.705,0.755,0.755,0.708,0.758,2112.8,2161.9,1768.8,2260.2,2260.2,98.3,2063.6,2114.8,2140,2154.8,2047.6,2037.7,2148.3,2162.5,2107.8,2120,2114.8,100,100,100,100,100,100,100,100,100,100,100,100,90.5,92.5,92.5,86.8,86.8,92.4,92.4,90.3,90.3,90.5,21.5,22,18,23,23,21,62,62,63,61,62,38,38,37,39,38,63,63,No,No,No,No,No,No,No,No,No,No,Yes,Yes,Yes,Yes,Yes,No,No,Yes,64,64,59,7.617,12.868,9.101,0.109,6.384,1.818,1.246,0.501,64,13,64,64,0,0,0,0,0,0,0,0,97.6,96.6,97.3,98.5,98.1,97.1,97.7,97.6,98.1,0,0,0,0,0,1048.2,10.67,20,20,20,45,129,299,1,2,Yes,No,No,No,No,No,No,No,Yes,No,No,No,No,No,No,No,No,No,No,No,No,No,No,No,No,No,No,No,No,No,No,No,No,No,No,No,No,62,63,54,54,44,51,61,58,7295,6959,65,59,55,100,No,No,34697,80210,45.1,20,65.1,70.247,42.677,598175,211674,59,0.717,0.109,600,2096,3.5,2.4,0,0.8,4.2,0,0,0,0,32.9,1302,2655,1302,No,No,No,No,No,No,No,No,8.195,29.062,99,2.442,43.5,59.6,56.8,213.5,24.4,21,20.7,20.7,56.8,62.3,29.8,29.6,29.5,29.5,17.61,41,4.63,4.32,48.27,48.27,0.69,0.66,17.2,0.41,4.44,2397,77,0.2,0.6,0
1.7.2026,17:26.8,23278,977,95.9,7553,362,95.4,22.5,16341,3671,0.755,0.712,0.77,0.77,0.767,0.718,0.758,2235.6,1867.1,2358.4,2358.4,2358.4,98.3,2161.9,2117.1,2089.6,2107.3,1897.5,1888,2263.3,2273,2203.1,2215.4,2117.1,100,100,100,100,100,100,100,100,100,100,100,100,89.5,89.8,89.8,80.2,80.2,95.9,95.9,92.2,92.2,89.5,22.8,19,24,24,24,22,62,64,61,63,62,38,36,39,37,38,64,64,No,No,No,No,No,No,No,No,No,No,Yes,Yes,Yes,Yes,Yes,No,No,Yes,64,64,59,7.871,12.892,9.516,0.127,6.309,1.549,0.964,0.496,64,13,64,64,0,0,0,0,0,0,0,0,98.2,97.2,98,99,98.4,97.8,98.3,98.1,98.6,0,0,0,0,0,2096.4,21.33,36,39,39,90,129,598,1,2,Yes,No,No,No,No,No,No,No,Yes,No,No,No,No,No,No,No,No,No,No,No,No,No,No,No,No,No,No,No,No,No,No,No,No,No,No,No,No,62,63,54,54,44,51,61,58,7322,7009,65,59,55,100,No,No,34697,80210,36.1,20.4,56.5,34.549,23.612,598260,211732,59,0.717,0.155,600,1048,3.7,2.6,0,0.9,4.5,0,0,0,0,32.9,1301,2655,1302,No,No,No,No,No,No,No,No,8.195,29.062,99,2.434,43.5,59.6,52.8,113,20.1,20.1,20,20,53.5,60.2,20,20,20,20,18.93,49.72,8.78,5.3,49.77,49.77,0.59,2.58,18.55,0.39,5.2,2397,77,0,0,0
1.7.2026,17:28.8,23297,958,96,7374,540,93.1,23.4,16341,3820,0.745,0.742,0.742,0.74,0.755,0.696,0.758,2186.5,2161.9,2161.9,2161.9,2260.2,98.3,1965.4,2130,2152.4,2165.2,1986.7,1977.2,2231.7,2240.3,2140.5,2146,2130,100,100,100,100,100,100,100,100,100,100,100,100,91.6,92.6,92.6,84,84,96.7,96.7,93.3,93.3,91.6,22.2,22,22,22,23,20,62,62,62,62,62,38,38,38,38,38,62,62,No,No,No,No,No,No,No,No,No,No,Yes,Yes,Yes,Yes,Yes,No,No,Yes,64,64,60,7.363,12.892,9.516,0.127,6.309,1.549,0.964,0.496,64,13,64,64,0,0,0,0,0,0,0,0,97.8,97.1,97.7,98.7,98.2,97.2,97.6,97.9,98.2,0,0,0,0,0,2096.4,21.33,36,39,39,90,129,598,1,2,Yes,No,No,No,No,No,No,No,Yes,No,No,No,No,No,No,No,No,No,No,No,No,No,No,No,No,No,No,No,No,No,No,No,No,No,No,No,No,62,63,54,54,44,51,61,58,7308,7034,65,59,55,100,No,No,34697,80210,100,100,100,38.337,119.977,598316,211908,59,0.717,0.127,600,2096,3.3,2.1,0,0.8,4,0,0,0,0,32.8,1300,2656,1298,No,No,No,No,No,No,No,No,8.196,29.062,99,2.434,43.5,59.6,59,80.2,36.6,33.4,33.1,33.1,58.7,62.3,37.6,30.6,30,30,16.94,27.72,12.19,11.31,30.87,30.87,0.73,3.12,16.48,0.46,2.07,2397,77,0.3,2,0
1.7.2026,17:30.7,23300,954,96,7569,345,95.6,24.5,16341,4000,0.75,0.772,0.692,0.767,0.767,0.718,0.758,2186.5,2358.4,1670.6,2358.4,2358.4,98.3,1670.6,2145.9,2183.4,2198.5,2004.2,1996,2217.1,2221.4,2164.3,2182.5,2145.9,100,100,100,100,100,100,100,100,100,100,100,100,91.8,94.6,94.6,85.2,85.2,94.9,94.9,92.6,92.6,91.8,22.2,24,17,24,24,17,64,65,64,63,62,36,35,36,37,38,65,65,No,No,No,No,No,No,No,No,No,No,Yes,Yes,Yes,Yes,Yes,No,No,Yes,64,64,60,7.363,12.666,8.966,0.152,6.578,1.726,1.16,0.5,64,13.5,64,64,0,0,0,0,0,0,0,0,97.5,96.5,97,98.3,97.9,97.4,97.5,97.6,98.1,0,0,0,0,0,2096.4,21.33,36,39,39,90,129,598,1,2,Yes,No,No,No,No,No,No,No,Yes,No,No,No,No,No,No,No,No,No,No,No,No,No,No,No,No,No,No,No,No,No,No,No,No,No,No,No,No,62,63,54,54,44,51,61,58,7322,7046,65,59,55,100,No,No,34698,80210,100,100,100,83.146,100.311,598479,212105,60,0.717,0.118,600,2096,3.6,2.7,0,1.1,5.2,0,0,0.1,0,33,1307,2649,1308,No,No,No,No,No,No,No,No,8.196,29.062,99,2.442,43.5,59.6,42.5,80.9,20,20,20,20,42.3,62.1,20,20,20,20,23.53,50.1,12.37,10.9,50.11,50.11,0.37,0.14,23.53,0,12.7,2397,77,0.8,0.9,0
1.7.2026,17:32.7,23296,959,96,7370,544,93.1,26.1,16341,4272,0.74,0.7,0.755,0.752,0.752,0.706,0.698,2137.3,1768.8,2260.2,2260.2,2260.2,98.3,2063.6,2195.6,2195.5,2200.6,2131.7,2121.4,2228.4,2235.2,2224.1,2227.7,2195.6,100,100,100,100,100,100,100,100,100,100,100,100,94.1,94.8,94.8,90.5,90.5,95.6,95.6,95.3,95.3,94.1,21.8,18,23,23,23,21,64,65,63,63,63,36,35,37,37,37,65,65,No,No,No,No,No,No,No,No,No,No,Yes,Yes,Yes,Yes,Yes,No,No,Yes,65,65,60,7.871,13.39,9.668,0.154,6.676,1.76,1.186,0.5,64,13.5,64,64,0,0,0,0,0,0,0,0,97.5,96.7,97,98.3,97.8,97.4,97.8,97.5,97.8,0,0,0,0,0,1048.2,10.67,20,20,20,45,129,299,1,2,Yes,No,No,No,No,No,No,No,Yes,No,No,No,No,No,No,No,No,No,No,No,No,No,No,No,No,No,No,No,No,No,No,No,No,No,No,No,No,62,63,53,54,44,51,61,58,7322,7034,65,60,55,100,No,No,34698,80210,100,100,100,72.92,174.408,598609,212414,60,0.717,0.152,600,2096,3.3,2.2,0,0.8,4.1,0,0,0,0,33,1306,2651,1306,No,No,No,No,No,No,No,No,8.195,29.062,99,2.434,43.5,59.6,34.2,61.9,19.8,19.7,19.7,19.7,34.2,60.2,20,20,20,20,29.27,50.58,16.16,16.15,50.69,50.69,0.28,0.26,29.27,0,24.11,2397,77,0.5,1,0
1.7.2026,17:34.7,23302,953,96,7551,363,95.4,26.4,16341,4321,0.762,0.772,0.755,0.755,0.767,0.718,0.698,2309.3,2358.4,2260.2,2260.2,2358.4,98.3,1277.5,2202.9,2203.9,2214,1983.2,1973,2306.7,2315.3,2313.8,2313.2,2202.9,100,100,100,100,100,100,100,100,100,100,100,100,93.9,94.7,94.7,83.8,83.8,98.7,98.7,98.5,98.5,93.9,23.5,24,23,23,24,13,63,66,62,62,63,37,34,38,38,37,66,66,No,No,No,No,No,No,No,No,No,No,Yes,Yes,Yes,Yes,Yes,No,No,Yes,65,65,61,8.633,13.39,9.668,0.154,6.676,1.76,1.186,0.5,64,13.5,64,64,0,0,0,0,0,0,0,0,98,97.2,97.6,98.9,98.4,97.6,98,98.1,98.1,0,0,0,0,0,1572.3,16,28,29,29,68,129,448,1,2,Yes,No,No,No,No,No,No,No,Yes,No,No,No,No,No,No,No,No,No,No,No,No,No,No,No,No,No,No,No,No,No,No,No,No,No,No,No,No,62,63,53,54,44,51,61,58,7349,7046,65,60,55,100,No,No,34698,80210,100,100,100,54.097,46.785,598711,212503,59,0.717,0.154,600,1048,2.4,1.3,0,0.7,3.3,0,0,0,0,33,1305,2652,1305,No,No,No,No,No,No,No,No,8.195,29.062,99,2.434,43.5,59.6,38.6,63,19.9,19.8,19.8,19.8,38.6,60.1,20,20,20,20,25.89,50.35,15.87,15.83,50.51,50.51,0.29,0.14,25.89,0,17.69,2397,77,0,0,0
1.7.2026,17:36.7,23250,1005,95.8,7592,322,95.9,25.9,16341,4237,0.754,0.755,0.755,0.755,0.752,0.706,0.756,2260.2,2260.2,2260.2,2260.2,2260.2,98.3,2063.6,2223.4,2209.2,2229.7,2222.5,2216.4,2224.1,2225,2225,2235.7,2223.4,100,100,100,100,100,100,100,100,100,100,100,100,95.6,95.8,95.8,94.9,94.9,95.8,95.8,95.8,95.8,95.6,23,23,23,23,23,21,64,64,63,63,64,36,36,37,37,36,64,64,No,No,No,No,No,No,No,No,No,No,Yes,Yes,Yes,Yes,Yes,No,No,Yes,64,64,60,7.871,13.338,9.567,0.072,6.592,1.797,1.241,0.496,64,14,64,64,0,0,0,0,0,0,0,0,97.2,96.4,97.3,97.8,97.5,97,97,97,97.5,0,0,0,0,0,2096.4,21.33,36,39,39,90,129,598,1,2,Yes,No,No,No,No,No,No,No,Yes,No,No,No,No,No,No,No,No,No,No,No,No,No,No,No,No,No,No,No,No,No,No,No,No,No,No,No,No,62,63,53,54,44,51,61,58,7268,6959,65,60,55,100,No,No,34698,80211,100,7.1,100,185.628,4.646,599068,212512,59,0.717,0.078,600,1572,1.6,0.7,0,0.4,2.2,0,0,0,0,32.5,1284,2672,1285,No,No,No,No,No,No,No,No,8.195,29.062,99,2.426,43.5,59.6,31.1,62.4,19.8,19.8,19.8,19.8,31.1,60.2,20,20,20,20,32.11,50.38,16.01,15.96,50.43,50.43,0.25,0.17,32.11,0,27.52,2397,77,0,0,0
1.7.2026,17:38.7,23225,1030,95.7,7620,294,96.2,25.1,16341,4096,0.762,0.772,0.77,0.737,0.767,0.718,0.711,2309.3,2358.4,2358.4,2161.9,2358.4,98.3,1670.6,2252.8,2255.9,2275.9,2211.7,2202.9,2261.6,2272.4,2271,2270.7,2252.8,100,100,100,100,100,100,100,100,100,100,100,100,96.4,97.3,97.3,93.9,93.9,97.2,97.2,97.1,97.1,96.4,23.5,24,24,22,24,17,64,66,63,63,64,36,34,37,37,36,66,66,No,No,No,No,No,No,No,No,No,No,Yes,Yes,Yes,Yes,Yes,No,No,Yes,65,65,60,8.125,13.858,10.204,0.057,6.659,1.734,1.154,0.497,64,14,64,64,0,0,0,0,0,0,0,0,97.6,96.8,97.7,98.4,98,97.2,97.6,97.7,97.6,0,0,0,0,0,1048.2,10.67,20,20,20,45,129,299,1,2,Yes,No,No,No,No,No,No,No,Yes,No,No,No,No,No,No,No,No,No,No,No,No,No,No,No,No,No,No,No,No,No,No,No,No,No,No,No,No,63,63,53,54,44,51,61,58,7363,7046,65,59,55,100,No,No,34698,80211,100,2.1,100,149.686,0.118,599356,212512,60,0.717,0.072,600,2096,1.6,0.6,0,0.4,2.1,0,0,0,0,32.4,1283,2673,1284,No,No,No,No,No,No,No,No,8.195,29.062,99,2.418,43.5,59.6,34.3,63.4,19.9,19.9,19.9,19.9,34.3,60.1,20,20,20,20,29.15,50.27,15.77,15.52,50.29,50.29,0.24,0.21,29.15,0,25.05,2397,77,22.5,7.7,0
1.7.2026,17:40.7,23228,1027,95.7,7544,370,95.3,24.5,16341,4007,0.752,0.772,0.77,0.755,0.712,0.718,0.756,2211,2358.4,2358.4,2260.2,1867.1,98.3,1474,2261.2,2274.3,2298.5,2186.6,2180.8,2291.3,2298.5,2280.3,2279.2,2261.2,100,100,100,100,100,100,100,100,100,100,100,100,96.5,98.2,98.2,92.8,92.8,98,98,97.2,97.2,96.5,22.5,24,24,23,19,15,64,66,64,64,64,36,34,36,36,36,66,66,No,No,No,No,No,No,No,No,No,No,Yes,Yes,Yes,Yes,Yes,No,No,Yes,66,66,60,8.125,14.23,10.712,0.068,6.623,1.671,1.092,0.495,64,14,64,64,0,0,0,0,0,0,0,0,97.8,96.7,97.7,98.5,98.2,97.6,97.9,98,97.9,0,0,0,0,0,1048.2,10.67,20,20,20,45,129,299,1,2,Yes,No,No,No,No,No,No,No,Yes,No,No,No,No,No,No,No,No,No,No,No,No,No,No,No,No,No,No,No,No,No,No,No,No,No,No,No,No,62,64,53,54,44,51,61,58,7336,7021,65,59,55,100,No,No,34698,80211,31.2,2.6,33.7,63.422,1.508,599478,212515,60,0.717,0.057,600,1048,1.6,0.6,0,0.4,2.2,0,0,0,0,30.7,1215,2742,1215,No,No,No,No,No,No,No,No,8.195,29.062,99,2.418,43.5,59.6,33.6,62.2,19.8,19.8,19.8,19.8,33.6,60.3,20,20,20,20,29.8,50.44,16.07,15.99,50.46,50.46,0.24,0.21,29.8,0,25.34,2397,77,0.2,0.2,0
1.7.2026,17:42.9,23253,1001,95.8,7672,242,96.9,24.5,16341,4000,0.745,0.69,0.755,0.767,0.767,0.718,0.756,2161.9,1670.6,2260.2,2358.4,2358.4,98.3,2161.9,2250.1,2262.7,2277.8,2169.1,2159.7,2292.1,2285.1,2274.1,2279.8,2250.1,100,100,100,100,100,100,100,100,100,100,100,100,95.9,97.5,97.5,91.8,91.8,97.7,97.7,96.7,96.7,95.9,22,17,23,24,24,22,64,65,63,63,63,36,35,37,37,37,65,65,No,No,No,No,No,No,No,No,No,No,Yes,Yes,Yes,Yes,Yes,No,No,Yes,66,66,59,8.125,14.23,10.712,0.068,6.623,1.671,1.092,0.495,64,14,64,64,0,0,0,0,0,0,0,0,98,96.9,97.6,98.7,98.2,98,97.7,98.3,98.5,0,0,0,0,0,2096.4,21.33,36,39,39,90,129,598,1,2,Yes,No,No,No,No,No,No,No,Yes,No,No,No,No,No,No,No,No,No,No,No,No,No,No,No,No,No,No,No,No,No,No,No,No,No,No,No,No,62,64,53,54,44,51,61,58,7363,7009,65,59,55,100,No,No,34698,80211,41.1,13.1,54.2,53.284,8.97,599611,212537,60,0.717,0.068,600,1048,2.6,1.6,0,0.7,3.4,0,0,0,0,31,1225,2731,1226,No,No,No,No,No,No,No,No,8.195,29.062,99,2.426,43.5,59.6,50.6,66.9,16.4,14.5,14.4,14.4,50.6,62,17,15.2,15,15,19.77,60.82,14.95,14.74,69.65,69.65,0.78,0.54,19.77,0,6.35,2397,77,0.5,0.2,0
1.7.2026,17:44.8,23334,920,96.2,7625,289,96.3,25,16341,4085,0.762,0.757,0.755,0.767,0.767,0.706,0.756,2309.3,2260.2,2260.2,2358.4,2358.4,98.3,1670.6,2193.7,2190.7,2198.5,2143.8,2135.9,2244.7,2240,2198.7,2197.2,2193.7,100,100,100,100,100,100,100,100,100,100,100,100,94.1,94.7,94.7,91.3,91.3,96.2,96.2,94.4,94.4,94.1,23.5,23,23,24,24,17,64,65,63,63,64,36,35,37,37,36,65,65,No,No,No,No,No,No,No,No,No,No,Yes,Yes,Yes,Yes,Yes,No,No,Yes,64,64,60,7.363,14.043,10.146,0.327,6.729,1.787,1.257,0.5,64,14.5,64,64,0,0,0,0,0,0,0,0,97.6,96.6,97,98.1,97.7,97.4,97.7,98,98,0,0,0,0,0,1572.3,16,28,29,29,68,129,448,1,2,Yes,No,No,No,No,No,No,No,Yes,No,No,No,Yes,No,No,No,No,No,No,No,No,No,Yes,No,No,Yes,No,No,No,No,No,No,No,No,No,No,No,63,64,53,54,44,51,61,58,7336,7021,65,60,55,100,No,No,34698,80211,83.1,100,100,65.447,77.986,599701,212645,60,0.772,0.103,900,2096,7.6,6.1,0,2.9,9.8,4.5,0,0.1,0,33.5,1325,2631,1281,No,No,No,No,No,No,No,No,8.196,29.062,99,2.426,43.5,59.6,30.4,85.5,7.5,6.7,6.7,6.7,26.2,61.7,5.5,5,5,5,32.86,132.68,11.7,10.41,150.21,150.21,2.41,0,32.86,0,23.75,2397,77,0,0,0
1.7.2026,17:46.9,23395,860,96.4,7629,285,96.3,25,16341,4089,0.772,0.772,0.767,0.767,0.78,0.716,0.756,2383,2358.4,2358.4,2358.4,2456.7,98.3,2161.9,2220.8,2218.7,2226.4,2173.3,2159.9,2247.9,2248.9,2241.1,2250.6,2220.8,100,100,100,100,100,100,100,100,100,100,100,100,94.8,95.9,95.9,92.3,92.3,96.2,96.2,94.9,94.9,94.8,24.2,24,24,24,25,22,65,66,65,64,66,35,34,35,36,34,66,66,No,No,No,No,No,No,No,No,No,No,Yes,Yes,Yes,Yes,Yes,No,No,Yes,65,65,61,7.871,14.552,10.261,0.696,6.93,1.845,1.378,0.5,64,14.5,64,64,0,0,0,0,0,0,0,0,97.6,96.6,96.9,98.4,97.7,97.5,97.6,98,98.4,0,0,0,0,0,2096.4,21.33,36,39,39,90,129,598,1,2,Yes,No,No,No,No,No,No,No,Yes,No,No,No,Yes,No,No,No,No,No,No,No,No,No,Yes,No,Yes,No,No,No,No,No,No,No,No,No,No,No,No,62,64,53,54,44,51,61,58,7363,7034,65,60,55,100,No,No,34698,80211,57.5,18.2,75.7,76.459,6.574,599858,212659,61,0.715,0.327,600,1572,12.9,10.7,0,4.9,15.5,4.6,0,4.2,0,33.6,1331,2626,1330,No,No,No,No,No,No,No,No,8.196,29.062,99,2.41,43.5,59.6,45.3,71.1,23.1,20.3,20,20,25.3,60.3,3.7,3.1,3,3,22.09,43.22,14.07,13.3,49.94,49.94,0.33,0.33,22.09,0,8.51,2397,77,0.3,0.8,0
1.7.2026,17:49.7,23422,833,96.5,7543,371,95.3,26.5,16341,4331,0.762,0.757,0.755,0.767,0.767,0.706,0.753,2309.3,2260.2,2260.2,2358.4,2358.4,98.3,2063.6,2236.8,2236.5,2239.2,2225,2214.8,2252.9,2256.7,2228.8,2240.7,2236.8,100,100,100,100,100,100,100,100,100,100,100,100,96.1,96.6,96.6,94.7,94.7,96.6,96.6,96.3,96.3,96.1,23.5,23,23,24,24,21,64,65,63,62,64,36,35,37,38,36,65,65,No,No,No,No,No,No,No,No,No,No,Yes,Yes,Yes,Yes,Yes,No,No,Yes,64,64,60,9.902,13.853,9.666,0.487,7.012,1.898,1.399,0.5,64,14.5,64,64,0,0,0,0,0,0,0,0,97.4,96.6,96.8,98.2,97.7,97.4,97.6,97.2,97.7,0,0,0,0,0,1048.2,10.67,20,20,20,45,129,299,1,2,Yes,No,No,No,No,No,No,No,Yes,No,No,No,Yes,No,No,No,No,No,No,No,No,No,No,No,Yes,No,No,No,No,No,No,No,No,No,No,No,No,62,64,54,54,44,51,62,59,7349,7021,65,60,55,100,No,No,34699,80211,100,100,100,156.383,125.046,600220,212948,60,0.745,0.696,600,2096,8.9,7.1,0,3.4,10.4,2.1,0,4.6,0,33.6,1327,2630,1330,No,No,No,No,No,No,No,No,8.195,29.062,99,2.409,43.5,59.6,39.7,69.3,16.3,15.1,14.9,14.9,39.6,61,16.4,15.1,15,15,25.22,61.27,14.44,14.2,66.99,66.99,0.57,0,25.22,0,11.12,2397,77,0.5,4.6,0
1.7.2026,17:52.4,23404,851,96.4,7481,433,94.5,26.2,16341,4288,0.767,0.77,0.767,0.767,0.762,0.716,0.756,2358.4,2358.4,2358.4,2358.4,2358.4,98.3,1768.8,2253.2,2228,2233.2,2249.3,2238.7,2261.6,2270.7,2263.2,2281,2253.2,100,100,100,100,100,100,100,100,100,100,100,100,96.3,96.5,96.5,95.8,95.8,96.5,96.5,96.5,96.5,96.3,24,24,24,24,24,18,66,67,66,64,65,34,33,34,36,35,67,67,No,No,No,No,No,No,No,No,No,No,Yes,Yes,Yes,Yes,Yes,No,No,Yes,67,67,61,8.125,14.803,10.476,0.536,6.937,1.87,1.354,0.501,64,15,64,64,0,0,0,0,0,0,0,0,97.4,96.4,96.6,98.1,97.6,97.4,97.8,97.4,98.1,0,0,0,0,0,2096.4,21.33,36,39,39,90,129,598,1,2,Yes,No,No,No,No,No,No,No,Yes,No,No,No,Yes,No,No,No,No,No,No,No,No,No,No,No,Yes,No,No,No,No,No,No,No,No,No,No,No,No,62,65,54,54,44,51,62,59,7349,7009,65,59,55,100,No,No,34699,80212,48.3,0.1,48.4,69.55,0.144,600586,212949,61,0.77,0.536,900,2096,9.8,7.9,0,3.4,10.4,2.2,0,4.5,0,33.5,1331,2625,1327,No,No,No,No,No,No,No,No,8.199,29.062,99,2.411,43.5,59.6,52.4,85.4,23.8,20.4,20.1,20.1,52.7,62.3,23.8,20.3,20,20,19.07,41.95,11.71,9.5,49.84,49.84,0.63,0,19.07,0,4.85,2397,77,6.1,5.2,0
1.7.2026,17:53.0,23404,851,96.4,7481,433,94.5,26.2,16341,4288,0.767,0.77,0.767,0.767,0.762,0.716,0.756,2358.4,2358.4,2358.4,2358.4,2358.4,98.3,1768.8,2253.2,2228,2233.2,2249.3,2238.7,2261.6,2270.7,2263.2,2281,2253.2,100,100,100,100,100,100,100,100,100,100,100,100,96.3,96.5,96.5,95.8,95.8,96.5,96.5,96.5,96.5,96.3,24,24,24,24,24,18,66,67,66,64,65,34,33,34,36,35,67,67,No,No,No,No,No,No,No,No,No,No,Yes,Yes,Yes,Yes,Yes,No,No,Yes,67,67,61,8.125,14.803,10.476,0.536,6.937,1.87,1.354,0.501,64,15,64,64,0,0,0,0,0,0,0,0,97.4,96.4,96.6,98.1,97.6,97.4,97.8,97.4,98.1,0,0,0,0,0,2096.4,21.33,36,39,39,90,129,598,1,2,Yes,No,No,No,No,No,No,No,Yes,No,No,No,Yes,No,No,No,No,No,No,No,No,No,No,No,Yes,No,No,No,No,No,No,No,No,No,No,No,No,62,65,54,54,44,51,62,59,7349,7009,65,59,55,100,No,No,34699,80212,48.3,0.1,48.4,69.55,0.144,600586,212949,61,0.77,0.536,900,2096,9.8,7.9,0,3.4,10.4,2.2,0,4.5,0,33.5,1331,2625,1327,No,No,No,No,No,No,No,No,8.199,29.062,99,2.411,43.5,59.6,52.4,85.4,23.8,20.4,20.1,20.1,52.7,62.3,23.8,20.3,20,20,19.07,41.95,11.71,9.5,49.84,49.84,0.63,0,19.07,0,4.85,2397,77,6.1,5.2,0
1.7.2026,17:55.0,23412,842,96.5,7573,341,95.6,25.1,16341,4096,0.775,0.787,0.752,0.782,0.777,0.726,0.756,2407.6,2456.7,2260.2,2456.7,2456.7,98.3,1867.1,2313.7,2352.8,2359,2232.6,2222,2371,2374.3,2294.6,2303.6,2313.7,100,100,100,100,100,100,100,100,100,100,100,100,99,101.5,101.5,94.7,94.7,101.8,101.8,97.8,97.8,99,24.5,25,23,25,25,19,66,67,65,65,66,34,33,35,35,34,67,67,No,No,No,No,No,No,No,No,No,No,Yes,Yes,Yes,Yes,Yes,No,No,Yes,67,67,61,11.426,15.109,11.05,0.49,6.985,1.805,1.25,0.502,64,15,64,64,0,0,0,0,0,0,0,0,97.6,96.8,97,98.3,97.9,97.2,97.3,97.9,98.3,0,0,0,0,0,2096.4,21.33,36,39,39,90,129,598,1,2,Yes,No,No,No,No,No,No,No,Yes,No,No,No,Yes,No,No,No,No,No,No,No,No,No,Yes,No,Yes,No,No,No,No,No,No,No,No,No,No,No,No,62,65,54,54,44,51,62,59,7322,7021,65,59,55,100,No,No,34699,80212,87.7,0.1,87.8,154.394,0.541,600844,212950,61,0.735,0.536,700,2096,8.1,6.3,0,3,8.6,2.2,0,4.1,0,33.4,1323,2634,1323,No,No,No,No,No,No,No,No,8.195,29.062,99,2.409,43.5,59.6,43.5,93.1,19.7,19.6,19.5,19.5,43.7,61.8,20,20,20,20,22.98,50.68,10.74,10.21,51.16,51.16,0.58,0.46,22.98,0,12.57,2397,78,64.2,3.7,0
1.7.2026,17:57.3,23401,854,96.4,7681,234,97,23.9,16341,3912,0.764,0.757,0.767,0.767,0.765,0.716,0.756,2333.9,2260.2,2358.4,2358.4,2358.4,98.3,2161.9,2331.8,2345.1,2341.8,2339.8,2328.2,2343.3,2353,2294.6,2308.8,2331.8,100,100,100,100,100,100,100,100,100,100,100,100,100.5,101.6,101.6,100.1,100.1,101.5,101.5,98.7,98.7,100.5,23.8,23,24,24,24,22,66,66,66,64,66,34,34,34,36,34,66,66,No,No,No,No,No,No,No,No,No,No,Yes,Yes,Yes,Yes,Yes,No,No,Yes,66,68,61,9.141,15.166,11,0.403,7.062,1.872,1.306,0.504,64,15,64,64,0,0,0,0,0,0,0,0,97,96.3,96.3,97.7,97.2,96.5,96.9,97.2,97.8,0,0,0,0,0,2096.4,21.33,36,39,39,90,129,598,1,2,Yes,No,No,No,No,No,No,No,Yes,No,No,No,Yes,No,No,No,No,No,No,No,No,No,No,No,Yes,No,No,No,No,No,No,No,No,No,No,No,No,62,65,54,54,44,51,62,59,7349,7021,65,59,55,100,No,No,34699,80213,100,0.1,100,233.336,0.315,601512,212951,61,0.715,0.403,600,2096,8.1,6.5,0,2.6,8.7,1.4,0,3,0,29.2,1153,2803,1154,No,No,No,No,No,No,No,No,8.197,29.062,99,2.41,43.5,59.6,56,67.6,30,29.9,29.9,29.9,55.8,61.4,30,30,30,30,17.86,33.38,14.79,14.27,33.43,33.43,0.7,0,17.86,0,1.99,2398,78,260.4,20.3,0
1.7.2026,18:00.1,23481,774,96.8,7562,352,95.5,23.2,16341,3783,0.772,0.77,0.767,0.782,0.767,0.716,0.753,2383,2358.4,2358.4,2456.7,2358.4,98.3,1768.8,2322.1,2316.2,2322.1,2338.1,2324.7,2324,2330,2306.5,2315.1,2322.1,100,100,100,100,100,100,100,100,100,100,100,100,99.9,100.3,100.3,99.9,99.9,100.4,100.4,99.2,99.2,99.9,24.2,24,24,25,24,18,65,65,66,64,65,35,35,34,36,35,66,66,No,No,No,No,No,No,No,No,No,No,Yes,Yes,Yes,Yes,Yes,No,No,Yes,67,67,61,7.871,15.305,11.113,0.365,7.015,1.901,1.342,0.506,64,15,64,64,0,0,0,0,0,0,0,0,97,96.4,96.7,97.7,97.2,96.7,96.9,97.1,97.5,0,0,0,0,0,2096.4,21.33,36,39,39,90,129,598,1,2,Yes,No,No,No,No,No,No,No,Yes,No,No,No,No,No,No,No,No,No,No,No,No,No,No,No,No,No,No,No,No,No,No,No,No,No,No,No,No,62,65,54,54,44,51,62,59,7363,7021,65,59,55,100,No,No,34699,80213,100,0.2,100,151.542,0.378,601815,212952,61,0.797,0.365,750,2096,10.1,8.5,0,2.9,10.6,0,1.5,2.2,0,31.3,1239,2717,1240,No,No,No,No,No,No,No,No,8.176,29.359,100,0,43.5,59.6,3.3,62.4,0.8,0.8,0.8,0.8,2.2,44.1,0.8,0.8,0.8,0.8,306.17,1250.58,16.02,15.95,1300.64,1300.64,0.28,105.69,306.17,0,640.05,2400,78,1029.9,11.8,0
1.7.2026,18:01.9,23530,725,97,7453,461,94.1,22.9,16341,3742,0.767,0.77,0.765,0.767,0.765,0.726,0.753,2358.4,2358.4,2358.4,2358.4,2358.4,98.3,1474,2302.4,2318.5,2339,2347.5,2341.7,2336.1,2352.7,2188,2195.5,2302.4,100,100,100,100,100,100,100,100,100,100,100,100,99,100.9,100.9,100.6,100.6,100.7,100.7,93.9,93.9,99,24,24,24,24,24,15,66,67,66,65,66,34,33,34,35,34,67,67,No,No,No,No,No,No,No,No,No,No,Yes,Yes,Yes,Yes,Yes,No,No,Yes,67,67,61,8.887,14.764,10.639,0.527,6.996,1.886,1.332,0.52,64,15,64,64,0,0,0,0,0,0,0,0,97.2,96.1,96.8,97.4,97.2,96.9,97.6,97.5,98,0,0,0,0,0,2096.4,21.33,36,39,39,90,129,598,1,2,Yes,No,No,No,No,No,No,No,Yes,No,No,No,Yes,No,No,No,No,No,No,No,No,No,Yes,No,Yes,No,No,No,No,No,No,No,No,No,No,No,No,64,65,54,54,44,51,62,59,7281,6996,65,59,55,100,No,No,34699,80214,100,69,100,90.163,0.136,601986,212952,61,0.77,0.488,900,2096,9.9,8,0,3.4,10.6,0,2,4.1,0,31.2,1233,2723,1234,No,No,No,No,No,No,No,No,8.171,29.359,100,0,43.5,59.6,51.6,65.2,11.8,7.8,7.5,7.5,51.6,62.8,11.7,7.8,7.5,7.5,19.38,84.87,15.33,15.26,132.89,132.89,0.53,0.07,19.38,0,5.72,2403,78,1139.9,23.6,0
1.7.2026,18:03.0,23531,724,97,7409,505,93.6,22.7,16341,3714,0.751,0.787,0.767,0.765,0.682,0.726,0.753,2186.5,2456.7,2358.4,2358.4,1572.3,98.3,1867.1,2304.7,2337.8,2350,2349.3,2336.3,2343.8,2352.5,2177.1,2190.8,2304.7,100,100,100,100,100,100,100,100,100,100,100,100,98.6,101,101,99.9,99.9,100.5,100.5,93,93,98.6,22.2,25,24,24,16,19,65,67,66,64,64,35,33,34,36,36,67,67,No,No,No,No,No,No,No,No,No,No,Yes,Yes,Yes,Yes,Yes,No,No,Yes,67,67,61,8.887,14.764,10.639,0.527,6.996,1.886,1.332,0.52,64,15,64,64,0,0,0,0,0,0,0,0,97.6,96.7,97.1,98.2,97.7,97.4,97.8,97.8,98.4,0,0,0,0,0,1572.3,16,28,29,29,68,129,448,1,2,Yes,No,No,No,No,No,No,No,Yes,No,No,No,Yes,No,No,No,No,No,No,No,No,No,Yes,No,Yes,No,No,No,No,No,No,No,No,No,No,No,No,64,66,54,54,44,51,62,59,7322,6996,65,59,55,100,No,No,34699,80214,100,37.2,100,64.61,1.184,602050,212953,61,0.77,0.488,900,2096,9.9,8,0,3.4,10.6,0,2,4.1,0,31.2,1233,2723,1234,No,No,No,No,No,No,No,No,8.17,29.359,100,0,43.5,59.6,54.5,64.9,23.4,20.3,20,20,54.6,61.5,23.9,20.3,20,20,18.33,42.8,15.41,14.91,49.93,49.93,0.48,0,18.33,0,4.59,2420,78,17707.8,157.4,0
1.7.2026,18:05.0,23519,735,96.9,7461,453,94.2,22,16341,3592,0.778,0.787,0.782,0.78,0.762,0.726,0.753,2432.1,2456.7,2456.7,2456.7,2358.4,98.3,1277.5,2310.9,2353.7,2358.3,2313.4,2297.8,2345,2351.9,2229.6,2237.4,2310.9,100,100,100,100,100,100,100,100,100,100,100,100,98.5,101,101,97.9,97.9,100.3,100.3,94.8,94.8,98.5,24.8,25,25,25,24,13,65,66,65,64,66,35,34,35,36,34,67,66,No,No,No,No,No,No,No,No,No,No,Yes,Yes,Yes,Yes,Yes,No,No,Yes,67,67,61,9.141,14.619,10.392,0.462,6.981,1.856,1.281,0.532,64,15,64,64,0,0,0,0,0,0,0,0,97.9,97.3,97.5,98.7,98,97.6,97.9,98.2,98.5,0,0,0,0,0,2096.4,21.33,36,39,39,90,129,598,1,2,Yes,No,No,No,No,No,No,No,Yes,No,No,No,Yes,No,No,No,No,No,No,No,No,No,No,No,Yes,No,No,No,No,No,No,No,No,No,No,No,No,64,66,54,54,44,51,62,59,7295,7021,65,59,55,100,No,No,34699,80214,40.5,0.1,40.5,80.355,0.161,602194,212954,62,0.77,0.527,900,1572,8.5,6.4,0,3.1,9.1,0,1.9,4.5,0,31,1225,2731,1226,No,No,No,No,No,No,No,No,8.174,29.359,100,0,43.5,59.6,56.8,66.9,24.3,20.3,20,20,56.9,62.3,24.3,20.4,20,20,17.6,41.23,14.94,14.69,50.1,50.1,0.41,0.18,17.6,0,2.25,2435,78,8337.7,90.5,0
1.7.2026,18:07.0,24085,1202,95.2,7787,127,98.3,20.3,17373,3518,0.727,0.77,0.71,0.707,0.72,0.716,0.753,2014.5,2358.4,1867.1,1867.1,1965.4,98.3,1572.3,2308.5,2342,2356,2282.1,2262.3,2362.1,2370.4,2246.4,2246.8,2308.5,100,100,100,100,100,100,100,100,100,100,100,100,100.3,102.6,102.6,98.4,98.4,102.7,102.7,97.7,97.7,100.3,20.5,24,19,19,20,16,65,67,65,65,64,35,33,35,35,36,67,67,No,No,No,No,No,No,No,No,No,No,Yes,Yes,Yes,Yes,Yes,No,No,Yes,67,67,62,7.871,14.619,10.392,0.462,6.981,1.856,1.281,0.532,64,15,64,64,0,0,0,0,0,0,0,0,96.4,95.3,95.9,96.9,96.1,96.2,96.6,96.9,97.2,0,0,0,0,0,2096.4,21.33,36,39,39,90,129,598,1,2,Yes,No,No,No,No,No,No,No,Yes,No,No,No,Yes,No,No,No,No,No,No,No,No,No,Yes,No,Yes,No,No,No,No,No,No,No,No,No,No,No,No,63,66,54,54,44,51,62,59,7281,7009,65,60,55,100,No,No,34699,80214,100,100,100,116.617,47.529,602444,213056,62,0.77,0.462,900,2096,4.5,3,0,2.7,4.7,0,4.8,3.9,0,42.8,1692,2265,1692,Yes,Yes,No,No,No,No,No,No,8.17,29.359,100,0,43.5,59.6,17.2,62.9,1.9,1.6,1.6,1.6,13.3,60.5,1.8,1.6,1.6,1.6,58.29,521.72,15.89,15.79,633.03,633.03,3.16,12.74,58.29,0,83.46,2435,78,47.6,22.8,0
1.7.2026,18:08.9,24066,1220,95.1,7565,349,95.5,19.7,17373,3422,0.752,0.77,0.71,0.765,0.762,0.716,0.753,2235.6,2358.4,1867.1,2358.4,2358.4,98.3,1965.4,2227.3,2241.8,2252.8,2222,2207.6,2240.6,2247.9,2200.4,2204.9,2227.3,100,100,100,100,100,100,100,100,100,100,100,100,95,96.7,96.7,94.4,94.4,96,96,93,93,95,22.8,24,19,24,24,20,67,67,66,67,67,33,33,34,33,33,67,67,No,No,No,No,No,No,No,No,No,No,Yes,Yes,Yes,Yes,Yes,No,No,Yes,68,68,62,8.379,15.311,10.307,1.171,7.074,1.924,1.475,0.498,64,15,64,64,0,0,0,0,0,0,0,0,97.6,96.8,97.3,98.3,97.6,97.4,97.7,98.1,97.7,0,0,0,0,0,1048.2,10.67,20,20,20,45,129,299,1,2,Yes,No,No,No,No,No,No,No,Yes,No,No,No,Yes,No,No,No,No,No,No,No,No,No,No,No,Yes,No,No,No,No,No,No,No,No,No,No,No,No,64,66,54,54,44,51,62,59,7322,6996,65,60,55,100,No,No,34699,80214,73.5,75.9,100,106.559,34.024,602632,213115,62,0.745,0.349,600,2096,18.6,15.9,0,9.3,25,0,6.8,14.5,0,42.2,1671,2286,1671,No,No,No,No,No,No,No,No,8.17,29.359,100,0,43.5,59.6,51.6,67.3,29.5,29.3,29.3,29.3,51.6,60.7,29.9,29.8,29.8,29.8,19.37,33.95,14.86,14.27,34.11,34.11,0.62,0,19.37,0,4.06,2435,78,0,0,0
1.7.2026,18:11.1,24062,1225,95.1,7580,334,95.7,18.8,17373,3275,0.756,0.77,0.71,0.767,0.777,0.716,0.753,2260.2,2358.4,1867.1,2358.4,2456.7,98.3,1768.8,2309,2373.1,2388.5,2260.2,2250.1,2370.2,2387.6,2220.2,2221.9,2309,100,100,100,100,100,100,100,100,100,100,100,100,98.9,102.8,102.8,96.2,96.2,101.9,101.9,94.5,94.5,98.9,23,24,19,24,25,18,67,67,67,65,68,33,33,33,35,32,67,68,No,No,No,No,No,No,No,No,No,No,Yes,Yes,Yes,Yes,Yes,No,No,Yes,67,67,62,9.395,14.447,10.196,0.562,6.944,1.819,1.24,0.498,64,15,64,64,0,0,0,0,0,0,0,0,97.6,96.4,97,98.2,97.7,97.1,97.8,98.1,98.1,0,0,0,0,0,1048.2,10.67,20,20,20,45,129,299,1,2,Yes,No,No,No,No,No,No,No,Yes,No,No,No,Yes,No,No,No,No,No,No,No,No,No,Yes,No,Yes,No,No,No,No,No,No,No,No,No,No,No,No,64,66,54,54,44,51,62,59,7281,7021,65,59,55,100,No,No,34699,80214,100,12,100,155.918,8.004,602932,213131,62,0.85,1.171,900,1048,8.1,6.1,0,5.4,8.7,0,7.6,10.5,0,41.5,1642,2314,1643,No,No,No,No,No,No,No,No,8.169,29.359,100,0,43.5,59.6,42.3,63.2,15,14.9,14.9,14.9,38.9,61.2,9,7.6,7.5,7.5,23.67,66.79,15.82,15.77,66.98,66.98,0.4,0.69,23.67,0,11.16,2436,78,261.2,3,0
1.7.2026,18:12.9,23938,1349,94.6,7177,737,90.6,20.5,17373,3560,0.742,0.785,0.7,0.782,0.7,0.726,0.753,2112.8,2456.7,1768.8,2456.7,1768.8,98.3,2260.2,2336.2,2370.4,2378.7,2363.8,2355.1,2386.4,2389.2,2223.4,2222.7,2336.2,100,100,100,100,100,100,100,100,100,100,100,100,100.1,102.5,102.5,100.8,100.8,102.1,102.1,94.8,94.8,100.1,21.5,25,18,25,18,23,66,68,65,65,66,34,32,35,35,34,68,68,No,No,No,No,No,No,No,No,No,No,Yes,Yes,Yes,Yes,Yes,No,No,Yes,67,67,63,8.887,14.447,10.196,0.562,6.944,1.819,1.24,0.498,64,15,64,64,0,0,0,0,0,0,0,0,97.6,96.6,96.9,97.9,97.6,97.7,97.8,98.1,98.4,0,0,0,0,0,1048.2,10.67,20,20,20,45,129,299,1,2,Yes,No,No,No,No,No,No,No,Yes,No,No,No,Yes,No,No,No,No,No,No,No,No,No,Yes,No,Yes,No,No,No,No,No,No,No,No,No,No,No,No,64,66,54,54,44,51,62,59,7308,7021,65,61,55,100,No,No,34699,80215,100,100,100,90.632,176.532,603100,213456,61,0.79,0.562,950,1048,4.2,3,0,2.4,4.5,0,7.3,0,0,41.5,1643,2313,1644,Yes,Yes,No,No,No,No,No,No,8.169,29.359,100,0,43.5,59.6,42,74.5,18.8,18.4,18.4,18.4,18.1,62.1,7.6,7.5,7.5,7.5,23.83,53.1,13.42,13.28,54.42,54.42,0.33,0,23.83,0,5.7,2458,78,11871,87.9,0
1.7.2026,18:14.9,23945,1341,94.6,7248,666,91.5,21.2,17373,3688,0.781,0.802,0.795,0.795,0.73,0.736,0.753,2432.1,2555,2555,2555,2063.6,98.3,2161.9,2336.9,2466.6,2475.9,2343.1,2332.1,2456.4,2465.7,2073.3,2082.1,2336.9,100,100,100,100,100,100,100,100,100,100,100,100,99.8,106.6,106.6,99.5,99.5,105,105,88.1,88.1,99.8,24.8,26,26,26,21,22,66,67,67,67,65,34,33,33,33,35,67,67,No,No,No,No,No,No,No,No,No,No,Yes,Yes,Yes,Yes,Yes,No,No,Yes,70,70,62,10.156,14.993,10.922,0.251,7.122,1.885,1.295,0.542,64,15,64,64,0,0,0,0,0,0,0,0,97.8,96.7,97,98.3,97.8,97.7,98,98.3,98.7,0,0,0,0,0,2096.4,21.33,36,39,39,90,129,598,1,2,Yes,No,No,No,No,No,No,No,Yes,No,No,No,Yes,No,No,No,No,No,No,No,No,No,Yes,No,No,No,No,No,No,No,No,No,No,No,No,No,No,64,66,54,54,44,51,62,59,7308,7021,65,60,55,100,No,No,34699,80215,100,100,100,167.705,65.928,603419,213582,62,0.715,0.251,600,1048,3,1.7,0,2.1,3.5,0,6.8,0,0,42,1663,2293,1664,No,No,No,No,No,No,No,No,8.172,29.359,100,0,43.5,59.6,34.7,114.5,13.5,13.3,13.3,13.3,34.8,60.2,12.8,12.1,12,12,28.79,73.94,8.67,7.91,75.12,75.12,3.09,2.78,28.32,0.48,18.04,2461,78,1712.6,11.8,0
1.7.2026,18:17.0,23982,1305,94.8,7396,518,93.4,21.3,17373,3693,0.774,0.787,0.78,0.78,0.75,0.726,0.753,2407.6,2456.7,2456.7,2456.7,2260.2,98.3,1867.1,2392.2,2481,2489.9,2352.9,2342.9,2488.7,2496.8,2237.6,2247.7,2392.2,100,100,100,100,100,100,100,100,100,100,100,100,102.4,107.2,107.2,99.9,99.9,106.8,106.8,95.5,95.5,102.4,24.5,25,25,25,23,19,66,66,66,67,65,34,34,34,33,35,66,67,No,No,No,No,No,No,No,No,No,No,Yes,Yes,Yes,Yes,Yes,No,No,Yes,67,67,63,8.379,14.783,11.047,0.204,6.961,1.735,1.11,0.509,64,15,64,64,0,0,0,0,0,0,0,0,97.6,96.6,97,98.3,97.9,97.4,97.7,97.8,98.3,0,0,0,0,0,2096.4,21.33,36,39,39,90,129,598,1,2,Yes,No,No,No,No,No,No,No,Yes,No,No,No,Yes,No,No,No,No,No,No,No,No,No,Yes,No,No,No,No,No,No,No,No,No,No,No,No,No,No,64,67,54,54,44,51,62,59,7295,7009,65,60,55,100,No,No,34699,80215,100,10.4,100,268.652,4.993,603948,213592,62,0.715,0.204,600,2096,3.1,1.7,0,2.4,3.6,0,8.2,0,0,41.7,1650,2307,1650,No,No,No,No,No,No,No,No,8.167,29.359,100,0,43.5,59.6,37,177.3,17.5,16.9,16.8,16.8,37.4,60.8,19.9,19.9,19.9,19.9,27.04,57.21,5.55,5.45,59.58,59.58,2.45,4.23,26.57,0.47,17.26,2461,78,1,3.2,0
1.7.2026,18:18.9,23819,1468,94.1,7153,761,90.3,21.9,17373,3803,0.766,0.787,0.72,0.78,0.777,0.736,0.753,2333.9,2456.7,1965.4,2456.7,2456.7,98.3,1965.4,2350.6,2379.1,2386,2364.8,2354.3,2377.7,2383.9,2271.8,2286.9,2350.6,100,100,100,100,100,100,100,100,100,100,100,100,100.5,102.6,102.6,100.5,100.5,101.8,101.8,97.3,97.3,100.5,23.8,25,20,25,25,20,67,68,66,67,67,33,32,34,33,33,68,68,No,No,No,No,No,No,No,No,No,No,Yes,Yes,Yes,Yes,Yes,No,No,Yes,68,68,63,9.902,15.654,11.772,0.195,7.018,1.757,1.124,0.5,64,15,64,64,0,0,0,0,0,0,0,0,97.7,96.9,97.1,98.3,97.9,97.6,97.8,97.6,98.2,0,0,0,0,0,2096.4,21.33,36,39,39,90,129,598,1,2,Yes,No,No,No,No,No,No,No,Yes,No,No,No,Yes,No,No,No,No,No,No,No,No,No,Yes,No,No,No,No,No,No,No,No,No,No,No,No,No,No,64,67,54,54,44,51,62,60,7308,7021,65,61,55,100,No,No,34699,80216,100,100,100,108.08,86.083,604151,213754,63,0.715,0.195,600,2096,3.6,2,0,2.2,4.1,0,7.1,0,0,41.1,1628,2329,1628,No,No,No,No,No,No,No,No,8.167,29.359,100,0,43.5,59.6,50.6,149,19.9,19.9,19.8,19.8,50.7,61,19.9,19.9,19.9,19.9,19.75,50.36,6.63,2.82,50.52,50.52,1.66,6.02,19.37,0.39,7.92,2480,79,10777.3,193.5,0
1.7.2026,18:20.9,23853,1434,94.3,7178,736,90.6,21.9,17373,3803,0.758,0.697,0.78,0.78,0.775,0.736,0.693,2284.7,1768.8,2456.7,2456.7,2456.7,98.3,1867.1,2337,2452.3,2459.7,2381.4,2368.5,2417.8,2424.8,2093.9,2097.9,2337,100,100,100,100,100,100,100,100,100,100,100,100,99.4,105.3,105.3,100.8,100.8,102.8,102.9,88.7,88.7,99.4,23.2,18,25,25,25,19,66,67,66,67,65,34,33,34,33,35,68,67,No,No,No,No,No,No,No,No,No,No,Yes,Yes,Yes,Yes,Yes,No,No,Yes,67,67,63,6.856,14.959,10.955,0.222,7.065,1.869,1.252,0.53,64,15,64,64,0,0,0,0,0,0,0,0,98.2,97.2,97.5,98.7,98.1,98.2,98.5,98.7,98.9,0,0,0,0,0,2096.4,21.33,36,39,39,90,129,598,1,2,Yes,No,No,No,No,No,No,No,Yes,No,No,No,Yes,No,No,No,No,No,No,No,No,No,Yes,No,No,No,No,No,No,No,No,No,No,No,No,No,No,64,67,54,54,44,51,62,60,7281,7021,65,60,55,100,No,No,34699,80216,30.9,0.1,31.1,42.35,0.465,604234,213754,63,0.85,0.222,900,2096,7,5.2,0,4.7,7.5,0,7.2,8.8,0,41.6,1645,2312,1645,No,No,No,No,No,No,No,No,8.167,29.359,100,0,43.5,59.6,47,63.3,16.8,15.2,15.1,15.1,46.9,61.6,16.8,15.2,15,15,21.29,59.36,15.79,15.69,66.31,66.31,0.48,0,21.29,0,8.41,2484,79,2219.7,28.3,0
1.7.2026,18:22.9,23824,1463,94.2,7214,700,91.1,21.9,17373,3803,0.797,0.802,0.795,0.795,0.795,0.736,0.753,2555,2555,2555,2555,2555,98.3,2358.4,2257.2,2410.3,2415.3,2363.4,2346.2,2341,2354,1912.2,1915.3,2257.2,100,100,100,100,100,100,100,100,100,100,100,100,95.9,103.4,103.4,99.9,99.9,99.7,99.7,80.8,80.8,95.9,26,26,26,26,26,24,67,68,67,67,67,33,32,33,33,33,68,68,No,No,No,No,No,No,No,No,No,No,Yes,Yes,Yes,Yes,Yes,No,No,Yes,70,70,62,8.125,15.178,11.003,0.568,6.947,1.754,1.136,0.511,64,15,64,64,0,0,0,0,0,0,0,0,98.2,97.4,97.6,98.8,98.1,98,98.5,98.6,98.8,0,0,0,0,0,1048.2,10.67,20,20,20,45,129,299,1,2,Yes,No,No,No,No,No,No,No,Yes,No,No,No,No,No,No,No,No,No,No,No,No,No,No,No,No,No,No,No,No,No,No,No,No,No,No,No,No,63,67,54,54,44,51,62,60,7308,7009,65,60,55,100,No,No,34699,80216,100,14.1,100,27.331,0.501,604285,213755,62,0.767,0.568,900,2096,17.2,15.3,0,5.9,18.1,0,8.8,2.8,0,41.5,1641,2316,1641,No,No,No,No,No,No,No,No,8.167,29.359,100,0,43.5,59.6,53.8,62.6,22.7,20.4,20.2,20.2,60,62,58.2,58.1,58,58,18.57,44.14,15.97,15.94,49.53,49.53,0.61,0,18.57,0,0.44,2484,79,0.3,0.1,0
1.7.2026,18:24.9,23864,1423,94.3,7266,648,91.8,21.9,17373,3803,0.747,0.802,0.7,0.792,0.692,0.736,0.693,2137.3,2555,1768.8,2555,1670.6,98.3,1965.4,2253.7,2423.6,2435.7,2374.5,2358.3,2337.3,2342.8,1877.5,1879.7,2253.7,100,100,100,100,100,100,100,100,100,100,100,100,95.8,103.9,103.9,100.2,100.2,99.4,99.4,79.7,79.7,95.8,21.8,26,18,26,17,20,67,70,67,65,65,33,30,33,35,35,70,70,No,No,No,No,No,No,No,No,No,No,Yes,Yes,Yes,Yes,Yes,No,No,Yes,69,69,62,8.125,15.126,10.538,0.975,6.966,1.792,1.266,0.499,64,15,64,64,0,0,0,0,0,0,0,0,98.4,97.4,97.9,98.9,98.3,98.3,98.6,98.7,98.9,0,0,0,0,0,2096.4,21.33,36,39,39,90,129,598,1,2,Yes,No,No,No,No,No,No,No,Yes,No,No,No,No,No,No,No,No,No,No,No,No,No,No,No,No,No,No,No,No,No,No,No,No,No,No,No,No,64,67,54,54,44,51,62,60,7281,7021,65,60,55,100,No,No,34699,80216,93.4,0.1,93.4,11.201,0.181,604307,213756,63,0.732,0.975,700,1048,18.5,16.6,0,5.7,19.7,0,9,0,0,41.3,1633,2323,1634,No,No,No,No,No,No,No,No,8.167,29.359,100,0,43.5,59.6,59.6,106.2,38.5,36.2,36,36,60,60.8,59.2,59,58.9,58.9,16.79,26.1,9.08,5.08,28.1,28.1,4.27,8.95,16.31,0.47,1.97,2484,79,0.1,0.1,0
1.7.2026,18:26.9,23888,1399,94.4,7298,617,92.2,21.9,17373,3803,0.752,0.802,0.717,0.795,0.695,0.736,0.753,2186.5,2555,1965.4,2555,1670.6,98.3,1867.1,2245.1,2394.8,2404,2352.5,2343.9,2301.8,2306.2,1926.2,1931.6,2245.1,100,100,100,100,100,100,100,100,100,100,100,100,95.6,102.8,102.8,99.8,99.8,97.9,97.9,81.8,81.8,95.6,22.2,26,20,26,17,19,67,70,68,68,63,33,30,32,32,37,70,70,No,No,No,No,No,No,No,No,No,No,Yes,Yes,Yes,Yes,Yes,No,No,Yes,68,68,63,9.141,15.269,10.572,1.015,7.009,1.77,1.249,0.499,64,15,64,64,0,0,0,0,0,0,0,0,98.1,97.3,97.7,98.5,98.1,98.2,98.4,98.4,98.6,0,0,0,0,0,1048.2,10.67,20,20,20,45,129,299,1,2,Yes,No,No,No,No,No,No,No,Yes,No,No,No,No,No,No,No,No,No,No,No,No,No,No,No,No,No,No,No,No,No,No,No,No,No,No,No,No,64,67,54,54,44,51,62,60,7295,7034,65,60,55,100,No,No,34699,80216,100,20.5,100,7.719,0.032,604321,213756,63,0.742,1.015,600,2096,17.9,15.6,0,6.7,18.7,0,8.1,6.8,0,41.1,1625,2332,1625,No,No,No,No,No,No,No,No,8.166,29.359,100,0,43.5,59.6,57.2,60.2,54.5,54.5,54.5,54.5,60,60.1,59.9,59.9,59.9,59.9,17.51,18.33,16.69,16.67,18.34,18.34,3.57,10.12,17.09,0.42,5.62,2484,79,0.3,1.4,0
1.7.2026,18:28.9,23913,1374,94.5,7353,562,92.8,21.6,17373,3750,0.782,0.802,0.795,0.765,0.765,0.736,0.753,2456.7,2555,2555,2358.4,2358.4,98.3,1375.8,2226.6,2348.8,2368,2292,2277.6,2323.4,2326.9,1935.5,1940.8,2226.6,100,100,100,100,100,100,100,100,100,100,100,100,94.8,100.9,100.9,97,97,99,99,82.1,82.1,94.8,25,26,26,24,24,14,66,68,67,65,65,34,32,33,35,35,68,68,No,No,No,No,No,No,No,No,No,No,Yes,Yes,Yes,Yes,Yes,No,No,Yes,68,68,62,7.871,14.555,10.016,1.055,6.986,1.785,1.26,0.499,64,15,64,64,0,0,0,0,0,0,0,0,98.2,97.3,98,98.7,98.1,98,98.2,98.4,98.7,0,0,0,0,0,1048.2,10.67,20,20,20,45,129,299,1,2,Yes,No,No,No,No,No,No,No,Yes,No,No,No,No,No,No,No,No,No,No,No,No,No,No,No,No,No,No,No,No,No,No,No,No,No,No,No,No,64,67,54,54,44,51,62,60,7281,7034,65,60,55,100,No,No,34699,80216,100,0.7,100,78.813,1.019,604475,213758,62,0.767,1.055,900,1048,16.4,13.7,0,7.9,16.9,0,7.5,15.1,0,40.8,1615,2342,1615,No,No,No,No,No,No,No,No,8.167,29.359,100,0,43.5,59.6,51.5,65.4,23.7,20.4,20.1,20.1,51.5,60.4,23.7,20.3,20,20,19.43,42.14,15.29,14.6,49.72,49.72,0.58,0,19.43,0,4.34,2484,79,13.7,3.3,0
1.7.2026,18:30.9,23926,1360,94.6,7026,888,88.7,23.6,17373,4092,0.781,0.785,0.78,0.78,0.777,0.726,0.753,2456.7,2456.7,2456.7,2456.7,2456.7,98.3,2063.6,2328.5,2429.4,2436.7,2282.7,2270.4,2481.7,2488.8,2116.2,2122,2328.5,100,100,100,100,100,100,100,100,100,100,100,100,98.8,104,104,96.4,96.4,105.5,105.5,89.5,89.5,98.8,25,25,25,25,25,21,66,68,66,65,66,34,32,34,35,34,68,68,No,No,No,No,No,No,No,No,No,No,Yes,Yes,Yes,Yes,Yes,No,No,Yes,68,68,63,8.379,14.571,9.941,1.126,6.988,1.809,1.291,0.497,64,15,64,64,0,0,0,0,0,0,0,0,98.4,97.5,97.9,99,98.4,98.2,98.4,98.6,98.9,0,0,0,0,0,2096.4,21.33,36,39,39,90,129,598,1,2,Yes,No,No,No,No,No,No,No,Yes,No,No,No,No,No,No,No,No,No,No,No,No,No,No,No,No,No,No,No,No,No,No,No,No,No,No,No,No,63,68,54,54,44,51,62,60,7295,7021,65,61,55,100,No,No,34700,80216,100,100,100,13.807,183.399,604502,214114,63,0.797,1.126,750,1048,8.7,6.7,0,5.9,8.9,0,7,13.5,0,40.8,1613,2344,1613,No,No,No,No,No,No,No,No,8.167,29.359,100,0,43.5,59.6,42.9,63.9,23,20.5,20.3,20.3,42.9,61,22.9,20.3,20.1,20.1,23.32,43.45,15.65,15.46,49.35,49.35,0.48,0,23.32,0,8.92,2488,79,2113.7,14.7,0
1.7.2026,18:33.0,23958,1329,94.7,6914,1000,87.3,24.6,17373,4278,0.757,0.785,0.752,0.78,0.71,0.726,0.753,2260.2,2456.7,2260.2,2456.7,1867.1,98.3,2063.6,2245.9,2347.3,2355.9,2312.5,2298.3,2310.1,2315.4,2012.1,2015.8,2245.9,100,100,100,100,100,100,100,100,100,100,100,100,95.6,100.9,100.9,97.9,97.9,98.4,98.4,85.4,85.4,95.6,23,25,23,25,19,21,68,69,67,68,66,32,31,33,32,34,69,69,No,No,No,No,No,No,No,No,No,No,Yes,Yes,Yes,Yes,Yes,No,No,Yes,68,68,63,9.141,14.277,10.226,0.755,7.114,1.715,1.104,0.502,64,15,64,64,0,0,0,0,0,0,0,0,98.1,97.2,97.5,98.7,98.1,98.1,98.3,98.5,98.6,0,0,0,0,0,2096.4,21.33,36,39,39,90,129,598,1,2,Yes,No,No,No,No,No,No,No,Yes,No,No,No,Yes,No,No,No,No,No,No,No,No,No,Yes,No,Yes,No,No,No,No,No,No,No,No,No,No,No,No,64,68,54,54,44,51,62,60,7295,7046,65,61,55,100,No,No,34700,80216,100,100,100,61.331,95.288,604618,214295,62,0.767,0.755,900,2096,15.6,13.1,0,7.8,16.4,0,7.8,14.5,0,40.7,1611,2346,1611,No,No,No,No,No,No,No,No,8.166,29.359,100,0,43.5,59.6,46.1,62.9,23,20.2,19.9,19.9,30,60.8,6,6,6,6,21.69,43.42,15.91,15.88,50.16,50.16,0.39,0,21.69,0,5.81,2505,79,8457,54.7,0
1.7.2026,18:34.9,23991,1296,94.8,7126,788,90,24.6,17373,4278,0.733,0.77,0.71,0.75,0.702,0.716,0.706,2063.6,2358.4,1867.1,2260.2,1768.8,98.3,1670.6,2211.8,2290.5,2309.6,2275.8,2262.3,2300.3,2311.2,1967.5,1977,2211.8,100,100,100,100,100,100,100,100,100,100,100,100,94.5,98.7,98.7,96.7,96.7,98.5,98.5,84,84,94.5,21,24,19,23,18,17,66,68,66,65,64,34,32,34,35,36,68,68,No,No,No,No,No,No,No,No,No,No,Yes,Yes,Yes,Yes,Yes,No,No,Yes,68,68,63,7.617,15.289,10.572,1.086,7.228,1.896,1.366,0.529,64,15,64,64,0,0,0,0,0,0,0,0,97.8,96.9,97.7,98.3,97.8,97.5,98,98.1,98.5,0,0,0,0,0,2096.4,21.33,36,39,39,90,129,598,1,2,Yes,No,No,No,No,No,No,No,Yes,No,No,No,Yes,No,No,No,No,No,No,No,No,No,Yes,No,No,No,No,No,No,No,No,No,No,No,No,No,No,64,68,54,54,44,51,62,60,7295,7046,65,61,55,100,No,No,34700,80216,100,1,100,170.241,0.026,604977,214295,63,0.76,1.086,650,2096,16.7,13.9,0,7.7,17.5,0,7.1,14.1,0,40.8,1613,2344,1613,No,No,No,No,No,No,No,No,8.165,29.359,100,0,43.5,59.6,60,64.2,56.2,53.6,53.4,53.4,60,60.2,59.9,59.8,59.8,59.8,16.66,17.8,15.58,14.85,18.74,18.74,0.58,0,16.66,0,0.22,2505,79,0.2,0.6,0
1.7.2026,18:36.9,24030,1257,95,7237,677,91.4,24.6,17373,4278,0.768,0.717,0.795,0.795,0.765,0.726,0.753,2358.4,1965.4,2555,2555,2358.4,98.3,1277.5,2224.2,2344.6,2358.9,2284.5,2268.9,2321.5,2329.2,1940.1,1945.9,2224.2,100,100,100,100,100,100,100,100,100,100,100,100,94.6,100.6,100.6,96.5,96.5,98.9,98.9,82.3,82.3,94.6,24,20,26,26,24,13,66,68,67,65,65,34,32,33,35,35,68,68,No,No,No,No,No,No,No,No,No,No,Yes,Yes,Yes,Yes,Yes,No,No,Yes,71,71,64,8.887,14.408,9.478,1.147,7.047,1.913,1.43,0.496,64,15,64,64,0,0,0,0,0,0,0,0,98.2,97.4,97.9,98.8,98.1,98,98.3,98.4,98.6,0,0,0,0,0,2096.4,21.33,36,39,39,90,129,598,1,2,Yes,No,No,No,No,No,No,No,Yes,No,No,No,Yes,No,No,No,No,No,No,No,No,No,Yes,No,No,No,No,No,No,No,No,No,No,No,No,No,No,64,68,54,54,44,51,62,60,7336,7021,65,61,55,100,No,No,34700,80217,39.9,0.8,40.8,85.755,0.246,605129,214295,62,0.767,1.147,900,2096,12,9.7,0,6.7,12.5,0,7.2,14,0,40.8,1613,2344,1613,No,No,No,No,No,No,No,No,8.17,29.359,100,0,43.5,59.6,45,66.7,20,20,20,20,45,60.2,20,20,20,20,22.21,49.93,14.99,14.16,50.02,50.02,0.44,0,22.21,0,10.5,2505,79,0.1,0.1,0
1.7.2026,18:38.9,24040,1247,95,7311,603,92.3,24.6,17373,4278,0.758,0.785,0.752,0.717,0.777,0.726,0.751,2284.7,2456.7,2260.2,1965.4,2456.7,98.3,2260.2,2218.1,2311.1,2328.2,2309.3,2293,2325.8,2327,1922.5,1928.1,2218.1,100,100,100,100,100,100,100,100,100,100,100,100,94.4,99.2,99.2,97.7,97.7,99,99,81.6,81.6,94.4,23.2,25,23,20,25,23,66,68,66,65,64,34,32,34,35,36,68,68,No,No,No,No,No,No,No,No,No,No,Yes,Yes,Yes,Yes,Yes,No,No,Yes,70,70,63,6.348,14.347,9.652,0.945,6.969,1.898,1.381,0.496,64,15,64,64,0,0,0,0,0,0,0,0,98.2,97.3,98,98.7,98.1,98.1,98.2,98.4,98.6,0,0,0,0,0,2096.4,21.33,36,39,39,90,129,598,1,2,Yes,No,No,No,No,No,No,No,Yes,No,No,No,Yes,No,No,No,No,No,No,No,No,No,Yes,No,Yes,No,No,No,No,No,No,No,No,No,No,No,No,64,68,54,54,44,51,62,60,7308,7059,65,60,55,100,No,No,34700,80217,37,1.6,38.6,42.113,0.194,605207,214295,63,0.75,0.945,800,2096,16,13.3,0,7.7,16.6,0,7.8,14.3,0,40.7,1611,2346,1611,No,No,No,No,No,No,No,No,8.165,29.359,100,0,43.5,59.6,56.8,65.6,29.8,29.7,29.6,29.6,56.8,60.7,30,30,30,30,17.61,33.59,15.24,14.67,33.74,33.74,0.58,0,17.61,0,1.83,2505,79,11,5.7,0
1.7.2026,18:40.8,24038,1249,95,7310,605,92.3,24.6,17373,4278,0.761,0.787,0.74,0.777,0.737,0.748,0.753,2309.3,2456.7,2161.9,2456.7,2161.9,98.3,1768.8,2270,2452.6,2466.6,2303,2289.8,2381.4,2390.1,1937.8,1938.9,2270,100,100,100,100,100,100,100,100,100,100,100,100,96.2,104.9,104.9,97.2,97.2,101,101,81.9,81.9,96.2,23.5,25,22,25,22,18,67,70,66,67,66,33,30,34,33,34,70,70,No,No,No,No,No,No,No,No,No,No,Yes,Yes,Yes,Yes,Yes,No,No,Yes,70,70,63,8.125,14.909,10.098,1.136,7.042,1.916,1.422,0.497,64,15,64,64,0,0,0,0,0,0,0,0,98.5,97.7,98.2,99,98.4,98.4,98.8,98.8,98.9,0,0,0,0,0,2096.4,21.33,36,39,39,90,129,598,1,2,Yes,No,No,No,No,No,No,No,Yes,No,No,No,No,No,No,No,No,No,No,No,No,No,No,No,No,No,No,No,No,No,No,No,No,No,No,No,No,64,68,54,54,44,51,62,60,7308,6996,65,60,55,100,No,No,34700,80217,9.6,0,9.6,7.647,0.176,605222,214296,63,0.767,1.136,900,2096,12.6,10.3,0,6.9,13,0,7.7,13.8,0,40.7,1611,2346,1611,No,No,No,No,No,No,No,No,8.165,29.359,100,0,43.5,59.6,33.7,63.7,19.9,19.9,19.8,19.8,33.7,60.2,20,20,20,20,29.67,50.37,15.69,15.51,50.38,50.38,0.46,0,29.67,0,17.29,2505,79,0,0.1,0
1.7.2026,18:42.8,24047,1240,95,7307,607,92.3,24.6,17373,4278,0.766,0.755,0.727,0.777,0.805,0.748,0.693,2358.4,2260.2,2063.6,2456.7,2653.2,98.3,1867.1,2372.9,2554.2,2569.8,2390.1,2379,2447.2,2454.3,2093.7,2094.7,2372.9,100,100,100,100,100,100,100,100,100,100,100,100,100.4,108.9,108.9,100.7,100.7,103.6,103.6,88.3,88.3,100.4,24,23,21,25,27,19,67,70,68,65,66,33,30,32,35,34,70,70,No,No,No,No,No,No,No,No,No,No,Yes,Yes,Yes,Yes,Yes,No,No,Yes,71,71,63,7.109,14.578,10.313,0.941,6.901,1.673,1.066,0.496,64,15,64,64,0,0,0,0,0,0,0,0,98.7,97.9,98.5,99.1,98.6,98.7,98.9,99,99,0,0,0,0,0,2096.4,21.33,36,39,39,90,129,598,1,2,Yes,No,No,No,No,No,No,No,Yes,No,No,No,No,No,No,No,No,No,No,No,No,No,No,No,No,No,No,No,No,No,No,No,No,No,No,No,No,64,68,54,54,44,51,62,60,7336,6971,65,61,55,100,No,No,34700,80217,11.3,0,11.4,7.101,0.041,605236,214296,63,0.797,0.941,750,2096,7.3,5.3,0,5.6,7.4,0,7.6,13.2,0,40.4,1599,2358,1599,No,No,No,No,No,No,No,No,8.165,29.359,100,0,43.5,59.6,39.7,61.6,20,20,20,20,39.7,60.7,20,20,20,20,25.21,49.95,16.24,16.15,50.02,50.02,0.42,0,25.21,0,11.32,2505,79,0.2,0.1,0
1.7.2026,18:44.8,24047,1240,95,7310,604,92.3,24.6,17373,4278,0.761,0.82,0.727,0.805,0.692,0.746,0.751,2260.2,2653.2,2063.6,2653.2,1670.6,98.3,1965.4,2372.5,2580,2595.2,2376.9,2363.8,2442.2,2447.8,2085.6,2088.9,2372.5,100,100,100,100,100,100,100,100,100,100,100,100,100.4,110.1,110.1,100.1,100.1,103.3,103.3,88.2,88.2,100.4,23,27,21,27,17,20,68,70,67,69,65,32,30,33,31,35,70,70,No,No,No,No,No,No,No,No,No,No,Yes,Yes,Yes,Yes,Yes,No,No,Yes,70,70,63,8.125,14.576,10.666,0.66,6.943,1.551,0.853,0.496,64,15,64,64,0,0,0,0,0,0,0,0,98.7,97.9,98.5,99.2,98.6,98.7,98.9,98.8,99,0,0,0,0,0,1048.2,10.67,20,20,20,45,129,299,1,2,Yes,No,No,No,No,No,No,No,Yes,No,No,No,Yes,No,No,No,No,No,No,No,No,No,Yes,No,No,No,No,No,No,No,No,No,No,No,No,No,No,63,68,54,54,44,51,62,60,7308,7021,65,61,55,100,No,No,34700,80217,10.8,0,10.8,16.276,0.078,605267,214296,63,0.897,0.66,1000,2096,7.3,5.5,0,5.5,7.3,0,7,13.2,0,40.2,1591,2366,1591,No,No,No,No,No,No,No,No,8.165,29.359,100,0,43.5,59.6,30,67.4,16.1,15.1,15,15,30,60.3,16.1,15.1,15,15,33.33,62.28,14.83,14.33,66.53,66.53,0.48,0,33.33,0,19.39,2505,79,0.2,0.2,0
1.7.2026,18:46.8,24045,1242,95,7333,582,92.6,24.6,17373,4278,0.789,0.817,0.727,0.81,0.8,0.746,0.693,2505.8,2653.2,2063.6,2653.2,2653.2,98.3,1670.6,2346,2571.6,2587,2337,2324.9,2427.7,2436.6,2039.1,2044.4,2346,100,100,100,100,100,100,100,100,100,100,100,100,99.4,109.8,109.8,98.6,98.6,103,103,86.3,86.3,99.4,25.5,27,21,27,27,17,68,70,68,67,65,32,30,32,33,35,70,70,No,No,No,No,No,No,No,No,No,No,Yes,Yes,Yes,Yes,Yes,No,No,Yes,70,70,63,8.887,14.978,11.136,0.707,6.914,1.557,0.856,0.495,64,15,64,64,0,0,0,0,0,0,0,0,98.6,97.8,98.4,99,98.5,98.5,98.9,98.7,98.9,0,0,0,0,0,1048.2,10.67,20,20,20,45,129,299,1,2,Yes,No,No,No,No,No,No,No,Yes,No,No,No,Yes,No,No,No,No,No,No,No,No,No,Yes,No,No,No,No,No,No,No,No,No,No,No,No,No,No,64,68,54,54,44,51,62,60,7336,7034,65,60,55,100,No,No,34700,80217,17.3,0,17.3,28.843,0.023,605322,214296,63,0.787,0.707,950,1048,7.6,5.7,0,5.6,7.6,0,6.7,13.5,0,40,1582,2374,1583,No,No,No,No,No,No,No,No,8.165,29.359,100,0,43.5,59.6,29.5,60.4,20,19.9,19.9,19.9,29.5,60.1,20,20,20,20,33.89,50.12,16.55,16.54,50.14,50.14,0.49,0,33.89,0,30.95,2505,79,12.4,8.1,0
1.7.2026,18:48.8,24050,1237,95.1,7351,563,92.8,24.6,17373,4277,0.776,0.787,0.807,0.805,0.702,0.746,0.693,2383,2456.7,2653.2,2653.2,1768.8,98.3,1474,2365.6,2582.9,2599,2396.7,2384.4,2409.3,2414.5,2068.9,2069.4,2365.6,100,100,100,100,100,100,100,100,100,100,100,100,100.1,110.2,110.2,100.9,100.9,101.9,101.9,87.4,87.4,100.1,24.2,25,27,27,18,15,68,70,68,68,65,32,30,32,32,35,70,70,No,No,No,No,No,No,No,No,No,No,Yes,Yes,Yes,Yes,Yes,No,No,Yes,71,71,63,7.617,14.661,10.763,0.705,6.876,1.57,0.882,0.497,64,15,64,64,0,0,0,0,0,0,0,0,98.7,97.9,98.5,99.1,98.6,98.7,98.9,98.9,98.9,0,0,0,0,0,2096.4,21.33,36,39,39,90,129,598,1,2,Yes,No,No,No,No,No,No,No,Yes,No,No,No,Yes,No,No,No,No,No,No,No,No,No,Yes,No,No,No,No,No,No,No,No,No,No,No,No,No,No,63,68,54,54,44,51,62,60,7336,7021,65,60,55,100,No,No,34700,80217,53.5,0,53.6,18.934,0.16,605358,214296,63,0.74,0.705,750,1048,7.4,5.6,0,5.5,7.4,0,6.4,13.6,0,40.3,1594,2363,1594,No,No,No,No,No,No,No,No,8.165,29.359,100,0,43.5,59.6,31.5,60.8,15,14.9,14.9,14.9,31.5,60.2,15,15,15,15,31.7,66.82,16.44,16.43,66.97,66.97,0.48,0,31.7,0,21.59,2505,79,0.2,0,0
1.7.2026,18:50.9,24049,1238,95.1,7352,562,92.8,24.6,17373,4277,0.767,0.817,0.807,0.707,0.737,0.748,0.753,2333.9,2653.2,2653.2,1867.1,2161.9,98.3,1965.4,2373.5,2569.6,2600.4,2388.1,2375.4,2429.6,2432.7,2095.6,2096.7,2373.5,100,100,100,100,100,100,100,100,100,100,100,100,100.3,109.6,109.6,100.5,100.5,102.8,102.8,88.5,88.5,100.3,23.8,27,27,19,22,20,68,68,69,68,65,32,32,31,32,35,68,69,No,No,No,No,No,No,No,No,No,No,Yes,Yes,Yes,Yes,Yes,No,No,Yes,70,70,62,7.871,14.913,11.109,0.641,6.901,1.553,0.844,0.495,64,15,64,64,0,0,0,0,0,0,0,0,98.8,97.9,99.1,99.2,98.7,98.8,98.9,99,99,0,0,0,0,0,1048.2,10.67,20,20,20,45,129,299,1,2,Yes,No,No,No,No,No,No,No,Yes,No,No,No,No,No,No,No,No,No,No,No,No,No,No,No,No,No,No,No,No,No,No,No,No,No,No,No,No,64,68,55,55,44,51,63,60,7349,7021,65,60,55,100,No,No,34700,80217,7.2,0,7.2,6.719,0.027,605371,214296,63,0.732,0.641,700,2096,7.9,6,0,5.7,7.8,0,6.1,14.7,0,40.2,1589,2367,1590,No,No,No,No,No,No,No,No,8.164,29.359,100,0,43.5,59.6,28.4,61.2,19.8,19.8,19.8,19.8,28.4,60.1,20,20,20,20,35.26,50.41,16.33,16.26,50.42,50.42,0.53,0,35.26,0,24.35,2505,79,0,0,0
1.7.2026,18:52.9,23990,1297,94.8,7313,601,92.4,24.6,17373,4277,0.742,0.782,0.717,0.75,0.717,0.726,0.693,2161.9,2456.7,1965.4,2260.2,1965.4,98.3,1572.3,2344.6,2466.7,2500.2,2326.8,2311.8,2385.8,2388.4,2187.8,2189.4,2344.6,100,100,100,100,100,100,100,100,100,100,100,100,99.3,105.5,105.5,98.2,98.2,101,101,92.5,92.5,99.3,22,25,20,23,20,16,68,70,66,67,67,32,30,34,33,33,70,70,No,No,No,No,No,No,No,No,No,No,Yes,Yes,Yes,Yes,Yes,No,No,Yes,70,70,63,8.379,14.662,10.896,0.645,6.926,1.544,0.841,0.495,64,15,64,64,0,0,0,0,0,0,0,0,98.6,97.6,99,99,98.4,98.6,98.7,98.7,98.8,0,0,0,0,0,1048.2,10.67,20,20,20,45,129,299,1,2,Yes,No,No,No,No,No,No,No,Yes,No,No,No,Yes,No,No,No,No,No,No,No,No,No,Yes,No,Yes,No,No,No,No,No,No,No,No,No,No,No,No,64,69,55,55,44,51,63,60,7322,7021,65,60,55,100,No,No,34700,80217,11.7,1.3,13,6.038,0.241,605383,214297,63,0.732,0.645,700,1048,7.2,5.3,0,5.5,7.2,0,6.2,14.1,0,40.3,1594,2363,1594,No,No,No,No,No,No,No,No,8.164,29.359,100,0,43.5,59.6,28.4,60.7,15,15,15,15,28.4,60.6,15,15,15,15,35.24,66.61,16.47,16.46,66.62,66.62,0.47,0,35.24,0,24.37,2544,79,19410.4,124,0
1.7.2026,18:54.8,24000,1286,94.9,7340,574,92.7,24.6,17373,4277,0.792,0.817,0.802,0.81,0.737,0.746,0.751,2530.4,2653.2,2653.2,2653.2,2161.9,98.3,2456.7,2326.5,2485.9,2524.7,2296.5,2284.2,2422.9,2431.6,2081.2,2085,2326.5,100,100,100,100,100,100,100,100,100,100,100,100,98.6,106.7,106.7,96.9,96.9,102.8,102.8,88.1,88.1,98.6,25.8,27,27,27,22,25,68,70,67,68,65,32,30,33,32,35,70,70,No,No,No,No,No,No,No,No,No,No,Yes,Yes,Yes,Yes,Yes,No,No,Yes,71,71,63,7.363,15.592,11.582,0.635,6.915,1.678,1.039,0.544,64,15,64,64,0,0,0,0,0,0,0,0,98.6,97.4,98.8,99,98.5,98.4,98.7,98.7,98.9,0,0,0,0,0,2096.4,21.33,36,39,39,90,129,598,1,2,Yes,No,No,No,No,No,No,No,Yes,No,No,No,Yes,No,No,No,No,No,No,No,No,No,Yes,No,Yes,No,No,No,No,No,No,No,No,No,No,No,No,64,69,55,55,44,51,63,60,7349,7034,65,61,55,100,No,No,34700,80217,24.3,0,24.3,25.239,0.034,605430,214297,63,0.742,0.635,600,1048,7.5,5.6,0,5.6,7.6,0,6.4,13.8,0,40.2,1589,2367,1590,No,No,No,No,No,No,No,No,8.164,29.359,100,0,43.5,59.6,34.3,62,16.2,15.1,15,15,34.3,60.3,16.3,15.1,15,15,29.15,61.68,16.12,16.04,66.84,66.84,0.46,0,29.15,0,18.85,2555,79,5692.4,36.5,0
1.7.2026,18:56.9,24012,1275,94.9,7368,546,93,24.6,17373,4277,0.761,0.817,0.727,0.805,0.692,0.746,0.751,2260.2,2653.2,2063.6,2653.2,1670.6,98.3,1965.4,2346.1,2517.9,2554.7,2358.2,2344.9,2425.8,2430.9,2067.3,2069.1,2346.1,100,100,100,100,100,100,100,100,100,100,100,100,99.3,107.6,107.6,99.3,99.3,102.8,102.8,87.3,87.3,99.3,23,27,21,27,17,20,68,70,68,67,66,32,30,32,33,34,70,70,No,No,No,No,No,No,No,No,No,No,Yes,Yes,Yes,Yes,Yes,No,No,Yes,71,71,63,7.363,14.901,10.921,0.678,6.656,1.599,0.921,0.515,64,15,64,64,0,0,0,0,0,0,0,0,98.7,97.7,99.2,99.1,98.6,98.6,98.8,98.8,98.9,0,0,0,0,0,2096.4,21.33,36,39,39,90,129,598,1,2,Yes,No,No,No,No,No,No,No,Yes,No,No,No,No,No,No,No,No,No,No,No,No,No,No,No,No,No,No,No,No,No,No,No,No,No,No,No,No,64,69,55,55,44,51,63,60,7336,7021,65,60,55,100,No,No,34700,80217,16.8,0,16.8,13.471,0.062,605456,214297,63,0.77,0.678,900,2096,8.7,6.5,0,6,8.6,0,6.1,15.5,0,40,1582,2375,1582,No,No,No,No,No,No,No,No,8.164,29.359,100,0,43.5,59.6,42.9,61.1,29.9,29.9,29.9,29.9,42.9,60.1,30,30,30,30,23.32,33.45,16.37,16.35,33.45,33.45,0.43,0,23.32,0,10.81,2555,79,0,0.1,0
1.7.2026,18:58.9,24022,1265,94.9,7384,530,93.2,24.6,17373,4275,0.761,0.817,0.752,0.762,0.71,0.748,0.753,2284.7,2653.2,2260.2,2358.4,1867.1,98.3,2456.7,2369.4,2535.7,2570,2368.2,2354.5,2477.1,2485,2081.2,2083.4,2369.4,100,100,100,100,100,100,100,100,100,100,100,100,100.2,108.2,108.2,99.7,99.7,105,105,87.9,87.9,100.2,23.2,27,23,24,19,25,68,71,68,65,66,32,29,32,35,34,71,71,No,No,No,No,No,No,No,No,No,No,Yes,Yes,Yes,Yes,Yes,No,No,Yes,68,68,63,7.617,15.283,11.193,0.65,6.684,1.589,0.924,0.496,64,15,64,64,0,0,0,0,0,0,0,0,98.8,97.8,99.2,99.2,98.6,98.6,98.9,98.9,99,0,0,0,0,0,1048.2,10.67,20,20,20,45,129,299,1,2,Yes,No,No,No,No,No,No,No,Yes,No,No,No,Yes,No,No,No,No,No,No,No,No,No,Yes,No,No,No,No,No,No,No,No,No,No,No,No,No,No,64,69,55,55,44,51,63,60,7349,7021,65,60,55,100,No,No,34700,80217,10.1,0.6,10.6,6.747,0.216,605469,214297,63,0.767,0.65,900,2096,7.5,5.5,0,5.7,7.7,0,6.4,14.4,0,40.2,1589,2368,1589,No,No,No,No,No,No,No,No,8.168,29.359,100,0,43.5,59.6,44.5,68.2,29.7,29.7,29.7,29.7,44.5,60.2,30,30,30,30,22.47,33.64,14.66,13.59,33.67,33.67,0.41,0,22.47,0,11.43,2555,79,0.6,0.6,0
1.7.2026,19:00.9,24026,1261,95,7450,464,94.1,24.4,17373,4239,0.766,0.802,0.765,0.795,0.702,0.736,0.753,2309.3,2555,2358.4,2555,1768.8,98.3,2358.4,2335.2,2488.4,2526.8,2288.5,2276.5,2433.9,2441.9,2108.9,2116.4,2335.2,100,100,100,100,100,100,100,100,100,100,100,100,99.1,106.7,106.7,96.7,96.7,103.6,103.6,89.6,89.6,99.1,23.5,26,24,26,18,24,67,70,68,67,64,33,30,32,33,36,70,70,No,No,No,No,No,No,No,No,No,No,Yes,Yes,Yes,Yes,Yes,No,No,Yes,70,70,63,7.617,15.257,11.525,0.617,6.686,1.552,0.852,0.495,64,15,64,64,0,0,0,0,0,0,0,0,98.4,97.5,98.9,98.8,98.3,98.1,98.4,98.3,98.7,0,0,0,0,0,2096.4,21.33,36,39,39,90,129,598,1,2,Yes,No,No,No,No,No,No,No,Yes,No,No,No,Yes,No,No,No,No,No,No,No,No,No,Yes,No,Yes,No,No,No,No,No,No,No,No,No,No,No,No,64,69,55,55,44,51,63,60,7349,7021,65,61,55,100,No,No,34700,80217,46,0.1,46.1,63.008,0.158,605601,214298,63,0.767,0.617,900,1048,7.6,5.7,0,5.6,7.7,0,5.9,14.2,0,39.9,1577,2379,1578,No,No,No,No,No,No,No,No,8.168,29.359,100,0,43.5,59.6,30.6,61,19.9,19.9,19.9,19.9,30.6,60.2,20,20,20,20,32.7,50.29,16.4,16.39,50.33,50.33,0.5,0,32.7,0,28.35,2555,79,39.5,23.3,0
1.7.2026,19:02.8,23798,1489,94.1,7196,718,90.9,24.2,17373,4202,0.782,0.817,0.807,0.705,0.8,0.748,0.753,2456.7,2653.2,2653.2,1867.1,2653.2,98.3,2456.7,2346.1,2477.1,2512.8,2341.7,2327.3,2400.3,2402.7,2152.4,2154.7,2346.1,100,100,100,100,100,100,100,100,100,100,100,100,99.4,105.9,105.9,98.6,98.6,101.9,101.9,91,91,99.4,25,27,27,19,27,25,68,70,68,68,66,32,30,32,32,34,70,70,No,No,No,No,No,No,No,No,No,No,Yes,Yes,Yes,Yes,Yes,No,No,Yes,71,71,63,10.41,14.402,10.302,0.659,6.742,1.696,1.079,0.501,64,15,64,64,0,0,0,0,0,0,0,0,98.6,97.6,99.1,99.1,98.5,98.4,98.5,98.8,98.9,0,0,0,0,0,2096.4,21.33,36,39,39,90,129,598,1,2,Yes,No,No,No,No,No,No,No,Yes,No,No,No,Yes,No,No,No,No,No,No,No,No,No,Yes,No,Yes,No,No,No,No,No,No,No,No,No,No,No,No,64,69,55,55,44,51,63,60,7336,7046,65,60,55,100,No,No,34700,80217,12.7,0,12.7,20.302,0.042,605636,214298,63,0.75,0.659,800,2096,7.2,5.3,0,5.3,7.2,0,5.8,13.4,0,39.9,1580,2377,1580,No,No,No,No,No,No,No,No,8.164,29.359,100,0,43.5,59.6,31.7,61.2,19.9,19.9,19.9,19.9,31.7,60.9,19.9,19.9,19.9,19.9,31.59,50.31,16.35,16.33,50.32,50.32,0.47,0,31.59,0,25.37,2555,79,0.2,0.2,0
1.7.2026,19:04.9,23757,1530,93.9,7170,744,90.5,24.2,17373,4202,0.771,0.817,0.752,0.805,0.71,0.746,0.751,2358.4,2653.2,2260.2,2653.2,1867.1,98.3,1965.4,2379.6,2543.7,2580.7,2395.2,2381.3,2438.2,2443.9,2126.6,2127.5,2379.6,100,100,100,100,100,100,100,100,100,100,100,100,100.6,108.6,108.6,100.8,100.8,103.1,103.1,89.7,89.7,100.6,24,27,23,27,19,20,68,70,69,67,66,32,30,31,33,34,70,70,No,No,No,No,No,No,No,No,No,No,Yes,Yes,Yes,Yes,Yes,No,No,Yes,70,70,63,7.363,15.334,11.185,0.626,6.649,1.636,0.972,0.494,64,15,64,64,0,0,0,0,0,0,0,0,98.8,97.9,99.2,99.3,98.7,98.8,99,99,99,0,0,0,0,0,2096.4,21.33,36,39,39,90,129,598,1,2,Yes,No,No,No,No,No,No,No,Yes,No,No,No,Yes,No,No,No,No,No,No,No,No,No,Yes,No,No,No,No,No,No,No,No,No,No,No,No,No,No,64,69,55,55,44,51,63,60,7349,7034,65,60,55,100,No,No,34700,80217,7.5,0,7.5,7.197,0.051,605650,214298,63,0.767,0.626,900,2096,7.7,5.8,0,5.5,7.7,0,5.9,14,0,39.7,1572,2384,1573,No,No,No,No,No,No,No,No,8.163,29.359,100,0,43.5,59.6,30,60.9,19.9,19.9,19.9,19.9,30,60.2,20,20,20,20,33.31,50.23,16.41,16.41,50.24,50.24,0.51,0,33.31,0,23.85,2555,79,0.1,0.1,0
1.7.2026,19:06.8,23802,1485,94.1,7260,654,91.7,24.2,17373,4202,0.781,0.817,0.737,0.762,0.805,0.746,0.693,2456.7,2653.2,2161.9,2358.4,2653.2,98.3,1474,2332,2457.8,2497.9,2355.2,2342.7,2383.4,2389.4,2113,2116.9,2332,100,100,100,100,100,100,100,100,100,100,100,100,99,105.5,105.5,99.5,99.5,101.5,101.5,89.5,89.5,99,25,27,22,24,27,15,68,70,68,65,67,32,30,32,35,33,70,70,No,No,No,No,No,No,No,No,No,No,Yes,Yes,Yes,Yes,Yes,No,No,Yes,70,70,63,8.125,14.921,11.102,0.643,6.674,1.535,0.823,0.495,64,15,64,64,0,0,0,0,0,0,0,0,98.4,97.3,98.9,98.9,98.3,98.1,98.4,98.6,98.7,0,0,0,0,0,1048.2,10.67,20,20,20,45,129,299,1,2,Yes,No,No,No,No,No,No,No,Yes,No,No,No,Yes,No,No,No,No,No,No,No,No,No,Yes,No,Yes,No,No,No,No,No,No,No,No,No,No,No,No,65,69,54,54,44,52,63,60,7336,7021,65,60,55,100,No,No,34700,80217,34.4,3,37.3,50.288,0.036,605746,214298,63,0.76,0.643,850,2096,7.9,5.8,0,5.7,8.2,0,6,14.1,0,39.7,1572,2384,1573,No,No,No,No,No,No,No,No,8.163,29.359,100,0,43.5,59.6,43.9,62.8,23.1,20.4,20.1,20.1,44,60.3,23.1,20.3,20,20,22.75,43.31,15.91,15.74,49.79,49.79,0.42,0,22.75,0,12.65,2555,79,8.1,6.8,0
1.7.2026,19:08.8,23779,1508,94,7250,665,91.5,24.2,17373,4202,0.762,0.817,0.807,0.725,0.7,0.746,0.693,2284.7,2653.2,2653.2,2063.6,1768.8,98.3,1474,2363,2562,2596.5,2379.6,2367,2418.8,2423.4,2077.7,2079,2363,100,100,100,100,100,100,100,100,100,100,100,100,100,109.4,109.4,100.3,100.3,102.4,102.4,87.8,87.8,100,23.2,27,27,21,18,15,67,70,64,68,66,33,30,36,32,34,70,70,No,No,No,No,No,No,No,No,No,No,Yes,Yes,Yes,Yes,Yes,No,No,Yes,70,70,63,7.617,15.222,11.08,0.655,6.7,1.675,1.045,0.496,64,15,64,64,0,0,0,0,0,0,0,0,98.8,97.8,99.1,99.1,98.6,98.7,98.9,98.9,99,0,0,0,0,0,2096.4,21.33,36,39,39,90,129,598,1,2,Yes,No,No,No,No,No,No,No,Yes,No,No,No,No,No,No,No,No,No,No,No,No,No,No,No,No,No,No,No,No,No,No,No,No,No,No,No,No,64,69,54,54,44,52,63,60,7295,7009,65,61,55,100,No,No,34700,80217,13.1,0.1,13.2,10.258,0.395,605765,214299,63,0.76,0.655,650,1048,7.6,5.6,0,5.6,7.7,0,6.1,14.3,0,39.7,1572,2384,1573,No,No,No,No,No,No,No,No,8.167,29.359,100,0,43.5,59.6,34.3,60.9,19.9,19.9,19.9,19.9,34.3,60.3,20,20,20,20,29.15,50.13,16.43,16.4,50.18,50.18,0.47,0,29.15,0,20.81,2555,79,0.2,1,0
1.7.2026,19:10.9,23794,1493,94,7272,642,91.8,24.2,17373,4200,0.759,0.727,0.807,0.807,0.695,0.746,0.751,2260.2,2063.6,2653.2,2653.2,1670.6,98.3,1768.8,2355.7,2529.7,2565.1,2376.8,2363,2412.6,2422.1,2085.5,2090.9,2355.7,100,100,100,100,100,100,100,100,100,100,100,100,99.7,108.1,108.1,100.1,100.1,102.3,102.3,88.2,88.2,99.7,23,21,27,27,17,18,67,70,67,68,64,33,30,33,32,36,70,70,No,No,No,No,No,No,No,No,No,No,Yes,Yes,Yes,Yes,Yes,No,No,Yes,70,70,63,9.141,14.878,11.083,0.628,6.832,1.551,0.846,0.496,64,15,64,64,0,0,0,0,0,0,0,0,98.6,97.6,99.1,99.1,98.5,98.4,98.8,98.6,98.9,0,0,0,0,0,1048.2,10.67,20,20,20,45,129,299,1,2,Yes,No,No,No,No,No,No,No,Yes,No,No,No,Yes,No,No,No,No,No,No,No,No,No,Yes,No,No,No,No,No,No,No,No,No,No,No,No,No,No,64,69,54,54,44,52,63,60,7214,6947,65,60,55,100,No,No,34700,80217,18.5,0.1,18.6,20.666,0.226,605805,214299,64,0.732,0.628,700,2096,7.4,5.5,0,5.4,7.5,0,5.7,13.7,0,39.7,1572,2384,1573,No,No,No,No,No,No,No,No,8.163,29.359,100,0,43.5,59.6,37.1,61.3,20,19.9,19.9,19.9,37.1,60.2,20,20,20,20,26.95,50.12,16.31,16.3,50.16,50.16,0.44,0,26.95,0,19.61,2555,79,0.2,0.2,0
1.7.2026,19:13.0,23800,1487,94.1,7298,616,92.2,24.2,17373,4200,0.784,0.817,0.807,0.805,0.707,0.748,0.693,2456.7,2653.2,2653.2,2653.2,1867.1,98.3,1474,2333.8,2514.4,2552.9,2361.4,2349.6,2425.3,2433.4,2014.5,2019.3,2333.8,100,100,100,100,100,100,100,100,100,100,100,100,98.9,107.9,107.9,99.7,99.7,102.9,102.9,85.2,85.2,98.9,25,27,27,27,19,15,68,70,67,67,68,32,30,33,33,32,70,70,No,No,No,No,No,No,No,No,No,No,Yes,Yes,Yes,Yes,Yes,No,No,Yes,70,70,63,9.902,15.114,11.101,0.644,6.887,1.601,0.921,0.496,64,15,64,64,0,0,0,0,0,0,0,0,98.5,97.4,98.8,98.9,98.4,98.4,98.7,98.6,98.9,0,0,0,0,0,1048.2,10.67,20,20,20,45,129,299,1,2,Yes,No,No,No,No,No,No,No,Yes,No,No,No,Yes,No,No,No,No,No,No,No,No,No,Yes,No,No,No,No,No,No,No,No,No,No,No,No,No,No,64,69,54,54,44,52,63,60,7254,6996,65,60,55,100,No,No,34700,80217,21.7,0,21.7,21.059,0.065,605845,214299,63,0.767,0.644,900,1048,9.7,7.6,0,6,10.1,0,6,14,0,39.9,1580,2376,1581,No,No,No,No,No,No,No,No,8.163,29.359,100,0,43.5,59.6,43.2,61.6,20,20,20,20,43.2,60.3,20,20,20,20,23.16,50.03,16.23,16.17,50.04,50.04,0.43,0,23.16,0,8.24,2555,79,0,0,0
1.7.2026,19:15.0,23885,1402,94.4,7358,556,92.9,24,17373,4161,0.772,0.802,0.78,0.78,0.727,0.736,0.753,2383,2555,2456.7,2456.7,2063.6,98.3,2358.4,2298.6,2383.9,2421.9,2333.7,2317.8,2329.2,2339.9,2127,2135.7,2298.6,100,100,100,100,100,100,100,100,100,100,100,100,97.8,102.8,102.8,98.8,98.8,99.6,99.6,89.9,89.9,97.8,24.2,26,25,25,21,24,68,68,67,67,68,32,32,33,33,32,68,68,No,No,No,No,No,No,No,No,No,No,Yes,Yes,Yes,Yes,Yes,No,No,Yes,68,68,63,8.887,15.476,10.773,1.013,7.065,1.854,1.309,0.512,64,15,64,64,0,0,0,0,0,0,0,0,98.1,97,98.4,98.6,98,97.7,98.2,98.2,98.6,0,0,0,0,0,2096.4,21.33,36,39,39,90,129,598,1,2,Yes,No,No,No,No,No,No,No,Yes,No,No,No,Yes,No,No,No,No,No,No,No,No,No,Yes,No,No,No,No,No,No,No,No,No,No,No,No,No,No,64,69,54,54,44,52,63,60,7295,7009,65,60,55,100,No,No,34700,80217,89.7,45.9,100,78.939,68.229,606033,214461,63,0.715,1.013,600,1048,15,12.5,0,7.6,16.8,0,7.7,13.5,0,40.5,1600,2356,1608,No,No,No,No,No,No,No,No,8.163,29.359,100,0,43.5,59.6,44.7,64.7,11.3,8.8,8.6,8.6,26.1,62.2,3.2,2.7,2.6,2.6,22.37,88.47,15.45,15.39,116.53,116.53,0.5,0,22.37,0,5.37,2563,79,3357.9,47.7,0
1.7.2026,19:16.8,23844,1443,94.2,7190,724,90.8,24.7,17373,4298,0.777,0.785,0.78,0.78,0.765,0.726,0.751,2432.1,2456.7,2456.7,2456.7,2358.4,98.3,2260.2,2329.1,2369.9,2403.1,2349.8,2340.6,2357.6,2366.4,2220.9,2224.7,2329.1,100,100,100,100,100,100,100,100,100,100,100,100,99.5,102.4,102.4,99.9,99.9,100.8,100.8,95,95,99.5,24.8,25,25,25,24,23,67,68,66,67,68,33,32,34,33,32,68,68,No,No,No,No,No,No,No,No,No,No,Yes,Yes,Yes,Yes,Yes,No,No,Yes,68,68,63,8.379,15.476,10.773,1.013,7.065,1.854,1.309,0.512,64,15,64,64,0,0,0,0,0,0,0,0,97.8,96.5,98,98.2,97.8,97.7,98,98.1,98.3,0,0,0,0,0,2096.4,21.33,36,39,39,90,129,598,1,2,Yes,No,No,No,No,No,No,No,Yes,No,No,No,Yes,No,No,No,No,No,No,No,No,No,Yes,No,No,No,No,No,No,No,No,No,No,No,No,No,No,64,69,54,54,44,52,63,60,7281,6971,65,60,55,100,No,No,34700,80218,100,0.2,100,58.274,0.604,606125,214462,64,0.715,1.013,600,2096,6.2,4.6,0,3.2,7.1,0,6.1,3.1,0,40.8,1614,2343,1610,No,No,No,No,No,No,No,No,8.163,29.359,100,0,43.5,59.6,42,75.4,19.9,19.9,19.9,19.9,39,62.1,16.5,15.1,15,15,23.81,50.21,13.27,12.58,50.34,50.34,0.35,0,23.81,0,14.12,2579,79,9982.4,102.9,0
1.7.2026,19:18.8,23870,1417,94.3,7248,666,91.5,24.7,17373,4298,0.776,0.817,0.807,0.75,0.727,0.746,0.751,2407.6,2653.2,2653.2,2260.2,2063.6,98.3,1965.4,2371.6,2475.6,2507.9,2350.8,2339.7,2427.3,2433.3,2216.9,2221.4,2371.6,100,100,100,100,100,100,100,100,100,100,100,100,100.7,106.2,106.2,99.4,99.4,103,103.1,94,94,100.7,24.5,27,27,23,21,20,68,70,69,68,67,32,30,31,32,33,70,70,No,No,No,No,No,No,No,No,No,No,Yes,Yes,Yes,Yes,Yes,No,No,Yes,70,70,63,10.41,14.961,10.73,0.413,7.041,1.906,1.31,0.534,64,15,64,64,0,0,0,0,0,0,0,0,98.4,97.3,98.6,98.8,98.3,98.4,98.6,98.6,98.8,0,0,0,0,0,1048.2,10.67,20,20,20,45,129,299,1,2,Yes,No,No,No,No,No,No,No,Yes,No,No,No,No,No,No,No,No,No,No,No,No,No,No,No,No,No,No,No,No,No,No,No,No,No,No,No,No,64,69,54,54,44,52,63,60,7308,6996,65,60,55,100,No,No,34700,80218,15.3,0.1,15.5,17.247,0.523,606156,214463,64,0.712,0.413,600,2096,3.1,1.7,0,2.2,3.8,0,7.3,0,0,40.9,1617,2340,1617,No,No,No,No,No,No,No,No,8.163,29.359,100,0,43.5,59.6,28.4,61.4,19.2,19.1,19,19,28.4,62,19.9,19.9,19.9,19.9,35.17,52.03,16.25,16.23,52.59,52.59,2.37,2.6,34.77,0.39,30.59,2604,80,13482.9,90,0
1.7.2026,19:20.9,23881,1406,94.4,7284,630,92,24.7,17373,4298,0.79,0.817,0.807,0.807,0.727,0.746,0.751,2505.8,2653.2,2653.2,2653.2,2063.6,98.3,1474,2416.6,2584,2616.1,2377.9,2365.1,2549.8,2558.4,2137.5,2143.8,2416.6,100,100,100,100,100,100,100,100,100,100,100,100,102.3,110.5,110.5,100.2,100.2,108.2,108.2,90.4,90.4,102.3,25.5,27,27,27,21,15,68,71,67,69,67,32,29,33,31,33,71,71,No,No,No,No,No,No,No,No,No,No,Yes,Yes,Yes,Yes,Yes,No,No,Yes,70,70,63,10.41,14.681,11.116,0.2,6.885,1.618,0.907,0.543,64,15,64,64,0,0,0,0,0,0,0,0,98.6,97.6,98.8,99.1,98.6,98.4,98.7,98.7,98.9,0,0,0,0,0,2096.4,21.33,36,39,39,90,129,598,1,2,Yes,No,No,No,No,No,No,No,Yes,No,No,No,No,No,No,No,No,No,No,No,No,No,No,No,No,No,No,No,No,No,No,No,No,No,No,No,No,64,69,54,54,44,52,63,60,7281,6996,65,60,55,100,No,No,34700,80218,28.6,0,28.6,34.255,0.06,606223,214463,62,0.715,0.2,600,1048,2.3,0.9,0,2.1,2.7,0,7.8,0,0,40.6,1607,2350,1607,No,No,No,No,No,No,No,No,8.163,29.359,100,0,43.5,59.6,31.6,126.1,16.9,16.8,16.8,16.8,31.7,61.4,19.9,19.9,19.9,19.9,31.6,59.11,8.15,7.72,59.3,59.3,2.5,3.76,31.12,0.48,30.22,2604,80,2.8,2.1,0
1.7.2026,19:22.8,23862,1424,94.3,7354,560,92.9,24.7,17373,4298,0.767,0.835,0.74,0.715,0.777,0.758,0.693,2333.9,2751.5,2161.9,1965.4,2456.7,98.3,1572.3,2375.8,2543,2572.5,2308.9,2298.5,2511,2521.5,2123.5,2127.5,2375.8,100,100,100,100,100,100,100,100,100,100,100,100,100.7,108.7,108.7,97.4,97.4,106,106,90.4,90.4,100.7,23.8,28,22,20,25,16,68,71,68,69,65,32,29,32,31,35,71,71,No,No,No,No,No,No,No,No,No,No,Yes,Yes,Yes,Yes,Yes,No,No,Yes,70,70,63,8.125,15.681,12.258,0.162,6.855,1.528,0.764,0.501,64,15,64,64,0,0,0,0,0,0,0,0,98.6,97.6,98.8,99,98.5,98.3,98.7,98.8,98.9,0,0,0,0,0,1048.2,10.67,20,20,20,45,129,299,1,2,Yes,No,No,No,No,No,No,No,Yes,No,No,No,Yes,No,No,No,No,No,No,No,No,No,Yes,No,No,No,No,No,No,No,No,No,No,No,No,No,No,63,69,55,55,44,52,63,60,7295,6984,65,60,55,100,No,No,34700,80218,24.8,0,24.9,36.503,0.13,606304,214464,62,0.742,0.162,750,2096,6,4.7,0,3,6.6,0,8.6,0,0,40.6,1607,2349,1606,No,No,No,No,No,No,No,No,8.163,29.359,100,0,43.5,59.6,58,75.3,30.7,30.2,30.1,30.1,57.9,60.5,30,30,30,30,17.24,32.62,13.27,13.19,33.2,33.2,1.41,0,17.24,0,2.07,2604,80,0.3,0.1,0
1.7.2026,19:24.9,23884,1402,94.4,7393,521,93.4,24.7,17373,4298,0.791,0.817,0.807,0.805,0.735,0.746,0.751,2530.4,2653.2,2653.2,2653.2,2161.9,98.3,2456.7,2357.3,2559.1,2591.6,2309.9,2305.4,2490.3,2502.9,2048,2051.3,2357.3,100,100,100,100,100,100,100,100,100,100,100,100,99.8,109.5,109.5,97.6,97.6,105.7,105.7,86.6,86.6,99.8,25.8,27,27,27,22,25,68,70,69,67,66,32,30,31,33,34,70,70,No,No,No,No,No,No,No,No,No,No,Yes,Yes,Yes,Yes,Yes,No,No,Yes,70,70,63,9.902,14.681,11.01,0.474,6.932,1.589,0.942,0.498,64,15,64,64,0,0,0,0,0,0,0,0,98.5,97.7,98.9,98.8,98.6,98.2,98.7,98.7,98.8,0,0,0,0,0,1048.2,10.67,20,20,20,45,129,299,1,2,Yes,No,No,No,No,No,No,No,Yes,No,No,No,Yes,No,No,No,No,No,No,No,No,No,Yes,No,No,No,No,No,No,No,No,No,No,No,No,No,No,64,69,55,55,44,52,63,60,7308,6984,65,60,55,100,No,No,34700,80218,24.8,0.1,24.9,24.48,0.191,606351,214464,63,0.83,0.416,1050,1048,9,7.3,0,3.4,9.9,0,6.9,0,0,40.2,1594,2363,1601,Yes,Yes,No,No,No,No,No,No,8.164,29.359,100,0,43.5,59.6,55.8,66.1,24.2,20.5,20.2,20.2,55.8,61.4,24.2,20.4,20,20,17.91,41.39,15.12,15.11,49.57,49.57,1.31,0,17.91,0,3.05,2604,80,0,0,0
1.7.2026,19:26.9,23861,1426,94.3,7372,543,93.1,24.7,17373,4298,0.804,0.835,0.74,0.822,0.82,0.758,0.693,2604.1,2751.5,2161.9,2751.5,2751.5,98.3,1670.6,2385.9,2570.6,2602.4,2338.3,2327.5,2509.9,2516.4,2109.9,2111.9,2385.9,100,100,100,100,100,100,100,100,100,100,100,100,100.9,109.7,109.7,98.6,98.6,106.7,106.7,88.6,88.6,100.9,26.5,28,22,28,28,17,68,70,66,69,66,32,30,34,31,34,70,70,No,No,No,No,No,No,No,No,No,No,Yes,Yes,Yes,Yes,Yes,No,No,Yes,70,70,62,8.633,14.681,11.01,0.474,6.932,1.589,0.942,0.498,64,15,64,64,0,0,0,0,0,0,0,0,98.8,97.9,99.1,99.2,98.8,98.7,98.9,99,99,0,0,0,0,0,1048.2,10.67,20,20,20,45,129,299,1,2,Yes,No,No,No,No,No,No,No,Yes,No,No,No,No,No,No,No,No,No,No,No,No,No,No,No,No,No,No,No,No,No,No,No,No,No,No,No,No,64,69,55,55,44,52,63,60,7336,6984,65,60,55,100,No,No,34700,80218,18,0,18,10.192,0.064,606369,214464,63,0.715,0.474,600,1048,8.6,7.3,0,2.1,9.5,0,0.9,0,0,40.5,1604,2353,1604,No,No,No,No,No,No,No,No,8.163,29.359,100,0,43.5,59.6,56.9,65.3,29.8,29.6,29.6,29.6,56.9,60.5,30,30,30,30,17.57,33.56,15.32,15.29,33.75,33.75,1.38,0,17.57,0,1.97,2604,80,0.8,4.2,0
1.7.2026,19:28.9,23810,1477,94.1,7289,625,92,24.7,17373,4298,0.78,0.835,0.765,0.817,0.702,0.758,0.693,2407.6,2751.5,2358.4,2751.5,1768.8,98.3,1572.3,2374.4,2559.5,2590.7,2316.9,2308.4,2526.8,2534.8,2077.4,2080.9,2374.4,100,100,100,100,100,100,100,100,100,100,100,100,100.7,109.5,109.5,97.9,97.9,107.6,107.6,87.9,87.9,100.7,24.5,28,24,28,18,16,68,70,67,68,65,32,30,33,32,35,70,70,No,No,No,No,No,No,No,No,No,No,Yes,Yes,Yes,Yes,Yes,No,No,Yes,70,70,62,9.141,15.056,11.566,0.387,6.874,1.503,0.79,0.498,64,15,64,64,0,0,0,0,0,0,0,0,98.6,97.6,98.8,98.8,98.4,98.4,98.8,98.7,98.9,0,0,0,0,0,1048.2,10.67,20,20,20,45,129,299,1,2,Yes,No,No,No,No,No,No,No,Yes,No,No,No,No,No,No,No,No,No,No,No,No,No,No,No,No,No,No,No,No,No,No,No,No,No,No,No,No,64,69,55,55,44,52,63,60,7295,6984,65,60,55,100,No,No,34700,80218,100,12,100,180.361,0.059,606696,214464,62,0.715,0.387,600,1048,4.8,3.9,0,1.1,5.4,0,0,0,0,40.3,1595,2361,1596,No,No,No,No,No,No,No,No,8.163,29.359,100,0,43.5,59.6,28.7,62.6,4.5,4.3,4.3,4.3,28.7,60.1,4.5,4.3,4.3,4.3,34.8,223.39,15.98,15.98,234.19,234.19,0.56,0,34.8,0,21.51,2604,80,58,17.2,0
1.7.2026,19:30.8,23870,1416,94.3,7357,557,92.9,24.7,17373,4298,0.779,0.802,0.795,0.792,0.727,0.736,0.753,2432.1,2555,2555,2555,2063.6,98.3,1474,2445.6,2608.9,2638.5,2460.1,2449.1,2512.3,2520.5,2185.7,2189.4,2445.6,100,100,100,100,100,100,100,100,100,100,100,100,103.6,111.7,111.7,103.9,103.9,106.6,106.6,92.3,92.3,103.6,24.8,26,26,26,21,15,68,70,67,69,68,32,30,33,31,32,70,70,No,No,No,No,No,No,No,No,No,No,Yes,Yes,Yes,Yes,Yes,No,No,Yes,71,71,63,9.902,15.078,11.517,0.182,6.934,1.565,0.819,0.501,64,15,64,64,0,0,0,0,0,0,0,0,98.6,97.5,98.6,98.9,98.5,98.4,98.8,98.8,99,0,0,0,0,0,2096.4,21.33,36,39,39,90,129,598,1,2,Yes,No,No,No,No,No,No,No,Yes,No,No,No,No,No,No,No,No,No,No,No,No,No,No,No,No,No,No,No,No,No,No,No,No,No,No,No,No,64,69,55,55,44,52,63,60,7295,6971,65,60,55,100,No,No,34700,80218,16.1,0.1,16.2,22.785,0.171,606742,214465,62,0.715,0.205,600,1048,4.4,3.1,0,1.1,5.6,0,0,0,0,41.4,1639,2318,1639,No,No,No,No,No,No,No,No,8.167,29.359,100,0,43.5,59.6,50.3,91.3,18.6,17.7,17.6,17.6,50.2,61,20,20,20,20,19.87,53.69,10.96,9.98,56.92,56.92,0.48,0,19.87,0,6.96,2604,80,3.8,23.8,0
1.7.2026,19:32.9,23889,1398,94.4,7409,505,93.6,24.7,17373,4298,0.769,0.802,0.792,0.78,0.7,0.736,0.753,2333.9,2555,2555,2456.7,1768.8,98.3,1670.6,2421.7,2594.6,2626.5,2445.1,2433.9,2513.9,2522.4,2117,2120.4,2421.7,100,100,100,100,100,100,100,100,100,100,100,100,102.4,111.1,111.1,103.2,103.2,106.7,106.7,88.8,88.8,102.4,23.8,26,26,25,18,17,68,68,68,68,67,32,32,32,32,33,69,68,No,No,No,No,No,No,No,No,No,No,Yes,Yes,Yes,Yes,Yes,No,No,Yes,70,70,63,10.918,15.078,11.517,0.182,6.934,1.565,0.819,0.501,64,15,64,64,0,0,0,0,0,0,0,0,98.6,97.5,98.7,99,98.5,98.4,98.7,98.8,99,0,0,0,0,0,2096.4,21.33,36,39,39,90,129,598,1,2,Yes,No,No,No,No,No,No,No,Yes,No,No,No,No,No,No,No,No,No,No,No,No,No,No,No,No,No,No,No,No,No,No,No,No,No,No,No,No,64,69,55,55,44,52,63,60,7308,7009,65,60,55,100,No,No,34700,80218,27.6,1.7,29.3,36.3,0.121,606815,214465,64,0.715,0.182,600,2096,3.7,2.4,0,0.9,4.7,0,0,0,0,41.4,1638,2318,1639,No,No,No,No,No,No,No,No,8.163,29.359,100,0,43.5,59.6,38.7,130,17.3,17.2,17.1,17.1,39.3,61.9,20,20,20,20,25.84,58.1,7.64,6.18,58.52,58.52,0.63,1,25.44,0.4,16.46,2604,80,9.1,7.2,0
1.7.2026,19:35.1,24011,1276,94.9,7508,406,94.8,24.7,17373,4293,0.769,0.787,0.78,0.777,0.777,0.726,0.753,2333.9,2456.7,2456.7,2456.7,2456.7,98.3,1867.1,2421.7,2469.5,2496.7,2398.4,2387,2448.3,2455.5,2094.5,2141.9,2361.5,100,100,100,100,100,100,100,100,100,100,100,100,102.4,111.1,111.1,103.2,103.2,106.7,106.7,88.8,88.8,102.4,23.8,26,26,25,18,17,68,68,68,68,67,32,32,32,32,33,69,68,No,No,No,No,No,No,No,No,No,No,Yes,Yes,Yes,Yes,Yes,No,No,Yes,68,68,62,9.649,15.123,11.634,0.165,6.883,1.552,0.792,0.5,64,15,64,64,0,0,0,0,0,0,0,0,98.6,97.5,98.7,99,98.5,98.4,98.7,98.8,99,0,0,0,0,0,2096.4,21.33,36,39,39,90,129,598,1,2,Yes,No,No,No,No,No,No,No,Yes,No,No,No,No,No,No,No,No,No,No,No,No,No,No,No,No,No,No,No,No,No,No,No,No,No,No,No,No,64,69,55,55,44,52,63,60,7308,7009,65,60,55,100,No,No,34700,80218,27.6,1.7,29.3,36.3,0.121,606815,214465,63,0.715,0.165,600,2096,5.3,4.1,0,1.3,6.3,0,0,0.1,0,42,1661,2296,1661,No,No,No,No,No,No,No,No,8.163,29.359,100,0,43.5,59.6,38.7,130,17.3,17.2,17.1,17.1,39.3,61.9,20,20,20,20,25.84,58.1,7.64,6.18,58.52,58.52,0.63,1,25.44,0.4,16.46,2604,80,9.1,7.2,0
1.7.2026,19:36.9,24011,1276,94.9,7508,406,94.8,24.7,17373,4293,0.781,0.787,0.78,0.777,0.777,0.726,0.753,2456.7,2456.7,2456.7,2456.7,2456.7,98.3,1867.1,2361.5,2469.5,2496.7,2398.4,2387,2448.3,2455.5,2094.5,2141.9,2361.5,100,100,100,100,100,100,100,100,100,100,100,100,100.8,106.9,106.9,101.8,101.8,105.1,105.1,89.4,89.4,100.8,25,25,25,25,25,19,68,67,68,67,68,32,33,32,33,32,69,68,No,No,No,No,No,No,No,No,No,No,Yes,Yes,Yes,Yes,Yes,No,No,Yes,68,68,62,8.633,14.892,11.046,0.184,6.982,1.812,1.178,0.523,64,15,64,64,0,0,0,0,0,0,0,0,97.9,96.5,97.6,98.4,97.9,97.8,98.1,98.4,98.5,0,0,0,0,0,2096.4,21.33,36,39,39,90,129,598,1,2,Yes,No,No,No,No,No,No,No,Yes,No,No,No,No,No,No,No,No,No,No,No,No,No,No,No,No,No,No,No,No,No,No,No,No,No,No,No,No,64,69,55,54,44,52,63,60,7281,6996,65,60,55,100,No,No,34700,80219,38.7,2.4,41,87.704,4.56,607034,214476,62,0.715,0.184,600,2096,4.5,3.3,0,1.1,5.4,0,0,0,0,41.3,1636,2321,1629,No,No,No,No,No,No,No,No,8.167,29.359,100,0,43.5,59.6,45.3,70.1,19.4,19.1,19,19,33.7,66.6,6.5,5.1,5,5,22.09,51.47,14.27,14.02,52.58,52.58,0.28,0,22.09,0,10.02,2623,80,7323.6,66.7,0
1.7.2026,19:39.0,23948,1339,94.7,7603,311,96,24.1,17373,4181,0.776,0.785,0.765,0.777,0.777,0.726,0.751,2407.6,2456.7,2260.2,2456.7,2456.7,98.3,1768.8,2369.9,2385.4,2411.9,2289.2,2282.1,2373.9,2387.6,2440.5,2388.4,2369.9,100,100,100,100,100,100,100,100,100,100,100,100,101.4,103,103,97.2,97.2,101.8,101.8,103.6,103.6,101.4,24.5,25,23,25,25,18,68,67,68,68,67,32,33,32,32,33,68,68,No,No,No,No,No,No,No,No,No,No,Yes,Yes,Yes,Yes,Yes,No,No,Yes,70,70,62,8.633,14.306,10.754,0.115,6.902,1.699,1.029,0.5,64,15,64,64,0,0,0,0,0,0,0,0,97.9,96.7,97.8,98.3,98,97.4,98,98.3,98.5,0,0,0,0,0,1048.2,10.67,20,20,20,45,129,299,1,2,Yes,No,No,No,No,No,No,No,Yes,No,No,No,No,No,No,No,No,No,No,No,No,No,No,No,No,No,No,No,No,No,No,No,No,No,No,No,No,64,69,55,54,44,52,63,60,7308,6996,65,60,55,100,No,No,34700,80219,97.9,0.2,98,183.934,0.825,607403,214478,63,0.715,0.115,600,1048,2.8,1.9,0,0.7,3.5,0,0,0,0,41.3,1640,2316,1636,No,No,No,No,No,No,No,No,8.163,29.359,100,0,43.5,59.6,52.2,107.2,20.2,20.1,20.1,20.1,51.1,62.5,20,20,20,20,19.17,49.52,9.33,7.69,49.81,49.81,0.51,0.64,19.17,0,5.55,2623,80,1.2,2.3,0
1.7.2026,19:41.0,23966,1321,94.7,7529,385,95.1,24.2,17373,4196,0.761,0.785,0.7,0.78,0.777,0.726,0.753,2284.7,2456.7,1768.8,2456.7,2456.7,98.3,1474,2360.7,2383.8,2412.9,2344.1,2335.3,2382.4,2389.2,2311.4,2326.6,2360.7,100,100,100,100,100,100,100,100,100,100,100,100,101,103,103,99.9,99.9,102.2,102.2,98.8,98.8,101,23.2,25,18,25,25,15,68,68,67,67,68,32,32,33,33,32,68,68,No,No,No,No,No,No,No,No,No,No,Yes,Yes,Yes,Yes,Yes,No,No,Yes,70,70,62,8.379,14.306,10.754,0.115,6.902,1.699,1.029,0.5,64,15,64,64,0,0,0,0,0,0,0,0,97.6,96.6,97.8,98,97.7,97.3,97.6,97.6,98.3,0,0,0,0,0,2096.4,21.33,36,39,39,90,129,598,1,2,Yes,No,No,No,No,No,No,No,Yes,No,No,No,No,No,No,No,No,No,No,No,No,No,No,No,No,No,No,No,No,No,No,No,No,No,No,No,No,63,69,55,54,44,52,63,60,7322,7034,65,61,55,100,No,No,34700,80219,100,100,100,157.231,52.549,608030,214565,63,0.712,0.084,600,2096,2,1.4,0,0.5,2.4,0,0,0,0,41.7,1652,2305,1651,No,No,No,No,No,No,No,No,8.164,29.359,100,0,43.5,59.6,17.1,427.8,3.3,3,3,3,14,60.1,3.2,3,3,3,58.42,305.46,2.68,2.15,334.77,334.77,1.23,0.39,57.91,0.5,63.09,2623,80,0.2,1,0
1.7.2026,19:42.9,23966,1321,94.7,7529,385,95.1,24.2,17373,4196,0.761,0.785,0.7,0.78,0.777,0.726,0.753,2284.7,2456.7,1768.8,2456.7,2456.7,98.3,1474,2360.7,2383.8,2412.9,2344.1,2335.3,2382.4,2389.2,2311.4,2326.6,2360.7,100,100,100,100,100,100,100,100,100,100,100,100,101,103,103,99.9,99.9,102.2,102.2,98.8,98.8,101,23.2,25,18,25,25,15,68,68,67,67,68,32,32,33,33,32,68,68,No,No,No,No,No,No,No,No,No,No,Yes,Yes,Yes,Yes,Yes,No,No,Yes,70,70,62,9.395,15.064,11.297,0.256,6.915,1.763,1.13,0.499,64,15,64,64,0,0,0,0,0,0,0,0,97.6,96.6,97.8,98,97.7,97.3,97.6,97.6,98.3,0,0,0,0,0,2096.4,21.33,36,39,39,90,129,598,1,2,Yes,No,No,No,No,No,No,No,Yes,No,No,No,No,No,No,No,No,No,No,No,No,No,No,No,No,No,No,No,No,No,No,No,No,No,No,No,No,63,69,55,54,44,52,63,60,7308,6996,65,60,55,100,No,No,34700,80220,100,100,100,157.231,52.549,608030,214565,62,0.715,0.256,600,2096,6.4,5.1,0,1.5,7.3,0,0,0,0,42,1662,2294,1663,No,No,No,No,No,No,No,No,8.161,29.359,100,0,43.5,59.6,17.1,427.8,3.3,3,3,3,14,60.1,3.2,3,3,3,58.42,305.46,2.68,2.15,334.77,334.77,1.23,0.39,57.91,0.5,63.09,2623,80,0.2,1,0
1.7.2026,19:44.9,23952,1335,94.7,7360,554,92.9,23.1,17373,4008,0.775,0.785,0.807,0.78,0.727,0.748,0.753,2407.6,2456.7,2653.2,2456.7,2063.6,98.3,1474,2356.1,2471.5,2504.5,2316.9,2307.7,2441.2,2455.3,2267.1,2084.4,2356.1,100,100,100,100,100,100,100,100,100,100,100,100,101,106.1,106.1,97.8,97.8,104.1,104.1,95.9,95.9,101,24.5,25,27,25,21,15,68,68,68,68,67,32,32,32,32,33,68,68,No,No,No,No,No,No,No,No,No,No,Yes,Yes,Yes,Yes,Yes,No,No,Yes,70,70,62,7.109,15.064,11.297,0.256,6.915,1.763,1.13,0.499,64,15,64,64,0,0,0,0,0,0,0,0,98.4,97.3,98.6,98.9,98.5,97.9,98.4,98.8,98.9,0,0,0,0,0,1048.2,10.67,20,20,20,45,129,299,1,2,Yes,No,No,No,No,No,No,No,Yes,No,No,No,No,No,No,No,No,No,No,No,No,No,No,No,No,No,No,No,No,No,No,No,No,No,No,No,No,64,69,55,54,44,52,63,60,7295,6984,65,60,55,100,No,No,34700,80220,100,2.4,100,106.988,5.778,608331,214582,63,0.715,0.256,600,2096,1.1,0.6,0,0.3,1.6,0,0,0,0,41.9,1657,2300,1657,No,No,No,No,No,No,No,No,8.162,29.359,100,0,43.5,59.6,5.8,91.2,2.4,2.4,2.4,2.4,5.8,54.8,2.4,2.4,2.4,2.4,173.4,416.41,10.9,9.49,423.12,423.12,0.71,0,173.03,0.37,275.05,2623,81,8.3,253.9,0
1.7.2026,19:46.9,23963,1324,94.7,7361,553,93,23.1,17373,4008,0.782,0.817,0.807,0.81,0.692,0.748,0.753,2407.6,2653.2,2653.2,2653.2,1670.6,98.3,2456.7,2423.9,2530.3,2563.3,2425.5,2413.2,2485.7,2498.2,2232.9,2241.7,2423.9,100,100,100,100,100,100,100,100,100,100,100,100,102.8,108.4,108.4,102.3,102.3,106,106,94.7,94.7,102.8,24.5,27,27,27,17,25,67,67,68,65,67,33,33,32,35,33,68,68,No,No,No,No,No,No,No,No,No,No,Yes,Yes,Yes,Yes,Yes,No,No,Yes,70,70,63,9.395,15.143,11.742,0.203,6.861,1.552,0.788,0.5,64,15,64,64,0,0,0,0,0,0,0,0,98.4,97.5,98.8,99,98.5,98,98.5,98.5,98.9,0,0,0,0,0,1048.2,10.67,20,20,20,45,129,299,1,2,Yes,No,No,No,No,No,No,No,Yes,No,No,No,No,No,No,No,No,No,No,No,No,No,No,No,No,No,No,No,No,No,No,No,No,No,No,No,No,63,69,55,54,44,52,63,60,7281,6984,65,60,55,100,No,No,34700,80220,100,2.4,100,106.988,5.778,608331,214582,63,0.715,0.203,600,1048,4.1,2.7,0,1,4.8,0,0,0,0,41.2,1629,2328,1635,No,No,No,No,No,No,No,No,8.162,29.359,100,0,43.5,59.6,5.8,91.2,2.4,2.4,2.4,2.4,5.8,54.8,2.4,2.4,2.4,2.4,173.4,416.41,10.9,9.49,423.12,423.12,0.71,0,173.03,0.37,275.05,2623,81,8.3,253.9,0
1.7.2026,19:48.9,23941,1346,94.6,7278,636,91.9,23.2,17373,4030,0.762,0.797,0.765,0.795,0.692,0.736,0.753,2284.7,2555,2358.4,2555,1670.6,98.3,1965.4,2403,2478.7,2509.2,2390.5,2380,2546.2,2553.8,2178.6,2187.2,2403,100,100,100,100,100,100,100,100,100,100,100,100,102.2,106.7,106.7,101.3,101.3,108.5,108.5,92.5,92.5,102.2,23.2,26,24,26,17,20,67,68,68,67,65,33,32,32,33,35,69,68,No,No,No,No,No,No,No,No,No,No,Yes,Yes,Yes,Yes,Yes,No,No,Yes,68,68,63,7.109,15.258,11.677,0.149,6.937,1.644,0.948,0.499,64,15,64,64,0,0,0,0,0,0,0,0,98.2,97,98.2,98.6,98.2,98,98.3,98.4,98.8,0,0,0,0,0,1048.2,10.67,20,20,20,45,129,299,1,2,Yes,No,No,No,No,No,No,No,Yes,No,No,No,No,No,No,No,No,No,No,No,No,No,No,No,No,No,No,No,No,No,No,No,No,No,No,No,No,64,69,55,54,44,52,63,60,7281,6984,65,61,55,100,No,No,34700,80220,77.9,100,100,13.616,29.351,608394,214634,63,0.715,0.149,600,1048,3.9,2.5,0,1,5,0,0,0,0,41,1623,2333,1624,No,No,No,No,No,No,No,No,8.166,29.359,100,0,43.5,59.6,52.2,69,22.5,20.5,20.3,20.3,51.9,60.1,22.3,20.2,20,20,19.15,44.59,14.53,14.47,49.52,49.52,0.79,0.38,18.76,0.39,4.39,2623,81,0.3,2.6,0
1.7.2026,19:50.9,23973,1314,94.8,7144,770,90.2,24.1,17373,4191,0.777,0.817,0.807,0.782,0.7,0.748,0.753,2383,2653.2,2653.2,2456.7,1768.8,98.3,2456.7,2364.2,2497.4,2530,2438.2,2427.5,2411,2426.3,2087.7,2095.2,2364.2,100,100,100,100,100,100,100,100,100,100,100,100,100.5,107.5,107.5,103.1,103.1,102.9,102.9,88.4,88.4,100.5,24.2,27,27,25,18,25,67,70,68,65,66,33,30,32,35,34,70,70,No,No,No,No,No,No,No,No,No,No,Yes,Yes,Yes,Yes,Yes,No,No,Yes,70,70,63,9.395,15.211,11.57,0.18,6.907,1.617,0.913,0.498,64,15,64,64,0,0,0,0,0,0,0,0,98.3,97.1,98.3,98.8,98.3,98,98.6,98.6,98.9,0,0,0,0,0,2096.4,21.33,36,39,39,90,129,598,1,2,Yes,No,No,No,No,No,No,No,Yes,No,No,No,No,No,No,No,No,No,No,No,No,No,No,No,No,No,No,No,No,No,No,No,No,No,No,No,No,64,69,55,54,44,52,63,60,7295,7009,65,60,55,100,No,No,34700,80220,27.4,75.8,100,5.201,75.37,608405,214788,62,0.715,0.18,600,1048,4.8,3.8,0,1.1,5.4,0,0,0,0,41.2,1629,2328,1629,No,No,No,No,No,No,No,No,8.166,29.359,100,0,43.5,59.6,56,81,30,29.8,29.8,29.8,55.8,60.3,30,30,30,30,17.85,33.71,12.07,11.32,34.17,34.17,1.16,1.51,17.45,0.41,2.93,2623,81,0.1,0.2,0
1.7.2026,19:52.9,23944,1343,94.6,7149,766,90.3,24.1,17373,4190,0.797,0.817,0.802,0.795,0.775,0.746,0.693,2579.5,2653.2,2653.2,2555,2456.7,98.3,1474,2397.4,2546.5,2573.7,2419.6,2407.6,2477.5,2490.5,2130.2,2134,2397.4,100,100,100,100,100,100,100,100,100,100,100,100,101.7,109.2,109.2,102.4,102.4,105.3,105.3,90,90,101.7,26.2,27,27,26,25,15,68,69,68,68,66,32,31,32,32,34,69,69,No,No,No,No,No,No,No,No,No,No,Yes,Yes,Yes,Yes,Yes,No,No,Yes,70,70,63,9.395,15.3,11.775,0.192,6.892,1.596,0.893,0.499,64,15,64,64,0,0,0,0,0,0,0,0,98.4,97.4,98.5,98.8,98.3,98.2,98.7,98.7,99,0,0,0,0,0,1048.2,10.67,20,20,20,45,129,299,1,2,Yes,No,No,No,No,No,No,No,Yes,No,No,No,No,No,No,No,No,No,No,No,No,No,No,No,No,No,No,No,No,No,No,No,No,No,No,No,No,64,69,55,55,45,52,63,60,7295,7009,65,60,55,100,No,No,34700,80220,13.8,2.7,16.5,10.572,1.363,608424,214790,63,0.715,0.18,600,2096,4.2,3.1,0,1,4.9,0,0,0,0,41.1,1627,2330,1628,No,No,No,No,No,No,No,No,8.162,29.359,100,0,43.5,59.6,34.6,86.2,3.9,3.2,3.1,3.1,34.6,62.2,3.9,3.2,3.2,3.2,28.88,259.25,11.62,10.12,318.92,318.92,0.58,0.01,28.51,0.38,18.76,2623,81,0.2,0.3,0
1.7.2026,19:54.9,24001,1286,94.9,7257,657,91.6,24.1,17373,4190,0.767,0.802,0.795,0.777,0.692,0.736,0.693,2309.3,2555,2555,2456.7,1670.6,98.3,2358.4,2405.3,2543,2577.5,2392.5,2380.2,2513.4,2520.8,2155.3,2159.5,2405.3,100,100,100,100,100,100,100,100,100,100,100,100,102,109.2,109.2,101,101,106.7,106.7,91.1,91.1,102,23.5,26,26,25,17,24,68,70,67,68,66,32,30,33,32,34,70,70,No,No,No,No,No,No,No,No,No,No,Yes,Yes,Yes,Yes,Yes,No,No,Yes,70,70,63,9.649,15.714,12.107,0.318,6.89,1.543,0.815,0.498,64,15,64,64,0,0,0,0,0,0,0,0,98.5,97.2,98.6,98.9,98.4,98.4,98.7,98.8,98.9,0,0,0,0,0,2096.4,21.33,36,39,39,90,129,598,1,2,Yes,No,No,No,No,No,No,No,Yes,No,No,No,No,No,No,No,No,No,No,No,No,No,No,No,No,No,No,No,No,No,No,No,No,No,No,No,No,63,69,55,55,45,52,63,60,7268,7009,65,60,55,100,No,No,34700,80220,15.2,0,15.2,20.183,0.039,608464,214791,63,0.715,0.192,600,1048,7.1,5.8,0,1.6,8.1,0,0,0.1,0,41.6,1647,2309,1648,No,No,No,No,No,No,No,No,8.166,29.359,100,0,43.5,59.6,43.2,62.5,14.2,12.1,12,12,42.1,61.5,11.1,8.8,8.6,8.6,23.15,70.35,16,15.88,83.67,83.67,0.81,0,23.15,0,12.28,2623,81,0,0,0
1.7.2026,19:56.9,24001,1286,94.9,7257,657,91.6,24.1,17373,4190,0.767,0.802,0.795,0.777,0.692,0.736,0.693,2309.3,2555,2555,2456.7,1670.6,98.3,2358.4,2405.3,2543,2577.5,2392.5,2380.2,2513.4,2520.8,2155.3,2159.5,2405.3,100,100,100,100,100,100,100,100,100,100,100,100,102,109.2,109.2,101,101,106.7,106.7,91.1,91.1,102,23.5,26,26,25,17,24,68,70,67,68,66,32,30,33,32,34,70,70,No,No,No,No,No,No,No,No,No,No,Yes,Yes,Yes,Yes,Yes,No,No,Yes,70,70,62,8.125,14.649,10.784,0.252,6.978,1.799,1.209,0.503,64,15,64,64,0,0,0,0,0,0,0,0,98.5,97.2,98.6,98.9,98.4,98.4,98.7,98.8,98.9,0,0,0,0,0,2096.4,21.33,36,39,39,90,129,598,1,2,Yes,No,No,No,No,No,No,No,Yes,No,No,No,No,No,No,No,No,No,No,No,No,No,No,No,No,No,No,No,No,No,No,No,No,No,No,No,No,63,69,55,55,45,52,63,60,7281,6984,65,60,55,100,No,No,34700,80220,15.2,0,15.2,20.183,0.039,608464,214791,62,0.715,0.252,600,2096,6.1,5,0,1.4,6.9,0,0,0,0,42.6,1690,2266,1685,No,No,No,No,No,No,No,No,8.162,29.359,100,0,43.5,59.6,43.2,62.5,14.2,12.1,12,12,42.1,61.5,11.1,8.8,8.6,8.6,23.15,70.35,16,15.88,83.67,83.67,0.81,0,23.15,0,12.28,2623,81,0,0,0
1.7.2026,19:59.6,24042,1245,95,7469,446,94.3,24.1,17373,4190,0.774,0.785,0.78,0.78,0.75,0.726,0.753,2407.6,2456.7,2456.7,2456.7,2260.2,98.3,2063.6,2348.1,2370.5,2397.9,2280.9,2265.4,2428.8,2417.3,2308.9,2314.9,2348.1,100,100,100,100,100,100,100,100,100,100,100,100,100.8,102.6,102.6,97.2,97.2,104,104,99.4,99.4,100.8,24.5,25,25,25,23,21,68,70,68,67,66,32,30,32,33,34,70,70,No,No,No,No,No,No,No,No,No,No,Yes,Yes,Yes,Yes,Yes,No,No,Yes,68,68,63,8.125,15.032,11.05,0.135,6.839,1.837,1.212,0.525,64,14.5,64,64,0,0,0,0,0,0,0,0,97.5,96.5,97.6,98,97.4,97.6,97.5,97.8,98,0,0,0,0,0,2096.4,21.33,36,39,39,90,129,598,1,2,Yes,No,No,No,No,No,No,No,Yes,No,No,No,No,No,No,No,No,No,No,No,No,No,No,No,No,No,No,No,No,No,No,No,No,No,No,No,No,64,69,55,55,45,52,63,60,7281,6971,65,60,55,100,No,No,34700,80220,100,16.7,100,121.551,6.25,608746,214805,62,0.715,0.135,600,2096,3.8,2.5,0,1,4.7,0.4,0,0,0,44.3,1753,2203,1754,No,No,No,No,No,No,No,No,8.161,29.359,100,0,43.5,59.6,43.6,134.9,10.3,9.5,9.4,9.4,43,61.8,9.6,8.7,8.6,8.6,22.91,97.25,7.34,6.11,106.5,106.5,1.15,1.71,22.37,0.54,13.48,2624,81,213.1,31.2,0
1.7.2026,20:00.9,24289,998,96,7318,597,92.4,25.2,17373,4384,0.741,0.77,0.73,0.765,0.7,0.716,0.693,2137.3,2358.4,2063.6,2358.4,1768.8,98.3,1768.8,2278.4,2281.8,2308.2,2208.6,2194,2331.8,2338.4,2278.7,2286.1,2278.4,100,100,100,100,100,100,100,100,100,100,100,100,97.7,98.8,98.8,94.4,94.4,100,99.9,97.8,97.8,97.7,21.8,24,21,24,18,18,68,69,66,67,68,32,31,34,33,32,69,69,No,No,No,No,No,No,No,No,No,No,Yes,Yes,Yes,Yes,Yes,No,No,Yes,68,68,63,7.363,14.537,10.663,0.13,6.897,1.85,1.225,0.531,64,14.5,64,64,0,0,0,0,0,0,0,0,97.4,96.4,97.6,98.1,97.5,97.2,97.5,97.4,97.8,0,0,0,0,0,2096.4,21.33,36,39,39,90,129,598,1,2,Yes,No,No,No,No,No,No,No,Yes,No,No,No,No,No,No,No,No,No,No,No,No,No,No,No,No,No,No,No,No,No,No,No,No,No,No,No,No,65,69,55,55,45,52,63,60,7281,6971,65,61,55,100,No,No,34701,80220,100,100,100,56.574,284.88,608949,215079,62,0.715,0.135,600,2096,3.2,2,0,0.9,3.9,0.5,0,0,0,45.9,1816,2140,1817,No,No,No,No,No,No,No,No,8.162,29.359,100,0,43.5,59.6,31.1,70.5,19.6,19.5,19.5,19.5,31.1,62.5,19.9,19.9,19.9,19.9,32.14,51.05,14.22,13.71,51.41,51.41,0.71,0.61,31.77,0.37,19.99,2661,81,0.3,1.9,0
1.7.2026,20:02.9,24373,914,96.3,7497,417,94.7,25.2,17373,4384,0.757,0.77,0.7,0.78,0.777,0.726,0.693,2260.2,2358.4,1768.8,2456.7,2456.7,98.3,1277.5,2254.3,2376.9,2396.8,2230.8,2218.8,2364.4,2374.1,2034,2038.8,2254.3,100,100,100,100,100,100,100,100,100,100,100,100,96.4,102.7,102.7,94.8,94.8,101.2,101.2,87,87,96.4,23,24,18,25,25,13,67,68,65,67,67,33,32,35,33,33,68,68,No,No,No,No,No,No,No,No,No,No,Yes,Yes,Yes,Yes,Yes,No,No,Yes,68,68,63,7.871,14.347,10.48,0.329,6.678,1.66,1.007,0.5,64,14,64,64,0,0,0,0,0,0,0,0,97.8,96.7,97.6,98.4,97.9,97.5,97.8,98.1,98.3,0,0,0,0,0,2096.4,21.33,36,39,39,90,129,598,1,2,Yes,No,No,No,No,No,No,No,Yes,No,No,No,No,No,No,No,No,No,No,No,No,No,No,No,No,No,No,No,No,No,No,No,No,No,No,No,No,64,69,55,55,45,52,63,60,7281,6971,65,60,55,100,No,No,34701,80221,49.5,0,49.5,80.605,0.174,609096,215080,63,0.715,0.13,600,2096,7.5,6.2,0,1.7,8.4,0,0,0.1,0,46.1,1823,2133,1824,No,No,No,No,No,No,No,No,8.161,29.359,100,0,43.5,59.6,45.9,64.5,19.9,19.9,19.9,19.9,44.8,60.2,16.7,15.3,15.1,15.1,21.8,50.19,15.5,15.17,50.35,50.35,0.54,0,21.8,0,8.01,2661,81,5.4,2.2,0
1.7.2026,20:04.9,24358,929,96.3,7739,175,97.7,25.2,17373,4377,0.766,0.77,0.765,0.765,0.765,0.716,0.753,2358.4,2358.4,2358.4,2358.4,2358.4,98.3,2161.9,2234.3,2280.8,2312.4,2042.5,2036.6,2328.6,2333.8,2261.4,2278.5,2234.3,100,100,100,100,100,100,100,100,100,100,100,100,95.7,98.7,98.7,86.6,86.6,100.2,100.2,97.2,97.2,95.7,24,24,24,24,24,22,67,68,65,67,67,33,32,35,33,33,68,68,No,No,No,No,No,No,No,No,No,No,Yes,Yes,Yes,Yes,Yes,No,No,Yes,68,68,63,8.379,14.341,10.529,0.252,6.655,1.714,1.12,0.5,64,14,64,64,0,0,0,0,0,0,0,0,97.6,96.5,97.8,98.5,98.1,97.1,97.3,97.2,97.9,0,0,0,0,0,2096.4,21.33,36,39,39,90,129,598,1,2,Yes,No,No,No,No,No,No,No,Yes,No,No,No,No,No,No,No,No,No,No,No,No,No,No,No,No,No,No,No,No,No,No,No,No,No,No,No,No,64,69,55,55,45,52,63,60,7281,6971,65,60,55,100,No,No,34701,80221,100,0,100,207.383,0.174,609533,215080,63,0.715,0.329,600,2096,6.1,4.7,0,1.4,7.2,0,0,0,0,45.8,1812,2145,1812,No,No,No,No,No,No,No,No,8.166,29.359,100,0,43.5,59.6,45.9,64.5,19.9,19.9,19.9,19.9,44.8,60.2,16.7,15.3,15.1,15.1,21.8,50.19,15.5,15.17,50.35,50.35,0.54,0,21.8,0,8.01,2661,81,5.4,2.2,0
1.7.2026,20:07.0,24331,956,96.2,7630,284,96.4,24.5,17373,4248,0.719,0.717,0.72,0.72,0.72,0.671,0.753,1965.4,1965.4,1965.4,1965.4,1965.4,98.3,1572.3,2194.9,2206.8,2232.7,2169.4,2159.3,2200.5,2209,2185.2,2196,2194.9,100,100,100,100,100,100,100,100,100,100,100,100,94.7,95.6,95.6,92.5,92.5,95.9,95.9,94.7,94.7,94.7,20,20,20,20,20,16,64,66,65,63,64,36,34,35,37,36,66,66,No,No,No,No,No,No,No,No,No,No,Yes,Yes,Yes,Yes,Yes,No,No,Yes,65,65,62,8.633,14.113,9.879,0.415,6.734,1.915,1.352,0.5,64,13.5,64,64,0,0,0,0,0,0,0,0,97.3,96.4,97.6,98,97.5,96.7,97.1,97.2,97.8,0,0,0,0,0,2096.4,21.33,36,39,39,90,129,598,1,2,Yes,No,No,No,No,No,No,No,Yes,No,No,No,Yes,No,No,No,No,No,No,No,No,No,Yes,No,Yes,Yes,No,No,No,No,No,No,No,No,No,No,No,64,69,55,55,45,52,63,60,7268,6984,65,61,55,100,No,No,34701,80221,100,10.3,100,177.106,5.264,609859,215090,63,0.715,0.252,600,2096,5.4,3.8,0,7.4,14.4,0,14.8,7.6,0,48.2,1909,2048,1909,No,No,No,No,No,No,No,No,8.161,29.359,100,0,43.5,59.6,39.3,64.7,12.1,11.9,11.9,11.9,36.4,61.2,10.6,10.1,10,10,25.46,82.78,15.46,15.4,83.81,83.81,0.67,0,25.46,0,32.3,2661,81,6.3,1.5,0
1.7.2026,20:09.0,24370,917,96.3,7619,295,96.2,23.6,17373,4092,0.719,0.755,0.752,0.75,0.737,0.706,0.753,1965.4,2260.2,2260.2,2260.2,2161.9,98.3,1867.1,2194.9,2086.6,2122.6,2105,2093.8,2114.1,2123.8,2044.1,2054.6,2093.1,100,100,100,100,100,100,100,100,100,100,100,100,94.7,90.8,90.8,89.6,89.6,90.6,90.6,86.5,86.5,89.4,20,20,20,20,20,16,64,66,65,63,64,36,34,35,37,36,66,66,No,No,No,No,No,No,No,No,No,No,Yes,Yes,Yes,Yes,Yes,No,No,Yes,66,66,62,8.379,12.94,8.387,0.659,6.587,1.903,1.362,0.501,64,13.5,64,64,0,0,0,0,0,0,0,0,97.3,96.4,97.6,98,97.5,96.7,97.1,97.2,97.8,0,0,0,0,0,2096.4,21.33,36,39,39,90,129,598,1,2,Yes,No,No,No,No,No,No,No,Yes,No,No,No,Yes,No,No,No,No,No,No,No,No,No,Yes,No,Yes,Yes,No,No,No,No,No,No,No,No,No,No,No,64,69,55,55,45,52,63,60,7268,6971,65,60,55,100,No,No,34701,80222,100,10.3,100,177.106,5.264,609859,215090,62,0.767,0.659,900,2096,9.7,7.5,0,6.3,10.8,0,7.4,13.2,0,48.8,1932,2024,1933,No,No,No,No,No,No,No,No,8.161,29.359,100,0,43.5,59.6,39.3,64.7,12.1,11.9,11.9,11.9,36.4,61.2,10.6,10.1,10,10,25.46,82.78,15.46,15.4,83.81,83.81,0.67,0,25.46,0,32.3,2661,81,6.3,1.5,0
1.7.2026,20:11.0,24375,912,96.3,7605,309,96,22.9,17373,3972,0.752,0.755,0.752,0.75,0.75,0.706,0.753,2260.2,2260.2,2260.2,2260.2,2260.2,98.3,2063.6,2080.3,2086.9,2114.4,2068.6,2056.3,2096.5,2101.9,2055.2,2062.2,2080.3,100,100,100,100,100,100,100,100,100,100,100,100,89.5,90.5,90.5,88.1,88.1,90.6,90.6,88.7,88.7,89.5,23,23,23,23,23,21,66,67,66,65,66,34,33,34,35,34,67,67,No,No,No,No,No,No,No,No,No,No,Yes,Yes,Yes,Yes,Yes,No,No,Yes,66,66,62,7.109,13.446,8.632,0.881,6.686,1.94,1.433,0.501,64,13.5,64,64,0,0,0,0,0,0,0,0,97.3,96.3,97.5,98.1,97.5,96.9,97.1,97.3,97.7,0,0,0,0,0,2096.4,21.33,36,39,39,90,129,598,1,2,Yes,No,No,No,No,No,No,No,Yes,No,No,No,Yes,No,No,No,No,No,No,No,No,No,Yes,No,Yes,No,No,No,No,No,No,No,No,No,No,No,No,64,68,55,55,44,52,63,61,7281,6984,65,60,55,100,No,No,34701,80222,83.3,36.1,100,115.988,15.668,610312,215120,62,0.852,0.659,900,2096,12.6,10.2,0,8.3,19.3,0,8.1,14.2,0,48.4,1913,2043,1914,No,No,No,No,No,No,No,No,8.166,29.359,100,0,43.5,59.6,38.2,65,22.3,20.2,20,20,34.9,61.6,11.2,10.1,10,10,26.15,44.94,15.39,15.08,50.02,50.02,1.32,0,26.15,0,8.69,2661,81,10.8,5.4,0
1.7.2026,20:13.1,24347,940,96.2,7474,440,94.4,22.8,17373,3967,0.742,0.77,0.767,0.75,0.682,0.716,0.753,2137.3,2358.4,2358.4,2260.2,1572.3,98.3,2161.9,2070.3,2122.3,2149.4,2113.1,2096.9,2110.8,2120.7,1919.6,1929.8,2070.3,100,100,100,100,100,100,100,100,100,100,100,100,88.5,91.7,91.7,89.7,89.7,90.6,90.6,82.2,82.2,88.5,21.8,24,24,23,16,22,65,67,65,65,63,35,33,35,35,37,67,67,No,No,No,No,No,No,No,No,No,No,Yes,Yes,Yes,Yes,Yes,No,No,Yes,67,67,62,7.363,13.31,8.552,0.98,6.704,1.919,1.433,0.5,64,14,64,64,0,0,0,0,0,0,0,0,97.7,96.6,97.9,98.3,97.6,97.3,97.8,97.9,98.4,0,0,0,0,0,2096.4,21.33,36,39,39,90,129,598,1,2,Yes,No,No,No,No,No,No,No,Yes,No,No,No,Yes,No,No,No,No,No,No,No,No,No,Yes,No,Yes,No,No,No,No,No,No,No,No,No,No,No,No,64,68,55,55,44,52,63,61,7281,6984,65,60,55,100,No,No,34701,80222,81.4,100,100,66.054,50.115,610435,215213,62,0.732,0.881,700,2096,16.1,13.6,0,7.8,18.1,0,8.2,12.7,0,48.2,1905,2051,1906,No,No,No,No,No,No,No,No,8.166,29.359,100,0,43.5,59.6,47.2,71.6,14.5,12.2,12,12,37.5,62.6,10,9.9,9.9,9.9,21.2,69.08,13.96,13.76,83.45,83.45,0.51,0,21.2,0,2.54,2661,81,0.4,0.4,0
1.7.2026,20:14.9,24349,938,96.2,7529,385,95.1,22.8,17373,3967,0.735,0.77,0.767,0.725,0.677,0.716,0.753,2063.6,2358.4,2358.4,2063.6,1474,98.3,1277.5,2125.9,2222.9,2250.3,2208.6,2194.1,2208.3,2217.6,1850.8,1854.5,2125.9,100,100,100,100,100,100,100,100,100,100,100,100,90.6,95.9,95.9,93.6,93.6,94.3,94.3,78.5,78.5,90.6,21,24,24,21,15,13,65,66,65,65,64,35,34,35,35,36,66,66,No,No,No,No,No,No,No,No,No,No,Yes,Yes,Yes,Yes,Yes,No,No,Yes,66,66,62,8.125,13.956,9.383,0.968,6.746,1.824,1.32,0.5,64,14,64,64,0,0,0,0,0,0,0,0,98,96.8,98,98.6,97.9,97.8,98.2,98.3,98.6,0,0,0,0,0,2096.4,21.33,36,39,39,90,129,598,1,2,Yes,No,No,No,No,No,No,No,Yes,No,No,No,Yes,No,No,No,No,No,No,No,No,No,Yes,No,No,No,No,No,No,No,No,No,No,No,No,No,No,64,68,55,55,44,52,63,61,7281,6984,65,60,55,100,No,No,34701,80222,26,0,26.1,23.861,0.15,610482,215214,62,0.762,0.98,650,2096,16.8,14.3,0,8,22,0,7.2,10.7,0,48.4,1914,2042,1915,No,No,No,No,No,No,No,No,8.162,29.359,100,0,43.5,59.6,52.3,68.3,28.5,28.2,28.1,28.1,48,62.4,16.8,15.2,15.1,15.1,19.12,35.05,14.64,14.35,35.56,35.56,0.63,0,19.12,0,2.39,2661,81,0.2,0.2,0
1.7.2026,20:16.9,24167,1119,95.5,7497,417,94.7,22.8,17373,3967,0.763,0.8,0.765,0.795,0.692,0.736,0.693,2284.7,2555,2358.4,2555,1670.6,98.3,1670.6,2198.9,2275.1,2307.9,2223.7,2209.3,2265,2272.6,2013.6,2024.4,2198.9,100,100,100,100,100,100,100,100,100,100,100,100,94.1,98.5,98.5,94.7,94.7,97.2,97.2,86.1,86.1,94.1,23.2,26,24,26,17,17,66,68,67,64,65,34,32,33,36,35,68,68,No,No,No,No,No,No,No,No,No,No,Yes,Yes,Yes,Yes,Yes,No,No,Yes,69,69,62,7.617,13.862,10.019,0.385,6.608,1.744,1.156,0.502,64,14,64,64,0,0,0,0,0,0,0,0,97.6,96.5,97.8,98.1,97.5,97.3,97.7,97.7,98.1,0,0,0,0,0,2096.4,21.33,36,39,39,90,129,598,1,2,Yes,No,No,No,No,No,No,No,Yes,No,No,No,Yes,No,No,No,No,No,No,No,No,No,Yes,No,No,No,No,No,No,No,No,No,No,No,No,No,No,64,67,55,55,44,52,63,61,7281,7009,65,60,55,100,No,No,34701,80222,29.4,0.1,29.4,33.238,0.154,610544,215214,63,0.735,0.968,700,2096,7.3,5.8,0,3.4,8.8,0,7.4,0.7,0,45.4,1794,2162,1795,No,No,No,No,No,No,No,No,8.162,29.359,100,0,43.5,59.6,41.7,176.8,7.9,7,6.9,6.9,60,62.1,58.1,57.9,57.9,57.9,23.99,126.32,5.66,4.01,145.52,145.52,0.51,0,23.99,0,0.25,2661,81,19.5,41.9,0
1.7.2026,20:19.1,24168,1119,95.5,7532,382,95.1,22.8,17373,3953,0.762,0.785,0.782,0.78,0.702,0.726,0.753,2284.7,2456.7,2456.7,2456.7,1768.8,98.3,1768.8,2330,2498.1,2528.5,2341.7,2330.7,2369.8,2375.4,2096.5,2099.2,2330,100,100,100,100,100,100,100,100,100,100,100,100,98.8,107,107,98.9,98.9,100.5,100.5,88.6,88.6,98.8,23.2,25,25,25,18,18,66,68,67,65,65,34,32,33,35,35,68,68,No,No,No,No,No,No,No,No,No,No,Yes,Yes,Yes,Yes,Yes,No,No,Yes,68,68,62,7.363,14.167,10.519,0.205,6.744,1.608,0.919,0.517,64,14.5,64,64,0,0,0,0,0,0,0,0,98.5,97.5,98.7,98.9,98.4,98.4,98.7,98.8,98.9,0,0,0,0,0,2096.4,21.33,36,39,39,90,129,598,1,2,Yes,No,No,No,No,No,No,No,Yes,No,No,No,No,No,No,No,No,No,No,No,No,No,No,No,No,No,No,No,No,No,No,No,No,No,No,No,No,64,67,55,55,44,52,63,61,7281,6984,65,60,55,100,No,No,34701,80222,30.6,3.4,34,26.784,1.868,610597,215218,62,0.715,0.385,600,2096,3.4,2,0,2.2,4,0,6.9,0,0,45.1,1784,2172,1785,No,No,No,No,No,No,No,No,8.161,29.359,100,0,43.5,59.6,36.4,100.9,19.9,19.9,19.9,19.9,36.4,61.1,20,20,20,20,27.48,50.22,9.72,9.34,50.3,50.3,2.08,0.96,27.04,0.44,9.04,2679,81,8574,58.2,0
1.7.2026,20:21.0,24250,1037,95.8,7323,591,92.5,23.7,17373,4117,0.741,0.787,0.72,0.765,0.692,0.726,0.693,2112.8,2456.7,1965.4,2358.4,1670.6,98.3,1277.5,2281,2312,2343.9,2335.3,2319.6,2307.4,2308.7,2158.7,2162.2,2281,100,100,100,100,100,100,100,100,100,100,100,100,97.1,99.5,99.5,98.8,98.8,98.2,98.2,91.9,91.9,97.1,21.5,25,20,24,17,13,66,67,67,67,64,34,33,33,33,36,67,67,No,No,No,No,No,No,No,No,No,No,Yes,Yes,Yes,Yes,Yes,No,No,Yes,67,67,62,6.856,14.277,10.289,0.207,6.946,1.896,1.301,0.544,64,14.5,64,64,0,0,0,0,0,0,0,0,98.1,97,98.4,98.7,98,98.1,98.2,98.3,98.5,0,0,0,0,0,1048.2,10.67,20,20,20,45,129,299,1,2,Yes,No,No,No,No,No,No,No,Yes,No,No,No,Yes,No,No,No,No,No,No,No,No,No,Yes,No,No,No,No,No,No,No,No,No,No,No,No,No,No,64,68,55,55,44,52,63,61,7268,7009,65,61,55,100,No,No,34701,80222,100,100,100,34.554,97.793,610663,215406,62,0.715,0.205,600,2096,3.1,1.7,0,3.2,6.9,0,8.9,0,0,44.9,1777,2179,1778,No,No,No,No,No,No,No,No,8.162,29.359,100,0,43.5,59.6,41.9,166.1,24.8,23.8,23.7,23.7,41.8,61.5,18.5,15.3,15,15,23.88,40.71,5.86,4.82,42.72,42.72,2.41,1.97,23.34,0.54,7.83,2679,81,8574,58.2,0
1.7.2026,20:23.0,24250,1037,95.8,7323,591,92.5,23.7,17373,4117,0.741,0.787,0.72,0.765,0.692,0.726,0.693,2112.8,2456.7,1965.4,2358.4,1670.6,98.3,1277.5,2281,2312,2343.9,2335.3,2319.6,2307.4,2308.7,2158.7,2162.2,2281,100,100,100,100,100,100,100,100,100,100,100,100,97.1,99.5,99.5,98.8,98.8,98.2,98.2,91.9,91.9,97.1,21.5,25,20,24,17,13,66,67,67,67,64,34,33,33,33,36,67,67,No,No,No,No,No,No,No,No,No,No,Yes,Yes,Yes,Yes,Yes,No,No,Yes,70,70,62,9.649,14.789,11.093,0.316,6.718,1.604,0.928,0.5,64,14.5,64,64,0,0,0,0,0,0,0,0,98.1,97,98.4,98.7,98,98.1,98.2,98.3,98.5,0,0,0,0,0,1048.2,10.67,20,20,20,45,129,299,1,2,Yes,No,No,No,No,No,No,No,Yes,No,No,No,Yes,No,No,No,No,No,No,No,No,No,Yes,No,No,No,No,No,No,No,No,No,No,No,No,No,No,64,67,55,55,44,52,63,61,7281,7021,65,60,55,100,No,No,34701,80222,100,100,100,34.554,97.793,610663,215406,61,0.725,0.207,650,1048,4.8,3.2,0,2.4,5.3,0,6.6,0,0,45,1781,2175,1781,No,No,No,No,No,No,No,No,8.162,29.359,100,0,43.5,59.6,41.9,166.1,24.8,23.8,23.7,23.7,41.8,61.5,18.5,15.3,15,15,23.88,40.71,5.86,4.82,42.72,42.72,2.41,1.97,23.34,0.54,7.83,2707,82,14443.8,131,0
1.7.2026,20:25.0,24195,1092,95.6,7345,569,92.8,23.7,17373,4117,0.762,0.802,0.792,0.762,0.692,0.736,0.693,2284.7,2555,2555,2358.4,1670.6,98.3,1375.8,2317.4,2448.7,2491.4,2406.7,2392.4,2380.8,2395.4,2009.3,2014.5,2317.4,100,100,100,100,100,100,100,100,100,100,100,100,98.7,105.9,105.9,102.2,102.2,101.5,101.5,85.1,85.1,98.7,23.2,26,26,24,17,14,66,68,68,64,64,34,32,32,36,36,68,68,No,No,No,No,No,No,No,No,No,No,Yes,Yes,Yes,Yes,Yes,No,No,Yes,70,70,63,7.871,14.715,10.958,0.299,6.782,1.706,1.087,0.502,64,14.5,64,64,0,0,0,0,0,0,0,0,98.6,96.6,98.3,98.5,98,97.9,98.5,98.5,98.7,0,0,0,0,0,1572.3,16,28,29,29,68,129,448,1,2,Yes,No,No,No,No,No,No,No,Yes,No,No,No,Yes,No,No,No,No,No,No,No,No,No,Yes,No,No,No,No,No,No,No,No,No,No,No,No,No,No,64,68,55,55,44,52,63,61,7268,7021,65,60,55,100,No,No,34701,80222,100,0.1,100,17.372,0.211,610703,215406,62,0.85,0.316,900,1572,4.9,3,0,3.2,5.1,2.8,8,0,0,47.3,1873,2083,1874,No,No,No,No,No,No,No,No,8.161,29.359,100,0,43.5,59.6,57.4,187.8,20.5,17.8,17.5,17.5,54.5,62.5,16.9,12.4,12,12,17.65,46.96,8.74,7.26,53.31,53.31,2.5,3.8,13.47,4.18,2.92,2707,82,79.5,32.8,0
1.7.2026,20:26.9,24195,1092,95.6,7345,569,92.8,23.7,17373,4117,0.762,0.802,0.792,0.762,0.692,0.736,0.693,2284.7,2555,2555,2358.4,1670.6,98.3,1375.8,2317.4,2448.7,2491.4,2406.7,2392.4,2380.8,2395.4,2009.3,2014.5,2317.4,100,100,100,100,100,100,100,100,100,100,100,100,98.7,105.9,105.9,102.2,102.2,101.5,101.5,85.1,85.1,98.7,23.2,26,26,24,17,14,66,68,68,64,64,34,32,32,36,36,68,68,No,No,No,No,No,No,No,No,No,No,Yes,Yes,Yes,Yes,Yes,No,No,Yes,70,70,62,9.141,14.253,10.653,0.191,6.837,1.649,0.986,0.505,64,14.5,64,64,0,0,0,0,0,0,0,0,98.1,96.6,98.3,98.5,98,97.9,98.5,98.5,98.7,0,0,0,0,0,1048.2,10.67,20,20,20,45,129,299,1,2,Yes,No,No,No,No,No,No,No,Yes,No,No,No,No,No,No,No,No,No,No,No,No,No,No,No,No,No,No,No,No,No,No,No,No,No,No,No,No,63,68,55,55,45,52,63,60,7295,7009,65,60,55,100,No,No,34701,80222,100,55,100,29.648,0.546,610756,215407,62,0.715,0.299,600,1048,4.1,2.5,0,1.5,5,2.4,0,0,0,47.9,1896,2060,1897,No,No,No,No,No,No,No,No,8.165,29.359,100,0,43.5,59.6,51.5,218.2,26.6,25.2,25.1,25.1,51.5,61.7,30,30,30,30,19.41,37.59,4.91,4.88,39.87,39.87,2.29,3.48,18.99,0.41,7.63,2707,82,60.5,25,0
1.7.2026,20:28.9,24259,1028,95.9,7447,467,94,23.7,17373,4117,0.802,0.817,0.807,0.792,0.792,0.748,0.753,2604.1,2653.2,2653.2,2555,2555,98.3,1768.8,2349.8,2433.9,2467.8,2334.5,2323.1,2495.2,2508.5,2116.4,2119,2349.8,100,100,100,100,100,100,100,100,100,100,100,100,99.8,104.7,104.7,98.8,98.8,106.2,106.2,89.5,89.5,99.8,26.5,27,27,26,26,18,67,68,68,67,66,33,32,32,33,34,68,68,No,No,No,No,No,No,No,No,No,No,Yes,Yes,Yes,Yes,Yes,No,No,Yes,68,68,62,8.125,15.014,11.254,0.251,6.783,1.697,1.066,0.501,64,14.5,64,64,0,0,0,0,0,0,0,0,98.2,97.1,98.4,98.6,98.1,97.8,98.3,98.4,98.6,0,0,0,0,0,2096.4,21.33,36,39,39,90,129,598,1,2,Yes,No,No,No,No,No,No,No,Yes,No,No,No,No,No,No,No,No,No,No,No,No,No,No,No,No,No,No,No,No,No,No,No,No,No,No,No,No,65,68,55,55,45,52,63,60,7268,6984,65,60,55,100,No,No,34701,80222,46.9,0.2,47.1,51.567,0.418,610855,215408,63,0.715,0.191,600,2096,5.4,4,0,1.3,6.1,0,0.1,0,0,48.7,1928,2029,1928,No,No,No,No,No,No,No,No,8.166,29.359,100,0,43.5,59.6,44.2,71.4,19.8,19.7,19.7,19.7,45.3,61,20,20,20,20,22.65,50.54,14.08,13.8,50.68,50.68,0.73,2.5,22.2,0.45,11.43,2708,82,49.9,32.3,0
1.7.2026,20:31.0,24329,958,96.2,7483,431,94.5,23.7,17373,4117,0.762,0.802,0.72,0.765,0.762,0.736,0.753,2309.3,2555,1965.4,2358.4,2358.4,98.3,1670.6,2309.1,2396,2420.3,2348.8,2334.2,2416.4,2433.9,2058.3,2064.8,2309.1,100,100,100,100,100,100,100,100,100,100,100,100,98.4,102.8,102.8,99.5,99.5,103.5,103.5,87.7,87.7,98.4,23.5,26,20,24,24,17,67,67,67,67,66,33,33,33,33,34,67,67,No,No,No,No,No,No,No,No,No,No,Yes,Yes,Yes,Yes,Yes,No,No,Yes,68,68,62,8.633,14.955,11.105,0.278,6.822,1.771,1.174,0.504,64,14.5,64,64,0,0,0,0,0,0,0,0,98.1,97.1,98.3,98.6,98.1,97.7,98.3,98.4,98.7,0,0,0,0,0,1048.2,10.67,20,20,20,45,129,299,1,2,Yes,No,No,No,No,No,No,No,Yes,No,No,No,No,No,No,No,No,No,No,No,No,No,No,No,No,No,No,No,No,No,No,No,No,No,No,No,No,64,68,55,55,45,52,63,60,7281,7009,65,60,55,100,No,No,34701,80222,24.7,0.4,25.2,33.718,1.165,610918,215410,63,0.715,0.251,600,1048,6.6,5.2,0,1.5,7.6,0,0.1,0,0,49.1,1944,2013,1944,No,No,No,No,No,No,No,No,8.161,29.359,100,0,43.5,59.6,55.2,229.2,18.1,14.5,14.2,14.2,54.8,62,20.1,15.4,15,15,18.23,55.1,4.38,3.15,70.6,70.6,1.06,2.73,17.72,0.51,4.09,2708,82,83.2,34.6,0
1.7.2026,20:32.9,24509,778,96.9,7381,533,93.2,24.2,17373,4198,0.742,0.802,0.737,0.697,0.692,0.736,0.693,2112.8,2555,2161.9,1768.8,1670.6,98.3,1375.8,2296.1,2305.4,2336.2,2264.4,2256.7,2297.2,2300.2,2114.2,2125.9,2250,100,100,100,100,100,100,100,100,100,100,100,100,97.9,101.8,101.8,98,98,102.2,102.2,89.8,89.8,97.9,21.5,25,25,18,18,21,66,67,67,65,64,34,33,33,35,36,67,67,No,No,No,No,No,No,No,No,No,No,Yes,Yes,Yes,Yes,Yes,No,No,Yes,68,68,62,9.395,14.242,10.507,0.199,6.812,1.74,1.121,0.503,64,14,64,64,0,0,0,0,0,0,0,0,98,96.9,98.5,98.6,98,97.5,98.2,98,98.5,0,0,0,0,0,2096.4,21.33,36,39,39,90,129,598,1,2,Yes,No,No,No,No,No,No,No,Yes,No,No,No,No,No,No,No,No,No,No,No,No,No,No,No,No,No,No,No,No,No,No,No,No,No,No,No,No,64,68,55,55,45,52,63,60,7281,6996,65,61,55,100,No,No,34701,80223,69.1,5.7,74.8,71.944,2.172,611063,215414,62,0.715,0.278,600,2096,5.3,4.1,0,1.3,6,0.4,0,0,0,50.2,1988,1969,1980,No,No,No,No,No,No,No,No,8.162,29.359,100,0,43.5,59.6,58.9,102.8,36.1,31.9,31.5,31.5,60,60.8,59.3,58.9,58.9,58.9,16.98,28.26,8.73,5.54,31.71,31.71,1.22,8.94,16.55,0.43,1.65,2709,82,619.8,70,0
1.7.2026,20:34.9,24526,760,96.9,7197,717,90.9,25.3,17373,4393,0.732,0.802,0.737,0.697,0.692,0.736,0.693,2039.1,2555,2161.9,1768.8,1670.6,98.3,1375.8,2250,2305.4,2336.2,2264.4,2256.7,2297.2,2300.2,2114.2,2125.9,2250,100,100,100,100,100,100,100,100,100,100,100,100,96.1,99.4,99.4,96.4,96.4,98.5,98.5,90.2,90.2,96.1,20.8,26,22,18,17,14,66,68,66,65,64,34,32,34,35,36,68,68,No,No,No,No,No,No,No,No,No,No,Yes,Yes,Yes,Yes,Yes,No,No,Yes,68,68,62,8.125,13.613,10.111,0.116,6.721,1.609,0.9,0.502,64,14,64,64,0,0,0,0,0,0,0,0,97.9,96.9,98.2,98.1,97.8,97.8,98,97.9,98.4,0,0,0,0,0,1048.2,10.67,20,20,20,45,129,299,1,2,Yes,No,No,No,No,No,No,No,Yes,No,No,No,No,No,No,No,No,No,No,No,No,No,No,No,No,No,No,No,No,No,No,No,No,No,No,No,No,64,67,55,55,45,52,63,60,7254,7009,65,61,55,100,No,No,34701,80223,100,100,100,30.961,97.504,611114,215576,62,0.715,0.199,600,1048,3.4,2.4,0,0.9,4.3,0,0,0,0,50.1,1983,1974,1983,No,No,No,No,No,No,No,No,8.161,29.359,100,0,43.5,59.6,37.7,219,6.3,6,6,6,38.6,62.3,5.5,5,5,5,26.55,158.19,8.45,8.03,167.41,167.41,1.13,6.34,23.54,3.01,13.03,2709,82,35.4,32.3,0
1.7.2026,20:37.0,24526,760,96.9,7197,717,90.9,25.3,17373,4393,0.724,0.727,0.73,0.707,0.73,0.736,0.696,2014.5,2063.6,2063.6,1867.1,2063.6,98.3,1867.1,2262.4,2414.4,2448.4,2305.1,2292.1,2332.5,2337.7,1982.5,1986.5,2262.4,100,100,100,100,100,100,100,100,100,100,100,100,95.9,103.4,103.4,97.2,97.2,99,99,83.8,83.8,95.9,20.5,21,21,19,21,19,66,67,66,65,64,34,33,34,35,36,67,67,No,No,No,No,No,No,No,No,No,No,Yes,Yes,Yes,Yes,Yes,No,No,Yes,68,68,62,8.125,13.613,10.111,0.116,6.721,1.609,0.9,0.502,64,14,64,64,0,0,0,0,0,0,0,0,98.6,97.5,98.9,99.1,98.5,98.3,98.6,98.7,98.9,0,0,0,0,0,1048.2,10.67,20,20,20,45,129,299,1,2,Yes,No,No,No,No,No,No,No,Yes,No,No,No,No,No,No,No,No,No,No,No,No,No,No,No,No,No,No,No,No,No,No,No,No,No,No,No,No,63,68,55,55,45,52,63,60,7281,6996,65,61,55,100,No,No,34701,80223,100,100,100,9.233,95.922,611133,215770,61,0.715,0.116,600,1048,3.2,2.2,0,0.8,4.1,0,0,0,0,50.3,1991,1965,1992,No,No,No,No,No,No,No,No,8.161,29.359,100,0,43.5,59.6,32.3,119.5,17.4,16.6,16.5,16.5,32.6,61.6,19.9,19.9,19.9,19.9,30.92,57.79,8.25,6.54,60.63,60.63,0.53,0.17,30.49,0.44,25.83,2709,82,118.9,25.5,0
1.7.2026,20:38.9,24575,712,97.1,7294,620,92.1,25.3,17373,4393,0.768,0.787,0.78,0.782,0.722,0.726,0.753,2333.9,2456.7,2456.7,2456.7,1965.4,98.3,1768.8,2244.3,2395.3,2433.3,2271.8,2261.4,2329.4,2339.5,1957.4,1966.4,2244.3,100,100,100,100,100,100,100,100,100,100,100,100,95.3,103,103,96,96,99.2,99.2,83.1,83.1,95.3,23.8,25,25,25,20,18,66,67,67,65,64,34,33,33,35,36,67,67,No,No,No,No,No,No,No,No,No,No,Yes,Yes,Yes,Yes,Yes,No,No,Yes,68,68,62,7.363,14.286,10.707,0.128,6.585,1.632,0.967,0.502,64,13.5,64,64,0,0,0,0,0,0,0,0,98.3,97.1,98.7,98.8,98.3,98.1,98.5,98.4,98.8,0,0,0,0,0,1048.2,10.67,20,20,20,45,129,299,1,2,Yes,No,No,No,No,No,No,No,Yes,No,No,No,No,No,No,No,No,No,No,No,No,No,No,No,No,No,No,No,No,No,No,No,No,No,No,No,No,64,68,55,55,45,52,63,60,7268,7009,65,61,55,100,No,No,34701,80223,38,0.1,38.2,44.002,0.326,611225,215771,62,0.715,0.128,600,1048,4.5,3.4,0,1.1,5.5,0,0,0,0,50.7,2005,1951,2006,No,No,No,No,No,No,No,No,8.162,29.359,100,0,43.5,59.6,34.4,187,10.4,8.9,8.7,8.7,34.3,62.3,11.2,10.1,10,10,29.06,96.74,5.13,4.73,114.99,114.99,1.09,4.85,28.61,0.45,27.67,2710,82,65.7,36.8,0
1.7.2026,20:40.9,24590,697,97.2,7335,579,92.6,25.3,17373,4392,0.762,0.787,0.7,0.78,0.78,0.726,0.696,2284.7,2456.7,1768.8,2456.7,2456.7,98.3,1277.5,2213.2,2297.3,2327.8,2184.7,2172.1,2339.3,2351,2012.1,2021.2,2213.2,100,100,100,100,100,100,100,100,100,100,100,100,94.1,98.6,98.6,92.4,92.4,99.9,99.9,85.5,85.5,94.1,23.2,25,18,25,25,13,66,67,66,65,64,34,33,34,35,36,67,67,No,No,No,No,No,No,No,No,No,No,Yes,Yes,Yes,Yes,Yes,No,No,Yes,67,66,62,8.633,13.346,9.944,0.186,6.435,1.551,0.83,0.501,64,13.5,64,64,0,0,0,0,0,0,0,0,98.2,97.2,98.6,98.9,98.3,97.8,98.3,98.2,98.7,0,0,0,0,0,2096.4,21.33,36,39,39,90,129,598,1,2,Yes,No,No,No,No,No,No,No,Yes,No,No,No,No,No,No,No,No,No,No,No,No,No,No,No,No,No,No,No,No,No,No,No,No,No,No,No,No,64,67,55,55,45,52,63,60,7295,7009,65,61,55,100,No,No,34701,80223,100,0.1,100,21.456,0.422,611263,215771,62,0.715,0.186,600,2096,3.2,2.1,0,0.8,4,0,0,0,0,50.5,2000,1957,2000,No,No,No,No,No,No,No,No,8.161,29.359,100,0,43.5,59.6,49.3,143.9,26,23.8,23.6,23.6,49.5,66.1,30,29.9,29.9,29.9,20.26,38.74,6.77,6.54,42.33,42.33,1.23,0.14,19.75,0.52,3.87,2710,82,24,18.3,0
1.7.2026,20:42.9,24593,694,97.2,7351,563,92.8,25.3,17373,4392,0.737,0.8,0.72,0.735,0.695,0.738,0.753,2088.2,2555,1965.4,2161.9,1670.6,98.3,1474,2206.4,2289.2,2322.5,2123.9,2115.3,2363.3,2370.9,2027.6,2038.9,2206.4,100,100,100,100,100,100,100,100,100,100,100,100,93.9,98.6,98.6,90,90,100.7,100.7,86.3,86.3,93.9,21.2,26,20,22,17,15,66,67,65,67,63,34,33,35,33,37,67,67,No,No,No,No,No,No,No,No,No,No,Yes,Yes,Yes,Yes,Yes,No,No,Yes,68,68,61,8.379,13.803,10.359,0.143,6.394,1.535,0.811,0.501,64,13.5,64,64,0,0,0,0,0,0,0,0,98.2,97,98.4,98.7,98.3,98,98.3,98.2,98.8,0,0,0,0,0,2096.4,21.33,36,39,39,90,129,598,1,2,Yes,No,No,No,No,No,No,No,Yes,No,No,No,No,No,No,No,No,No,No,No,No,No,No,No,No,No,No,No,No,No,No,No,No,No,No,No,No,64,67,55,55,45,52,63,60,7295,7009,65,61,55,100,No,No,34701,80223,36.2,0,36.3,22.747,0.154,611307,215772,62,0.715,0.143,600,2096,4.7,3.5,0,1.1,5.7,0,0,0,0,50.6,2002,1954,2003,No,No,No,No,No,No,No,No,8.162,29.359,100,0,43.5,59.6,39.2,125,17.8,17.1,17,17,40.4,62.7,19.8,19.7,19.7,19.7,25.51,56.17,7.89,6.67,58.88,58.88,0.57,0.19,25.03,0.48,17.37,2710,82,13.2,7.7,0
1.7.2026,20:45.1,24600,687,97.2,7382,532,93.2,25.3,17373,4392,0.737,0.7,0.78,0.782,0.688,0.726,0.696,2063.6,1768.8,2456.7,2456.7,1572.3,98.3,1474,2164.6,2295.3,2322.8,2203,2190.9,2245.3,2255.3,1899.4,1905.1,2164.6,100,100,100,100,100,100,100,100,100,100,100,100,92,98.6,98.6,93.1,93.1,95.9,95.9,80.7,80.7,92,21,18,25,25,16,15,64,65,66,63,63,36,35,34,37,37,66,66,No,No,No,No,No,No,No,No,No,No,Yes,Yes,Yes,Yes,Yes,No,No,Yes,67,67,63,6.602,13.267,9.63,0.212,6.385,1.594,0.914,0.5,64,13,64,64,0,0,0,0,0,0,0,0,98.3,97.1,98.5,98.7,98.1,98.1,98.5,98.5,98.8,0,0,0,0,0,1048.2,10.67,20,20,20,45,129,299,1,2,Yes,No,No,No,No,No,No,No,Yes,No,No,No,No,No,No,No,No,No,No,No,No,No,No,No,No,No,No,No,No,No,No,No,No,No,No,No,No,63,67,55,55,45,52,63,60,7308,7021,65,60,55,100,No,No,34701,80223,36.9,0.1,37,31.532,0.122,611362,215772,61,0.715,0.212,600,1048,3.4,2.2,0,0.8,4.2,0,0,0,0,50.6,2002,1954,2003,No,No,No,No,No,No,No,No,8.161,29.359,100,0,43.5,59.6,43.8,98.1,21.3,20.1,19.9,19.9,43.7,60.4,23,20.3,20,20,22.85,47.09,10.2,7,50.17,50.17,0.98,0.22,22.4,0.45,5.24,2710,82,11,23.3,0
1.7.2026,20:47.0,24521,766,96.9,7349,565,92.8,25.3,17373,4392,0.734,0.755,0.752,0.752,0.677,0.706,0.753,2063.6,2260.2,2260.2,2260.2,1474,98.3,2063.6,2156.1,2256.2,2289.6,2115.2,2103.6,2238.8,2247.6,1997.1,2000.7,2156.1,100,100,100,100,100,100,100,100,100,100,100,100,91.5,96.9,96.9,89.6,89.6,95.1,95.1,84.5,84.5,91.4,21,23,23,23,15,21,64,66,65,63,63,36,34,35,37,37,66,66,No,No,No,No,No,No,No,No,No,No,Yes,Yes,Yes,Yes,Yes,No,No,Yes,66,66,62,7.617,13.119,9.641,0.146,6.387,1.588,0.895,0.541,64,13,64,64,0,0,0,0,0,0,0,0,98.4,97.3,98.6,98.9,98.3,98.2,98.5,98.5,98.7,0,0,0,0,0,2096.4,21.33,36,39,39,90,129,598,1,2,Yes,No,No,No,No,No,No,No,Yes,No,No,No,No,No,No,No,No,No,No,No,No,No,No,No,No,No,No,No,No,No,No,No,No,No,No,No,No,63,67,55,55,45,52,63,60,7295,6984,65,60,55,100,No,No,34701,80223,25.1,0.1,25.2,29.974,0.219,611440,215772,62,0.715,0.146,600,2096,5.1,3.9,0,1.2,6.1,0,0,0,0,47.9,1894,2063,1894,No,No,No,No,No,No,No,No,8.161,29.359,100,0,43.5,59.6,49.6,130.5,24.7,24.6,24.6,24.6,50,62.9,23.4,20.3,20,20,20.18,40.22,7.57,6.7,40.72,40.72,1.14,4.82,19.68,0.5,5.53,2748,83,14465.5,98.5,0
1.7.2026,20:49.0,24548,739,97,7408,506,93.5,25.3,17373,4392,0.739,0.772,0.767,0.727,0.688,0.716,0.756,2088.2,2358.4,2358.4,2063.6,1572.3,98.3,1179.2,2081.5,2179,2209.9,2145.5,2131.6,2122.2,2133.7,1860.4,1870.2,2081.5,100,100,100,100,100,100,100,100,100,100,100,100,89.5,94.8,94.8,91.9,91.9,91.3,91.3,80,80,89.6,21.2,24,24,21,16,12,64,66,64,64,63,36,34,36,36,37,66,66,No,No,No,No,No,No,No,No,No,No,Yes,Yes,Yes,Yes,Yes,No,No,Yes,66,66,62,5.84,13.473,9.742,0.172,6.308,1.666,1.024,0.533,64,12.5,64,64,0,0,0,0,0,0,0,0,97.2,96,97.4,97.5,96.9,97.1,97.7,97.3,97.8,0,0,0,0,0,1048.2,10.67,20,20,20,45,129,299,1,2,Yes,No,No,No,No,No,No,No,Yes,No,No,No,No,No,No,No,No,No,No,No,No,No,No,No,No,No,No,No,No,No,No,No,No,No,No,No,No,62,67,55,55,45,52,63,60,7308,6996,65,60,55,100,No,No,34701,80223,100,0,100,36.043,0.08,611489,215773,62,0.715,0.172,600,1048,3,1.8,0,0.8,3.8,0,0,0,0,47.9,1894,2063,1894,No,No,No,No,No,No,No,No,8.165,29.359,100,0,43.5,59.6,39.7,70.2,19.8,19.7,19.7,19.7,40.3,61.6,20,20,20,20,25.18,50.6,14.29,13.89,50.93,50.93,0.83,0.96,24.66,0.51,7.54,2756,83,5293.8,42.9,0
1.7.2026,20:50.9,24511,776,96.9,7447,467,94,25.3,17373,4392,0.715,0.74,0.722,0.71,0.688,0.716,0.696,1891.7,2161.9,1965.4,1867.1,1572.3,98.3,1179.2,2107.4,2270.4,2300.8,2103.9,2094.5,2209.5,2219,1829,1831.9,2107.4,100,100,100,100,100,100,100,100,100,100,100,100,89.5,97.7,97.7,88.9,88.9,94,94,77.4,77.4,89.5,19.2,22,20,19,16,12,64,66,65,63,62,36,34,35,37,38,66,66,No,No,No,No,No,No,No,No,No,No,Yes,Yes,Yes,Yes,Yes,No,No,Yes,66,66,61,6.094,13.183,9.901,0.107,6.134,1.493,0.751,0.5,64,12.5,64,64,0,0,0,0,0,0,0,0,98.3,97.1,98.3,98.8,98.4,98.2,98.6,98.6,98.8,0,0,0,0,0,1048.2,10.67,20,20,20,45,129,299,1,2,Yes,No,No,No,No,No,No,No,Yes,No,No,No,No,No,No,No,No,No,No,No,No,No,No,No,No,No,No,No,No,No,No,No,No,No,No,No,No,63,67,55,55,45,52,63,60,7308,7021,65,60,55,100,No,No,34701,80223,10.4,0.1,10.5,21.365,0.191,611529,215773,61,0.715,0.107,600,1048,3.9,2.7,0,0.9,4.7,0,0,0,0,46.5,1840,2117,1840,No,No,No,No,No,No,No,No,8.165,29.359,100,0,43.5,59.6,36.5,152.2,19.6,19.6,19.6,19.6,36.4,61.2,19.9,19.9,19.8,19.8,27.4,50.94,6.52,6.3,51.01,51.01,0.62,0.14,26.98,0.41,20.68,2756,83,6.1,10.1,0
1.7.2026,20:52.9,24475,812,96.7,7446,468,94,25.3,17373,4392,0.719,0.72,0.72,0.72,0.715,0.716,0.696,1940.8,1965.4,1965.4,1965.4,1867.1,98.3,1768.8,2091.7,2202.4,2237.2,2045.6,2039.2,2239.4,2245.5,1860.6,1863.8,2091.7,100,100,100,100,100,100,100,100,100,100,100,100,88.9,94.9,94.9,86.8,86.8,95.3,95.3,78.8,78.8,88.9,19.8,20,20,20,19,18,64,66,65,63,63,36,34,35,37,37,66,66,No,No,No,No,No,No,No,No,No,No,Yes,Yes,Yes,Yes,Yes,No,No,Yes,66,66,60,5.84,12.513,9.201,0.163,6.149,1.481,0.757,0.5,64,12.5,64,64,0,0,0,0,0,0,0,0,98.3,96.9,98.5,98.5,98.2,98.2,98.5,98.6,98.7,0,0,0,0,0,2096.4,21.33,36,39,39,90,129,598,1,2,Yes,No,No,No,No,No,No,No,Yes,No,No,No,No,No,No,No,No,No,No,No,No,No,No,No,No,No,No,No,No,No,No,No,No,No,No,No,No,63,67,55,55,45,52,63,60,7308,7034,65,60,55,100,No,No,34701,80223,100,0,100,24.788,0.012,611573,215773,61,0.715,0.163,600,2096,5.5,4.3,0,1.3,6.4,0,0,0,0,46.6,1842,2114,1843,No,No,No,No,No,No,No,No,8.161,29.359,100,0,43.5,59.6,48,72.5,19.4,19.1,19,19,48,61.5,20,20,20,20,20.82,51.64,13.83,13.36,52.5,52.5,1.1,0.48,20.3,0.51,5.53,2756,83,1.1,19.4,0
1.7.2026,20:55.0,24455,832,96.7,7458,456,94.2,25.3,17373,4392,0.717,0.71,0.712,0.68,0.767,0.706,0.696,1916.2,1867.1,1867.1,1572.3,2358.4,98.3,1080.9,2058.4,2213.9,2244.3,2105.4,2092.3,2091.3,2097.3,1810.3,1812.2,2058.4,100,100,100,100,100,100,100,100,100,100,100,100,87.3,94.9,94.9,88.9,88.9,88.8,88.8,76.5,76.5,87.3,19.5,19,19,16,24,11,64,66,64,61,63,36,34,36,39,37,66,66,No,No,No,No,No,No,No,No,No,No,Yes,Yes,Yes,Yes,Yes,No,No,Yes,66,66,61,5.84,12.197,8.707,0.236,6.105,1.513,0.795,0.499,64,12,64,64,0,0,0,0,0,0,0,0,98.5,97.4,98.8,98.9,98.3,98.4,98.6,98.7,98.8,0,0,0,0,0,2096.4,21.33,36,39,39,90,129,598,1,2,Yes,No,No,No,No,No,No,No,Yes,No,No,No,No,No,No,No,No,No,No,No,No,No,No,No,No,No,No,No,No,No,No,No,No,No,No,No,No,62,67,55,55,45,52,63,60,7295,6984,65,60,55,100,No,No,34701,80223,19.7,0,19.7,12.003,0.053,611597,215773,61,0.715,0.236,600,2096,3.7,2.6,0,0.9,4.6,0,0,0,0,46.6,1842,2114,1843,No,No,No,No,No,No,No,No,8.162,29.359,100,0,43.5,59.6,54.1,91.7,25.8,23.5,23.3,23.3,54.7,61.7,30,30,30,30,18.48,39.05,11.25,8.26,43.15,43.15,1.22,0.13,17.97,0.51,1.94,2756,83,11,27.3,0
1.7.2026,20:56.9,24458,829,96.7,7455,459,94.1,25.3,17373,4392,0.732,0.755,0.702,0.737,0.732,0.706,0.696,2063.6,2260.2,1768.8,2161.9,2063.6,98.3,1080.9,2025.6,2175.1,2204.4,2025.4,2011.2,2113.2,2118,1777.6,1779.9,2025.6,100,100,100,100,100,100,100,100,100,100,100,100,85.9,93.2,93.2,85.4,85.4,89.6,89.6,75.3,75.3,85.9,21,23,18,22,21,11,63,65,63,63,60,37,35,37,37,40,65,65,No,No,No,No,No,No,No,No,No,No,Yes,Yes,Yes,Yes,Yes,No,No,Yes,66,66,61,6.348,12.18,8.863,0.139,5.981,1.472,0.725,0.501,64,12,64,64,0,0,0,0,0,0,0,0,98.5,97.4,98.7,99,98.3,98.4,98.7,98.7,98.8,0,0,0,0,0,1048.2,10.67,20,20,20,45,129,299,1,2,Yes,No,No,No,No,No,No,No,Yes,No,No,No,No,No,No,No,No,No,No,No,No,No,No,No,No,No,No,No,No,No,No,No,No,No,No,No,No,62,67,55,55,44,52,63,60,7322,7009,65,60,55,100,No,No,34701,80223,15.6,0.1,15.6,7.994,0.3,611612,215774,61,0.715,0.139,600,1048,3.5,2.4,0,0.9,4.3,0,0,0,0,46.8,1851,2106,1851,No,No,No,No,No,No,No,No,8.161,29.359,100,0,43.5,59.6,36.9,279.2,17.7,17,16.9,16.9,36.9,61.5,20,20,20,20,27.11,56.63,3.52,1.43,59.25,59.25,0.59,0.77,26.71,0.4,21.24,2756,83,8,14.1,0
1.7.2026,20:59.1,24428,859,96.6,7445,469,94,25.3,17373,4392,0.747,0.772,0.77,0.752,0.695,0.716,0.756,2161.9,2358.4,2358.4,2260.2,1670.6,98.3,1179.2,2030.8,2200.8,2230.8,2040.3,2027.1,2109.3,2115,1760.3,1763.1,2030.8,100,100,100,100,100,100,100,100,100,100,100,100,86.1,94.5,94.5,86,86,89.4,89.4,74.4,74.4,86.1,22,24,24,23,17,12,63,65,63,63,62,37,35,37,37,38,65,65,No,No,No,No,No,No,No,No,No,No,Yes,Yes,Yes,Yes,Yes,No,No,Yes,64,64,61,7.363,11.994,8.771,0.131,5.99,1.476,0.733,0.501,64,12.5,64,64,0,0,0,0,0,0,0,0,98.5,97.3,98.6,99,98.4,98.4,98.7,98.7,98.9,0,0,0,0,0,1048.2,10.67,20,20,20,45,129,299,1,2,Yes,No,No,No,No,No,No,No,Yes,No,No,No,No,No,No,No,No,No,No,No,No,No,No,No,No,No,No,No,No,No,No,No,No,No,No,No,No,62,66,55,55,44,52,63,60,7322,7021,65,60,55,100,No,No,34701,80223,15.8,0.1,15.9,11.3,0.281,611634,215774,61,0.715,0.131,600,1048,2.2,1.3,0,0.6,2.9,0,0,0,0,46.3,1832,2125,1832,No,No,No,No,No,No,No,No,8.162,29.359,100,0,43.5,59.6,36.7,67,25.9,25.1,25,25,36.9,61.6,29.5,29.5,29.5,29.5,27.21,38.64,14.78,14.49,40.04,40.04,0.76,0.17,26.68,0.53,3.99,2756,83,11.8,4.5,0
1.7.2026,21:01.0,24374,913,96.3,7409,506,93.6,25.3,17373,4392,0.719,0.68,0.755,0.752,0.688,0.706,0.756,1916.2,1572.3,2260.2,2260.2,1572.3,98.3,1474,2148.8,2290.8,2318.2,2154.6,2139.4,2220.7,2225.6,1919.6,1921.3,2148.8,100,100,100,100,100,100,100,100,100,100,100,100,91.1,98.1,98.1,90.8,90.8,94.3,94.3,81.1,81.1,91.1,19.5,16,23,23,16,15,63,65,64,61,62,37,35,36,39,38,65,65,No,No,No,No,No,No,No,No,No,No,Yes,Yes,Yes,Yes,Yes,No,No,Yes,64,64,60,7.871,12.927,9.664,0.065,6.189,1.493,0.764,0.501,64,12.5,64,64,0,0,0,0,0,0,0,0,98.5,97.5,98.7,99.1,98.3,98.4,98.6,98.8,98.9,0,0,0,0,0,1048.2,10.67,20,20,20,45,129,299,1,2,Yes,No,No,No,No,No,No,No,Yes,No,No,No,No,No,No,No,No,No,No,No,No,No,No,No,No,No,No,No,No,No,No,No,No,No,No,No,No,62,66,55,55,44,52,63,60,7281,6984,65,60,55,100,No,No,34701,80223,100,0,100,12.719,0.157,611663,215774,61,0.717,0.065,600,1048,2.6,1.5,0,0.7,3.7,0,0,0,0,45.6,1803,2154,1804,No,No,No,No,No,No,No,No,8.161,29.359,100,0,43.5,59.6,31.5,103.9,16.7,16.6,16.6,16.6,31.5,61.3,19.9,19.9,19.9,19.9,31.71,60.02,9.71,9.39,60.32,60.32,0.77,0.72,31.04,0.67,27.01,2756,83,8.9,10,0
1.7.2026,21:03.0,24364,923,96.3,7415,499,93.6,25.3,17373,4392,0.749,0.772,0.77,0.765,0.688,0.716,0.753,2161.9,2358.4,2358.4,2358.4,1572.3,98.3,1572.3,2089.3,2241,2273.6,2084.1,2073.2,2156.6,2166.8,1856.8,1862.5,2089.3,100,100,100,100,100,100,100,100,100,100,100,100,88.7,96.4,96.4,88.2,88.2,91.7,91.7,78.6,78.6,88.7,22,24,24,24,16,16,63,65,63,62,62,37,35,37,38,38,65,65,No,No,No,No,No,No,No,No,No,No,Yes,Yes,Yes,Yes,Yes,No,No,Yes,64,64,60,7.363,12.489,9.128,0.128,6.098,1.486,0.752,0.5,64,12.5,64,64,0,0,0,0,0,0,0,0,98.3,97.1,98.4,98.7,98.2,98.2,98.6,98.6,98.9,0,0,0,0,0,1048.2,10.67,20,20,20,45,129,299,1,2,Yes,No,No,No,No,No,No,No,Yes,No,No,No,No,No,No,No,No,No,No,No,No,No,No,No,No,No,No,No,No,No,No,No,No,No,No,No,No,62,66,55,55,44,52,63,60,7308,7009,65,60,55,100,No,No,34701,80223,100,0,100,14.153,0.08,611685,215775,60,0.715,0.128,600,1048,3.4,2.3,0,0.8,4.2,0,0,0,0,45.4,1795,2161,1796,No,No,No,No,No,No,No,No,8.161,29.359,100,0,43.5,59.6,43.2,83.1,29.4,29.4,29.4,29.4,43.2,61.7,29.7,29.6,29.6,29.6,23.13,34.06,12.06,10.75,34.08,34.08,0.88,0.29,22.66,0.46,5.39,2756,83,0.3,5.2,0
1.7.2026,21:05.0,24374,912,96.3,7471,443,94.3,25.3,17373,4392,0.725,0.772,0.712,0.72,0.695,0.716,0.756,1965.4,2358.4,1867.1,1965.4,1670.6,98.3,1768.8,2105.8,2233.4,2261,2064.7,2069.1,2215.1,2221.8,1888.6,1892.6,2105.8,100,100,100,100,100,100,100,100,100,100,100,100,89.3,95.8,95.8,87.2,87.2,94.3,94.3,80,80,89.3,20,24,19,20,17,18,64,65,64,62,63,36,35,36,38,37,65,65,No,No,No,No,No,No,No,No,No,No,Yes,Yes,Yes,Yes,Yes,No,No,Yes,65,65,60,6.094,12.2,8.836,0.109,6.154,1.514,0.822,0.501,64,12.5,64,64,0,0,0,0,0,0,0,0,98.5,97.3,98.5,98.9,99.1,98.1,98.4,98.6,98.8,0,0,0,0,0,2096.4,21.33,36,39,39,90,129,598,1,2,Yes,No,No,No,No,No,No,No,Yes,No,No,No,No,No,No,No,No,No,No,No,No,No,No,No,No,No,No,No,No,No,No,No,No,No,No,No,No,62,66,55,55,44,52,63,60,7322,7021,65,60,55,100,No,No,34701,80223,36.9,2.1,39,38.43,0.054,611764,215775,61,0.715,0.109,600,2096,2.9,1.8,0,0.7,3.6,0,0,0,0,45.4,1797,2160,1797,No,No,No,No,No,No,No,No,8.165,29.359,100,0,43.5,59.6,32.2,61.9,28.9,28.9,28.9,28.9,32.1,61.1,28.9,28.7,28.7,28.7,31.1,34.38,16.05,15.89,34.39,34.39,0.47,0.18,30.61,0.49,4.86,2756,83,1,6.1,0
1.7.2026,21:07.0,24350,937,96.2,7474,440,94.4,25.3,17373,4392,0.751,0.772,0.77,0.765,0.695,0.716,0.756,2186.5,2358.4,2358.4,2358.4,1670.6,98.3,1965.4,2148.2,2266.1,2299.2,2099.1,2104.2,2268.9,2274.3,1935.8,1938,2148.2,100,100,100,100,100,100,100,100,100,100,100,100,91.1,97.4,97.4,88.6,88.6,96.3,96.3,82,82,91.1,22.2,24,24,24,17,20,64,65,64,62,63,36,35,36,38,37,65,65,No,No,No,No,No,No,No,No,No,No,Yes,Yes,Yes,Yes,Yes,No,No,Yes,66,66,60,8.125,12.2,8.836,0.109,6.154,1.514,0.822,0.501,64,12.5,64,64,0,0,0,0,0,0,0,0,98.5,97.3,98.6,98.9,99.2,98.3,98.6,98.5,98.7,0,0,0,0,0,1048.2,10.67,20,20,20,45,129,299,1,2,Yes,No,No,No,No,No,No,No,Yes,No,No,No,No,No,No,No,No,No,No,No,No,No,No,No,No,No,No,No,No,No,No,No,No,No,No,No,No,62,66,55,55,44,52,63,60,7295,7009,65,60,55,100,No,No,34701,80223,11,0,11.1,15.646,0.181,611793,215775,61,0.717,0.153,600,1048,5.7,4.4,0,1.3,6.7,0,0,0,0,45.7,1809,2147,1810,No,No,No,No,No,No,No,No,8.165,29.359,100,0,43.5,59.6,44.7,65.9,20,19.8,19.8,19.8,44.8,62.8,19.9,19.9,19.9,19.9,22.4,50.91,15.25,14.86,51.89,51.89,1.04,0.11,21.92,0.49,6.11,2767,83,6176.3,43.7,0
1.7.2026,21:09.1,24346,941,96.2,7462,452,94.2,25.3,17373,4392,0.741,0.772,0.712,0.767,0.712,0.716,0.756,2112.8,2358.4,1867.1,2358.4,1867.1,98.3,2161.9,2130.8,2226.6,2254.5,2114.1,2117.6,2168.6,2168.3,1994.9,2002.1,2130.8,100,100,100,100,100,100,100,100,100,100,100,100,90.4,95.4,95.4,89.3,89.3,92,92,84.8,84.8,90.4,21.5,24,19,24,19,22,63,65,63,63,62,37,35,37,37,38,65,65,No,No,No,No,No,No,No,No,No,No,Yes,Yes,Yes,Yes,Yes,No,No,Yes,65,65,62,7.617,13.149,9.528,0.257,6.4,1.62,0.966,0.541,64,13,64,64,0,0,0,0,0,0,0,0,98.5,97.4,98.7,98.9,99.1,98.5,98.5,98.4,98.7,0,0,0,0,0,1048.2,10.67,20,20,20,45,129,299,1,2,Yes,No,No,No,No,No,No,No,Yes,No,No,No,No,No,No,No,No,No,No,No,No,No,No,No,No,No,No,No,No,No,No,No,No,No,No,No,No,63,66,55,55,44,52,63,60,7295,6984,65,60,55,100,No,No,34701,80223,6,0.9,6.9,6.483,0.059,611805,215775,61,0.717,0.153,600,1048,5.7,4.4,0,1.3,6.7,0,0,0,0,45.7,1809,2147,1810,No,No,No,No,No,No,No,No,8.161,29.359,100,0,43.5,59.6,51.4,67.3,29.1,29.1,29.1,29.1,51.5,62.6,30,30,30,30,19.43,34.28,14.5,14.06,34.31,34.31,1.19,0.16,18.92,0.51,2.79,2794,83,14049.9,102.5,0
1.7.2026,21:11.0,24334,952,96.2,7447,467,94,25.3,17373,4392,0.724,0.755,0.692,0.752,0.695,0.706,0.756,1965.4,2260.2,1670.6,2260.2,1670.6,98.3,2063.6,2167.1,2275.6,2301.9,2202.3,2205.8,2246,2254.6,1924.5,1926,2167.1,100,100,100,100,100,100,100,100,100,100,100,100,91.8,97.4,97.4,92.8,92.8,95.5,95.5,81.4,81.4,91.8,20,23,17,23,17,21,64,65,64,62,63,36,35,36,38,37,65,65,No,No,No,No,No,No,No,No,No,No,Yes,Yes,Yes,Yes,Yes,No,No,Yes,66,66,61,8.125,13.149,9.528,0.257,6.4,1.62,0.966,0.541,64,13,64,64,0,0,0,0,0,0,0,0,98.6,97.5,98.7,99,99.2,98.3,98.6,98.8,98.8,0,0,0,0,0,2096.4,21.33,36,39,39,90,129,598,1,2,Yes,No,No,No,No,No,No,No,Yes,No,No,No,No,No,No,No,No,No,No,No,No,No,No,No,No,No,No,No,No,No,No,No,No,No,No,No,No,63,66,55,55,44,52,63,60,7322,6984,65,60,55,100,No,No,34701,80223,32.9,0.1,33,14.406,0.22,611835,215776,61,0.717,0.257,600,1048,5.9,4.6,0,1.4,6.8,0,0,0,0,46.2,1828,2129,1829,No,No,No,No,No,No,No,No,8.16,29.359,100,0,43.5,59.6,52.6,91.1,25.9,24.4,24.3,24.3,52.7,61,30,29.9,29.9,29.9,19.03,38.58,10.97,7.67,41.23,41.23,1.18,0.11,18.58,0.46,2.76,2794,83,59.4,34.7,0
1.7.2026,21:13.0,24176,1111,95.6,7312,603,92.3,25.3,17373,4392,0.754,0.772,0.767,0.765,0.712,0.716,0.756,2235.6,2358.4,2358.4,2358.4,1867.1,98.3,1670.6,2153.1,2272.4,2308.6,2157.4,2162.6,2219.4,2224.5,1938.2,1941.7,2153.1,100,100,100,100,100,100,100,100,100,100,100,100,91.2,97.6,97.6,91.1,91.1,94.1,94.1,81.9,81.9,91.2,22.8,24,24,24,19,17,63,64,63,63,63,37,36,37,37,37,64,64,No,No,No,No,No,No,No,No,No,No,Yes,Yes,Yes,Yes,Yes,No,No,Yes,64,64,61,7.363,12.936,9.357,0.257,6.385,1.594,0.932,0.503,64,13,64,64,0,0,0,0,0,0,0,0,98.6,97.3,98.8,98.9,99.2,98.4,98.6,98.7,98.9,0,0,0,0,0,1048.2,10.67,20,20,20,45,129,299,1,2,Yes,No,No,No,No,No,No,No,Yes,No,No,No,No,No,No,No,No,No,No,No,No,No,No,No,No,No,No,No,No,No,No,No,No,No,No,No,No,62,65,54,55,44,52,63,60,7281,6996,65,60,55,100,No,No,34701,80223,100,0.1,100,13.582,0.139,611859,215776,61,0.715,0.257,600,2096,5.2,3.8,0,1.2,6.2,0,0,0,0,46.2,1830,2127,1830,No,No,No,No,No,No,No,No,8.16,29.359,100,0,43.5,59.6,58.2,91.7,28.4,26.2,25.9,25.9,58,62.5,30,30,30,30,17.18,35.23,10.77,6.42,38.49,38.49,1.29,0.27,16.71,0.46,1.77,2794,83,2.8,15,0
1.7.2026,21:15.0,24214,1073,95.7,7359,555,92.9,25.3,17373,4392,0.761,0.7,0.782,0.797,0.765,0.738,0.756,2284.7,1768.8,2456.7,2555,2358.4,98.3,2358.4,2209.4,2368.6,2397.5,2251.4,2256.5,2274.9,2279.8,1922.6,1924.1,2209.4,100,100,100,100,100,100,100,100,100,100,100,100,93.5,101.4,101.4,94.9,94.9,96.5,96.4,81.2,81.2,93.5,23.2,18,25,26,24,24,64,65,67,63,63,36,35,33,37,37,65,67,No,No,No,No,No,No,No,No,No,No,Yes,Yes,Yes,Yes,Yes,No,No,Yes,66,66,61,7.617,12.21,8.675,0.224,6.256,1.535,0.838,0.5,64,13,64,64,0,0,0,0,0,0,0,0,98.7,97.5,98.8,99,99.2,98.5,98.7,98.9,98.9,0,0,0,0,0,1048.2,10.67,20,20,20,45,129,299,1,2,Yes,No,No,No,No,No,No,No,Yes,No,No,No,No,No,No,No,No,No,No,No,No,No,No,No,No,No,No,No,No,No,No,No,No,No,No,No,No,63,66,54,55,44,52,63,60,7295,7009,65,60,55,100,No,No,34701,80223,8.6,0.2,8.8,9.862,0.627,611878,215777,60,0.715,0.224,600,1048,5.8,4.6,0,1.3,6.7,0,0,0,0,46.9,1857,2100,1859,No,No,No,No,No,No,No,No,8.162,29.359,100,0,43.5,59.6,49.8,82.3,25.1,24.1,24,24,49.5,62.2,30,30,30,30,20.1,39.98,11.93,11.67,41.99,41.99,1.3,0.71,19.59,0.51,4.38,2795,83,520,21.5,0
1.7.2026,21:17.0,24203,1083,95.7,7362,552,93,25.3,17373,4392,0.762,0.805,0.795,0.72,0.73,0.738,0.756,2284.7,2555,2555,1965.4,2063.6,98.3,1867.1,2247.6,2413.3,2441.2,2252.4,2255.3,2335.7,2340.5,1970.6,1972.1,2247.6,100,100,100,100,100,100,100,100,100,100,100,100,95.1,103.2,103.2,94.9,94.9,98.9,98.9,83.2,83.2,95.1,23.2,26,26,20,21,19,64,66,63,63,63,36,34,37,37,37,66,66,No,No,No,No,No,No,No,No,No,No,Yes,Yes,Yes,Yes,Yes,No,No,Yes,65,65,60,6.856,13.403,9.956,0.248,6.395,1.538,0.835,0.503,64,13.5,64,64,0,0,0,0,0,0,0,0,98.8,97.7,98.8,99.1,99.3,98.6,98.8,98.9,99,0,0,0,0,0,1048.2,10.67,20,20,20,45,129,299,1,2,Yes,No,No,No,No,No,No,No,Yes,No,No,No,No,No,No,No,No,No,No,No,No,No,No,No,No,No,No,No,No,No,No,No,No,No,No,No,No,63,66,54,55,44,52,63,60,7308,7009,65,59,55,100,No,No,34701,80223,9.7,0,9.7,7.128,0.173,611891,215777,60,0.715,0.248,600,1048,5.8,4.6,0,1.4,6.9,0,0,0,0,46.9,1856,2100,1857,No,No,No,No,No,No,No,No,8.161,29.359,100,0,43.5,59.6,52.7,83.5,23.2,19.9,19.6,19.6,52.7,62.6,23.8,20.2,19.9,19.9,18.98,43.16,12.14,11.93,51.04,51.04,1.15,0.11,18.48,0.5,4.83,2795,83,0.5,11.4,0
1.7.2026,21:19.0,24210,1076,95.7,7417,497,93.7,25.3,17373,4392,0.759,0.802,0.752,0.795,0.688,0.738,0.756,2235.6,2555,2260.2,2555,1572.3,98.3,2358.4,2231.5,2357.4,2384.8,2229,2233.7,2334.8,2339.9,1984.9,1987.8,2231.5,100,100,100,100,100,100,100,100,100,100,100,100,94.6,100.9,100.9,94.1,94.1,99.3,99.3,84,84,94.6,22.8,26,23,26,16,24,64,65,66,63,63,36,35,34,37,37,65,66,No,No,No,No,No,No,No,No,No,No,Yes,Yes,Yes,Yes,Yes,No,No,Yes,67,67,60,8.379,14.018,10.496,0.281,6.44,1.487,0.756,0.5,64,13.5,64,64,0,0,0,0,0,0,0,0,98.6,97.5,98.7,98.9,99.2,98.2,98.4,98.7,98.9,0,0,0,0,0,1048.2,10.67,20,20,20,45,129,299,1,2,Yes,No,No,No,No,No,No,No,Yes,No,No,No,No,No,No,No,No,No,No,No,No,No,No,No,No,No,No,No,No,No,No,No,No,No,No,No,No,61,66,54,55,44,52,63,60,7295,7021,65,59,55,100,No,No,34701,80223,100,26.7,100,52.632,0.644,611994,215779,60,0.715,0.281,600,1048,4.7,3.4,0,1.1,5.7,0,0,0,0,46.9,1857,2100,1857,No,No,No,No,No,No,No,No,8.16,29.359,100,0,43.5,59.6,55.7,163.9,26.5,23.9,23.6,23.6,54.7,62,29.8,29.7,29.7,29.7,17.95,37.77,6.26,4.47,42.48,42.48,1.29,3.33,17.48,0.47,3.28,2795,83,0.9,12,0
1.7.2026,21:21.0,24233,1054,95.8,7424,490,93.8,25.3,17373,4392,0.749,0.805,0.795,0.69,0.705,0.738,0.696,2137.3,2555,2555,1670.6,1768.8,98.3,1375.8,2242.3,2395.1,2426,2242.1,2245,2371.9,2379.5,1938.4,1940.2,2242.3,100,100,100,100,100,100,100,100,100,100,100,100,94.9,102.5,102.5,94.5,94.5,100.6,100.6,81.8,81.8,94.9,21.8,26,26,17,18,14,65,65,68,63,63,35,35,32,37,37,66,68,No,No,No,No,No,No,No,No,No,No,Yes,Yes,Yes,Yes,Yes,No,No,Yes,66,66,60,6.602,13.454,10.043,0.202,6.46,1.51,0.804,0.5,64,13.5,64,64,0,0,0,0,0,0,0,0,98.7,97.6,98.8,99.1,99.2,98.5,98.8,98.9,98.9,0,0,0,0,0,2096.4,21.33,36,39,39,90,129,598,1,2,Yes,No,No,No,No,No,No,No,Yes,No,No,No,No,No,No,No,No,No,No,No,No,No,No,No,No,No,No,No,No,No,No,No,No,No,No,No,No,63,66,54,55,44,52,63,60,7254,6984,65,60,55,100,No,No,34701,80223,6.4,0,6.4,5.754,0.18,612004,215779,61,0.715,0.202,600,1048,5.3,4,0,1.3,6.3,0,0,0,0,46.4,1835,2122,1835,No,No,No,No,No,No,No,No,8.164,29.359,100,0,43.5,59.6,38.5,156,17.5,16.6,16.5,16.5,38.6,61.7,20,19.9,19.9,19.9,25.99,57.02,6.39,5.62,60.6,60.6,0.58,0.09,25.61,0.38,17.34,2795,83,1,12.4,0
1.7.2026,21:23.0,24244,1043,95.8,7445,469,94,25.3,17373,4392,0.773,0.805,0.795,0.797,0.695,0.738,0.756,2333.9,2555,2555,2555,1670.6,98.3,1375.8,2279.7,2420.1,2450.2,2314.6,2318.2,2385.8,2390.2,1978.3,1980.1,2279.7,100,100,100,100,100,100,100,100,100,100,100,100,96.5,103.6,103.6,97.6,97.6,101.2,101.2,83.6,83.6,96.5,23.8,26,26,26,17,14,65,66,66,63,64,35,34,34,37,36,66,66,No,No,No,No,No,No,No,No,No,No,Yes,Yes,Yes,Yes,Yes,No,No,Yes,66,66,61,9.141,13.473,10.133,0.212,6.43,1.474,0.737,0.501,64,14,64,64,0,0,0,0,0,0,0,0,98.6,97.5,98.7,99,99.2,98.4,98.6,98.8,98.9,0,0,0,0,0,1048.2,10.67,20,20,20,45,129,299,1,2,Yes,No,No,No,No,No,No,No,Yes,No,No,No,No,No,No,No,No,No,No,No,No,No,No,No,No,No,No,No,No,No,No,No,No,No,No,No,No,62,66,54,55,44,52,63,60,7295,7021,65,60,55,100,No,No,34701,80223,12.3,0,12.4,11.61,0.105,612027,215779,60,0.715,0.212,600,2096,3.9,2.7,0,1,4.8,0,0,0,0,46.4,1837,2120,1837,No,No,No,No,No,No,No,No,8.164,29.359,100,0,43.5,59.6,55.5,96.4,29.2,28.8,28.8,28.8,55.7,61.8,30,30,29.9,29.9,17.99,34.11,10.52,7.76,34.17,34.17,0.96,0.13,17.58,0.42,3.65,2795,83,19.1,16.4,0
1.7.2026,21:25.0,24229,1058,95.8,7442,473,94,25.3,17373,4392,0.747,0.802,0.765,0.72,0.702,0.738,0.756,2161.9,2555,2358.4,1965.4,1768.8,98.3,2358.4,2304.7,2445.4,2475.5,2318.1,2320.9,2384.8,2387.9,2050.5,2054.6,2304.7,100,100,100,100,100,100,100,100,100,100,100,100,97.4,104.5,104.5,97.7,97.7,100.9,100.9,86.7,86.7,97.4,22,26,24,20,18,24,64,65,65,63,64,36,35,35,37,36,65,65,No,No,No,No,No,No,No,No,No,No,Yes,Yes,Yes,Yes,Yes,No,No,Yes,66,66,61,6.856,14.197,10.796,0.166,6.588,1.535,0.839,0.501,64,14,64,64,0,0,0,0,0,0,0,0,98.8,97.7,98.9,99.1,99.3,98.7,98.8,98.8,99,0,0,0,0,0,1048.2,10.67,20,20,20,45,129,299,1,2,Yes,No,No,No,No,No,No,No,Yes,No,No,No,No,No,No,No,No,No,No,No,No,No,No,No,No,No,No,No,No,No,No,No,No,No,No,No,No,62,66,54,55,44,52,63,60,7295,7021,65,60,55,100,No,No,34701,80224,35.1,0.1,35.1,5.408,0.104,612037,215779,60,0.717,0.166,600,1048,6.1,4.7,0,1.4,7.2,0,0,0,0,46.5,1839,2118,1840,No,No,No,No,No,No,No,No,8.16,29.359,100,0,43.5,59.6,54.6,151.2,26.2,23.7,23.5,23.5,54.6,62.2,30,30,30,30,18.32,37.92,6.66,6.58,41.81,41.81,1.12,0.15,17.85,0.46,2.92,2795,83,2.1,9.6,0
1.7.2026,21:27.0,24231,1056,95.8,7441,473,94,25.3,17373,4392,0.777,0.8,0.797,0.797,0.712,0.738,0.756,2383,2555,2555,2555,1867.1,98.3,2358.4,2314.5,2496.5,2524.1,2319.8,2323.9,2406.2,2413.3,2014.6,2017.2,2314.5,100,100,100,100,100,100,100,100,100,100,100,100,97.9,106.7,106.7,97.7,97.7,101.9,101.9,85.1,85.1,97.9,24.2,26,26,26,19,24,64,66,65,63,64,36,34,35,37,36,66,66,No,No,No,No,No,No,No,No,No,No,Yes,Yes,Yes,Yes,Yes,No,No,Yes,66,66,61,7.617,14.389,10.831,0.267,6.637,1.547,0.846,0.5,64,14,64,64,0,0,0,0,0,0,0,0,98.8,97.7,98.8,99.2,99.3,98.6,98.9,98.9,99,0,0,0,0,0,1048.2,10.67,20,20,20,45,129,299,1,2,Yes,No,No,No,No,No,No,No,Yes,No,No,No,No,No,No,No,No,No,No,No,No,No,No,No,No,No,No,No,No,No,No,No,No,No,No,No,No,62,66,54,55,44,52,63,60,7336,7046,65,60,55,100,No,No,34701,80224,11.2,0,11.2,11.708,0.009,612059,215779,61,0.715,0.267,600,1048,3.7,2.6,0,0.9,4.4,0,0,0,0,46.5,1841,2116,1841,No,No,No,No,No,No,No,No,8.161,29.359,100,0,43.5,59.6,31,150.4,17,16.9,16.8,16.8,31,61.6,19.9,19.9,19.9,19.9,32.24,58.8,7,6.53,59.57,59.57,0.54,0.13,31.82,0.42,30.25,2795,83,0.2,7.5,0
1.7.2026,21:29.0,24255,1032,95.9,7475,439,94.4,25.3,17373,4392,0.747,0.805,0.692,0.797,0.695,0.738,0.698,2112.8,2555,1670.6,2555,1670.6,98.3,1375.8,2271.8,2453.7,2486.7,2338.7,2342,2301.6,2308.4,1971.1,1972.3,2271.8,100,100,100,100,100,100,100,100,100,100,100,100,96.1,105,105,98.6,98.6,97.6,97.6,83.3,83.3,96.1,21.5,26,17,26,17,14,64,66,65,64,63,36,34,35,36,37,66,66,No,No,No,No,No,No,No,No,No,No,Yes,Yes,Yes,Yes,Yes,No,No,Yes,66,66,60,9.141,14.281,11.007,0.154,6.548,1.46,0.693,0.5,64,14,64,64,0,0,0,0,0,0,0,0,98.8,97.6,98.9,99.1,99.3,98.5,98.8,98.9,98.9,0,0,0,0,0,1048.2,10.67,20,20,20,45,129,299,1,2,Yes,No,No,No,No,No,No,No,Yes,No,No,No,No,No,No,No,No,No,No,No,No,No,No,No,No,No,No,No,No,No,No,No,No,No,No,No,No,62,66,54,55,45,52,62,60,7322,7021,65,60,55,100,No,No,34701,80224,8,0,8.1,8.591,0.048,612076,215780,61,0.715,0.154,600,1048,6,4.8,0,1.4,6.9,0,0,0,0,47,1859,2098,1859,No,No,No,No,No,No,No,No,8.16,29.359,100,0,43.5,59.6,51.4,87.3,28.3,27.6,27.5,27.5,51.5,62.4,29.8,29.6,29.6,29.6,19.47,35.49,11.47,10.56,36.47,36.47,1.34,0.46,19.04,0.43,1.8,2797,84,1114.1,41.8,0
1.7.2026,21:31.0,24254,1033,95.9,7479,435,94.4,25.3,17373,4392,0.729,0.74,0.71,0.737,0.73,0.738,0.696,2063.6,2161.9,1867.1,2161.9,2063.6,98.3,1867.1,2266.4,2440.7,2471.3,2239,2243.1,2379.1,2384,1985.5,1988.5,2266.4,100,100,100,100,100,100,100,100,100,100,100,100,95.8,104.4,104.4,94.3,94.3,100.8,100.8,83.9,83.9,95.8,21,22,19,22,21,19,64,66,66,63,63,36,34,34,37,37,66,66,No,No,No,No,No,No,No,No,No,No,Yes,Yes,Yes,Yes,Yes,No,No,Yes,66,66,61,9.649,13.828,10.291,0.26,6.591,1.54,0.843,0.504,64,13.5,64,64,0,0,0,0,0,0,0,0,98.8,97.7,98.9,99.2,99.3,98.6,98.8,98.9,99,0,0,0,0,0,2096.4,21.33,36,39,39,90,129,598,1,2,Yes,No,No,No,No,No,No,No,Yes,No,No,No,No,No,No,No,No,No,No,No,No,No,No,No,No,No,No,No,No,No,No,No,No,No,No,No,No,63,66,54,55,45,52,62,60,7322,7034,65,60,55,100,No,No,34701,80224,7,0,7.1,8.759,0.149,612093,215780,60,0.717,0.26,600,1048,2.7,1.6,0,0.7,3.6,0,0,0,0,46.4,1834,2123,1834,No,No,No,No,No,No,No,No,8.16,29.359,100,0,43.5,59.6,29.5,80.2,19.3,19.3,19.3,19.3,29.5,60.8,19.9,19.9,19.9,19.9,33.93,51.77,12.58,11.46,51.8,51.8,0.46,0.15,33.35,0.58,31.97,2797,84,0.3,2.9,0
1.7.2026,21:33.0,24179,1107,95.6,7415,499,93.6,25.3,17373,4391,0.717,0.72,0.74,0.71,0.697,0.738,0.696,1916.2,1965.4,2161.9,1867.1,1670.6,98.3,1375.8,2262.9,2455.1,2482.6,2294.1,2299,2345,2350,1938.2,1939.1,2262.9,100,100,100,100,100,100,100,100,100,100,100,100,95.7,104.9,104.9,96.6,96.6,99.3,99.3,81.8,81.8,95.7,19.5,20,22,19,17,14,64,66,65,63,62,36,34,35,37,38,66,66,No,No,No,No,No,No,No,No,No,No,Yes,Yes,Yes,Yes,Yes,No,No,Yes,67,67,61,9.902,13.636,10.443,0.127,6.389,1.425,0.635,0.5,64,13.5,64,64,0,0,0,0,0,0,0,0,98.8,97.7,98.8,99.1,99.4,98.6,98.9,98.9,99,0,0,0,0,0,1048.2,10.67,20,20,20,45,129,299,1,2,Yes,No,No,No,No,No,No,No,Yes,No,No,No,No,No,No,No,No,No,No,No,No,No,No,No,No,No,No,No,No,No,No,No,No,No,No,No,No,62,66,54,55,45,52,62,60,7322,7034,65,60,55,100,No,No,34701,80224,11.6,0.1,11.7,15.246,0.288,612122,215780,60,0.715,0.127,600,2096,1.7,0.8,0,0.5,2.3,0,0,0,0,46.2,1828,2128,1829,No,No,No,No,No,No,No,No,8.161,29.359,100,0,43.5,59.6,35.6,115.7,19.9,19.9,19.9,19.9,35.6,61.4,19.9,19.9,19.9,19.9,28.13,50.26,8.91,7.52,50.27,50.27,0.61,0.13,27.62,0.5,8.75,2797,84,0.7,1.8,0
1.7.2026,21:35.0,24171,1116,95.5,7394,520,93.4,25.3,17373,4391,0.729,0.772,0.692,0.767,0.685,0.716,0.696,1989.9,2358.4,1670.6,2358.4,1572.3,98.3,1375.8,2191.9,2404.1,2444.5,2065.6,2068.6,2370.7,2378.6,1900.1,1903.3,2191.9,100,100,100,100,100,100,100,100,100,100,100,100,92.9,103.4,103.4,87.1,87.1,100.9,100.9,80.4,80.4,92.9,20.2,24,17,24,16,14,64,66,64,64,62,36,34,36,36,38,66,66,No,No,No,No,No,No,No,No,No,No,Yes,Yes,Yes,Yes,Yes,No,No,Yes,66,66,60,7.617,13.642,10.377,0.088,6.43,1.447,0.68,0.5,64,13.5,64,64,0,0,0,0,0,0,0,0,98.6,97.1,98.8,99.1,99.2,98.2,98.5,98.7,98.9,0,0,0,0,0,1048.2,10.67,20,20,20,45,129,299,1,2,Yes,No,No,No,No,No,No,No,Yes,No,No,No,No,No,No,No,No,No,No,No,No,No,No,No,No,No,No,No,No,No,No,No,No,No,No,No,No,62,66,54,55,45,52,62,60,7322,7021,65,60,55,100,No,No,34701,80224,27.4,0,27.4,56.343,0.054,612235,215780,60,0.715,0.088,600,1048,1.9,1,0,0.5,2.6,0,0,0,0,45.8,1811,2146,1811,No,No,No,No,No,No,No,No,8.16,29.359,100,0,43.5,59.6,29.5,61.1,19.8,19.8,19.8,19.8,29.5,60.4,20,20,20,20,33.92,50.65,16.29,16.28,50.72,50.72,0.43,0.13,33.54,0.38,33.18,2797,84,0.4,0.4,0
1.7.2026,21:37.0,24114,1173,95.3,7459,456,94.2,25.3,17373,4391,0.762,0.772,0.74,0.767,0.767,0.716,0.756,2309.3,2358.4,2161.9,2358.4,2358.4,98.3,1670.6,2140,2268.5,2305.9,2110.4,2115.3,2238.9,2249.7,1913,1918.2,2140,100,100,100,100,100,100,100,100,100,100,100,100,91,97.9,97.9,89.4,89.4,95.8,95.8,81.1,81,91,23.5,24,22,24,24,17,63,64,62,62,63,37,36,38,38,37,64,64,No,No,No,No,No,No,No,No,No,No,Yes,Yes,Yes,Yes,Yes,No,No,Yes,64,64,60,6.094,13.891,10.656,0.08,6.361,1.478,0.782,0.498,64,13,64,64,0,0,0,0,0,0,0,0,98.3,96.8,98.4,98.7,98.9,97.8,98.3,98.5,98.7,0,0,0,0,0,1048.2,10.67,20,20,20,45,129,299,1,2,Yes,No,No,No,No,No,No,No,Yes,No,No,No,No,No,No,No,No,No,No,No,No,No,No,No,No,No,No,No,No,No,No,No,No,No,No,No,No,62,66,54,55,45,52,62,60,7281,7021,65,60,55,100,No,No,34701,80224,100,9.3,100,113.723,0.063,612443,215781,61,0.715,0.08,600,1048,2.4,1.4,0,0.6,3,0,0,0,0,46.1,1823,2133,1824,No,No,No,No,No,No,No,No,8.161,29.359,100,0,43.5,59.6,46,232.3,17.8,17.4,17.4,17.4,45.3,61.5,20,20,20,20,21.75,57,4.27,2.69,58.29,58.29,0.8,6.8,21.31,0.43,11.29,2797,84,16.6,9.1,0
1.7.2026,21:39.0,24097,1190,95.2,7485,429,94.5,25.3,17373,4391,0.752,0.757,0.77,0.767,0.715,0.716,0.711,2211,2260.2,2358.4,2358.4,1867.1,98.3,2161.9,2153.8,2272.8,2303.6,2120.4,2128.6,2258.2,2265.1,1937.3,1944.4,2153.8,100,100,100,100,100,100,100,100,100,100,100,100,91.4,97.6,97.6,89.7,89.7,96.1,96.1,82.3,82.3,91.4,22.5,23,24,24,19,22,63,65,63,62,62,37,35,37,38,38,65,65,No,No,No,No,No,No,No,No,No,No,Yes,Yes,Yes,Yes,Yes,No,No,Yes,65,65,60,7.617,12.774,9.294,0.1,6.321,1.61,0.966,0.498,64,13,64,64,0,0,0,0,0,0,0,0,98.4,97.2,98.6,98.7,99.1,98.2,98.5,98.4,98.8,0,0,0,0,0,1048.2,10.67,20,20,20,45,129,299,1,2,Yes,No,No,No,No,No,No,No,Yes,No,No,No,No,No,No,No,No,No,No,No,No,No,No,No,No,No,No,No,No,No,No,No,No,No,No,No,No,62,66,54,55,45,52,62,60,7281,7046,65,60,55,100,No,No,34701,80224,29.7,0.1,29.8,39.004,0.175,612517,215781,60,0.715,0.1,600,1048,3.6,2.3,0,0.9,4.7,0,0,0,0,46.1,1826,2131,1825,No,No,No,No,No,No,No,No,8.161,29.359,100,0,43.5,59.6,34.9,127.1,19.4,19.2,19.1,19.1,35.6,60.8,19.9,19.9,19.9,19.9,28.65,51.71,7.91,5.86,52.39,52.39,0.47,3.35,28.22,0.43,23.08,2797,84,0.2,0.2,0
1.7.2026,21:41.0,24093,1194,95.2,7483,431,94.5,25.3,17373,4391,0.749,0.79,0.72,0.78,0.705,0.726,0.696,2161.9,2456.7,1965.4,2456.7,1768.8,98.3,1277.5,2111.5,2241.1,2275.8,2035.2,2040.8,2238.1,2248.2,1904.5,1908.6,2111.5,100,100,100,100,100,100,100,100,100,100,100,100,89.4,96.1,96.1,85.8,85.8,95.1,95.1,80.6,80.6,89.4,22,25,20,25,18,13,63,65,64,62,62,37,35,36,38,38,65,65,No,No,No,No,No,No,No,No,No,No,Yes,Yes,Yes,Yes,Yes,No,No,Yes,65,65,61,7.363,12.692,9.338,0.153,6.249,1.487,0.753,0.501,64,12.5,64,64,0,0,0,0,0,0,0,0,98.6,97.4,98.9,99,99.3,98.3,98.7,98.6,98.8,0,0,0,0,0,1048.2,10.67,20,20,20,45,129,299,1,2,Yes,No,No,No,No,No,No,No,Yes,No,No,No,No,No,No,No,No,No,No,No,No,No,No,No,No,No,No,No,No,No,No,No,No,No,No,No,No,62,66,54,55,45,52,62,60,7281,7034,65,60,55,100,No,No,34701,80224,46.2,0,46.3,7.583,0.09,612532,215781,60,0.717,0.153,600,1048,3,1.6,0,0.8,4.1,0,0,0,0,45.9,1816,2140,1817,No,No,No,No,No,No,No,No,8.16,29.359,100,0,43.5,59.6,46.4,78.5,20.3,20.1,20.1,20.1,45.3,60.3,20,20,20,20,21.56,49.32,12.74,11.54,49.73,49.73,0.41,0.41,21.56,0,8.31,2797,84,0.2,0.2,0
1.7.2026,21:43.4,24095,1192,95.2,7487,427,94.5,25.3,17373,4391,0.742,0.772,0.767,0.752,0.677,0.716,0.756,2112.8,2358.4,2358.4,2260.2,1474,98.3,2161.9,2121.8,2296.2,2326.9,2130.1,2134.4,2219.6,2225.2,1819.6,1822.2,2121.8,100,100,100,100,100,100,100,100,100,100,100,100,89.8,98.4,98.4,89.8,89.8,94.2,94.2,76.9,76.9,89.8,21.5,24,24,23,15,22,63,64,63,62,62,37,36,37,38,38,65,64,No,No,No,No,No,No,No,No,No,No,Yes,Yes,Yes,Yes,Yes,No,No,Yes,64,64,60,6.348,12.144,8.936,0.106,6.104,1.421,0.647,0.5,64,12.5,64,64,0,0,0,0,0,0,0,0,98.6,97.5,98.8,99,99.2,98.4,98.7,98.7,98.8,0,0,0,0,0,1048.2,10.67,20,20,20,45,129,299,1,2,Yes,No,No,No,No,No,No,No,Yes,No,No,No,No,No,No,No,No,No,No,No,No,No,No,No,No,No,No,No,No,No,No,No,No,No,No,No,No,62,65,54,55,45,52,62,60,7281,7021,65,59,55,100,No,No,34701,80224,100,60.6,100,12.036,0.197,612555,215781,60,0.715,0.106,600,1048,2.6,1.4,0,0.7,3.4,0,0,0,0,45.8,1813,2143,1814,No,No,No,No,No,No,No,No,8.16,29.359,100,0,43.5,59.6,35,176.6,16.8,16.7,16.7,16.7,32.2,61.3,10.3,8.7,8.6,8.6,28.57,59.83,5.81,5.56,59.92,59.92,0.59,0.25,28.06,0.51,25.77,2797,84,1.8,1.9,0
1.7.2026,21:45.0,23917,1370,94.5,7513,402,94.9,25.3,17373,4390,0.731,0.73,0.732,0.73,0.732,0.686,0.756,2063.6,2063.6,2063.6,2063.6,2063.6,98.3,1867.1,2170.1,2171.4,2198.7,2183.4,2188.7,2176.8,2178.3,2131,2132.6,2170.1,100,100,100,100,100,100,100,100,100,100,100,100,91.8,92.8,92.8,91.9,91.9,92.4,92.4,90,90,91.8,21,21,21,21,21,19,62,64,63,61,62,38,36,37,39,38,64,64,No,No,No,No,No,No,No,No,No,No,Yes,Yes,Yes,Yes,Yes,No,No,Yes,62,62,60,6.348,11.777,8.669,0.094,6.1,1.346,0.539,0.5,64,12,64,64,0,0,0,0,0,0,0,0,98.8,97.7,99,99.2,99.5,98.5,98.7,98.9,99,0,0,0,0,0,2096.4,21.33,36,39,39,90,129,598,1,2,Yes,No,No,No,No,No,No,No,Yes,No,No,No,No,No,No,No,No,No,No,No,No,No,No,No,No,No,No,No,No,No,No,No,No,No,No,No,No,63,65,54,55,45,52,62,59,7377,7059,65,60,55,100,No,No,34701,80224,100,34.3,100,49.21,0.085,612669,215782,61,0.717,0.094,600,1048,2.6,1.5,0,0.7,3.5,0,0,0,0,46.3,1833,2123,1834,No,No,No,No,No,No,No,No,8.164,29.359,100,0,43.5,59.6,28.7,130.3,4.3,3.5,3.4,3.4,28.4,60.2,4.3,3.6,3.5,3.5,34.87,234.21,7.55,5.9,291.6,291.6,0.69,0.74,34.43,0.45,42.63,2797,84,5,8.2,0
