CPU_Load_Pct,Temperature_C,Fan_RPM,Voltage_V,Label,CPU_Load_Pct_mean,CPU_Load_Pct_std,CPU_Load_Pct_min,CPU_Load_Pct_max,CPU_Load_Pct_range,Temperature_C_mean,Temperature_C_std,Temperature_C_min,Temperature_C_max,Temperature_C_range,Fan_RPM_mean,Fan_RPM_std,Fan_RPM_min,Fan_RPM_max,Fan_RPM_range,Voltage_V_mean,Voltage_V_std,Voltage_V_min,Voltage_V_max,Voltage_V_range,Fan_Temp_Ratio
22.3,50,7308,0.731,1,22.3,0.0,22.3,22.3,0.0,50.0,0.0,50.0,50.0,0.0,7308.0,0.0,7308.0,7308.0,0.0,0.731,0.0,0.731,0.731,0.0,146.15999707680007
22.1,55,4801,0.876,0,22.200000000000003,0.14142135623731025,22.1,22.3,0.1999999999999993,52.5,3.5355339059327378,50.0,55.0,5.0,6054.5,1772.7167004346747,4801.0,7308.0,2507.0,0.8035,0.1025304832720494,0.731,0.876,0.14500000000000002,87.29090750380169
16.8,47,7295,0.727,1,20.400000000000002,3.119294792096446,16.8,22.3,5.5,50.666666666666664,4.04145188432738,47.0,55.0,8.0,6468.0,1443.6789809372442,4801.0,7308.0,2507.0,0.778,0.08489405161729532,0.727,0.876,0.14900000000000002,155.2127626550476
16.4,49,4789,0.842,0,19.4,3.238312317653546,16.4,22.3,5.900000000000002,50.25,3.4034296427770223,47.0,55.0,8.0,6048.25,1447.1464738120558,4789.0,7308.0,2519.0,0.794,0.0763457049654181,0.727,0.876,0.14900000000000002,97.73469188296548
27.5,54,4812,0.658,0,21.02,4.581157059084528,16.4,27.5,11.100000000000001,51.0,3.3911649915626336,47.0,55.0,8.0,5801.0,1369.7946926455804,4789.0,7308.0,2519.0,0.7668,0.08983707475201984,0.658,0.876,0.21799999999999997,89.11110946090538
17.9,54,5028,0.752,0,20.5,4.2909206471339,16.4,27.5,11.100000000000001,51.5,3.271085446759225,47.0,55.0,8.0,5672.166666666667,1265.1712005363806,4789.0,7308.0,2519.0,0.7643333333333334,0.08057956730255299,0.658,0.876,0.21799999999999997,93.11110938683132
20.4,57,4812,0.996,0,20.485714285714288,3.9172390665827264,16.4,27.5,11.100000000000001,52.285714285714285,3.638419332360584,47.0,57.0,10.0,5549.285714285715,1199.8249475493935,4789.0,7308.0,2519.0,0.7974285714285714,0.11435887539212855,0.658,0.996,0.33799999999999997,84.42105115050788
100.0,90,7322,0.864,2,30.425,28.34550858853757,16.4,100.0,83.6,57.0,13.752921767495703,47.0,90.0,43.0,5770.875,1275.4372289532716,4789.0,7322.0,2533.0,0.80575,0.10846032849453693,0.658,0.996,0.33799999999999997,81.35555465160495
100.0,70,7254,0.784,2,38.15555555555555,35.2262370652583,16.4,100.0,83.6,58.44444444444444,13.57489512953149,47.0,90.0,43.0,5935.666666666667,1291.4349577117696,4789.0,7322.0,2533.0,0.8033333333333333,0.10171405999172388,0.658,0.996,0.33799999999999997,103.62856994816329
8.9,51,4789,0.769,0,35.230000000000004,34.476080274751524,8.9,100.0,91.1,57.7,13.013241119891862,47.0,90.0,43.0,5821.0,1270.4239887183771,4789.0,7322.0,2533.0,0.7998999999999999,0.0965095850162045,0.658,0.996,0.33799999999999997,93.90195894309885
100.0,67,7281,0.724,2,43.0,39.611502257691654,8.9,100.0,91.1,59.4,13.005981529879072,47.0,90.0,43.0,5818.3,1266.9364668802898,4789.0,7322.0,2533.0,0.7992,0.0970885048694117,0.658,0.996,0.33799999999999997,108.67164016908
16.8,53,4996,0.703,0,42.470000000000006,39.95617182196846,8.9,100.0,91.1,59.2,13.09622507103139,47.0,90.0,43.0,5837.8,1250.9386520174007,4789.0,7322.0,2533.0,0.7819,0.09729616870383155,0.658,0.996,0.33799999999999997,94.26414916482737
43.5,63,7295,0.99,1,45.14,38.9291150682879,8.9,100.0,91.1,60.8,12.398924684557665,49.0,90.0,41.0,5837.8,1250.9386520174007,4789.0,7322.0,2533.0,0.8082,0.11478172521984695,0.658,0.996,0.33799999999999997,115.79364895565637
25.9,51,6850,0.776,1,46.089999999999996,38.26000087123191,8.9,100.0,91.1,61.0,12.202003478482087,51.0,90.0,39.0,6043.9,1228.523182976663,4789.0,7322.0,2533.0,0.8016,0.11451947917761028,0.658,0.996,0.33799999999999997,134.31372285659367
23.7,57,4783,0.824,0,45.709999999999994,38.483371589413636,8.9,100.0,91.1,61.3,12.046668511344633,51.0,90.0,39.0,6041.0,1231.7841621900418,4783.0,7322.0,2539.0,0.8182,0.10282541838799718,0.703,0.996,0.29300000000000004,83.91227922960914
20.2,65,4795,0.941,0,45.94,38.30515486052613,8.9,100.0,91.1,62.4,11.805836597961953,51.0,90.0,39.0,6017.7,1255.0585687971345,4783.0,7322.0,2539.0,0.8370999999999998,0.10660565963712555,0.703,0.996,0.29300000000000004,73.76922963431954
100.0,61,7281,0.689,2,53.9,40.609440610117574,8.9,100.0,91.1,62.8,11.669523459755236,51.0,90.0,39.0,6264.6,1234.1963827167508,4783.0,7322.0,2539.0,0.8064,0.09974545380896095,0.689,0.99,0.30100000000000005,119.3606537809729
78.7,68,4996,0.824,0,51.77,38.42250642527111,8.9,100.0,91.1,60.6,7.183313998427192,51.0,70.0,19.0,6032.0,1231.953732897466,4783.0,7295.0,2512.0,0.8024000000000001,0.09796507314117396,0.689,0.99,0.30100000000000005,73.47058715484431
46.5,59,4818,0.927,0,46.42,34.483516190911985,8.9,100.0,91.1,59.5,6.381396573025552,51.0,68.0,17.0,5788.4,1203.9976190452649,4783.0,7295.0,2512.0,0.8167,0.10515390836504578,0.689,0.99,0.30100000000000005,81.66101556506753
11.4,51,4783,0.681,0,46.67,34.18908370290793,11.4,100.0,88.6,59.5,6.381396573025552,51.0,68.0,17.0,5787.8,1204.5523649887537,4783.0,7295.0,2512.0,0.8079000000000001,0.11298028343230712,0.681,0.99,0.30899999999999994,93.78431188658213
21.6,60,4996,0.856,0,38.83,29.230503473825657,11.4,100.0,88.6,58.8,5.82713956890991,51.0,68.0,17.0,5559.3,1102.2046643986864,4783.0,7295.0,2512.0,0.8211,0.10975371418670885,0.681,0.99,0.30899999999999994,83.26666527888892
16.1,51,4990,0.661,0,38.76,29.289899662208178,11.4,100.0,88.6,58.6,6.077280093375108,51.0,68.0,17.0,5558.7,1102.5469554122797,4783.0,7295.0,2512.0,0.8169000000000001,0.1154319905591359,0.661,0.99,0.32899999999999996,97.84313533640912
41.3,54,7268,0.666,1,38.54,29.258586583922494,11.4,100.0,88.6,57.7,6.019413038937712,51.0,68.0,17.0,5556.0,1097.8455669577972,4783.0,7281.0,2498.0,0.7845,0.10657834885399788,0.661,0.941,0.2799999999999999,134.59259010013722
23.3,54,4709,0.747,0,38.28,29.394625359068627,11.4,100.0,88.6,58.0,5.715476066494083,51.0,68.0,17.0,5341.9,1023.7170236175823,4709.0,7281.0,2572.0,0.7816,0.10722789852562742,0.661,0.941,0.2799999999999999,87.20370208882034
100.0,87,7349,0.859,2,45.910000000000004,34.626593826133124,11.4,100.0,88.6,61.0,10.770329614269007,51.0,87.0,36.0,5598.5,1178.0216230801723,4709.0,7349.0,2640.0,0.7851,0.10931651293377422,0.661,0.941,0.2799999999999999,84.47126339688204
32.1,53,7295,0.764,1,47.1,33.84040976899266,11.4,100.0,88.6,59.8,10.942272768183642,51.0,87.0,36.0,5848.5,1251.5374766883956,4709.0,7349.0,2640.0,0.7674000000000001,0.09460937233347115,0.661,0.927,0.266,137.64150683695271
17.3,55,5034,0.796,0,38.83,29.27315987195249,11.4,100.0,88.6,59.2,11.033282980751167,51.0,87.0,36.0,5623.8,1164.4535008129585,4709.0,7349.0,2640.0,0.7781,0.09072847158172338,0.661,0.927,0.266,91.52727106314053
26.2,55,5021,0.863,0,33.58,25.833948379775197,11.4,100.0,88.6,57.9,10.640071010623526,51.0,87.0,36.0,5626.3,1162.9818045772586,4709.0,7349.0,2640.0,0.782,0.09370995441016704,0.661,0.927,0.266,91.29090743107442
30.4,68,4990,0.737,0,31.97,25.437944099317473,11.4,100.0,88.6,58.8,11.113555286725806,51.0,87.0,36.0,5643.5,1150.908361059018,4709.0,7349.0,2640.0,0.7630000000000001,0.07917912182724292,0.661,0.863,0.20199999999999996,73.38235186202424
10.9,49,4795,0.704,0,31.919999999999998,25.483319162847607,10.9,100.0,89.1,58.6,11.286176402031726,49.0,87.0,38.0,5644.7,1149.9172965430548,4709.0,7349.0,2640.0,0.7653,0.07683177872613821,0.661,0.863,0.20199999999999996,97.85714086005835
17.2,56,5015,0.806,0,31.48,25.718207990103487,10.9,100.0,89.1,58.2,11.301917241483117,49.0,87.0,38.0,5646.6,1148.7414562613003,4709.0,7349.0,2640.0,0.7603,0.07173105634552226,0.661,0.863,0.20199999999999996,89.55356982940054
48.9,59,7295,0.809,1,34.760000000000005,25.630199201549562,10.9,100.0,89.1,59.0,11.015141094572206,49.0,87.0,38.0,5877.1,1230.684493370345,4709.0,7349.0,2640.0,0.7751,0.06379559371757437,0.666,0.863,0.19699999999999995,123.64406570094805
63.0,82,4818,0.997,1,36.93,27.12071983639898,10.9,100.0,89.1,61.8,12.985461956442762,49.0,87.0,38.0,5632.1,1165.1465763776005,4709.0,7349.0,2640.0,0.8082,0.08367237696316915,0.704,0.997,0.29300000000000004,58.75609684443784
13.5,51,4996,0.719,0,35.95,27.83559871020482,10.9,100.0,89.1,61.5,13.218253372598904,49.0,87.0,38.0,5660.8,1143.2104695889457,4795.0,7349.0,2554.0,0.8054,0.086372835235777,0.704,0.997,0.29300000000000004,97.96078239292584
39.9,55,7308,0.663,1,29.939999999999998,16.751066301051488,10.9,63.0,52.1,58.3,9.787179823058782,49.0,82.0,33.0,5656.7,1136.5372409208594,4795.0,7308.0,2513.0,0.7857999999999999,0.09469577017422118,0.663,0.997,0.33399999999999996,132.87272485685955
88.6,79,7281,1.0,1,35.589999999999996,25.03883428241464,10.9,88.6,77.69999999999999,60.9,11.52244187083045,49.0,82.0,33.0,5655.3,1134.3013561953746,4795.0,7308.0,2513.0,0.8093999999999999,0.11573072193674423,0.663,1.0,0.33699999999999997,92.16455579538537
39.2,59,4996,0.866,0,37.78,24.20522441310738,10.9,88.6,77.69999999999999,61.3,11.36319595106158,49.0,82.0,33.0,5651.5,1136.6751954714236,4795.0,7308.0,2513.0,0.8164,0.11694082074090109,0.663,1.0,0.33699999999999997,84.67796466647518
34.5,55,4996,0.736,0,38.61,23.90446029974789,10.9,88.6,77.69999999999999,61.3,11.36319595106158,49.0,82.0,33.0,5649.0,1138.242407300737,4795.0,7308.0,2513.0,0.8037000000000001,0.11820702178804784,0.663,1.0,0.33699999999999997,90.83636198479343
49.5,72,7349,1.022,1,40.519999999999996,23.938615944396908,10.9,88.6,77.69999999999999,61.7,11.6909271564653,49.0,82.0,33.0,5884.9,1227.4450836323938,4795.0,7349.0,2554.0,0.8321999999999999,0.1336827089292653,0.663,1.022,0.359,102.06944302681329
20.5,51,4818,0.792,0,41.480000000000004,22.78341502058022,13.5,88.6,75.1,61.9,11.464437767868663,51.0,82.0,31.0,5887.2,1225.195385778666,4818.0,7349.0,2531.0,0.841,0.12703717741056922,0.663,1.022,0.359,94.47058638292968
100.0,65,7241,0.721,2,49.76,27.53027424491083,13.5,100.0,86.5,62.8,11.301917241483117,51.0,82.0,31.0,6109.8,1251.0647731699062,4818.0,7349.0,2531.0,0.8325000000000001,0.13237090146839509,0.663,1.022,0.359,111.39999828615387
24.3,71,5028,1.041,1,47.3,28.690300335363062,13.5,100.0,86.5,64.0,11.489125293076059,51.0,82.0,31.0,5883.1,1217.3801971629262,4818.0,7349.0,2531.0,0.8557,0.1472850976847284,0.663,1.041,0.3779999999999999,70.81690041102958
39.7,69,7268,1.001,1,44.97,28.215797387673145,13.5,100.0,86.5,62.7,9.843779761859773,51.0,79.0,28.0,6128.1,1225.7147982571921,4818.0,7349.0,2531.0,0.8561,0.1477162821086422,0.663,1.041,0.3779999999999999,105.33333180676331
34.3,48,7295,0.802,1,47.05,26.342624943025122,20.5,100.0,79.5,62.4,10.276186062932107,48.0,79.0,31.0,6358.0,1205.2134896173206,4818.0,7349.0,2531.0,0.8644000000000001,0.1413515711503294,0.663,1.041,0.3779999999999999,151.9791635004341
30.0,55,4996,0.802,0,46.06,26.822842669800853,20.5,100.0,79.5,62.4,10.276186062932107,48.0,79.0,31.0,6126.8,1224.3304564808755,4818.0,7349.0,2531.0,0.8783000000000001,0.12526509667279392,0.721,1.041,0.31999999999999995,90.83636198479343
44.7,50,4812,0.772,0,41.67,22.297635649448488,20.5,100.0,79.5,59.5,9.095175766428177,48.0,72.0,24.0,5879.9,1214.6234395894064,4812.0,7349.0,2537.0,0.8554999999999999,0.12134088804319458,0.721,1.041,0.31999999999999995,96.23999807520005
50.5,54,7295,0.771,1,42.8,22.44440044000088,20.5,100.0,79.5,59.0,9.261629326299879,48.0,72.0,24.0,6109.8,1245.903491892977,4812.0,7349.0,2537.0,0.8459999999999999,0.12411464234506911,0.721,1.041,0.31999999999999995,135.09259009087796
10.2,49,4783,0.721,0,40.37,24.64995154378831,10.2,100.0,89.8,58.4,9.731963373909258,48.0,72.0,24.0,6088.5,1268.6734322818381,4783.0,7349.0,2566.0,0.8445,0.12567263469471424,0.721,1.041,0.31999999999999995,97.6122429058726
100.0,100,7295,0.946,2,45.42,31.06612302814757,10.2,100.0,89.8,61.2,16.054075287394582,48.0,100.0,52.0,6083.1,1262.8134770336353,4783.0,7295.0,2512.0,0.8369,0.11564356157319489,0.721,1.041,0.31999999999999995,72.94999927050002
34.4,61,4818,0.886,0,46.81,30.123908924455495,10.2,100.0,89.8,62.2,15.654605286198267,48.0,100.0,52.0,6083.1,1262.8134770336353,4783.0,7295.0,2512.0,0.8462999999999999,0.11540850151623233,0.721,1.041,0.31999999999999995,78.98360526256386
16.6,52,4812,0.814,0,38.470000000000006,24.843870247787272,10.2,100.0,89.8,60.9,15.933542536980841,48.0,100.0,52.0,5840.2,1248.8768109340845,4783.0,7295.0,2512.0,0.8555999999999999,0.10767770841213542,0.721,1.041,0.31999999999999995,92.53845975887577
25.2,64,4990,0.99,1,38.56,24.788402306096486,10.2,100.0,89.8,60.2,15.590595455808185,48.0,100.0,52.0,5836.4,1251.677381223559,4783.0,7295.0,2512.0,0.8504999999999999,0.09875924710572102,0.721,1.001,0.2799999999999999,77.9687487817383
39.6,57,7308,0.69,1,38.55,24.787911480307418,10.2,100.0,89.8,59.0,15.297058540778359,48.0,100.0,52.0,5840.4,1256.814067394219,4783.0,7308.0,2525.0,0.8193999999999999,0.09499614027246932,0.69,0.99,0.30000000000000004,128.21052406648204
44.4,81,5028,1.0,0,39.56,24.801263408678746,10.2,100.0,89.8,62.3,16.1936201429246,49.0,100.0,51.0,5613.7,1166.4970400495852,4783.0,7308.0,2525.0,0.8392,0.11035880874070117,0.69,1.0,0.31000000000000005,62.074073307727495
20.7,52,4783,0.866,0,38.63,25.367479181030202,10.2,100.0,89.8,62.0,16.3707055437449,49.0,100.0,51.0,5592.4,1180.8852799677213,4783.0,7308.0,2525.0,0.8455999999999999,0.10981621009668832,0.69,1.0,0.31000000000000005,91.98076746190833
17.4,62,4990,0.912,0,35.9,26.100063856882308,10.2,100.0,89.8,63.2,15.824032355881984,49.0,100.0,51.0,5610.2,1169.097638732064,4783.0,7308.0,2525.0,0.8596,0.10830430380286007,0.69,1.0,0.31000000000000005,80.483869669615
43.3,54,4812,0.786,0,35.18,25.749511322223846,10.2,100.0,89.8,63.2,15.824032355881984,49.0,100.0,51.0,5361.9,1026.490618022828,4783.0,7308.0,2525.0,0.8611000000000001,0.10703732474650549,0.69,1.0,0.31000000000000005,89.11110946090538
26.1,61,4777,0.831,0,36.77,24.496033692552505,16.6,100.0,83.4,64.4,15.064306599818435,52.0,100.0,48.0,5361.3,1026.8682756593241,4777.0,7308.0,2531.0,0.8721,0.0961369971562572,0.69,1.0,0.31000000000000005,78.31147412604142
52.9,71,5002,0.647,0,32.06,12.652641357966893,16.6,52.9,36.3,61.5,9.03388682191177,52.0,81.0,29.0,5132.0,771.3078359369721,4777.0,7308.0,2531.0,0.8422000000000001,0.11520493816576514,0.647,1.0,0.353,70.45070323308869
23.7,49,7268,0.817,1,30.99,12.88310262837855,16.6,52.9,36.3,60.3,9.866328823044796,49.0,81.0,32.0,5377.0,1012.0327179603535,4777.0,7308.0,2531.0,0.8352999999999999,0.11435330243494403,0.647,1.0,0.353,148.32652758517293
18.2,57,4807,0.926,0,31.149999999999995,12.693064597995626,17.4,52.9,35.5,60.8,9.519570485175382,49.0,81.0,32.0,5376.5,1012.3440620658562,4777.0,7308.0,2531.0,0.8465,0.11747742099843883,0.647,1.0,0.353,84.3333318538012
40.4,48,7295,0.673,1,32.67,12.81093716755773,17.4,52.9,35.5,59.2,10.239357618739788,48.0,81.0,33.0,5607.0,1165.405127460451,4777.0,7308.0,2531.0,0.8148,0.11722229594521119,0.647,1.0,0.353,151.9791635004341
13.6,55,4789,0.734,0,30.07,13.844858652623076,13.6,52.9,39.3,59.0,10.306416555826877,48.0,81.0,33.0,5355.1,1020.0603958154189,4777.0,7295.0,2518.0,0.8192,0.11275814826432724,0.647,1.0,0.353,87.0727256895868
10.2,48,4777,0.746,0,26.65,14.132802662993356,10.2,52.9,42.7,55.7,7.334090869963987,48.0,71.0,23.0,5330.0,1032.0214252728576,4777.0,7295.0,2518.0,0.7938,0.09466173696084633,0.647,0.926,0.279,99.52083125998269
19.0,51,4777,0.944,0,26.479999999999997,14.222267361039513,10.2,52.9,42.7,55.6,7.396695959082767,48.0,71.0,23.0,5329.4,1032.376460190542,4777.0,7295.0,2518.0,0.8016,0.10402264710682536,0.647,0.944,0.29699999999999993,93.6666648300654
18.7,48,4818,0.716,0,26.610000000000003,14.135726998558608,10.2,52.9,42.7,54.2,7.375635565834329,48.0,71.0,23.0,5312.2,1040.0635450672116,4777.0,7295.0,2518.0,0.7819999999999999,0.09926619655138298,0.647,0.944,0.29699999999999993,100.37499790885421
28.8,58,5028,0.792,0,25.16,12.925358365975384,10.2,52.9,42.7,54.6,7.471427053931697,48.0,71.0,23.0,5333.8,1030.7221632320593,4777.0,7295.0,2518.0,0.7826,0.09931118321272349,0.647,0.944,0.29699999999999993,86.6896536777646
100.0,67,7308,0.723,2,32.55,26.993013499381256,10.2,100.0,89.8,55.2,8.243515970479816,48.0,71.0,23.0,5586.9,1178.9042417054534,4777.0,7308.0,2531.0,0.7718,0.09933534673574727,0.647,0.944,0.29699999999999993,109.07462523769216
43.8,54,4795,0.659,0,31.640000000000004,26.37710286509033,10.2,100.0,89.8,53.5,6.096447052723985,48.0,67.0,19.0,5566.2,1192.059357209661,4777.0,7308.0,2531.0,0.773,0.09771955337142683,0.659,0.944,0.2849999999999999,88.79629465192048
100.0,93,7363,0.861,2,39.269999999999996,33.81262256087873,10.2,100.0,89.8,57.9,13.666260156555882,48.0,93.0,45.0,5575.7,1207.4083402064105,4777.0,7363.0,2586.0,0.7774,0.10086096040259263,0.659,0.944,0.2849999999999999,79.17204215944041
28.3,69,5028,0.99,0,40.28,33.25964521759065,10.2,100.0,89.8,59.1,14.09846327323183,48.0,93.0,45.0,5597.8,1193.7199373759693,4777.0,7363.0,2586.0,0.7838,0.11267633094645729,0.659,0.99,0.33099999999999996,72.86956416131066
100.0,76,7308,0.791,2,46.239999999999995,38.249305004579284,10.2,100.0,89.8,61.9,14.425671561490647,48.0,93.0,45.0,5599.1,1195.7789139766223,4777.0,7363.0,2586.0,0.7956,0.10574938928113645,0.659,0.99,0.33099999999999996,96.15789347160667
48.5,62,7268,0.996,1,49.73,36.492040227973014,10.2,100.0,89.8,62.6,14.222048610051461,48.0,93.0,45.0,5847.0,1264.182036821526,4777.0,7363.0,2586.0,0.8218,0.1202532512842976,0.659,0.996,0.33699999999999997,117.22580456087412
18.8,58,4996,0.722,0,50.589999999999996,35.54600930875051,18.7,100.0,81.3,63.6,13.409780841692463,48.0,93.0,45.0,5868.9,1245.342920198645,4777.0,7363.0,2586.0,0.8194000000000001,0.12215854907091477,0.659,0.996,0.33699999999999997,86.13792954934604
18.0,58,5034,0.873,0,50.489999999999995,35.64602050408682,18.0,100.0,82.0,64.3,12.84998919152161,48.0,93.0,45.0,5894.6,1222.752741426764,4795.0,7363.0,2568.0,0.8123000000000001,0.11602111876723128,0.659,0.996,0.33699999999999997,86.79310195184307
18.3,56,4842,0.738,0,50.45,35.685859322083815,18.0,100.0,82.0,65.1,11.939197814109807,54.0,93.0,39.0,5897.0,1220.4261550786266,4795.0,7363.0,2568.0,0.8145,0.11418625136153646,0.659,0.996,0.33699999999999997,86.46428417028065
41.6,63,4990,0.735,0,51.73,35.04685910796192,18.0,100.0,82.0,65.6,11.711343029540014,54.0,93.0,39.0,5893.2,1223.4878921436953,4795.0,7363.0,2568.0,0.8088000000000001,0.11682636688693178,0.659,0.996,0.33699999999999997,79.20634794910559
17.7,59,5034,0.927,0,43.5,31.98134873120061,17.7,100.0,82.3,64.8,11.877148928369412,54.0,93.0,39.0,5665.8,1139.773934700308,4795.0,7363.0,2568.0,0.8291999999999999,0.11798474477660224,0.659,0.996,0.33699999999999997,85.32203245216894
17.0,63,5028,0.831,0,40.82,33.058191118087514,17.0,100.0,83.0,65.7,11.294541454466692,56.0,93.0,37.0,5689.1,1122.2412545140787,4842.0,7363.0,2521.0,0.8464,0.10184978045031681,0.722,0.996,0.274,79.80952254270599
77.8,57,7308,0.681,1,38.6,29.157731964837964,17.0,100.0,83.0,62.1,6.226288353960717,56.0,76.0,20.0,5683.6,1113.2246653553611,4842.0,7308.0,2466.0,0.8284,0.11414629988649544,0.681,0.996,0.31499999999999995,128.21052406648204
100.0,66,7349,0.762,2,45.769999999999996,34.6431667143753,17.0,100.0,83.0,61.8,5.921711464320671,56.0,76.0,20.0,5915.7,1199.9288914116723,4842.0,7349.0,2507.0,0.8055999999999999,0.10020002217786399,0.681,0.996,0.31499999999999995,111.34848316138662
53.8,73,7308,1.029,1,41.15,29.271687116848373,17.0,100.0,83.0,61.5,5.147815070493521,56.0,73.0,17.0,5915.7,1199.9288914116723,4842.0,7349.0,2507.0,0.8294,0.12219765409641314,0.681,1.029,0.34799999999999986,100.10958766973168
54.2,64,7308,0.992,1,41.720000000000006,29.48543143090613,17.0,100.0,83.0,61.7,5.2078999819718526,56.0,73.0,17.0,5919.7,1204.9936883191087,4842.0,7349.0,2507.0,0.829,0.12159678358319248,0.681,1.029,0.34799999999999986,114.18749821582034
100.0,69,7308,0.769,2,49.84,33.393951548147164,17.0,100.0,83.0,62.8,5.4934304198540564,56.0,73.0,17.0,6150.9,1229.6209397841094,4842.0,7349.0,2507.0,0.8337,0.11785212014309367,0.681,1.029,0.34799999999999986,105.91304194328926
42.7,66,4812,0.996,0,52.31,31.644885491620567,17.0,100.0,83.0,63.6,5.295700562196141,56.0,73.0,17.0,6128.7,1253.7928280045137,4812.0,7349.0,2537.0,0.8460000000000001,0.12835973754344537,0.681,1.029,0.34799999999999986,72.90908980440773
37.9,58,5028,1.001,1,54.27,29.861050439214853,17.0,100.0,83.0,63.8,5.006662228138297,57.0,73.0,16.0,6147.3,1233.804058817913,4812.0,7349.0,2537.0,0.8722999999999999,0.13069476738654134,0.681,1.029,0.34799999999999986,86.6896536777646
50.0,62,5034,0.867,0,55.11,29.581880715510074,17.0,100.0,83.0,63.7,5.034326612809753,57.0,73.0,16.0,6151.7,1229.2885069556837,4812.0,7349.0,2537.0,0.8855000000000001,0.12163903795885378,0.681,1.029,0.34799999999999986,81.19354707752343
22.5,58,4824,0.988,0,55.59000000000001,28.93937916864608,17.0,100.0,83.0,63.6,5.146735750831683,57.0,73.0,16.0,6130.7,1252.086085964806,4812.0,7349.0,2537.0,0.8916000000000001,0.1254221316638775,0.681,1.029,0.34799999999999986,83.17241235909634
23.5,50,5028,0.664,0,56.24000000000001,28.03518424329606,22.5,100.0,77.5,62.3,6.717307661721499,50.0,73.0,23.0,6130.7,1252.086085964806,4812.0,7349.0,2537.0,0.8749,0.14411295723995246,0.664,1.029,0.3649999999999999,100.55999798880005
100.0,62,7295,0.689,2,58.46,30.68579838006863,22.5,100.0,77.5,62.8,6.460134157533683,50.0,73.0,23.0,6129.4,1250.7339356464981,4812.0,7349.0,2537.0,0.8756999999999999,0.14293436722262864,0.664,1.029,0.3649999999999999,117.66128842481794
21.3,56,4990,0.806,0,50.589999999999996,28.887692496594077,21.3,100.0,78.7,61.8,6.679986693266864,50.0,73.0,23.0,5893.5,1217.1614747253361,4812.0,7308.0,2496.0,0.8801,0.1396857186687312,0.664,1.029,0.3649999999999999,89.10714126594391
30.9,47,7295,0.737,1,48.300000000000004,29.506006921378646,21.3,100.0,78.7,59.2,6.892830413633529,47.0,69.0,22.0,5892.2,1215.4886351678579,4812.0,7308.0,2496.0,0.8509,0.13556011376671379,0.664,1.001,0.33699999999999986,155.2127626550476
100.0,63,7295,0.703,2,52.879999999999995,33.77006564005071,21.3,100.0,78.7,59.1,6.822348894951409,47.0,69.0,22.0,5890.9,1213.8119431498988,4812.0,7308.0,2496.0,0.8219999999999998,0.13291684952965463,0.664,1.001,0.33699999999999986,115.79364895565637
39.4,58,4812,0.711,0,46.82,29.548333286329363,21.3,100.0,78.7,58.0,5.868938953886362,47.0,66.0,19.0,5641.3,1144.6933650545889,4812.0,7295.0,2483.0,0.8161999999999999,0.13669820774245714,0.664,1.001,0.33699999999999986,82.96551581093938
100.0,64,7336,0.706,2,52.55,33.896484576821045,21.3,100.0,78.7,57.8,5.593647190240835,47.0,64.0,17.0,5893.7,1217.4708803271003,4812.0,7336.0,2524.0,0.7872,0.12453629546798343,0.664,1.001,0.33699999999999986,114.62499820898441
16.5,55,4996,0.937,0,50.410000000000004,35.55891668141137,16.5,100.0,83.5,57.5,5.661762583821037,47.0,64.0,17.0,5890.5,1220.0384556780714,4812.0,7336.0,2524.0,0.7808,0.11348205927712877,0.664,0.988,0.32399999999999995,90.83636198479343
36.6,52,4812,0.916,0,49.07000000000001,35.827551471520415,16.5,100.0,83.5,56.5,5.661762583821042,47.0,64.0,17.0,5868.3,1239.2240448495718,4812.0,7336.0,2524.0,0.7857000000000001,0.11856179823197685,0.664,0.988,0.32399999999999995,92.53845975887577
18.8,51,4990,0.788,0,48.7,36.150088366266665,16.5,100.0,83.5,55.8,5.884065110297694,47.0,64.0,17.0,5884.9,1224.7076249728614,4812.0,7336.0,2524.0,0.7657,0.09521443634706289,0.664,0.937,0.273,97.84313533640912
100.0,62,7308,0.747,2,56.35,38.25772979266921,16.5,100.0,83.5,57.0,5.792715732327619,47.0,64.0,17.0,6112.9,1259.2005797330312,4812.0,7336.0,2524.0,0.774,0.08876310544865411,0.689,0.937,0.2480000000000001,117.87096584079087
100.0,92,7281,0.88,2,56.35,38.25772979266921,16.5,100.0,83.5,60.0,12.525529485370635,47.0,92.0,45.0,6111.5,1257.7472144892859,4812.0,7336.0,2524.0,0.7931,0.0889899494949351,0.703,0.937,0.2340000000000001,79.14130348759453
57.4,56,7322,0.664,1,59.959999999999994,36.23252682328408,16.5,100.0,83.5,60.0,12.525529485370635,47.0,92.0,45.0,6344.7,1242.8049860429983,4812.0,7336.0,2524.0,0.7789,0.09761426352969345,0.664,0.937,0.273,130.74999766517863
47.7,62,7295,1.001,1,61.64,35.10739713127896,16.5,100.0,83.5,61.5,11.664285471281804,51.0,92.0,41.0,6344.7,1242.8049860429983,4812.0,7336.0,2524.0,0.8053000000000001,0.11849055283486142,0.664,1.001,0.33699999999999986,117.66128842481794
35.6,62,4990,0.906,0,55.2,33.140475420716456,16.5,100.0,83.5,61.4,11.654279137819827,51.0,92.0,41.0,6114.2,1260.595873210585,4812.0,7336.0,2524.0,0.8256,0.1163874754621149,0.664,1.001,0.33699999999999986,80.483869669615
14.3,61,4990,0.886,0,52.69,35.347149814376834,14.3,100.0,85.7,61.7,11.595497210363849,51.0,92.0,41.0,6132.0,1241.2739871241615,4812.0,7336.0,2524.0,0.8431000000000001,0.11023555586913744,0.664,1.001,0.33699999999999986,81.80327734748727
100.0,62,7281,0.703,2,52.69,35.347149814376834,14.3,100.0,85.7,61.5,11.56863575938553,51.0,92.0,41.0,6126.5,1235.4545946960404,4812.0,7322.0,2510.0,0.8427999999999999,0.11065341286095842,0.664,1.001,0.33699999999999986,117.43548197684707
100.0,64,7322,0.742,2,61.04,35.70882866245328,14.3,100.0,85.7,62.4,11.354881475970304,51.0,92.0,41.0,6359.1,1217.7983275841161,4812.0,7322.0,2510.0,0.8232999999999999,0.10938316953616643,0.664,1.001,0.33699999999999986,114.40624821240237
55.0,72,7281,0.937,1,62.879999999999995,34.771310012710195,14.3,100.0,85.7,64.4,11.077504733066526,51.0,92.0,41.0,6606.0,1115.2518400194067,4990.0,7322.0,2332.0,0.8253999999999999,0.11154092422863336,0.664,1.001,0.33699999999999986,101.12499859548613
34.8,55,4783,0.957,0,64.48,32.83161755246171,14.3,100.0,85.7,64.8,10.601886624558864,55.0,92.0,37.0,6585.3,1149.95981089196,4783.0,7322.0,2539.0,0.8423,0.11786814667245743,0.664,1.001,0.33699999999999986,86.96363478247937
76.2,60,7281,0.777,1,62.1,30.768454263706168,14.3,100.0,85.7,64.6,10.679159351018441,55.0,92.0,37.0,6582.6,1148.1046409916964,4783.0,7322.0,2539.0,0.8452999999999999,0.1155316695398565,0.664,1.001,0.33699999999999986,121.34999797750004
100.0,68,7349,0.741,2,62.1,30.768454263706168,14.3,100.0,85.7,62.2,5.050852513300244,55.0,72.0,17.0,6589.4,1152.8921314098177,4783.0,7349.0,2566.0,0.8314,0.1191965696747275,0.664,1.001,0.33699999999999986,108.07352782244813
22.3,57,4990,0.906,0,58.59000000000001,33.26497824706606,14.3,100.0,85.7,62.3,4.922736366426057,55.0,72.0,17.0,6356.2,1222.0200762126087,4783.0,7349.0,2566.0,0.8555999999999999,0.10517519775223697,0.703,1.001,0.29799999999999993,87.54385811326566
24.7,62,4996,0.937,0,56.29,34.85855386813656,14.3,100.0,85.7,62.3,4.922736366426057,55.0,72.0,17.0,6126.3,1241.87385743391,4783.0,7349.0,2566.0,0.8492000000000001,0.09697170263077291,0.703,0.957,0.254,80.58064386160252
30.1,61,4996,0.829,0,55.739999999999995,35.26232487451098,14.3,100.0,85.7,62.2,4.939635614091416,55.0,72.0,17.0,6126.9,1241.265165511025,4783.0,7349.0,2566.0,0.8415000000000001,0.09499736838460288,0.703,0.957,0.254,81.9016380016125
100.0,66,7349,0.722,2,64.31,34.477221143499634,22.3,100.0,77.7,62.7,5.056349144063029,55.0,72.0,17.0,6362.8,1225.2506138201563,4783.0,7349.0,2566.0,0.8251,0.1004605505769413,0.703,0.957,0.254,111.34848316138662
20.4,53,4783,0.807,0,56.35,34.510553941270395,20.4,100.0,79.6,61.8,5.92171146432068,53.0,72.0,19.0,6113.0,1271.0375464337967,4783.0,7349.0,2566.0,0.8355,0.09138958121993723,0.722,0.957,0.235,90.24528131612678
14.1,64,5034,1.001,0,47.760000000000005,33.100292043021824,14.1,100.0,85.9,61.8,5.92171146432068,53.0,72.0,19.0,5884.2,1234.6341608391983,4783.0,7349.0,2566.0,0.8614,0.09838044069382408,0.722,1.001,0.2789999999999999,78.65624877099611
100.0,70,7308,0.776,2,52.260000000000005,37.020660898116525,14.1,100.0,85.9,61.6,5.561774297230485,53.0,70.0,17.0,5886.9,1238.052992044812,4783.0,7349.0,2566.0,0.8452999999999999,0.09780598709236078,0.722,1.001,0.2789999999999999,104.39999850857146
28.8,47,7281,0.667,1,51.660000000000004,37.381938597848745,14.1,100.0,85.9,60.8,7.004760286167331,47.0,70.0,23.0,6136.7,1242.5733199918454,4783.0,7349.0,2566.0,0.8163,0.10381505992228016,0.667,1.001,0.33399999999999985,154.91489032095978
89.5,74,7268,0.996,1,52.989999999999995,38.569776596017086,14.1,100.0,85.9,62.2,8.134972512416873,47.0,74.0,27.0,6135.4,1241.2492094660129,4783.0,7349.0,2566.0,0.8382,0.11688056582112616,0.667,1.001,0.33399999999999985,98.21621488897007
15.6,49,7241,0.728,1,44.55,36.307919246357265,14.1,100.0,85.9,60.3,8.81980095517406,47.0,74.0,27.0,6124.6,1229.9347950196393,4783.0,7349.0,2566.0,0.8369,0.11814722454068315,0.667,1.001,0.33399999999999985,147.77550718825498
32.5,56,4812,0.802,0,45.57,35.75242182939034,14.1,100.0,85.9,60.2,8.866917289691077,47.0,74.0,27.0,6106.8,1249.3149055915947,4783.0,7349.0,2566.0,0.8265,0.11594562902019563,0.667,1.001,0.33399999999999985,85.92856989413268
25.9,55,4824,0.742,0,45.690000000000005,35.67652356008547,14.1,100.0,85.9,59.5,8.98455464796239,47.0,74.0,27.0,6089.6,1267.3607922678448,4783.0,7349.0,2566.0,0.807,0.11161342014092891,0.667,1.001,0.33399999999999985,87.7090893143802
100.0,67,7322,0.751,2,52.67999999999999,38.97756619732262,14.1,100.0,85.9,60.1,9.290975310602358,47.0,74.0,27.0,6322.2,1257.760425871673,4783.0,7349.0,2566.0,0.7992,0.11262602817387368,0.667,1.001,0.33399999999999985,109.28358045845403
37.8,56,4983,0.85,0,46.46,35.384560349269734,14.1,100.0,85.9,59.1,9.122012448528642,47.0,74.0,27.0,6085.6,1265.6572469142934,4783.0,7322.0,2539.0,0.8119999999999999,0.11012316337224909,0.667,1.001,0.33399999999999985,88.98214126817605
46.0,52,5002,0.807,0,49.02,34.19576971887995,14.1,100.0,85.9,59.0,9.201449161228195,47.0,74.0,27.0,6107.5,1242.2927057125742,4812.0,7322.0,2510.0,0.8119999999999999,0.11012316337224909,0.667,1.001,0.33399999999999985,96.19230584245567
36.0,60,5002,0.783,0,51.21,32.363060217888346,15.6,100.0,84.4,58.6,9.045563676312417,47.0,74.0,27.0,6104.3,1245.4024829124303,4812.0,7322.0,2510.0,0.7902,0.08788350875511906,0.667,0.996,0.32899999999999996,83.36666527722225
39.7,51,7308,0.661,1,45.18,27.51709771517823,15.6,100.0,84.4,56.7,8.353974436691157,47.0,74.0,27.0,6104.3,1245.4024829124303,4812.0,7322.0,2510.0,0.7787000000000001,0.0969994845347128,0.661,0.996,0.33499999999999996,143.2941148373703
51.5,72,5028,0.827,0,47.45,26.946088151467684,15.6,100.0,84.4,59.2,8.854377448471483,49.0,74.0,25.0,5879.0,1212.2267847963835,4812.0,7322.0,2510.0,0.7947000000000001,0.08942787286100692,0.661,0.996,0.33499999999999996,69.83333236342594
53.5,64,4783,0.917,0,43.85,22.78797197353611,15.6,100.0,84.4,58.2,7.4505779045058995,49.0,72.0,23.0,5630.5,1148.9036561483774,4783.0,7322.0,2539.0,0.7868,0.07132679097724146,0.661,0.917,0.256,74.73437383227541
18.6,46,7308,0.846,1,44.15,22.391032431161673,18.6,100.0,81.4,57.9,7.908504564356328,46.0,72.0,26.0,5637.2,1159.485690582969,4783.0,7322.0,2539.0,0.7986000000000001,0.07027122059879432,0.661,0.917,0.256,158.86956176370518
29.4,52,4783,0.847,0,43.84,22.590814259094103,18.6,100.0,81.4,57.5,8.113774296425417,46.0,72.0,26.0,5634.3,1161.8128602413644,4783.0,7322.0,2539.0,0.8031,0.0719343064500132,0.661,0.917,0.256,91.98076746190833
48.0,68,4818,0.911,0,46.05,21.704390236898067,18.6,100.0,81.4,58.8,8.689712947566882,46.0,72.0,26.0,5633.7,1162.2792789266357,4783.0,7322.0,2539.0,0.82,0.0757363849150456,0.661,0.917,0.256,70.85294013451559
27.8,51,4990,0.706,0,38.83,11.2590753518119,18.6,53.5,34.9,57.2,8.482662055956018,46.0,72.0,26.0,5400.5,1009.8519418431797,4783.0,7308.0,2525.0,0.8155000000000001,0.08141560047067117,0.661,0.917,0.256,97.84313533640912
19.8,49,4795,0.759,0,37.029999999999994,12.778371483791597,18.6,53.5,34.9,56.5,8.872554436137468,46.0,72.0,26.0,5381.7,1020.1850649106086,4783.0,7308.0,2525.0,0.8064,0.08221273218506545,0.661,0.917,0.256,97.85714086005835
30.8,51,4964,0.751,0,35.51,12.493682848188183,18.6,53.5,34.9,56.4,8.934328302800534,46.0,72.0,26.0,5377.9,1021.825974529038,4783.0,7308.0,2525.0,0.8008000000000001,0.08405395092835692,0.661,0.917,0.256,97.33333142483664
26.9,53,4996,0.757,0,34.60000000000001,12.782105547296293,18.6,53.5,34.9,55.7,8.895067297228428,46.0,72.0,26.0,5377.3,1022.0729534735857,4783.0,7308.0,2525.0,0.7982,0.08506180759372023,0.661,0.917,0.256,94.26414916482737
28.8,62,4818,0.914,0,33.51,12.763615823460425,18.6,53.5,34.9,56.8,8.92935234680174,46.0,72.0,26.0,5128.3,772.2191758533003,4783.0,7308.0,2525.0,0.8234999999999999,0.07695922441281595,0.706,0.917,0.21100000000000008,77.70967616597297
9.1,49,5021,0.665,0,29.27,13.159791453936935,9.1,53.5,44.4,54.5,7.412451985979058,46.0,68.0,22.0,5127.6,772.3233634804611,4783.0,7308.0,2525.0,0.8073,0.09176667272066794,0.665,0.917,0.252,102.4693856638901
23.4,52,4996,0.661,0,26.259999999999998,10.085104527635485,9.1,48.0,38.9,53.3,6.63408705935576,46.0,68.0,22.0,5148.9,764.6628087667832,4783.0,7308.0,2525.0,0.7817000000000001,0.093455931385392,0.661,0.914,0.253,96.07692122928998
45.0,63,5028,0.951,1,28.9,11.245739934155829,9.1,48.0,38.9,55.0,6.73300329224142,49.0,68.0,19.0,4920.9,102.98160569298167,4783.0,5028.0,245.0,0.7922,0.10647461878046062,0.661,0.951,0.2899999999999999,79.80952254270599
18.5,53,4754,0.74,0,27.810000000000002,11.710531822063249,9.1,48.0,38.9,55.1,6.690789689316735,49.0,68.0,19.0,4918.0,107.60111523582661,4754.0,5028.0,274.0,0.7815000000000001,0.10572947660053089,0.661,0.951,0.2899999999999999,89.69811151512998
13.6,49,4789,0.664,0,24.37,10.056402051540234,9.1,45.0,35.9,53.2,5.138093031466098,49.0,63.0,14.0,4915.1,110.93486577464309,4754.0,5028.0,274.0,0.7567999999999999,0.10085390974628165,0.661,0.951,0.2899999999999999,97.73469188296548
23.4,57,4996,0.951,0,23.93,9.985661943228644,9.1,45.0,35.9,53.8,5.202563470700491,49.0,63.0,14.0,4915.7,111.40022940328599,4754.0,5028.0,274.0,0.7813000000000001,0.11579392615043896,0.661,0.951,0.2899999999999999,87.64912126931367
60.7,60,7322,0.96,1,28.02,15.14784913224758,9.1,60.7,51.6,54.9,5.237683966538435,49.0,63.0,14.0,5168.4,763.677389710832,4754.0,7322.0,2568.0,0.8013999999999999,0.12826638946608973,0.661,0.96,0.29899999999999993,122.03333129944448
25.3,62,5028,1.001,0,27.47,15.13553948676941,9.1,60.7,51.6,56.0,5.477225575051701,49.0,63.0,14.0,5174.8,762.0405063599492,4754.0,7322.0,2568.0,0.8263999999999999,0.14107539355488816,0.661,1.001,0.33999999999999986,81.09677288553593
36.9,56,4789,0.754,0,28.47,15.42134523603208,9.1,60.7,51.6,56.3,5.375872022286286,49.0,63.0,14.0,5154.1,770.2047996041881,4754.0,7322.0,2568.0,0.8261,0.1412424629257549,0.661,1.001,0.33999999999999986,85.51785561575258
51.2,68,7322,1.001,1,30.71,17.01871192410154,9.1,60.7,51.6,56.9,6.332456079595059,49.0,68.0,19.0,5404.5,1016.4625204873769,4754.0,7322.0,2568.0,0.8347999999999999,0.14968544796784097,0.661,1.001,0.33999999999999986,107.6764690047578
48.1,66,7295,0.904,1,34.61,15.95148547593262,13.6,60.7,47.1,58.6,6.257440016137265,49.0,68.0,19.0,5631.9,1164.692372355129,4754.0,7322.0,2568.0,0.8587,0.13820118185698171,0.661,1.001,0.33999999999999986,110.5303013556015
32.0,54,4783,0.746,0,35.47,15.505558143237984,13.6,60.7,47.1,58.8,6.051629716218813,49.0,68.0,19.0,5610.6,1179.4678837886536,4754.0,7322.0,2568.0,0.8671999999999999,0.12683742875560508,0.664,1.001,0.33699999999999986,88.57407243381348
11.3,48,4795,0.666,0,32.1,16.81137181262203,11.3,60.7,49.400000000000006,57.3,6.717307661721519,48.0,68.0,20.0,5587.3,1194.4618546534746,4754.0,7322.0,2568.0,0.8387,0.13748781764214565,0.664,1.001,0.33699999999999986,99.89583125217018
45.1,71,4812,0.827,0,34.760000000000005,16.522321601733562,11.3,60.7,49.400000000000006,59.1,7.7667381970955205,48.0,71.0,23.0,5593.1,1190.098824094498,4783.0,7322.0,2539.0,0.8474,0.13323513050243124,0.664,1.001,0.33699999999999986,67.77464693275145
17.8,53,4812,0.786,0,35.18,15.968775086955734,11.3,60.7,49.400000000000006,59.5,7.276293317647714,48.0,71.0,23.0,5595.4,1188.3931448248354,4783.0,7322.0,2539.0,0.8596,0.11944798961147104,0.666,1.001,0.33499999999999985,90.79245111712356
14.1,51,4789,0.757,0,34.25,16.97044817060267,11.3,60.7,49.400000000000006,58.9,7.738073260042072,48.0,71.0,23.0,5574.7,1201.7219173613596,4783.0,7322.0,2539.0,0.8402,0.11870579879124087,0.666,1.001,0.33499999999999985,93.90195894309885
25.8,48,7281,0.666,1,30.76,14.306036022136494,11.3,51.2,39.900000000000006,57.7,8.446564061465754,48.0,71.0,23.0,5570.6,1195.1501253910396,4783.0,7322.0,2539.0,0.8108000000000001,0.12209722901578586,0.666,1.001,0.33499999999999985,151.68749683984382
37.0,51,5028,0.669,1,31.93,14.288305241233719,11.3,51.2,39.900000000000006,56.6,8.540101482613295,48.0,71.0,23.0,5570.6,1195.1501253910396,4783.0,7322.0,2539.0,0.7776,0.10907612020969563,0.666,1.001,0.33499999999999985,98.58823336101504
27.4,60,4964,0.733,0,30.98,14.236869193907932,11.3,51.2,39.900000000000006,57.0,8.602325267042652,48.0,71.0,23.0,5588.1,1183.659903294296,4783.0,7322.0,2539.0,0.7755000000000001,0.10978084228741054,0.666,1.001,0.33499999999999985,82.73333195444447
26.9,53,4964,0.866,0,28.55,12.351090820022526,11.3,48.1,36.8,55.5,7.735200923914894,48.0,71.0,23.0,5352.3,1023.9646315506512,4783.0,7295.0,2512.0,0.762,0.08431686268673264,0.666,0.904,0.238,93.66037559131367
21.0,63,4818,0.807,0,25.839999999999996,10.40461436094583,11.3,45.1,33.8,55.2,7.330302403948546,48.0,71.0,23.0,5104.6,769.875343444922,4783.0,7281.0,2498.0,0.7523000000000001,0.07063529177715945,0.666,0.866,0.19999999999999996,76.47618926228272
13.0,50,4777,0.711,0,23.94,10.878745842748204,11.3,45.1,33.8,54.8,7.509993342207469,48.0,71.0,23.0,5104.0,770.1561169298318,4777.0,7281.0,2504.0,0.7487999999999999,0.07183901756319093,0.666,0.866,0.19999999999999996,95.53999808920004
55.8,63,4818,0.984,0,28.389999999999997,13.833891555002005,13.0,55.8,42.8,56.3,7.498888806572198,48.0,71.0,23.0,5106.3,769.1644889821055,4777.0,7281.0,2504.0,0.7806,0.09706721611566085,0.666,0.984,0.31799999999999995,76.47618926228272
21.4,57,5021,0.983,0,26.02,12.630896862675893,13.0,55.8,42.8,54.9,5.486346689738126,48.0,63.0,15.0,5127.2,763.0946934103943,4777.0,7281.0,2504.0,0.7962,0.11603524368819036,0.666,0.984,0.31799999999999995,88.08771775284706
26.8,51,7419,0.677,1,26.919999999999998,12.296322846914672,13.0,55.8,42.8,54.7,5.598610938835181,48.0,63.0,15.0,5387.9,1038.9189306410963,4777.0,7419.0,2642.0,0.7853,0.12206287086761643,0.666,0.984,0.31799999999999995,145.4705853829297
100.0,65,7281,0.742,2,35.510000000000005,25.384266780823122,13.0,100.0,87.0,56.1,6.279596590015459,48.0,65.0,17.0,5637.1,1169.915139372651,4777.0,7419.0,2642.0,0.7838,0.1225405148421441,0.666,0.984,0.31799999999999995,112.01538289207103
46.9,49,7281,0.673,1,37.62,25.364402001405217,13.0,100.0,87.0,56.2,6.142746399887739,49.0,65.0,16.0,5637.1,1169.915139372651,4777.0,7419.0,2642.0,0.7845,0.12181064540233458,0.669,0.984,0.31499999999999995,148.59183370220748
27.1,59,4996,0.85,0,36.629999999999995,25.583547230376187,13.0,100.0,87.0,57.0,5.906681715556487,49.0,65.0,16.0,5633.9,1171.8085215218002,4777.0,7419.0,2642.0,0.8026,0.11605286151864848,0.673,0.984,0.31099999999999994,84.67796466647518
53.7,68,4996,0.886,0,39.260000000000005,25.879386906699835,13.0,100.0,87.0,57.8,6.828046735503693,49.0,68.0,19.0,5637.1,1169.8178823123599,4777.0,7419.0,2642.0,0.8179000000000001,0.11594294573912887,0.673,0.984,0.31099999999999994,73.47058715484431
45.2,69,7281,0.927,1,41.09,25.55323201997483,13.0,100.0,87.0,59.4,7.42667863553796,49.0,69.0,20.0,5868.8,1248.4995260978937,4777.0,7419.0,2642.0,0.8240000000000001,0.12027838080423595,0.673,0.984,0.31099999999999994,105.52173760113425
14.9,53,4996,0.846,0,40.48,26.151898167777002,13.0,100.0,87.0,58.4,7.560129334578608,49.0,69.0,20.0,5886.6,1233.0265564410556,4777.0,7419.0,2642.0,0.8279,0.1202981943154404,0.673,0.984,0.31099999999999994,94.26414916482737
100.0,69,7281,0.741,2,49.17999999999999,30.15861034228497,14.9,100.0,85.1,60.3,7.601900347208537,49.0,69.0,20.0,6137.0,1236.9015051059378,4818.0,7419.0,2601.0,0.8309000000000001,0.11739813551424963,0.673,0.984,0.31099999999999994,105.52173760113425
36.8,50,7281,0.661,1,47.28,30.293409624317082,14.9,100.0,85.1,59.0,8.17856276425689,49.0,69.0,20.0,6383.3,1189.3820104014817,4996.0,7419.0,2423.0,0.7986000000000001,0.11500454097314759,0.661,0.983,0.32199999999999995,145.61999708760007
15.3,59,4996,0.912,0,46.67,30.927228205004802,14.9,100.0,85.1,59.2,8.148619514985372,49.0,69.0,20.0,6380.8,1192.585594412411,4996.0,7419.0,2423.0,0.7915,0.10402270051398481,0.661,0.927,0.266,84.67796466647518
49.9,55,4812,0.667,0,48.980000000000004,30.13063409739515,14.9,100.0,85.1,59.6,7.79173351129975,49.0,69.0,20.0,6120.1,1224.9250725384532,4812.0,7281.0,2469.0,0.7905,0.10528611810997032,0.661,0.927,0.266,87.49090750016532
43.1,71,7281,0.996,1,43.290000000000006,24.217690962508293,14.9,100.0,85.1,60.2,8.4564242508942,49.0,71.0,22.0,6120.1,1224.9250725384532,4812.0,7281.0,2469.0,0.8159000000000001,0.12165200824939564,0.661,0.996,0.33499999999999996,102.54929433029163
11.6,49,5015,0.697,0,39.760000000000005,26.130195389838004,11.6,100.0,88.4,60.2,8.4564242508942,49.0,71.0,22.0,5893.5,1195.549827020559,4812.0,7281.0,2469.0,0.8183,0.11872100815684512,0.661,0.996,0.33499999999999996,102.34693668679722
48.8,70,7281,1.027,1,41.92999999999999,25.861685516953028,11.6,100.0,88.4,61.3,8.982080926922123,49.0,71.0,22.0,6122.0,1223.0009539380314,4812.0,7281.0,2469.0,0.836,0.13592072853117115,0.661,1.027,0.3659999999999999,104.01428422836737
50.3,62,5002,0.786,0,41.589999999999996,25.71166834121989,11.6,100.0,88.4,60.7,8.68011776673824,49.0,71.0,22.0,6122.6,1222.3884816211257,4812.0,7281.0,2469.0,0.826,0.13551137713614023,0.661,1.027,0.3659999999999999,80.67741805359003
42.5,61,7281,1.001,1,41.32,25.68370862801728,11.6,100.0,88.4,59.9,8.184674024595562,49.0,71.0,22.0,6122.6,1222.3884816211257,4812.0,7281.0,2469.0,0.8333999999999999,0.1434288054130763,0.661,1.027,0.3659999999999999,119.3606537809729
38.6,57,7281,1.001,1,43.690000000000005,24.014090770952706,11.6,100.0,88.4,60.3,7.902882737049562,49.0,71.0,22.0,6351.1,1201.7876915477038,4812.0,7281.0,2469.0,0.8488999999999999,0.15299778502390834,0.661,1.027,0.3659999999999999,127.73683986426597
11.2,53,4795,0.729,0,34.809999999999995,15.938524259025858,11.2,50.3,39.099999999999994,58.7,7.5579244652366455,49.0,71.0,22.0,6102.5,1244.4256372586783,4795.0,7281.0,2486.0,0.8477,0.15398199750475836,0.661,1.027,0.3659999999999999,90.47169640619441
35.1,61,4807,0.829,0,34.64,15.924000055820711,11.2,50.3,39.099999999999994,59.8,6.924994985958905,49.0,71.0,22.0,5855.1,1229.9388828537597,4795.0,7281.0,2486.0,0.8644999999999999,0.13986680171585414,0.667,1.027,0.3599999999999999,78.80327739666758
100.0,74,7201,0.765,2,43.11,24.63657849621169,11.2,100.0,88.8,61.3,8.233400809440125,49.0,74.0,25.0,6075.6,1256.1819754938201,4795.0,7281.0,2486.0,0.8497999999999999,0.14202800975707366,0.667,1.027,0.3599999999999999,97.31080949579987
24.0,51,5002,0.792,0,40.52,25.198447923984883,11.2,100.0,88.8,60.9,8.659612513784282,49.0,74.0,25.0,6094.6,1236.22455709129,4795.0,7281.0,2486.0,0.8623,0.1290607522749562,0.697,1.027,0.32999999999999996,98.07842944944257
22.1,71,4990,0.774,0,38.42,25.826764756310034,11.2,100.0,88.8,60.9,8.659612513784282,49.0,74.0,25.0,5865.5,1203.7897795434765,4795.0,7281.0,2486.0,0.8401,0.12243043376183463,0.697,1.027,0.32999999999999996,70.28168915096212
20.7,49,5015,0.664,1,39.33,24.921211402694254,11.2,100.0,88.8,60.9,8.659612513784282,49.0,74.0,25.0,5865.5,1203.7897795434765,4795.0,7281.0,2486.0,0.8368,0.12707285749171998,0.664,1.027,0.3629999999999999,102.34693668679722
37.8,61,4818,0.929,1,38.23,24.69854021777176,11.2,100.0,88.8,60.0,8.055363982396408,49.0,74.0,25.0,5619.2,1131.8111149834126,4795.0,7281.0,2486.0,0.827,0.11386736924061107,0.664,1.001,0.33699999999999986,78.98360526256386
23.6,52,4818,0.797,0,35.56,24.691933005650974,11.2,100.0,88.8,59.0,8.393118874676139,49.0,74.0,25.0,5600.8,1144.385696442514,4795.0,7281.0,2486.0,0.8281000000000001,0.1134797583516789,0.664,1.001,0.33699999999999986,92.65384437204146
50.8,72,7295,1.001,1,36.39,25.087466990511423,11.2,100.0,88.8,60.1,9.35057930469197,49.0,74.0,25.0,5602.2,1146.6758526763815,4795.0,7295.0,2500.0,0.8281000000000001,0.1134797583516789,0.664,1.001,0.33699999999999986,101.31944303722996
100.0,61,7295,0.717,2,42.529999999999994,32.19520495698424,11.2,100.0,88.8,60.5,9.288583195395205,49.0,74.0,25.0,5603.6,1148.9595486545381,4795.0,7295.0,2500.0,0.7997000000000001,0.10015659960504035,0.664,1.001,0.33699999999999986,119.59016197393177
24.8,48,7281,0.673,1,43.89,30.989369144918072,20.7,100.0,79.3,60.0,9.854496999396343,48.0,74.0,26.0,5852.2,1221.2375144363464,4807.0,7295.0,2488.0,0.7941,0.10594699932828015,0.664,1.001,0.33699999999999986,151.68749683984382
27.6,57,5002,0.915,0,43.14,31.314788838502494,20.7,100.0,79.3,59.6,9.89051172701507,48.0,74.0,26.0,5871.7,1204.1310421489288,4818.0,7295.0,2477.0,0.8027,0.11238925413243192,0.664,1.001,0.33699999999999986,87.75438442536168
30.0,53,4812,0.761,0,36.14,24.210062187262373,20.7,100.0,79.3,57.5,8.644201653259982,48.0,72.0,24.0,5632.8,1146.714030029572,4812.0,7295.0,2483.0,0.8023,0.11254534888459618,0.664,1.001,0.33699999999999986,90.79245111712356
19.4,55,5028,0.846,0,35.67999999999999,24.508220842992444,19.4,100.0,80.6,57.9,8.399074023036398,48.0,72.0,24.0,5635.4,1145.1532842569331,4812.0,7295.0,2483.0,0.8077,0.11328925613470797,0.664,1.001,0.33699999999999986,91.41818015603309
9.8,48,4801,0.699,0,34.45,25.551918823359546,9.8,100.0,90.2,55.6,7.515909052728701,48.0,72.0,24.0,5616.5,1158.4709510576604,4801.0,7295.0,2494.0,0.8002,0.11814661324905654,0.664,1.001,0.33699999999999986,100.02083124956602
13.0,55,4795,0.805,0,33.67999999999999,26.12197031874383,9.8,100.0,90.2,56.2,7.161626134397777,48.0,72.0,24.0,5594.5,1173.1588175141108,4795.0,7295.0,2500.0,0.8142999999999999,0.1080699876109095,0.673,1.001,0.32799999999999985,87.18181659669425
19.6,52,4789,0.661,0,31.860000000000003,26.43517017577573,9.8,100.0,90.2,55.3,7.056124211554757,48.0,72.0,24.0,5591.6,1175.3254112041557,4789.0,7295.0,2506.0,0.7875,0.10968363597182547,0.661,1.001,0.33999999999999986,92.096152075074
32.9,66,4783,0.906,0,32.79,26.275398294898515,9.8,100.0,90.2,56.7,7.689097620801974,48.0,72.0,24.0,5588.1,1177.9342982998273,4783.0,7295.0,2512.0,0.7984,0.11596857811972618,0.661,1.001,0.33999999999999986,72.46969587167128
100.0,62,7281,0.733,2,37.709999999999994,33.60609898350133,9.8,100.0,90.2,55.7,5.9264004439644955,48.0,66.0,18.0,5586.7,1175.6863763587426,4783.0,7295.0,2512.0,0.7716000000000001,0.09254812561881252,0.661,0.915,0.254,117.43548197684707
33.7,52,7295,0.667,1,31.080000000000002,25.518611944139042,9.8,100.0,90.2,54.8,5.711586664161068,48.0,66.0,18.0,5586.7,1175.6863763587426,4783.0,7295.0,2512.0,0.7666,0.09706607142674609,0.661,0.915,0.254,140.28845884060658
14.7,51,4789,0.852,0,30.07,25.990299472431385,9.8,100.0,90.2,55.1,5.384133067531785,48.0,66.0,18.0,5337.5,1031.9782781951662,4783.0,7295.0,2512.0,0.7845,0.09435423796641122,0.661,0.915,0.254,93.90195894309885
43.5,57,4818,0.894,0,31.660000000000004,26.30683054518985,9.8,100.0,90.2,55.1,5.384133067531785,48.0,66.0,18.0,5319.1,1040.232180279423,4783.0,7295.0,2512.0,0.7824,0.09131167626444145,0.661,0.906,0.245,84.52631430655589
41.0,51,4971,0.681,1,32.760000000000005,26.459243291438927,9.8,100.0,90.2,54.9,5.506561742341818,48.0,66.0,18.0,5335.0,1032.8085764339628,4783.0,7295.0,2512.0,0.7744000000000001,0.09673813450065392,0.661,0.906,0.245,97.47058632410615
100.0,92,7336,0.885,2,40.82000000000001,33.32319179056999,9.8,100.0,90.2,58.6,12.963195765105333,48.0,92.0,44.0,5565.8,1200.801010437059,4783.0,7336.0,2553.0,0.7783,0.10065237205351864,0.661,0.906,0.245,79.73912956805295
27.7,54,7295,0.681,1,42.61,31.923117711847084,13.0,100.0,87.0,59.2,12.550343067466782,51.0,92.0,41.0,5815.2,1280.6473016061484,4783.0,7336.0,2553.0,0.7765,0.10237431318450904,0.661,0.906,0.245,135.09259009087796
32.5,51,7281,0.665,1,44.56,30.47622752973939,14.7,100.0,85.3,58.8,12.761051854939108,51.0,92.0,41.0,6063.8,1301.7193587286354,4783.0,7336.0,2553.0,0.7625,0.10748875910221165,0.661,0.906,0.245,142.76470308304505
100.0,94,7349,0.867,2,52.6,33.604530117894,14.7,100.0,85.3,63.0,16.606558276108213,51.0,94.0,43.0,6319.8,1274.6033631421724,4783.0,7349.0,2566.0,0.7831,0.105598242830498,0.665,0.906,0.241,78.18085023211862
33.8,63,5021,0.909,0,52.69,33.54706312696307,14.7,100.0,85.3,62.7,16.57340573864582,51.0,94.0,43.0,6343.6,1244.5876782649314,4789.0,7349.0,2560.0,0.7834,0.10598972696550432,0.665,0.909,0.244,79.69841143335856
30.4,48,7268,0.666,1,45.730000000000004,29.63264153673184,14.7,100.0,85.3,61.3,17.217884758458457,48.0,94.0,46.0,6342.3,1243.5060693235268,4789.0,7349.0,2560.0,0.7767000000000001,0.11150391124181322,0.665,0.909,0.244,151.41666351215284
43.5,51,4818,0.662,0,46.71,29.3512994223046,14.7,100.0,85.3,61.2,17.280689286663964,48.0,94.0,46.0,6094.6,1278.8478495201152,4789.0,7349.0,2560.0,0.7762,0.11206030122711187,0.662,0.909,0.247,94.47058638292968
21.2,48,7308,0.666,1,47.36,28.62668529730803,21.2,100.0,78.8,60.9,17.502063370420718,48.0,94.0,46.0,6346.5,1240.621640773511,4818.0,7349.0,2531.0,0.7576,0.11350790476633948,0.662,0.909,0.247,152.24999682812506
17.2,45,7308,0.669,1,44.730000000000004,30.18634901187401,17.2,100.0,82.8,59.7,18.196764059090906,45.0,94.0,49.0,6595.5,1146.0288196880394,4818.0,7349.0,2531.0,0.7351,0.10548243666338206,0.662,0.909,0.247,162.3999963911112
29.2,50,4783,0.799,0,43.55,30.576470619670214,17.2,100.0,82.8,59.6,18.252549289224117,45.0,94.0,49.0,6576.7,1176.768649971421,4783.0,7349.0,2566.0,0.7469,0.1053580667164227,0.662,0.909,0.247,95.65999808680004
11.6,51,4789,0.862,0,34.71,24.64645342978715,11.6,100.0,88.4,55.5,14.354635333422992,45.0,94.0,49.0,6322.0,1266.389180132063,4783.0,7349.0,2566.0,0.7446,0.10221241498848237,0.662,0.909,0.247,93.90195894309885
100.0,70,7336,0.776,2,41.94,31.899049097635086,11.6,100.0,88.4,57.1,15.044009512833421,45.0,94.0,49.0,6326.1,1269.9506945809628,4783.0,7349.0,2566.0,0.7541,0.10003604905788244,0.662,0.909,0.247,104.79999850285716
100.0,82,7377,0.834,2,48.69,36.49074311840379,11.6,100.0,88.4,60.2,16.745148551147594,45.0,94.0,49.0,6335.7,1278.3065229696163,4783.0,7377.0,2594.0,0.771,0.09755568210571361,0.662,0.909,0.247,89.96341353703154
30.8,54,4789,0.926,0,41.769999999999996,31.959420450871065,11.6,100.0,88.4,56.2,11.830281296552329,45.0,82.0,37.0,6079.7,1308.805736370206,4783.0,7377.0,2594.0,0.7769,0.10546979557094872,0.662,0.926,0.264,88.68518354286698
24.9,52,7349,0.969,1,40.879999999999995,32.32782770995361,11.6,100.0,88.4,55.1,11.637582795981887,45.0,82.0,37.0,6312.5,1306.6101390834065,4783.0,7377.0,2594.0,0.7829,0.1150878408482453,0.662,0.969,0.30699999999999994,141.3269203590977
38.5,62,4783,0.935,0,41.69,32.13697939204064,11.6,100.0,88.4,56.5,11.530153704285329,45.0,82.0,37.0,6064.0,1340.5611594486184,4783.0,7377.0,2594.0,0.8098000000000001,0.11616061677216076,0.662,0.969,0.30699999999999994,77.1451600460458
89.6,81,4812,0.91,0,46.3,35.55065243970762,11.6,100.0,88.4,59.5,13.648361725048835,45.0,82.0,37.0,6063.4,1341.1819994152759,4783.0,7377.0,2594.0,0.8346,0.10722997093474639,0.666,0.969,0.30299999999999994,59.407406673982635
9.8,47,4789,0.682,0,45.160000000000004,36.611904560614654,9.8,100.0,90.2,59.4,13.745302227791631,45.0,82.0,37.0,5811.5,1317.8034122483268,4783.0,7377.0,2594.0,0.8362,0.1045198545731857,0.669,0.969,0.29999999999999993,101.89361485332735
25.2,62,5002,0.904,1,45.96,36.01562006808836,9.8,100.0,90.2,61.1,12.784104713797271,47.0,82.0,35.0,5580.9,1225.3555901134257,4783.0,7377.0,2594.0,0.8597000000000001,0.08783703344514952,0.682,0.969,0.2869999999999999,80.67741805359003
22.8,64,4990,0.904,0,45.32000000000001,36.401336971783515,9.8,100.0,90.2,62.5,12.186057606953952,47.0,82.0,35.0,5601.6,1212.0552059300853,4783.0,7377.0,2594.0,0.8702,0.08603203537700928,0.682,0.969,0.2869999999999999,77.9687487817383
26.8,52,4996,0.696,1,46.839999999999996,35.13207461375811,9.8,100.0,90.2,62.6,12.084884957848987,47.0,82.0,35.0,5622.3,1198.325132099891,4783.0,7377.0,2594.0,0.8535999999999999,0.1022721858571522,0.682,0.969,0.2869999999999999,96.07692122928998
11.8,52,4807,0.751,0,38.019999999999996,31.14884695565257,9.8,100.0,90.2,60.8,12.200182148002739,47.0,82.0,35.0,5369.4,1054.7359016465782,4783.0,7377.0,2594.0,0.8511,0.1046575898399681,0.682,0.969,0.2869999999999999,92.44230591457105
40.1,55,7336,0.769,1,32.03,22.45059019268757,9.8,89.6,79.8,58.1,9.723396754449789,47.0,81.0,34.0,5365.3,1046.1091986764832,4783.0,7349.0,2566.0,0.8446,0.10780867827364826,0.682,0.969,0.2869999999999999,133.38181575669427
14.8,51,4783,0.695,0,30.43,23.1084905031318,9.8,89.6,79.8,57.8,9.908470001860936,47.0,81.0,34.0,5364.7,1046.4781199602567,4783.0,7349.0,2566.0,0.8215,0.11304989065796431,0.682,0.969,0.2869999999999999,93.78431188658213
57.8,56,7308,0.71,1,33.72,24.531874956653606,9.8,89.6,79.8,58.2,9.727395449051226,47.0,81.0,34.0,5360.6,1037.8850503681879,4783.0,7336.0,2553.0,0.7956,0.10487579955992356,0.682,0.935,0.253,130.4999976696429
14.8,49,5073,0.664,1,31.35,25.155659844699393,9.8,89.6,79.8,56.9,10.027185270276236,47.0,81.0,34.0,5389.6,1023.9102825280469,4783.0,7336.0,2553.0,0.7685000000000001,0.09973993962077328,0.664,0.91,0.246,103.53061013202837
28.1,49,4818,0.663,0,25.199999999999996,14.661135320598055,9.8,57.8,48.0,53.7,5.618422079789567,47.0,64.0,17.0,5390.2,1023.5358974326848,4783.0,7336.0,2553.0,0.7438,0.09100647107638958,0.663,0.904,0.241,98.32652860558106
58.0,57,5009,0.822,0,30.02,16.802433686159187,11.8,58.0,46.2,54.7,5.1650535116083764,49.0,64.0,15.0,5412.2,1011.4710738984736,4783.0,7336.0,2553.0,0.7577999999999999,0.09121135406905798,0.663,0.904,0.241,87.87719144075103
100.0,92,7322,0.907,2,37.5,27.599033799513098,11.8,100.0,88.2,57.7,12.858633070604537,49.0,92.0,43.0,5644.2,1161.8230693373428,4783.0,7336.0,2553.0,0.7581,0.09174899333386567,0.663,0.907,0.244,79.58695565666353
58.5,72,5028,0.728,0,41.07,27.794525839932337,11.8,100.0,88.2,58.5,13.52569571018233,49.0,92.0,43.0,5648.0,1159.5054501333266,4783.0,7336.0,2553.0,0.7405,0.0762178894136188,0.663,0.907,0.244,69.83333236342594
100.0,68,7308,0.758,2,48.39,32.80601062813541,11.8,100.0,88.2,60.1,13.61739084161623,49.0,92.0,43.0,5879.2,1242.5796464524028,4783.0,7336.0,2553.0,0.7467,0.07470244678426208,0.663,0.907,0.244,107.47058665484431
38.1,51,4789,0.965,0,51.019999999999996,30.52138776515759,14.8,100.0,85.2,60.0,13.686976778431882,49.0,92.0,43.0,5877.4,1244.317233577426,4783.0,7336.0,2553.0,0.7681,0.10180640669645685,0.663,0.965,0.30199999999999994,93.90195894309885
12.1,49,4990,0.666,0,48.22,32.831414495537324,12.1,100.0,87.9,59.4,14.05702671264447,49.0,92.0,43.0,5642.8,1156.8406017156285,4783.0,7322.0,2539.0,0.7577999999999999,0.10679346630035184,0.663,0.965,0.30199999999999994,101.83673261557689
29.9,55,4789,0.743,0,49.730000000000004,31.441375782734312,12.1,100.0,87.9,59.8,13.846780612594884,49.0,92.0,43.0,5643.4,1156.3465647364449,4789.0,7322.0,2533.0,0.7626,0.10471569976740694,0.663,0.965,0.30199999999999994,87.0727256895868
45.8,59,4996,0.927,0,48.53,31.327944572076724,12.1,100.0,87.9,60.1,13.787675656179333,49.0,92.0,43.0,5412.2,1008.1851461358112,4789.0,7322.0,2533.0,0.7843000000000001,0.11462019407106584,0.663,0.965,0.30199999999999994,84.67796466647518
100.0,66,7322,0.747,2,57.05,32.69132572683125,12.1,100.0,87.9,61.8,13.306639946532966,49.0,92.0,43.0,5637.1,1163.0618068987849,4789.0,7322.0,2533.0,0.7926,0.10773960377791503,0.663,0.965,0.30199999999999994,110.93939225849407
45.5,67,7268,0.999,1,58.79,31.417491589523483,12.1,100.0,87.9,63.6,12.580408048496155,49.0,92.0,43.0,5882.1,1227.6026727822903,4789.0,7322.0,2533.0,0.8262,0.11498096460815627,0.666,0.999,0.33299999999999996,108.4776103212297
47.1,67,4818,0.999,0,57.7,31.636266109219246,12.1,100.0,87.9,64.6,12.39354670786374,49.0,92.0,43.0,5863.0,1244.0718092886227,4789.0,7322.0,2533.0,0.8439,0.12723333769976353,0.666,0.999,0.33299999999999996,71.91044668790379
14.9,52,4789,0.774,0,49.190000000000005,30.415692221834004,12.1,100.0,87.9,60.6,8.36925590745346,49.0,72.0,23.0,5609.7,1169.6446801391342,4789.0,7322.0,2533.0,0.8306000000000001,0.12685529814188495,0.666,0.999,0.33299999999999996,92.096152075074
44.1,54,7295,0.762,1,47.75,30.266455579293282,12.1,100.0,87.9,58.8,7.539525478731715,49.0,68.0,19.0,5836.4,1260.53561807846,4789.0,7322.0,2533.0,0.834,0.12422828448733612,0.666,0.999,0.33299999999999996,135.09259009087796
43.3,58,7281,0.985,1,42.08,24.066518928447735,12.1,100.0,87.9,57.8,6.81175454637058,49.0,67.0,18.0,5833.7,1257.0574149355489,4789.0,7322.0,2533.0,0.8567,0.1294287019516487,0.666,0.999,0.33299999999999996,125.5344805942331
20.3,49,5028,0.809,0,40.3,25.032467805720717,12.1,100.0,87.9,57.6,7.058485830702113,49.0,67.0,18.0,5857.6,1237.1015587520158,4789.0,7322.0,2533.0,0.8411,0.12422153150275009,0.666,0.999,0.33299999999999996,102.61224280383179
94.1,59,7281,0.79,1,48.5,28.020666975962186,14.9,100.0,85.1,58.6,6.380525927469566,49.0,67.0,18.0,6086.7,1270.2690922267882,4789.0,7322.0,2533.0,0.8535,0.11019805402597153,0.743,0.999,0.256,123.40677756937666
27.3,50,7228,0.716,1,48.239999999999995,28.223756738684603,14.9,100.0,85.1,58.1,6.871034209717733,49.0,67.0,18.0,6330.6,1226.8260947121519,4789.0,7322.0,2533.0,0.8508000000000001,0.11348793376879739,0.716,0.999,0.28300000000000003,144.55999710880008
19.3,53,5002,0.657,0,45.589999999999996,29.684580733662607,14.9,100.0,85.1,57.5,7.043515536371833,49.0,67.0,18.0,6331.2,1226.1021164650208,4789.0,7322.0,2533.0,0.8238,0.12488999604095986,0.657,0.999,0.34199999999999997,94.3773567098612
100.0,62,7295,0.719,2,45.589999999999996,29.684580733662607,14.9,100.0,85.1,57.1,6.607235091591328,49.0,67.0,18.0,6328.5,1223.7052341148187,4789.0,7295.0,2506.0,0.821,0.12709751287014878,0.657,0.999,0.34199999999999997,117.66128842481794
32.7,53,4812,0.747,1,44.309999999999995,29.963550078943136,14.9,100.0,85.1,55.7,5.696977756280597,49.0,67.0,18.0,6082.9,1260.1150256138444,4789.0,7295.0,2506.0,0.7958000000000001,0.11196507391940426,0.657,0.999,0.34199999999999997,90.79245111712356
48.3,54,7295,0.709,1,44.43,29.97836442058394,14.9,100.0,85.1,54.4,4.0879225911349515,49.0,62.0,13.0,6330.6,1226.8600572192427,4789.0,7295.0,2506.0,0.7667999999999999,0.08860624507711957,0.657,0.985,0.32799999999999996,135.09259009087796
19.7,47,7281,0.704,1,44.91,29.487415394819983,19.3,100.0,80.7,53.9,4.677368680976321,47.0,62.0,15.0,6579.8,1128.0461771478078,4812.0,7295.0,2483.0,0.7598,0.09071420322455896,0.657,0.985,0.32799999999999996,154.91489032095978
18.8,54,4789,0.751,0,42.38,30.62793931472809,18.8,100.0,81.2,53.9,4.677368680976321,47.0,62.0,15.0,6329.2,1225.6446648374267,4789.0,7295.0,2506.0,0.7586999999999999,0.09075124731312956,0.657,0.985,0.32799999999999996,88.68518354286698
20.5,55,4824,0.792,0,40.1,31.390975348550942,18.8,100.0,81.2,53.6,4.477102237434929,47.0,62.0,15.0,6083.5,1259.447078858197,4789.0,7295.0,2506.0,0.7394000000000001,0.047486138328287616,0.657,0.809,0.15200000000000002,87.7090893143802
24.2,56,4990,0.826,0,40.489999999999995,31.14087881440299,18.8,100.0,81.2,54.3,4.217687623436482,47.0,62.0,15.0,6079.7,1263.0377886490794,4789.0,7295.0,2506.0,0.7411000000000001,0.05046549976634132,0.657,0.826,0.16899999999999993,89.10714126594391
100.0,92,7336,0.885,2,41.08,32.30362208793311,18.8,100.0,81.2,57.6,12.69470580815309,47.0,92.0,45.0,6085.2,1268.9560713874662,4789.0,7336.0,2547.0,0.7506,0.06694475334184091,0.657,0.885,0.22799999999999998,79.73912956805295
16.9,55,5034,0.825,0,40.040000000000006,32.95735291419975,16.9,100.0,83.1,58.1,12.458375139283266,47.0,92.0,45.0,5865.8,1238.722980420651,4789.0,7336.0,2547.0,0.7615000000000001,0.06950979147653244,0.657,0.885,0.22799999999999998,91.52727106314053
36.8,60,4990,0.828,0,41.79,32.189385759215035,16.9,100.0,83.1,58.8,12.336035739968413,47.0,92.0,45.0,5864.6,1239.658214544996,4789.0,7336.0,2547.0,0.7786,0.061520005779510514,0.704,0.885,0.18100000000000005,83.16666528055558
42.5,50,7241,0.662,1,36.04,24.959709756147223,16.9,100.0,83.1,57.6,12.571572870744722,47.0,92.0,45.0,5859.2,1232.83384480184,4789.0,7336.0,2547.0,0.7729,0.06974628624123543,0.662,0.885,0.22299999999999998,144.81999710360006
37.9,51,5028,0.669,1,36.56,24.936550594570118,16.9,100.0,83.1,57.4,12.668420931153541,47.0,92.0,45.0,5880.8,1214.1990318266967,4789.0,7336.0,2547.0,0.7651,0.07695373790647006,0.662,0.885,0.22299999999999998,98.58823336101504
17.7,52,4818,0.699,0,33.5,25.211813809314773,16.9,100.0,83.1,57.2,12.743625857659206,47.0,92.0,45.0,5633.1,1144.2874007676357,4789.0,7336.0,2547.0,0.7641,0.07782380384204023,0.662,0.885,0.22299999999999998,92.65384437204146
42.3,54,7308,0.991,1,35.760000000000005,24.84763346656757,16.9,100.0,83.1,57.9,12.305825178887178,50.0,92.0,42.0,5635.8,1148.6313401416278,4789.0,7336.0,2547.0,0.7928,0.10227609691418553,0.662,0.991,0.32899999999999996,135.33333082716055
90.2,61,4996,0.897,0,42.9,29.293381884347575,16.9,100.0,83.1,58.6,12.258330500792795,50.0,92.0,42.0,5656.5,1133.439921458368,4818.0,7336.0,2518.0,0.8074,0.10599916142225878,0.662,0.991,0.32899999999999996,81.9016380016125
100.0,70,7295,0.722,2,50.85,33.08162464101317,16.9,100.0,83.1,60.1,12.679379585242604,50.0,92.0,42.0,5903.6,1199.2227297527156,4818.0,7336.0,2518.0,0.8004,0.10938636925036702,0.662,0.991,0.32899999999999996,104.21428422551023
20.2,48,7308,0.667,1,50.45,33.46166131228064,16.9,100.0,83.1,59.3,13.20816245946255,48.0,92.0,44.0,6135.4,1226.7200350709395,4818.0,7336.0,2518.0,0.7845,0.11657162795656725,0.662,0.991,0.32899999999999996,152.24999682812506
27.9,69,5034,0.834,0,43.24,29.079591927444017,16.9,100.0,83.1,57.0,7.760297817881896,48.0,70.0,22.0,5905.2,1191.8845768128908,4818.0,7308.0,2490.0,0.7794000000000001,0.11273883290350463,0.662,0.991,0.32899999999999996,72.95652068178956
59.9,75,7322,1.0,1,47.54,27.90751392247855,17.7,100.0,82.3,59.0,9.556847457887647,48.0,75.0,27.0,6134.0,1225.2046541065893,4818.0,7322.0,2504.0,0.7968999999999999,0.1324608537560348,0.662,1.0,0.33799999999999997,97.6266653649778
20.1,59,5002,0.939,0,45.870000000000005,29.09597337548045,17.7,100.0,82.3,58.9,9.550450832872308,48.0,75.0,27.0,6135.2,1223.9649414006026,4818.0,7322.0,2504.0,0.808,0.13980383081700926,0.662,1.0,0.33799999999999997,84.77965958000577
36.5,51,5034,0.68,1,45.27,29.23472250595173,17.7,100.0,82.3,59.0,9.45163125250523,48.0,75.0,27.0,5914.5,1201.1834210940103,4818.0,7322.0,2504.0,0.8097999999999999,0.13781694783701656,0.667,1.0,0.33299999999999996,98.70588041753176
100.0,66,7322,0.729,2,51.48,33.74320672372442,17.7,100.0,82.3,60.5,9.228578799938093,48.0,75.0,27.0,6143.9,1231.7334172259493,4818.0,7322.0,2504.0,0.8158,0.13219749535364733,0.667,1.0,0.33299999999999996,110.93939225849407
66.0,74,4996,1.0,0,56.31,31.76981271584712,20.1,100.0,79.9,62.7,9.592242235844086,48.0,75.0,27.0,6161.7,1211.564649533818,4996.0,7322.0,2326.0,0.8459,0.13683440925277282,0.667,1.0,0.33299999999999996,67.51351260116876
35.7,58,7281,1.001,1,55.65,32.15936877489982,20.1,100.0,79.9,63.1,9.267026371915524,48.0,75.0,27.0,6159.0,1208.7530765214221,4996.0,7322.0,2326.0,0.8469,0.1380438336181655,0.667,1.001,0.33399999999999985,125.5344805942331
100.0,100,7322,0.952,2,56.629999999999995,33.45252191124346,20.1,100.0,79.9,67.0,14.82490397195805,48.0,100.0,52.0,6391.6,1183.6257103587388,4996.0,7322.0,2326.0,0.8524,0.1413185526862382,0.667,1.001,0.33399999999999985,73.2199992678
27.8,56,5009,0.844,0,49.410000000000004,30.73284345235024,20.1,100.0,79.9,65.6,15.167216107263863,48.0,100.0,52.0,6163.0,1210.2157750674983,4996.0,7322.0,2326.0,0.8645999999999999,0.13388070975478195,0.667,1.001,0.33399999999999985,89.44642697417095
68.5,62,7268,0.98,1,54.239999999999995,29.398571393862,20.1,100.0,79.9,67.0,13.96026106091461,51.0,100.0,49.0,6159.0,1206.0698339832763,4996.0,7322.0,2326.0,0.8958999999999999,0.11822337614307223,0.68,1.001,0.32099999999999984,117.22580456087412
100.0,63,7349,0.705,2,61.45,31.017602529316605,20.1,100.0,79.9,66.4,13.993649353268149,51.0,100.0,49.0,6390.5,1188.182201703279,4996.0,7349.0,2353.0,0.883,0.13196716763397262,0.68,1.001,0.32099999999999984,116.65079179919378
32.1,56,4996,0.654,0,58.669999999999995,32.387516456533426,20.1,100.0,79.9,64.5,13.986104214938166,51.0,100.0,49.0,6157.9,1212.9808508152335,4996.0,7349.0,2353.0,0.8484,0.1427968253615363,0.654,1.001,0.34699999999999986,89.2142841211735
11.2,50,4795,0.662,0,57.78000000000001,33.66236936270399,11.2,100.0,88.8,63.6,14.653023957910914,50.0,100.0,50.0,6137.2,1236.4379662742676,4795.0,7349.0,2554.0,0.8207000000000001,0.1499563269755558,0.654,1.001,0.34699999999999986,95.89999808200004
20.9,58,4818,0.869,0,56.220000000000006,35.08933994502859,11.2,100.0,88.8,64.3,14.142528455375691,50.0,100.0,50.0,6115.6,1259.522943198911,4795.0,7349.0,2554.0,0.8395999999999999,0.14194928671888343,0.654,1.001,0.34699999999999986,83.06896408501787
26.3,51,4818,0.798,0,48.85,32.51786688370976,11.2,100.0,88.8,62.8,14.725639016506028,50.0,100.0,50.0,5865.2,1241.815230485866,4795.0,7349.0,2554.0,0.8465,0.13758573084928935,0.654,1.001,0.34699999999999986,94.47058638292968
100.0,62,7281,0.694,2,52.25,36.091404024288735,11.2,100.0,88.8,61.6,14.190763819392458,50.0,100.0,50.0,6093.7,1273.9180202125349,4795.0,7349.0,2554.0,0.8158999999999998,0.13362422435072596,0.654,1.001,0.34699999999999986,117.43548197684707
31.6,50,4812,0.881,0,51.839999999999996,36.322848640123674,11.2,100.0,88.8,60.8,14.634813896246788,50.0,100.0,50.0,5846.8,1257.3906667734125,4795.0,7349.0,2554.0,0.8039,0.11983085301095528,0.654,0.98,0.32599999999999996,96.23999807520005
24.3,52,5041,0.692,1,44.269999999999996,32.897418000674634,11.2,100.0,88.8,56.0,5.142416206847245,50.0,63.0,13.0,5618.7,1163.4280811463993,4795.0,7349.0,2554.0,0.7779,0.11208275712367326,0.654,0.98,0.32599999999999996,96.94230582803259
30.4,47,7308,0.667,1,44.529999999999994,32.762785460200284,11.2,100.0,88.8,55.1,5.8774522069043895,47.0,63.0,16.0,5848.6,1253.2422129997226,4795.0,7349.0,2554.0,0.7602,0.11443561994025733,0.654,0.98,0.32599999999999996,155.48935839384345
23.2,61,5002,0.999,0,40.0,32.20731455913565,11.2,100.0,88.8,55.0,5.754225500544097,47.0,63.0,16.0,5622.0,1170.1901080118914,4795.0,7349.0,2554.0,0.7621,0.1185734184189503,0.654,0.999,0.345,81.99999865573773
100.0,68,7336,0.768,2,40.0,32.20731455913565,11.2,100.0,88.8,55.5,6.6708320320632275,47.0,68.0,21.0,5620.7,1168.063644574974,4795.0,7336.0,2541.0,0.7684,0.1168638333940636,0.654,0.999,0.345,107.88235135467131
39.2,54,4801,0.859,0,40.71,32.09186293543375,11.2,100.0,88.8,55.3,6.684143758012586,47.0,68.0,21.0,5601.2,1181.2051096702485,4795.0,7336.0,2541.0,0.7889,0.1124637719445683,0.662,0.999,0.33699999999999997,88.90740576097397
19.5,49,7295,0.694,1,41.540000000000006,31.342417122983846,19.5,100.0,80.5,55.2,6.779052703406015,47.0,68.0,21.0,5851.2,1253.9364506314582,4801.0,7336.0,2535.0,0.7921,0.10884897794651022,0.667,0.999,0.33199999999999996,148.87754798209087
22.5,64,5002,0.872,0,41.7,31.229224204972567,19.5,100.0,80.5,55.8,7.299923896102594,47.0,68.0,21.0,5869.6,1238.3439838034583,4801.0,7336.0,2535.0,0.7924,0.1090883434041719,0.667,0.999,0.33199999999999996,78.15624877880862
35.6,58,5002,0.746,0,42.63,30.855903451005574,19.5,100.0,80.5,56.5,7.121953539740549,47.0,68.0,21.0,5888.0,1222.2449290820007,4801.0,7336.0,2535.0,0.7872,0.11002706737687518,0.667,0.999,0.33199999999999996,86.24137782342453
21.9,57,4996,0.702,0,34.82,23.798309930655897,19.5,100.0,80.5,56.0,6.863753427324722,47.0,68.0,21.0,5659.5,1143.9714691469437,4801.0,7336.0,2535.0,0.788,0.10930080817023513,0.667,0.999,0.33199999999999996,87.64912126931367
33.0,54,4812,0.751,0,34.96,23.78137459815511,19.5,100.0,80.5,56.4,6.586180818788572,47.0,68.0,21.0,5659.5,1143.9714691469437,4801.0,7336.0,2535.0,0.775,0.10464224768228121,0.667,0.999,0.33199999999999996,89.11110946090538
37.2,48,7254,0.688,1,36.25,23.486934902432683,19.5,100.0,80.5,56.0,6.992058987801065,47.0,68.0,21.0,5880.8,1222.392353815527,4801.0,7336.0,2535.0,0.7746,0.10500179892638824,0.667,0.999,0.33199999999999996,151.12499685156257
66.1,77,7295,0.989,1,39.82000000000001,25.153033835128333,19.5,100.0,80.5,59.0,8.881941729649508,48.0,77.0,29.0,5879.5,1220.7116549146413,4801.0,7336.0,2535.0,0.8068,0.11702307464769438,0.688,0.999,0.31100000000000005,94.74025850986678
27.0,69,4996,0.889,0,40.2,24.90149482349291,19.5,100.0,80.5,59.8,9.42573309851519,48.0,77.0,29.0,5878.9,1221.1922635049907,4801.0,7336.0,2535.0,0.7958,0.10102562931146551,0.688,0.989,0.30100000000000005,72.40579605208991
35.8,50,7295,0.662,1,33.779999999999994,13.382891233876832,19.5,66.1,46.599999999999994,58.0,9.404490653110619,48.0,77.0,29.0,5874.8,1215.813655312541,4801.0,7295.0,2494.0,0.7851999999999999,0.10947429936849148,0.662,0.989,0.32699999999999996,145.89999708200006
34.1,58,4990,0.761,0,33.269999999999996,13.249909852942798,19.5,66.1,46.599999999999994,58.4,9.299940262651658,48.0,77.0,29.0,5893.7,1198.613926351785,4812.0,7295.0,2483.0,0.7754,0.10647921028173578,0.662,0.989,0.32699999999999996,86.03448127526757
27.3,61,4818,0.846,0,34.05,12.560896110991072,21.9,66.1,44.199999999999996,59.6,8.707595662536392,48.0,77.0,29.0,5646.0,1130.8803846757792,4812.0,7295.0,2483.0,0.7906,0.10439689224833744,0.662,0.989,0.32699999999999996,78.98360526256386
12.5,52,5002,0.777,0,33.05,13.908370780856298,12.5,66.1,53.599999999999994,58.4,8.859395514869478,48.0,77.0,29.0,5646.0,1130.8803846757792,4812.0,7295.0,2483.0,0.7811,0.10041298056858257,0.662,0.989,0.32699999999999996,96.19230584245567
38.0,58,5002,0.743,0,33.290000000000006,13.977795884107667,12.5,66.1,53.599999999999994,58.4,8.859395514869478,48.0,77.0,29.0,5646.0,1130.8803846757792,4812.0,7295.0,2483.0,0.7807999999999999,0.1005339080443337,0.662,0.989,0.32699999999999996,86.24137782342453
33.5,51,7281,0.977,1,34.45,13.39678651352213,12.5,66.1,53.599999999999994,57.8,9.16272642588199,48.0,77.0,29.0,5874.5,1212.8303215573424,4812.0,7295.0,2483.0,0.8083,0.1133755313597734,0.662,0.989,0.32699999999999996,142.76470308304505
19.3,58,5021,0.857,0,33.08,14.235776527233517,12.5,66.1,53.599999999999994,58.2,9.065195959149383,48.0,77.0,29.0,5895.4,1194.1433191483611,4818.0,7295.0,2477.0,0.8189,0.1123738304845822,0.662,0.989,0.32699999999999996,86.56896402467304
100.0,70,7336,0.782,2,39.36,25.583944618104184,12.5,100.0,87.5,60.4,8.983936281558954,50.0,77.0,27.0,5903.6,1204.7436979614276,4818.0,7336.0,2518.0,0.8283000000000001,0.10381291934158314,0.662,0.989,0.32699999999999996,104.79999850285716
22.6,59,5060,0.959,1,35.01,24.19248965186417,12.5,100.0,87.5,58.6,6.834552736727662,50.0,70.0,20.0,5680.1,1122.4383625739865,4818.0,7336.0,2518.0,0.8253,0.09897367775771856,0.662,0.977,0.31499999999999995,85.76271041080152
27.1,58,4795,0.922,0,35.02,24.188831215161162,12.5,100.0,87.5,57.5,5.778311941119959,50.0,70.0,20.0,5660.0,1137.7453337388108,4795.0,7336.0,2541.0,0.8286,0.10184214364506497,0.662,0.977,0.31499999999999995,82.67241236771703
17.3,47,7295,0.669,1,33.17,24.821722117711502,12.5,100.0,87.5,57.2,6.268084945889737,47.0,70.0,23.0,5660.0,1137.7453337388108,4795.0,7336.0,2541.0,0.8293000000000001,0.10058611567540766,0.669,0.977,0.30799999999999994,155.2127626550476
100.0,69,7308,0.769,2,39.760000000000005,32.6192921784367,12.5,100.0,87.5,58.3,7.303728119559555,47.0,70.0,23.0,5891.8,1219.283560128651,4795.0,7336.0,2541.0,0.8301000000000001,0.1000127214130496,0.669,0.977,0.30799999999999994,105.91304194328926
97.3,73,7295,0.959,1,46.76,36.88083513154223,12.5,100.0,87.5,59.5,8.657045942147054,47.0,73.0,26.0,6139.5,1228.4698024597747,4795.0,7336.0,2541.0,0.8413999999999999,0.10806808553458751,0.669,0.977,0.30799999999999994,99.93150548039034
30.3,46,7281,0.667,1,48.54,35.44520654004807,17.3,100.0,82.7,58.9,9.409805760186808,46.0,73.0,27.0,6367.4,1205.1728506732993,4795.0,7336.0,2541.0,0.8304,0.12026193634451905,0.667,0.977,0.30999999999999994,158.28260525472598
46.2,52,5021,0.714,1,49.36,35.26868929297549,17.3,100.0,82.7,58.3,9.661492868312068,46.0,73.0,27.0,6369.3,1202.7936970976298,4795.0,7336.0,2541.0,0.8275,0.12292386984543564,0.667,0.977,0.30999999999999994,96.55769045081365
17.3,51,4789,0.731,0,47.739999999999995,36.43103682911652,17.3,100.0,82.7,58.3,9.661492868312068,46.0,73.0,27.0,6120.1,1250.135943718834,4789.0,7336.0,2547.0,0.8029,0.11397022028192698,0.667,0.959,0.2919999999999999,93.90195894309885
11.2,52,4703,1.018,0,46.92999999999999,37.215231350140016,11.2,100.0,88.8,57.7,9.866328823044823,46.0,73.0,27.0,6088.3,1284.7653525492942,4703.0,7336.0,2633.0,0.819,0.1323513841593231,0.667,1.018,0.351,90.44230595303259
24.6,55,4818,0.829,0,39.39,32.6231836446278,11.2,100.0,88.8,56.2,8.879439421745342,46.0,73.0,27.0,5836.5,1259.5622034835917,4703.0,7308.0,2605.0,0.8237,0.1317245020656532,0.667,1.018,0.351,87.59999840727276
13.2,51,4996,0.819,0,38.45,33.289345976686825,11.2,100.0,88.8,55.4,8.959166627910633,46.0,73.0,27.0,5830.1,1264.1005102443382,4703.0,7308.0,2605.0,0.8097,0.12289024009705149,0.667,1.018,0.351,97.96078239292584
23.7,56,5028,0.918,1,38.11,33.43519270336438,11.2,100.0,88.8,55.2,8.916900308465497,46.0,73.0,27.0,5853.4,1244.9031376867113,4703.0,7308.0,2605.0,0.8093,0.12248995423661786,0.667,1.018,0.351,89.78571268239799
55.7,71,4909,0.926,1,41.95,32.981653149053095,11.2,100.0,88.8,57.6,9.66321777555377,46.0,73.0,27.0,5614.8,1163.9222769011074,4703.0,7308.0,2605.0,0.835,0.1166018867771865,0.667,1.018,0.351,69.14084409660784
48.0,52,7322,0.724,1,36.75,26.218112907767487,11.2,97.3,86.1,55.9,8.90006242175368,46.0,73.0,27.0,5616.2,1166.1914079601133,4703.0,7322.0,2619.0,0.8305,0.12024350294298576,0.667,1.018,0.351,140.80768959985213
58.0,55,7322,0.664,1,32.82000000000001,17.692798283796456,11.2,58.0,46.8,54.1,6.573515886579434,46.0,71.0,25.0,5618.9,1170.5332545468289,4703.0,7322.0,2619.0,0.8009999999999999,0.12139650370217003,0.664,1.018,0.354,133.12727030677692
37.2,65,7295,0.986,1,33.510000000000005,17.71812944729524,11.2,58.0,46.8,56.0,6.716480559870022,51.0,71.0,20.0,5620.3,1172.7483437540081,4703.0,7322.0,2619.0,0.8328999999999999,0.12415353398111478,0.664,1.018,0.354,112.23076750414204
100.0,83,7336,0.874,2,38.89,27.478939410230353,11.2,100.0,88.8,59.1,10.660935960578506,51.0,83.0,32.0,5851.8,1266.0784423653295,4703.0,7336.0,2633.0,0.8489000000000001,0.11724565853132578,0.664,1.018,0.354,88.38554110378867
100.0,70,7349,0.792,2,47.160000000000004,32.28381775578732,11.2,100.0,88.8,61.0,10.749676997731404,51.0,83.0,32.0,6107.8,1285.9624843326935,4703.0,7349.0,2646.0,0.8550000000000001,0.1118947918557617,0.664,1.018,0.354,104.9857127859184
19.4,51,4818,0.676,0,47.980000000000004,31.359875283198715,13.2,100.0,86.8,60.9,10.846914563854353,51.0,83.0,32.0,6119.3,1272.4470781398609,4818.0,7349.0,2531.0,0.8208,0.10876049119254787,0.664,0.986,0.32199999999999995,94.47058638292968
57.0,56,5034,0.664,1,51.220000000000006,30.332849812996102,13.2,100.0,86.8,61.0,10.790942704159102,51.0,83.0,32.0,6140.9,1249.5298182383121,4818.0,7349.0,2531.0,0.8042999999999999,0.11937620272808828,0.664,0.986,0.32199999999999995,89.89285553762758
20.9,52,5002,0.659,0,51.989999999999995,29.342023334005674,19.4,100.0,80.6,61.1,10.692157042534603,51.0,83.0,32.0,6141.5,1248.9202670039974,4818.0,7349.0,2531.0,0.7883,0.1276244925988385,0.659,0.986,0.32699999999999996,96.19230584245567
20.0,51,4766,0.74,0,51.620000000000005,29.758763415168982,19.4,100.0,80.6,60.6,11.067469850371811,51.0,83.0,32.0,6115.3,1277.3005432464906,4766.0,7349.0,2583.0,0.7705,0.1196915016012225,0.659,0.986,0.32699999999999996,93.45097855978474
100.0,97,7308,0.806,2,56.05,33.49624357048613,19.4,100.0,80.6,63.2,15.817009128712597,51.0,97.0,46.0,6355.2,1250.5698079053614,4766.0,7349.0,2583.0,0.7585,0.10779326921885612,0.659,0.986,0.32699999999999996,75.34020540886387
22.5,55,5002,0.816,0,53.5,35.10897321198671,19.4,100.0,80.6,63.5,15.608046357924202,51.0,97.0,46.0,6123.2,1266.3829331341037,4766.0,7349.0,2583.0,0.7677,0.10844563410094225,0.659,0.986,0.32699999999999996,90.94545289190086
100.0,87,7322,0.887,2,57.7,38.09251895057611,19.4,100.0,80.6,66.7,16.89871790008538,51.0,97.0,46.0,6123.2,1266.3829331341037,4766.0,7349.0,2583.0,0.7899999999999999,0.10767750203475336,0.659,0.986,0.32699999999999996,84.16091857286301
29.8,49,7281,0.663,1,56.96,38.60345983342829,19.4,100.0,80.6,65.1,17.810421418683802,49.0,97.0,48.0,6121.8,1264.950486514526,4766.0,7349.0,2583.0,0.7577,0.08921266726199764,0.659,0.887,0.22799999999999998,148.59183370220748
10.9,52,4789,0.752,0,48.05,37.84066742422907,10.9,100.0,89.1,62.0,17.029386365926403,49.0,97.0,48.0,5867.1,1249.633319551511,4766.0,7349.0,2583.0,0.7455,0.0793364845312527,0.659,0.887,0.22799999999999998,92.096152075074
30.5,51,4789,0.863,0,41.1,33.3556925010143,10.9,100.0,89.1,60.1,17.097433205666356,49.0,97.0,48.0,5611.1,1172.1377857952016,4766.0,7322.0,2556.0,0.7526,0.08678735186906186,0.659,0.887,0.22799999999999998,93.90195894309885
17.0,51,4807,0.804,0,40.86,33.537315866890054,10.9,100.0,89.1,60.1,17.097433205666356,49.0,97.0,48.0,5610.0,1172.969640603612,4766.0,7322.0,2556.0,0.7654000000000001,0.08361578798289172,0.659,0.887,0.22799999999999998,94.25490011264903
9.6,48,4783,0.689,0,36.12,34.34267833986679,9.6,100.0,90.4,59.3,17.493173271625466,48.0,97.0,49.0,5584.9,1189.2375194963226,4766.0,7322.0,2556.0,0.7679,0.08056529443045912,0.659,0.887,0.22799999999999998,99.64583125737852
16.8,53,7241,0.934,1,35.709999999999994,34.5683043649333,9.6,100.0,90.4,59.4,17.449609992457976,48.0,97.0,49.0,5808.8,1274.979546676902,4766.0,7322.0,2556.0,0.7954,0.08601317728503309,0.663,0.934,0.271,136.62263893164834
100.0,64,7268,0.754,2,43.71,39.44209398317713,9.6,100.0,90.4,60.7,17.23723360119664,48.0,97.0,49.0,6059.0,1292.9719426362058,4783.0,7322.0,2539.0,0.7968,0.08512056808498739,0.663,0.934,0.271,113.56249822558597
13.4,50,4996,0.664,0,35.05,34.96233687841817,9.6,100.0,90.4,56.0,11.785113019775833,48.0,87.0,39.0,5827.8,1250.8406773046654,4783.0,7322.0,2539.0,0.7826,0.09471853039400412,0.663,0.934,0.271,99.91999800160005
37.9,48,7281,0.666,1,36.59,34.68619482028997,9.6,100.0,90.4,55.3,12.055888372262142,48.0,87.0,39.0,6055.7,1290.6450626635417,4783.0,7322.0,2539.0,0.7676000000000001,0.10053987600284063,0.663,0.934,0.271,151.68749683984382
10.4,57,5009,0.977,0,27.629999999999995,27.26507941590405,9.6,100.0,90.4,52.3,4.900113377373293,48.0,64.0,16.0,5824.4,1244.9431223063052,4783.0,7281.0,2498.0,0.7766,0.1153527921927621,0.663,0.977,0.31399999999999995,87.87719144075103
57.6,54,4996,0.657,0,30.409999999999997,28.88034510412458,9.6,100.0,90.4,52.8,4.7795862210494695,48.0,64.0,16.0,5595.9,1154.2862585453647,4783.0,7281.0,2498.0,0.776,0.11602298622830401,0.657,0.977,0.31999999999999995,92.51851680521266
11.2,54,5028,0.872,0,30.439999999999998,28.857974056864524,9.6,100.0,90.4,53.0,4.784233364802595,48.0,64.0,16.0,5619.8,1138.0832619413666,4783.0,7281.0,2498.0,0.788,0.1194208245379892,0.657,0.977,0.31999999999999995,93.11110938683132
12.9,51,4795,0.866,0,28.68,29.38577887346189,9.6,100.0,90.4,53.0,4.784233364802595,48.0,64.0,16.0,5620.4,1137.5980739161648,4783.0,7281.0,2498.0,0.7883,0.11963374663251673,0.657,0.977,0.31999999999999995,94.01960599961558
32.0,54,4807,0.745,0,30.18,29.10482205179523,9.6,100.0,90.4,53.3,4.738729318663072,48.0,64.0,16.0,5620.4,1137.5980739161648,4783.0,7281.0,2498.0,0.7824,0.12022682266819153,0.657,0.977,0.31999999999999995,89.01851687002747
30.2,49,7308,0.718,1,32.239999999999995,28.201347485536918,10.4,100.0,89.6,53.4,4.62361090250674,48.0,64.0,16.0,5872.9,1209.0564227253121,4795.0,7308.0,2513.0,0.7853,0.11805370717507205,0.657,0.977,0.31999999999999995,149.14285409912543
28.4,65,4996,0.755,0,33.39999999999999,27.73032836284328,10.4,100.0,89.6,54.6,5.891613625409624,48.0,65.0,17.0,5648.4,1132.8239247316571,4795.0,7308.0,2513.0,0.7674000000000001,0.10595198073760645,0.657,0.977,0.31999999999999995,76.86153727905328
21.4,56,5015,0.991,1,25.54,14.949485312582173,10.4,57.6,47.2,53.8,4.939635614091523,48.0,65.0,17.0,5423.1,989.9551561111733,4795.0,7308.0,2513.0,0.7910999999999999,0.1270314484247454,0.657,0.991,0.33399999999999996,89.55356982940054
14.4,51,4807,0.901,0,25.639999999999997,14.862346158441214,10.4,57.6,47.2,53.9,4.863697724525743,48.0,65.0,17.0,5404.2,1000.7604664009751,4795.0,7308.0,2513.0,0.8148,0.12271901057112293,0.657,0.991,0.33399999999999996,94.25490011264903
25.0,66,4952,0.909,0,24.35,14.226208208795446,10.4,57.6,47.2,55.7,5.696977756280657,49.0,66.0,17.0,5171.3,756.7016218063932,4795.0,7308.0,2513.0,0.8391,0.1137086432755019,0.657,0.991,0.33399999999999996,75.03030189348027
65.7,67,5021,0.823,0,29.880000000000003,18.351130755351267,11.2,65.7,54.5,56.7,6.733828364641121,49.0,67.0,18.0,5172.5,756.4251082852985,4795.0,7308.0,2513.0,0.8237,0.1028689025464495,0.657,0.991,0.33399999999999996,74.94029738895078
36.0,61,4824,0.928,0,27.72,15.822894804680942,11.2,65.7,54.5,57.4,6.785605679999774,49.0,67.0,18.0,5155.3,762.8129303221383,4795.0,7308.0,2513.0,0.8507999999999999,0.08880915868685187,0.718,0.991,0.273,79.08196591668909
46.0,53,4789,0.662,0,31.2,15.611320678704047,12.9,65.7,52.800000000000004,57.3,6.848357467305629,49.0,67.0,18.0,5131.4,770.9453360070943,4789.0,7308.0,2519.0,0.8298,0.10633782644634569,0.662,0.991,0.32899999999999996,90.3584888611606
18.0,51,4789,0.81,0,31.71,15.019132243020321,14.4,65.7,51.300000000000004,57.3,6.848357467305629,49.0,67.0,18.0,5130.8,771.2385133306199,4789.0,7308.0,2519.0,0.8242,0.10569221562841918,0.662,0.991,0.32899999999999996,93.90195894309885
100.0,79,7295,0.8,2,38.510000000000005,26.312669107400623,14.4,100.0,85.6,59.8,9.542885657214333,49.0,79.0,30.0,5379.6,1017.2501276589785,4789.0,7308.0,2519.0,0.8297000000000001,0.10249558256063648,0.662,0.991,0.32899999999999996,92.34177098301556
30.1,50,4789,0.805,0,38.5,26.316196955909525,14.4,100.0,85.6,59.9,9.421606374003693,50.0,79.0,29.0,5127.7,768.0224316747106,4789.0,7295.0,2506.0,0.8384,0.09540812916681105,0.662,0.991,0.32899999999999996,95.77999808440005
30.5,54,4990,0.734,0,38.71,26.23489830147791,14.4,100.0,85.6,58.8,9.402127418834555,50.0,79.0,29.0,5127.1,768.1390860746089,4789.0,7295.0,2506.0,0.8362999999999999,0.09765250181695759,0.662,0.991,0.32899999999999996,92.40740569615916
49.3,57,4795,0.814,0,41.5,25.666883115970442,14.4,100.0,85.6,58.9,9.374314789774147,50.0,79.0,29.0,5105.1,774.8277873179171,4789.0,7295.0,2506.0,0.8186,0.08114212496875012,0.662,0.928,0.266,84.12280554170518
100.0,70,7214,0.759,2,50.06,29.597680089268255,18.0,100.0,82.0,60.8,9.519570485175391,50.0,79.0,29.0,5345.8,1010.0854529306948,4789.0,7295.0,2506.0,0.8044,0.07746138823095353,0.662,0.928,0.266,103.05714138489799
11.3,49,4789,0.858,0,48.69,31.16224389296195,11.3,100.0,88.7,59.1,9.993887020462973,49.0,79.0,30.0,5329.5,1018.4271369780549,4789.0,7295.0,2506.0,0.7993,0.07123833237801012,0.662,0.928,0.266,97.73469188296548
22.7,53,4996,0.804,0,44.39,31.518969596807008,11.3,100.0,88.7,57.7,9.741663102366081,49.0,79.0,30.0,5327.0,1019.2988875801869,4789.0,7295.0,2506.0,0.7974,0.07078794624322124,0.662,0.928,0.266,94.26414916482737
22.4,48,7322,0.736,1,43.03,32.20710929110045,11.3,100.0,88.7,56.4,10.112698288126055,48.0,79.0,31.0,5576.8,1176.328922254878,4789.0,7322.0,2533.0,0.7782,0.05590229571910743,0.662,0.858,0.19599999999999995,152.54166348871536
22.9,47,7281,0.754,1,40.72,32.79348851355844,11.3,100.0,88.7,55.8,10.507140429251008,47.0,79.0,32.0,5826.0,1252.3937080646785,4789.0,7322.0,2533.0,0.7874,0.039947743643691344,0.734,0.858,0.124,154.91489032095978
26.8,64,7254,0.823,1,41.6,32.229282751353104,11.3,100.0,88.7,57.1,10.650508595054706,47.0,79.0,32.0,6072.5,1268.0957946639699,4789.0,7322.0,2533.0,0.7887000000000001,0.04096353391873031,0.734,0.858,0.124,113.34374822900394
66.1,65,7322,0.908,1,38.21,26.715182949027323,11.3,100.0,88.7,55.7,8.056053624449198,47.0,70.0,23.0,6075.2,1271.0133140311495,4789.0,7322.0,2533.0,0.7995,0.05581765949151714,0.734,0.908,0.17400000000000004,112.64615211313613
38.8,61,7308,1.007,1,39.08,26.562956662741193,11.3,100.0,88.7,56.8,7.94145242803025,47.0,70.0,23.0,6327.1,1236.9416989764204,4789.0,7322.0,2533.0,0.8196999999999999,0.0862722435085573,0.734,1.007,0.2729999999999999,119.80327672453645
100.0,92,7295,0.875,2,46.029999999999994,32.497728125721856,11.3,100.0,88.7,60.6,13.558105406811915,47.0,92.0,45.0,6557.6,1173.2156380364804,4789.0,7322.0,2533.0,0.8337999999999999,0.08213241341476044,0.736,1.007,0.2709999999999999,79.29347739898394
46.5,60,4996,0.742,0,45.75,32.47848005474805,11.3,100.0,88.7,60.9,13.50267463216908,47.0,92.0,45.0,6577.7,1140.9406499317479,4789.0,7322.0,2533.0,0.8266,0.0870685553649142,0.736,1.007,0.2709999999999999,83.26666527888892
42.3,56,7281,0.768,1,39.980000000000004,26.309221028208174,11.3,100.0,88.7,59.5,13.176156917368262,47.0,92.0,45.0,6584.4,1145.280868026127,4789.0,7322.0,2533.0,0.8275,0.08633558555620693,0.736,1.007,0.2709999999999999,130.01785482110975
11.4,48,5002,0.668,0,39.989999999999995,26.297124895656903,11.4,100.0,88.6,59.4,13.268174118711467,47.0,92.0,45.0,6605.7,1109.604839571283,4996.0,7322.0,2326.0,0.8084999999999999,0.09887393769621687,0.668,1.007,0.33899999999999986,104.20833116232644
19.4,61,4812,0.909,0,39.66,26.557618701817212,11.4,100.0,88.6,60.2,13.079245645933367,47.0,92.0,45.0,6587.3,1140.3628126365998,4812.0,7322.0,2510.0,0.819,0.10379573958287192,0.668,1.007,0.33899999999999986,78.88524460843861
39.2,58,4996,0.824,0,41.339999999999996,25.866847078408647,11.4,100.0,88.6,61.2,12.40788279907397,47.0,92.0,45.0,6354.7,1209.0064837616808,4812.0,7322.0,2510.0,0.8277999999999999,0.09962351351184237,0.668,1.007,0.33899999999999986,86.13792954934604
14.8,48,4789,0.689,0,40.53,26.624176565253205,11.4,100.0,88.6,61.3,12.284136111261555,48.0,92.0,44.0,6105.5,1252.8921430922219,4789.0,7322.0,2533.0,0.8212999999999999,0.10683325533018381,0.668,1.007,0.33899999999999986,99.77083125477435
38.6,51,7295,0.667,1,41.71,26.206252434613134,11.4,100.0,88.6,60.0,12.64911064067353,48.0,92.0,44.0,6109.6,1257.1280496963434,4789.0,7322.0,2533.0,0.8057000000000001,0.11742236205727995,0.667,1.007,0.33999999999999986,143.03921288158406
40.8,58,4777,0.904,0,39.17999999999999,24.771973410825932,11.4,100.0,88.6,59.3,12.534840334931381,48.0,92.0,44.0,5855.1,1241.9315109045947,4777.0,7308.0,2531.0,0.8053000000000001,0.11704135071750327,0.667,1.007,0.33999999999999986,82.3620675454816
100.0,61,7268,0.674,2,45.3,31.353256077585737,11.4,100.0,88.6,59.3,12.534840334931381,48.0,92.0,44.0,5851.1,1236.7858388221878,4777.0,7295.0,2518.0,0.772,0.09930648406714261,0.667,0.909,0.242,119.14753903036822
100.0,65,7322,0.75,2,45.3,31.353256077585737,11.4,100.0,88.6,56.6,5.81568759668391,48.0,65.0,17.0,5853.8,1240.3126666736507,4777.0,7322.0,2545.0,0.7595000000000001,0.09253737983467306,0.667,0.909,0.242,112.64615211313613
43.6,66,4996,0.704,0,45.010000000000005,31.35433516012313,11.4,100.0,88.6,57.2,6.477310827461989,48.0,66.0,18.0,5853.8,1240.3126666736507,4777.0,7322.0,2545.0,0.7556999999999999,0.0941028397257189,0.667,0.909,0.242,75.69696855004594
37.7,62,5002,0.851,0,44.55,31.43215798438847,11.4,100.0,88.6,57.8,6.629898608241022,48.0,66.0,18.0,5625.9,1155.4055997787034,4777.0,7322.0,2545.0,0.764,0.09884893075350383,0.667,0.909,0.242,80.67741805359003
30.5,57,4789,0.901,0,46.46,29.728071283253854,14.8,100.0,85.2,58.7,5.696977756280615,48.0,66.0,18.0,5604.6,1170.0556681913265,4777.0,7322.0,2545.0,0.7872999999999999,0.10114022169465667,0.667,0.909,0.242,84.01754238565715
100.0,88,7308,0.833,2,54.52,32.383939778160965,14.8,100.0,85.2,61.4,10.915839663331251,48.0,88.0,40.0,5854.2,1245.9546808237683,4777.0,7322.0,2545.0,0.7797,0.09354980848011679,0.667,0.904,0.237,83.04545360175621
17.7,50,4812,0.701,0,52.370000000000005,34.17806476544732,14.8,100.0,85.2,60.6,11.471704319760002,48.0,88.0,40.0,5835.8,1261.300721918093,4777.0,7322.0,2545.0,0.7674,0.09515040725083565,0.667,0.904,0.237,96.23999807520005
42.0,50,4824,0.672,0,55.089999999999996,31.85960347106244,17.7,100.0,82.3,60.8,11.24277545804417,50.0,88.0,38.0,5839.3,1258.1177342893327,4777.0,7322.0,2545.0,0.7657,0.09684357375571008,0.667,0.904,0.237,96.47999807040004
100.0,65,7295,0.759,2,61.23,34.161871208182454,17.7,100.0,82.3,62.2,10.74760955334307,50.0,88.0,38.0,5839.3,1258.117734289333,4777.0,7322.0,2545.0,0.7749,0.09059365933171581,0.672,0.904,0.23199999999999998,112.23076750414204
10.5,53,4789,0.661,0,58.2,37.36849534627325,10.5,100.0,89.5,61.7,11.07600008025361,50.0,88.0,38.0,5840.5,1256.9971492940326,4789.0,7322.0,2533.0,0.7506,0.0845027284240634,0.661,0.901,0.24,90.3584888611606
44.6,56,7281,0.744,1,52.660000000000004,34.477760948182244,10.5,100.0,89.5,61.2,11.222992272810126,50.0,88.0,38.0,5841.8,1258.6431671535079,4789.0,7322.0,2533.0,0.7575999999999999,0.0802443490568367,0.661,0.901,0.24,130.01785482110975
43.2,54,7295,0.661,1,46.980000000000004,30.229191189973978,10.5,100.0,89.5,60.1,11.347540115226167,50.0,88.0,38.0,5839.1,1255.1391644842467,4789.0,7308.0,2519.0,0.7487,0.08591604429131133,0.661,0.901,0.24,135.09259009087796
32.0,71,4842,0.996,0,45.82,30.593674001154046,10.5,100.0,89.5,60.6,11.739770961233553,50.0,88.0,38.0,5823.7,1267.5167366854641,4789.0,7308.0,2519.0,0.7779,0.11405013517455032,0.661,0.996,0.33499999999999996,68.19718213806786
46.3,53,7308,0.689,1,46.68,30.46064127142872,10.5,100.0,89.5,59.7,11.96337001944781,50.0,88.0,38.0,6054.3,1310.452852176596,4789.0,7308.0,2519.0,0.7617,0.11401856573967777,0.661,0.996,0.33499999999999996,137.88678985119265
59.3,60,7268,0.831,1,49.56,30.120469230519415,10.5,100.0,89.5,60.0,11.925695879998896,50.0,88.0,38.0,6302.2,1278.5894832457645,4789.0,7308.0,2519.0,0.7547,0.10641120450612492,0.661,0.996,0.33499999999999996,121.13333131444449
38.4,61,7295,1.001,1,43.4,24.417844112679376,10.5,100.0,89.5,57.3,6.864562784491302,50.0,71.0,21.0,6300.9,1277.4593231184415,4789.0,7308.0,2519.0,0.7715,0.13064817045961383,0.661,1.001,0.33999999999999986,119.59016197393177
29.2,53,5015,0.659,1,44.55,23.31905515524446,10.5,100.0,89.5,57.6,6.569288816573395,50.0,71.0,21.0,6321.2,1252.5403342363447,4789.0,7308.0,2519.0,0.7672999999999999,0.13380337979454898,0.659,1.001,0.34199999999999986,94.62263972410115
100.0,85,7336,0.831,2,50.35,29.10861842593473,10.5,100.0,89.5,61.1,10.322036836034096,53.0,85.0,32.0,6572.4,1167.947506430743,4789.0,7336.0,2547.0,0.7832,0.13062992680767155,0.659,1.001,0.34199999999999986,86.30588133757787
55.1,62,5021,0.99,1,45.86,23.526920750493463,10.5,100.0,89.5,60.8,10.2393576187398,53.0,85.0,32.0,6345.0,1231.281897499966,4789.0,7336.0,2547.0,0.8063,0.1454579358822025,0.659,1.001,0.34199999999999986,80.98386966155049
100.0,81,7281,0.786,2,54.81,25.51998998606561,29.2,100.0,70.8,63.6,11.606511582345108,53.0,85.0,32.0,6594.2,1129.328689482784,4842.0,7336.0,2494.0,0.8187999999999999,0.1366908921618401,0.659,1.001,0.34199999999999986,89.88888777914954
32.0,57,4996,0.865,0,53.55,26.376767976552568,29.2,100.0,70.8,63.7,11.53786038320027,53.0,85.0,32.0,6365.7,1203.646132013524,4842.0,7336.0,2494.0,0.8309,0.13467446347066284,0.659,1.001,0.34199999999999986,87.64912126931367
100.0,66,7308,0.737,2,59.23,29.79459496098058,29.2,100.0,70.8,64.9,11.02975772877879,53.0,85.0,32.0,6367.0,1204.7678430119065,4842.0,7336.0,2494.0,0.8385,0.125878468726342,0.659,1.001,0.34199999999999986,110.7272710495868
100.0,63,7295,0.739,2,66.03,30.637270330976513,29.2,100.0,70.8,64.1,10.826408042888055,53.0,85.0,32.0,6612.3,1105.3922431024764,4996.0,7336.0,2340.0,0.8128,0.11599693482540262,0.659,1.001,0.34199999999999986,115.79364895565637
51.9,57,7281,0.841,1,66.59,30.28573004641699,29.2,100.0,70.8,64.5,10.437645541234117,53.0,85.0,32.0,6609.6,1103.5355504518757,4996.0,7336.0,2340.0,0.828,0.10762899237658871,0.659,1.001,0.34199999999999986,127.73683986426597
100.0,61,7308,0.669,2,70.66,31.889503671967756,29.2,100.0,70.8,64.6,10.394442959795605,53.0,85.0,32.0,6613.6,1106.2563697242917,4996.0,7336.0,2340.0,0.8117999999999999,0.11874510516227527,0.659,1.001,0.34199999999999986,119.80327672453645
37.6,57,4996,0.802,0,70.58000000000001,31.980299491336165,29.2,100.0,70.8,64.2,10.622826575090288,53.0,85.0,32.0,6383.7,1184.9993952178515,4996.0,7336.0,2340.0,0.7919,0.09845636371284185,0.659,0.99,0.33099999999999996,87.64912126931367
56.2,58,4812,0.741,0,73.28,29.109441003831662,32.0,100.0,68.0,64.7,10.143963722332606,57.0,85.0,28.0,6363.4,1212.471873671489,4812.0,7336.0,2524.0,0.8000999999999999,0.08913092741704226,0.669,0.99,0.32099999999999995,82.96551581093938
33.8,59,4789,0.742,0,66.66,29.875117851929343,32.0,100.0,68.0,62.1,7.294594650226381,57.0,81.0,24.0,6108.7,1252.3247759445007,4789.0,7308.0,2519.0,0.7912,0.09014038433958853,0.669,0.99,0.32099999999999995,81.16949014966966
26.9,52,4996,0.816,0,63.84000000000001,32.31856019895277,26.9,100.0,73.1,61.1,7.964504588066583,52.0,81.0,29.0,6106.2,1254.7599859025715,4789.0,7308.0,2519.0,0.7738,0.058872366654954725,0.669,0.865,0.19599999999999995,96.07692122928998
18.8,51,4789,0.724,0,55.720000000000006,32.42446949793047,18.8,100.0,81.2,58.1,4.5570458267025655,51.0,66.0,15.0,5857.0,1242.92030673285,4789.0,7308.0,2519.0,0.7676000000000001,0.060681683123217214,0.669,0.865,0.19599999999999995,93.90195894309885
19.6,50,4795,0.663,0,54.480000000000004,33.646455979790815,18.8,100.0,81.2,57.4,5.23237783209302,50.0,66.0,16.0,5836.9,1259.9003884787403,4789.0,7308.0,2519.0,0.7474000000000001,0.058227904726933066,0.663,0.841,0.17799999999999994,95.89999808200004
42.1,56,4996,0.772,0,48.69,29.692327853055488,18.8,100.0,81.2,56.4,4.273952113286651,50.0,63.0,13.0,5605.7,1168.787790832872,4789.0,7308.0,2519.0,0.7508999999999999,0.05858412754321686,0.663,0.841,0.17799999999999994,89.2142841211735
21.5,55,4789,0.741,0,40.839999999999996,24.551677924103075,18.8,100.0,81.2,55.6,3.59629438913643,50.0,61.0,11.0,5355.1,1026.311892165329,4789.0,7308.0,2519.0,0.7511,0.058542387302799766,0.663,0.841,0.17799999999999994,87.0727256895868
72.5,71,4686,0.969,0,42.9,26.378989956234346,18.8,100.0,81.2,57.0,6.0736223860962575,50.0,71.0,21.0,5095.6,784.9307400443921,4686.0,7308.0,2622.0,0.7638999999999999,0.08730845701686948,0.663,0.969,0.30599999999999994,65.99999907042255
40.7,64,7295,1.042,1,36.970000000000006,17.176990423237754,18.8,72.5,53.7,57.3,6.360468186820545,50.0,71.0,21.0,5094.3,780.8596473687568,4686.0,7295.0,2609.0,0.8012,0.11691668448562395,0.663,1.042,0.379,113.98437321899418
24.6,48,4783,0.721,0,35.67,17.610479834462247,18.8,72.5,53.7,56.4,7.011102306738671,48.0,71.0,23.0,5073.0,786.7220319499926,4686.0,7295.0,2609.0,0.7931,0.11962947425743771,0.663,1.042,0.379,99.64583125737852
11.2,51,4789,0.689,0,31.170000000000005,17.530801464850416,11.2,72.5,61.3,55.7,7.180993431738223,48.0,71.0,23.0,5070.7,787.6029809209239,4686.0,7295.0,2609.0,0.7878999999999999,0.12322197675559099,0.663,1.042,0.379,93.90195894309885
33.9,58,4990,0.781,0,31.18,17.53249681147685,11.2,72.5,61.3,55.6,7.136759301905464,48.0,71.0,23.0,5090.8,782.1610803124416,4686.0,7295.0,2609.0,0.7918000000000001,0.12222092928608995,0.663,1.042,0.379,86.03448127526757
69.9,76,4789,1.0,0,35.48,21.24595647803761,11.2,72.5,61.3,58.0,9.45163125250525,48.0,76.0,28.0,5070.1,787.6684934384042,4686.0,7295.0,2609.0,0.8102,0.1389714598997452,0.663,1.042,0.379,63.013157065616355
17.6,58,5028,0.746,0,35.36,21.3537506463541,11.2,72.5,61.3,58.7,9.12931785208758,48.0,76.0,28.0,5094.0,781.7955117690257,4686.0,7295.0,2609.0,0.8124,0.1376228340227168,0.663,1.042,0.379,86.6896536777646
29.8,57,4801,0.907,0,36.38,20.752445639008467,11.2,72.5,61.3,59.4,8.643558937793598,48.0,76.0,28.0,5094.6,781.542804685403,4686.0,7295.0,2609.0,0.8368,0.12958720787347885,0.689,1.042,0.3530000000000001,84.22806869775319
100.0,74,7349,0.788,2,42.17,28.97416665468284,11.2,100.0,88.8,61.2,9.67011432771668,48.0,76.0,28.0,5329.9,1054.9470181535603,4686.0,7349.0,2663.0,0.8384,0.12879458235672886,0.689,1.042,0.3530000000000001,99.31080946877285
17.9,55,4996,0.815,0,41.81,29.280272084346056,11.2,100.0,88.8,61.2,9.67011432771668,48.0,76.0,28.0,5350.6,1045.1395653744476,4686.0,7349.0,2663.0,0.8458,0.12463529016917847,0.689,1.042,0.3530000000000001,90.83636198479343
17.9,54,4996,0.882,0,36.35000000000001,27.983536826736803,11.2,100.0,88.8,59.5,9.240610850419433,48.0,76.0,28.0,5381.6,1027.6882579632475,4783.0,7349.0,2566.0,0.8371000000000001,0.11793637644462655,0.689,1.042,0.3530000000000001,92.51851680521266
26.1,57,5034,0.827,1,34.89,28.111936966349393,11.2,100.0,88.8,58.8,9.126274644612085,48.0,76.0,28.0,5155.5,778.4459233341311,4783.0,7349.0,2566.0,0.8156000000000001,0.09349771239031486,0.689,1.0,0.31100000000000005,88.31578792428442
26.5,51,4795,0.918,0,35.08,28.040993800743493,11.2,100.0,88.8,59.1,8.774331250237218,51.0,76.0,25.0,5156.7,777.8168950480534,4789.0,7349.0,2560.0,0.8352999999999999,0.09209421504331433,0.689,1.0,0.31100000000000005,94.01960599961558
44.8,62,4830,0.824,0,38.44,26.849382364094247,17.6,100.0,82.4,60.2,8.323994767471282,51.0,76.0,25.0,5160.8,775.7686940490954,4789.0,7349.0,2560.0,0.8488,0.076908025877955,0.746,1.0,0.254,77.90322454994799
27.9,65,5028,0.821,0,37.839999999999996,27.02855280377898,17.6,100.0,82.4,60.9,8.412292592787475,51.0,76.0,25.0,5164.6,774.931710252928,4789.0,7349.0,2560.0,0.8527999999999999,0.07397416966602276,0.746,1.0,0.254,77.353844963787
27.0,51,5021,0.729,1,33.55,24.676810977109696,17.6,100.0,82.4,58.4,7.026932316294099,51.0,74.0,23.0,5187.8,765.8572248721441,4795.0,7349.0,2554.0,0.8257,0.06286148794505635,0.729,0.918,0.18900000000000006,98.45097846174552
100.0,84,7308,0.819,2,41.79,31.55723019813019,17.9,100.0,82.1,61.0,10.70825226947269,51.0,84.0,33.0,5415.8,1012.626266475216,4795.0,7349.0,2554.0,0.833,0.05649385413967912,0.729,0.918,0.18900000000000006,86.99999896428572
20.8,53,4996,0.737,0,40.89,32.06148433522347,17.9,100.0,82.1,60.6,10.946333734279373,51.0,84.0,33.0,5435.3,1001.2857345544289,4795.0,7349.0,2554.0,0.8160000000000001,0.05732364259186444,0.729,0.918,0.18900000000000006,94.26414916482737
21.5,56,4996,0.899,0,33.04,24.75929455107048,17.9,100.0,82.1,58.8,9.930872178324659,51.0,84.0,33.0,5200.0,745.3734336260778,4795.0,7308.0,2513.0,0.8271,0.06186625359057334,0.729,0.918,0.18900000000000006,89.2142841211735
24.1,49,7281,0.684,1,33.660000000000004,24.413256872263332,17.9,100.0,82.1,58.2,10.35803499168107,49.0,84.0,35.0,5428.5,986.9738542073285,4795.0,7308.0,2513.0,0.8140000000000001,0.07678396823411511,0.684,0.918,0.23399999999999999,148.59183370220748
24.5,52,4818,0.66,0,34.32,24.025995181145902,20.8,100.0,79.2,58.0,10.466878978738416,49.0,84.0,35.0,5410.7,997.1928432688665,4795.0,7308.0,2513.0,0.7918,0.08642633343553907,0.66,0.918,0.258,92.65384437204146
19.7,53,4824,0.719,0,33.68,24.352312233361182,19.7,100.0,80.3,57.6,10.58510483861379,49.0,84.0,35.0,5389.7,1008.1581721138697,4795.0,7308.0,2513.0,0.7809999999999999,0.08826727089420519,0.66,0.918,0.258,91.01886620719121
100.0,92,7295,0.869,2,41.03,31.874547491341417,19.7,100.0,80.3,61.7,14.832771524941366,49.0,92.0,43.0,5639.7,1144.9864676541365,4818.0,7308.0,2490.0,0.7760999999999999,0.08086676284687816,0.66,0.899,0.239,79.29347739898394
15.9,62,4996,0.815,0,38.14,32.791706268506395,15.9,100.0,84.1,61.7,14.832771524941366,49.0,92.0,43.0,5656.3,1133.0845854470726,4818.0,7308.0,2490.0,0.7752,0.0803226825581245,0.66,0.899,0.239,80.58064386160252
100.0,93,7281,0.861,2,45.35,37.82947851139963,15.9,100.0,84.1,64.5,17.8590157747969,49.0,93.0,44.0,5881.6,1215.2829757349125,4818.0,7308.0,2490.0,0.7792,0.08377854405779762,0.66,0.899,0.239,78.29032173881374
27.8,54,5028,0.656,0,45.43,37.7871833062776,15.9,100.0,84.1,64.8,17.630781163761423,49.0,93.0,44.0,5882.3,1214.734086127492,4818.0,7308.0,2490.0,0.7718999999999999,0.09146638726876617,0.656,0.899,0.243,93.11110938683132
24.8,61,4812,0.99,0,37.91,32.88540540861388,15.9,100.0,84.1,62.5,16.297579915776186,49.0,93.0,44.0,5632.7,1143.587440178196,4812.0,7295.0,2483.0,0.7889999999999999,0.11436782764396582,0.656,0.99,0.33399999999999996,78.88524460843861
36.8,52,7295,0.732,1,39.510000000000005,32.34523664055242,15.9,100.0,84.1,62.4,16.365274889907056,49.0,93.0,44.0,5862.6,1229.2474843487662,4812.0,7295.0,2483.0,0.7885,0.11463105067030334,0.656,0.99,0.33399999999999996,140.28845884060658
34.0,48,7308,0.667,1,40.760000000000005,31.80898545310047,15.9,100.0,84.1,61.6,16.899704139422095,48.0,93.0,45.0,6093.8,1265.0470171323889,4812.0,7308.0,2496.0,0.7653,0.11325099950503223,0.656,0.99,0.33399999999999996,152.24999682812506
15.6,61,5028,0.655,0,39.91,32.4115017307814,15.6,100.0,84.4,62.8,16.32176461048254,48.0,93.0,45.0,5868.5,1230.2655765682796,4812.0,7308.0,2496.0,0.7624,0.11590436670903366,0.655,0.99,0.33499999999999996,82.42622815694708
29.1,48,7405,0.666,1,40.37,32.20045030741032,15.6,100.0,84.4,62.4,16.66133247972683,48.0,93.0,45.0,6127.2,1256.538702591811,4812.0,7405.0,2593.0,0.7630000000000001,0.11532947970440521,0.655,0.99,0.33499999999999996,154.27083011935773
24.4,54,4996,0.781,0,40.839999999999996,31.898108616865276,15.6,100.0,84.4,62.5,16.601539419918602,48.0,93.0,45.0,6144.4,1237.7547055499776,4812.0,7405.0,2593.0,0.7692,0.11436374716957545,0.655,0.99,0.33499999999999996,92.51851680521266
14.5,48,4777,0.768,0,32.29,24.989484455133013,14.5,100.0,85.5,58.1,13.44494948546357,48.0,93.0,45.0,5892.6,1233.7927252536715,4777.0,7405.0,2628.0,0.7591,0.10890000510151984,0.655,0.99,0.33499999999999996,99.52083125998269
27.0,61,7281,1.001,1,33.4,24.420619702756685,14.5,100.0,85.5,58.0,13.416407864998755,48.0,93.0,45.0,6121.1,1260.5924929704022,4777.0,7405.0,2628.0,0.7777000000000001,0.13277554158972324,0.655,1.001,0.34599999999999986,119.3606537809729
23.5,52,4795,0.866,0,25.75,7.027920507992932,14.5,36.8,22.299999999999997,53.9,5.404730438339333,48.0,61.0,13.0,5872.5,1251.5321498955648,4777.0,7405.0,2628.0,0.7782,0.1331330161905749,0.655,1.001,0.34599999999999986,92.21153668823969
45.8,53,7295,0.704,1,27.55,9.486393765107353,14.5,45.8,31.299999999999997,53.8,5.41192099802736,48.0,61.0,13.0,6099.2,1286.398573105897,4777.0,7405.0,2628.0,0.7829999999999999,0.12904004546393033,0.655,1.001,0.34599999999999986,137.64150683695271
18.8,55,4681,0.749,0,26.95,9.86196396937924,14.5,45.8,31.299999999999997,53.2,4.825856285561089,48.0,61.0,13.0,6086.1,1301.5410908269896,4681.0,7405.0,2724.0,0.7589,0.10664630013897934,0.655,1.001,0.34599999999999986,85.10908936165292
100.0,68,7281,0.777,2,33.269999999999996,25.199605376098894,14.5,100.0,85.5,54.8,6.679986693266893,48.0,68.0,20.0,6084.7,1300.1029916467726,4681.0,7405.0,2724.0,0.7634000000000001,0.10633406478327279,0.655,1.001,0.34599999999999986,107.073527837154
100.0,67,7281,0.752,2,39.87,32.88353353546086,14.5,100.0,85.5,56.7,7.211872926716859,48.0,68.0,20.0,6082.0,1297.3052412169188,4681.0,7405.0,2724.0,0.7719,0.10103734183184128,0.655,1.001,0.34599999999999986,108.67164016908
20.6,49,5021,0.819,0,40.370000000000005,32.50938496974547,14.5,100.0,85.5,55.5,7.4124519859790645,48.0,68.0,20.0,6081.3,1297.9388831699448,4681.0,7405.0,2724.0,0.7883,0.09293970566388053,0.666,1.001,0.33499999999999985,102.4693856638901
28.4,53,4789,0.809,0,40.3,32.53708994704695,14.5,100.0,85.5,56.0,7.00793201387625,48.0,68.0,20.0,5819.7,1264.7055037087102,4681.0,7295.0,2614.0,0.8026,0.0824394727461699,0.704,1.001,0.29699999999999993,90.3584888611606
17.2,48,7391,0.668,1,39.58,33.00433641542008,14.5,100.0,85.5,55.4,7.441624673267144,48.0,68.0,20.0,6059.2,1317.0767125215848,4681.0,7391.0,2710.0,0.7913,0.09282007685122069,0.668,1.001,0.33299999999999985,153.97916345876743
100.0,61,7281,0.772,1,48.129999999999995,36.6577580086702,17.2,100.0,82.8,56.7,7.134423592694822,48.0,68.0,20.0,6309.6,1283.8300510581632,4681.0,7391.0,2710.0,0.7917,0.09271707262179606,0.668,1.001,0.33299999999999985,119.3606537809729
100.0,63,7308,0.752,2,55.42999999999999,39.165235434842835,17.2,100.0,82.8,56.9,7.294594650226398,48.0,68.0,20.0,6312.3,1286.1263157248616,4681.0,7391.0,2710.0,0.7668,0.05670351742959861,0.668,0.866,0.19799999999999995,115.9999981587302
25.7,48,7308,0.764,1,55.65,38.9716492394721,17.2,100.0,82.8,56.5,7.691987172809583,48.0,68.0,20.0,6563.6,1199.295645136952,4681.0,7391.0,2710.0,0.7565999999999999,0.04480128966397597,0.668,0.819,0.1509999999999999,152.24999682812506
66.3,67,5002,0.789,0,57.7,38.9351026995207,17.2,100.0,82.8,57.9,8.23879710745314,48.0,68.0,20.0,6334.3,1261.5094177655267,4681.0,7391.0,2710.0,0.7651000000000001,0.041666533333118885,0.668,0.819,0.1509999999999999,74.65671530363112
12.3,49,4789,0.759,0,57.05,39.70335138387077,12.3,100.0,87.7,57.3,8.680117766738244,48.0,68.0,20.0,6345.1,1246.1513596313725,4789.0,7391.0,2602.0,0.7661,0.04135604214890646,0.668,0.819,0.1509999999999999,97.73469188296548
27.2,49,7281,0.677,1,49.769999999999996,37.56999541596402,12.3,100.0,87.7,55.4,8.140434058861185,48.0,67.0,19.0,6345.1,1246.1513596313725,4789.0,7391.0,2602.0,0.7561,0.049679975845403984,0.668,0.819,0.1509999999999999,148.59183370220748
100.0,77,7281,0.815,2,49.769999999999996,37.56999541596402,12.3,100.0,87.7,56.4,10.101705026600456,48.0,77.0,29.0,6345.1,1246.1513596313725,4789.0,7391.0,2602.0,0.7624,0.052986790806765334,0.668,0.819,0.1509999999999999,94.55844033040987
22.9,55,4996,0.823,0,50.0,37.378127888438264,12.3,100.0,87.7,57.0,9.786612170602156,48.0,77.0,29.0,6342.6,1249.1244222343223,4789.0,7391.0,2602.0,0.7628,0.05347439678117951,0.668,0.823,0.15499999999999992,90.83636198479343
30.5,63,4971,0.884,0,50.21,37.248965682881,12.3,100.0,87.7,58.0,9.843215373488956,48.0,77.0,29.0,6360.8,1225.0672362500522,4789.0,7391.0,2602.0,0.7703,0.06474574203073903,0.668,0.884,0.21599999999999997,78.90476065230538
66.6,76,7308,1.001,1,55.15,35.62506140345588,12.3,100.0,87.7,60.8,10.633281086601022,48.0,77.0,29.0,6352.5,1217.5701896263206,4789.0,7308.0,2519.0,0.8036,0.08781065488373799,0.677,1.001,0.32399999999999984,96.15789347160667
28.6,54,7281,0.892,1,48.010000000000005,32.6698790937463,12.3,100.0,87.7,60.1,10.846914563854364,48.0,77.0,29.0,6352.5,1217.5701896263206,4789.0,7308.0,2519.0,0.8156000000000001,0.09114847472363018,0.677,1.001,0.32399999999999984,134.8333308364198
17.6,53,4777,0.826,0,39.769999999999996,28.183369800883195,12.3,100.0,87.7,59.1,11.00959177767784,48.0,77.0,29.0,6099.4,1259.2289704418336,4777.0,7308.0,2531.0,0.8230000000000001,0.08837294709229498,0.677,1.001,0.32399999999999984,90.13207377109295
24.5,55,5034,0.829,0,39.65,28.25240402750419,12.3,100.0,87.7,59.8,10.432854089099724,49.0,77.0,28.0,5872.0,1221.4824326748735,4777.0,7308.0,2531.0,0.8295,0.08590724972640745,0.677,1.001,0.32399999999999984,91.52727106314053
34.6,49,7241,0.664,1,36.480000000000004,26.663699834960834,12.3,100.0,87.7,58.0,10.603982480391267,49.0,77.0,28.0,6095.9,1249.1829729867438,4777.0,7308.0,2531.0,0.817,0.10033720922746134,0.664,1.001,0.33699999999999986,147.77550718825498
18.2,47,7322,0.684,1,37.07,26.129125936820465,17.6,100.0,82.4,57.8,10.809460876678584,47.0,77.0,30.0,6349.2,1210.961399513262,4777.0,7322.0,2545.0,0.8095000000000001,0.10768807836627985,0.664,1.001,0.33699999999999986,155.78723072793127
13.6,48,4807,0.764,0,35.71,27.038057540355172,13.6,100.0,86.4,57.7,10.904127658827205,47.0,77.0,30.0,6101.8,1251.4839902203216,4777.0,7322.0,2545.0,0.8182,0.09895431044454481,0.664,1.001,0.33699999999999986,100.14583124696185
11.5,53,4818,0.747,0,26.860000000000003,15.808591194523224,11.5,66.6,55.099999999999994,55.3,8.577101297447014,47.0,76.0,29.0,5855.5,1235.8938510693806,4777.0,7322.0,2545.0,0.8114000000000001,0.10150227145788866,0.664,1.001,0.33699999999999986,90.90565866215739
12.8,49,4996,0.719,0,25.85,16.401236403258057,11.5,66.6,55.099999999999994,54.7,8.807194029125691,47.0,76.0,29.0,5855.5,1235.8938510693806,4777.0,7322.0,2545.0,0.8009999999999999,0.10543349668023938,0.664,1.001,0.33699999999999986,101.95918159266976
100.0,91,7268,0.912,2,32.8,28.702651832578532,11.5,100.0,88.5,57.5,14.408716497700677,47.0,91.0,44.0,6085.2,1266.3200227430661,4777.0,7322.0,2545.0,0.8038000000000001,0.10821768185775599,0.664,1.001,0.33699999999999986,79.8681309904601
15.9,53,4789,0.773,0,27.729999999999997,26.45898503134409,11.5,100.0,88.5,55.2,12.882373832316624,47.0,91.0,44.0,5833.3,1246.4374165329466,4777.0,7322.0,2545.0,0.781,0.08317451532771244,0.664,0.912,0.248,90.3584888611606
38.6,55,4675,0.744,0,28.73,26.68353841270351,11.5,100.0,88.5,55.3,12.875903420299853,47.0,91.0,44.0,5572.7,1180.826269092013,4675.0,7322.0,2647.0,0.7662,0.07387647347656245,0.664,0.912,0.248,84.99999845454549
44.8,53,7295,0.697,1,31.45,26.808964089564466,11.5,100.0,88.5,55.3,12.875903420299853,47.0,91.0,44.0,5824.5,1258.230790523827,4675.0,7322.0,2647.0,0.7533000000000001,0.07353615890612317,0.664,0.912,0.248,137.64150683695271
17.2,49,4789,0.768,0,30.72,27.116858225096827,11.5,100.0,88.5,54.7,13.030306553910751,47.0,91.0,44.0,5800.0,1277.5701763721424,4675.0,7322.0,2647.0,0.7472000000000001,0.06894571133225805,0.664,0.912,0.248,97.73469188296548
46.9,55,7254,0.772,1,31.95,27.587285718847635,11.5,100.0,88.5,55.3,12.875903420299853,47.0,91.0,44.0,5801.3,1279.2049657675802,4675.0,7322.0,2647.0,0.758,0.06263474364209559,0.684,0.912,0.22799999999999998,131.8909066928926
100.0,64,7322,0.712,2,40.129999999999995,34.354590506785115,11.5,100.0,88.5,57.0,12.780193008453896,48.0,91.0,43.0,5801.3,1279.2049657675802,4675.0,7322.0,2647.0,0.7608,0.05950686234936762,0.697,0.912,0.21500000000000008,114.40624821240237
52.5,68,5021,0.824,0,44.019999999999996,33.199725567808215,11.5,100.0,88.5,59.0,12.780193008453896,49.0,91.0,42.0,5822.7,1262.4026519124345,4675.0,7322.0,2647.0,0.7668,0.06279915073735662,0.697,0.912,0.21500000000000008,73.83823420826127
21.4,55,4789,0.917,0,45.010000000000005,32.25645327338049,12.8,100.0,87.2,59.2,12.691204303243532,49.0,91.0,42.0,5819.8,1264.9977426418122,4675.0,7322.0,2647.0,0.7838,0.07801111031983332,0.697,0.917,0.22000000000000008,87.0727256895868
28.9,50,7308,0.662,1,46.62,30.840874753410553,15.9,100.0,84.1,59.3,12.605554331325557,49.0,91.0,42.0,6051.0,1308.2444555799018,4675.0,7322.0,2647.0,0.7781,0.08503783471686716,0.662,0.917,0.255,146.15999707680007
33.1,53,4714,0.75,0,39.93,24.599550583067362,15.9,100.0,84.1,55.5,5.967504596656098,49.0,68.0,19.0,5795.6,1293.4759543356172,4675.0,7322.0,2647.0,0.7619,0.07096078729364019,0.662,0.917,0.255,88.94339454823785
42.1,54,5021,0.667,1,42.55,23.105711174705046,17.2,100.0,82.8,55.6,5.929212051829156,49.0,68.0,19.0,5818.8,1275.369210159244,4675.0,7322.0,2647.0,0.7513000000000001,0.07679561619432845,0.662,0.917,0.255,92.98147975960224
45.8,54,7295,0.722,1,43.269999999999996,23.08111541691367,17.2,100.0,82.8,55.5,5.948856099191628,49.0,68.0,19.0,6080.8,1283.3786831814075,4714.0,7322.0,2608.0,0.7491,0.07734116339670291,0.662,0.917,0.255,135.09259009087796
13.0,47,4783,0.791,0,40.089999999999996,24.96096730675496,13.0,100.0,87.0,54.9,6.505553183413597,47.0,68.0,21.0,5829.6,1265.0224591769959,4714.0,7322.0,2608.0,0.7585,0.07600621319631945,0.662,0.917,0.255,101.76595528157543
100.0,91,7322,0.871,2,48.37,29.79023143395985,13.0,100.0,87.0,59.1,12.792793110011432,47.0,91.0,44.0,6082.9,1286.9143500810158,4714.0,7322.0,2608.0,0.7687999999999999,0.0839957670891146,0.662,0.917,0.255,80.46153757734574
43.3,60,4818,0.781,0,48.010000000000005,29.83169269231784,13.0,100.0,87.0,59.6,12.71219886565658,47.0,91.0,44.0,5839.3,1271.063600996335,4714.0,7322.0,2608.0,0.7697,0.08408203665997148,0.662,0.917,0.255,80.29999866166669
10.2,50,4789,0.676,0,39.03,25.66796749950328,10.2,100.0,89.8,58.2,12.94260835809813,47.0,91.0,44.0,5586.0,1192.7347660826395,4714.0,7322.0,2608.0,0.7661,0.08752707517613503,0.662,0.917,0.255,95.77999808440005
25.1,61,4789,0.901,0,36.290000000000006,25.532395544136147,10.2,100.0,89.8,57.5,12.536613046061012,47.0,91.0,44.0,5562.8,1207.115367771903,4714.0,7322.0,2608.0,0.7738,0.09614895850825483,0.662,0.917,0.255,78.50819543429188
31.4,56,4795,0.921,0,37.29,25.076170627377184,10.2,100.0,89.8,57.6,12.518430856585484,47.0,91.0,44.0,5563.4,1206.68942888291,4714.0,7322.0,2608.0,0.7742000000000001,0.09681689476073377,0.662,0.921,0.259,85.62499847098218
14.6,61,4990,0.987,0,35.86,25.998555515429892,10.2,100.0,89.8,58.7,12.256970805763297,47.0,91.0,44.0,5331.6,1046.3025056518375,4714.0,7322.0,2608.0,0.8067,0.1087781125860234,0.667,0.987,0.31999999999999995,81.80327734748727
36.7,58,4983,0.653,0,36.22,25.98101015913142,10.2,100.0,89.8,59.2,12.099586769803357,47.0,91.0,44.0,5358.5,1032.0204832161803,4783.0,7322.0,2539.0,0.797,0.11830375217116998,0.653,0.987,0.33399999999999996,85.913791622176
28.2,59,4789,0.839,0,34.83,26.003292526567158,10.2,100.0,89.8,59.7,11.963370019447808,47.0,91.0,44.0,5335.3,1042.9998455310326,4783.0,7322.0,2539.0,0.8141999999999999,0.10947734418083349,0.653,0.987,0.33399999999999996,81.16949014966966
35.7,63,7295,0.999,1,33.82,25.724514896624736,10.2,100.0,89.8,60.6,11.824644697504556,47.0,91.0,44.0,5335.3,1042.9998455310326,4783.0,7322.0,2539.0,0.8419000000000001,0.11824874911248064,0.653,0.999,0.346,115.79364895565637
100.0,67,7295,0.778,2,42.519999999999996,31.876804524084083,10.2,100.0,89.8,62.6,10.92601381006715,50.0,91.0,41.0,5586.5,1187.6687014670506,4789.0,7322.0,2533.0,0.8406,0.1189399474991932,0.653,0.999,0.346,108.88059538984186
100.0,65,7281,0.749,2,42.519999999999996,31.876804524084083,10.2,100.0,89.8,60.0,4.784233364802485,50.0,67.0,17.0,5582.4,1181.0642281904475,4789.0,7295.0,2506.0,0.8284,0.12170017803328427,0.653,0.999,0.346,112.01538289207103
25.5,56,5002,0.837,0,40.739999999999995,32.322273022380934,10.2,100.0,89.8,59.6,4.948624949305546,50.0,67.0,17.0,5600.8,1169.206074413074,4789.0,7295.0,2506.0,0.834,0.12055980535263985,0.653,0.999,0.346,89.32142697640309
26.6,57,4983,0.737,0,42.38,30.989094856094148,14.6,100.0,85.4,60.3,3.8020462326957523,56.0,67.0,11.0,5620.2,1155.7719690511756,4789.0,7295.0,2506.0,0.8401,0.11298225032671556,0.653,0.999,0.346,87.4210510978763
100.0,66,7295,0.773,2,49.87,35.124193940929096,14.6,100.0,85.4,60.8,4.211096452627714,56.0,67.0,11.0,5870.8,1225.1230142316292,4789.0,7295.0,2506.0,0.8272999999999999,0.11256607935884584,0.653,0.999,0.346,110.5303013556015
20.6,51,5028,0.664,1,48.790000000000006,35.91240732671649,14.6,100.0,85.4,60.3,5.056349144063044,51.0,67.0,16.0,5894.1,1204.4304739862157,4789.0,7295.0,2506.0,0.8016,0.11800301314420289,0.653,0.999,0.346,98.58823336101504
100.0,65,7295,0.741,2,57.33,37.015763909147914,20.6,100.0,79.4,60.7,5.271516754112547,51.0,67.0,16.0,6124.6,1232.418417403584,4789.0,7295.0,2506.0,0.777,0.09920237452355143,0.653,0.999,0.346,112.23076750414204
14.5,54,5002,0.716,0,55.11,39.00289020629682,14.5,100.0,85.5,60.3,5.638163609624085,51.0,67.0,16.0,6126.5,1230.4759919099054,4789.0,7295.0,2506.0,0.7833,0.09220635070921608,0.664,0.999,0.33499999999999996,92.62962791426615
25.1,49,5021,0.774,0,54.8,39.25206293234082,14.5,100.0,85.5,59.3,6.6841437580125564,49.0,67.0,18.0,6149.7,1204.366227985122,4983.0,7295.0,2312.0,0.7768,0.0901107959989002,0.664,0.999,0.33499999999999996,102.4693856638901
56.3,61,4990,0.851,0,56.85999999999999,38.67460263388479,14.5,100.0,85.5,59.1,6.590397054300582,49.0,67.0,18.0,5919.2,1181.1656954043297,4983.0,7295.0,2312.0,0.762,0.05479456582950836,0.664,0.851,0.18699999999999994,81.80327734748727
12.7,50,4996,0.729,0,48.13,37.695329802097355,12.7,100.0,87.3,57.4,6.5183501661762095,49.0,66.0,17.0,5689.3,1104.9034196103544,4983.0,7295.0,2312.0,0.7571,0.05539243831266243,0.664,0.851,0.18699999999999994,99.91999800160005
33.2,56,7349,0.731,1,41.45,33.12371590802512,12.7,100.0,87.3,56.5,5.94885609919163,49.0,66.0,17.0,5696.1,1115.9418991247755,4983.0,7349.0,2366.0,0.7553,0.05597429965816559,0.664,0.851,0.18699999999999994,131.23214051371178
100.0,61,7308,0.709,2,48.9,37.25781051597697,12.7,100.0,87.3,57.0,6.110100926607831,49.0,66.0,17.0,5926.7,1192.225747638981,4983.0,7349.0,2366.0,0.7424999999999999,0.04947333737591423,0.664,0.851,0.18699999999999994,119.80327672453645
53.5,48,7268,0.672,1,51.589999999999996,36.43076996166839,12.7,100.0,87.3,56.1,6.740425308045029,48.0,66.0,18.0,6155.2,1210.097039267696,4990.0,7349.0,2359.0,0.736,0.05430981085913934,0.664,0.851,0.18699999999999994,151.41666351215284
23.0,66,7281,1.018,1,43.89,33.041672341319405,12.7,100.0,87.3,56.1,6.740425308045029,48.0,66.0,18.0,6153.8,1208.6390693668639,4990.0,7349.0,2359.0,0.7605000000000001,0.10472105805424178,0.664,1.018,0.354,110.31818014669425
39.8,56,4983,0.754,0,45.809999999999995,32.081855377213536,12.7,100.0,87.3,56.6,6.501281924871988,48.0,66.0,18.0,6149.3,1213.370883118595,4983.0,7349.0,2366.0,0.7695000000000001,0.09922953189449127,0.672,1.018,0.346,88.98214126817605
100.0,63,7295,0.73,2,45.81,32.081855377213536,12.7,100.0,87.3,56.4,6.239658110292094,48.0,66.0,18.0,6149.3,1213.370883118595,4983.0,7349.0,2366.0,0.7684,0.09964068780707272,0.672,1.018,0.346,115.79364895565637
100.0,66,7336,0.777,2,54.36,34.137668995472495,12.7,100.0,87.3,57.6,6.850790708621441,48.0,66.0,18.0,6382.7,1192.4589021569413,4983.0,7349.0,2366.0,0.7745,0.09792882903188112,0.672,1.018,0.346,111.15151346740132
15.4,47,4783,0.668,0,53.39,35.18324885510148,12.7,100.0,87.3,57.4,7.1523112037687575,47.0,66.0,19.0,6358.9,1224.5984784137768,4783.0,7349.0,2566.0,0.7638999999999999,0.10356366801795505,0.668,1.018,0.35,101.76595528157543
20.6,53,4789,0.834,0,49.82,36.63637536656704,12.7,100.0,87.3,56.6,7.152311203768758,47.0,66.0,19.0,6338.8,1250.929947412459,4783.0,7349.0,2566.0,0.7622,0.10210430396848492,0.668,1.018,0.35,90.3584888611606
100.0,84,7336,0.879,2,58.55,37.20517437131561,15.4,100.0,84.6,60.0,10.811516493484591,47.0,84.0,37.0,6572.8,1189.1718687108869,4783.0,7349.0,2566.0,0.7772,0.10755752982577307,0.668,1.018,0.35,87.33333229365081
35.2,54,4990,0.696,0,58.75,37.05884959538454,15.4,100.0,84.6,59.8,10.911767348448516,47.0,84.0,37.0,6336.9,1250.48652309589,4783.0,7336.0,2553.0,0.7736999999999999,0.10977456697958506,0.668,1.018,0.35,92.40740569615916
33.5,61,4818,0.829,0,52.1,34.72751070837068,15.4,100.0,84.6,59.8,10.911767348448516,47.0,84.0,37.0,6087.9,1283.115171932918,4783.0,7336.0,2553.0,0.7857000000000001,0.1084671481243148,0.668,1.018,0.35,78.98360526256386
100.0,62,7295,0.721,2,56.75,37.903715736938864,15.4,100.0,84.6,61.2,10.097304370749452,47.0,84.0,37.0,6090.6,1285.8997023269123,4783.0,7336.0,2553.0,0.7906000000000001,0.10376490522115543,0.668,1.018,0.35,117.66128842481794
100.0,65,7363,0.745,2,64.45,38.106320560592906,15.4,100.0,84.6,61.1,10.049322807477592,47.0,84.0,37.0,6098.8,1294.5664053179255,4783.0,7363.0,2580.0,0.7632999999999999,0.066516581057323,0.668,0.879,0.21099999999999997,113.27692133420122
100.0,63,7308,0.724,2,70.47,38.5322390271373,15.4,100.0,84.6,61.8,9.897249898611026,47.0,84.0,37.0,6331.3,1280.6123578628758,4783.0,7363.0,2580.0,0.7603,0.06764950521293875,0.668,0.879,0.21099999999999997,115.9999981587302
47.6,50,7308,0.663,1,65.23,37.622453402190544,15.4,100.0,84.6,60.5,10.55409346599173,47.0,84.0,37.0,6332.6,1281.705478389375,4783.0,7363.0,2580.0,0.7535999999999999,0.07400330322957734,0.663,0.879,0.21599999999999997,146.15999707680007
15.2,54,4789,0.884,0,56.75,38.46208089361087,15.2,100.0,84.8,59.3,10.541452566995817,47.0,84.0,37.0,6077.9,1312.8463098677355,4783.0,7363.0,2580.0,0.7643000000000001,0.084721832421689,0.663,0.884,0.22099999999999997,88.68518354286698
36.1,55,4824,0.659,0,58.81999999999999,36.496173315385626,15.2,100.0,84.8,60.1,9.780365819106974,50.0,84.0,34.0,6082.0,1308.409551920022,4789.0,7363.0,2574.0,0.7634000000000001,0.08589813088122905,0.659,0.884,0.22499999999999998,87.7090893143802
49.0,62,7281,0.957,1,61.65999999999999,34.22595506337258,15.2,100.0,84.8,61.0,9.463379711052282,50.0,84.0,34.0,6331.2,1271.5766940648496,4789.0,7363.0,2574.0,0.7757,0.10402462315347298,0.659,0.957,0.29799999999999993,117.43548197684707
35.0,53,4812,0.903,0,55.15999999999999,32.25082944669795,15.2,100.0,84.8,57.9,5.216427044549902,50.0,65.0,15.0,6078.8,1300.1475813665656,4789.0,7363.0,2574.0,0.7781,0.10690956718439841,0.659,0.957,0.29799999999999993,90.79245111712356
20.8,51,4996,0.712,0,53.720000000000006,33.53690504503956,15.2,100.0,84.8,57.6,5.541760650832155,50.0,65.0,15.0,6079.4,1299.590550904398,4789.0,7363.0,2574.0,0.7797000000000001,0.10565672929087046,0.659,0.957,0.29799999999999993,97.96078239292584
21.7,49,4807,0.815,0,52.54,34.520563919688996,15.2,100.0,84.8,56.4,6.003702561290409,49.0,65.0,16.0,6078.3,1300.7809662745758,4789.0,7363.0,2574.0,0.7783,0.10502174378035488,0.659,0.957,0.29799999999999993,98.10203881424411
60.2,66,7295,0.984,1,48.56,30.50108194802277,15.2,100.0,84.8,56.8,6.528569691917425,49.0,66.0,17.0,6078.3,1300.7809662745758,4789.0,7363.0,2574.0,0.8046,0.12082052805711371,0.659,0.984,0.32499999999999996,110.5303013556015
100.0,77,7268,0.744,2,48.56,30.50108194802277,15.2,100.0,84.8,58.0,8.881941729649515,49.0,77.0,28.0,6068.8,1290.6634641833534,4789.0,7308.0,2519.0,0.8045,0.12087573968520005,0.659,0.984,0.32499999999999996,94.38960916377131
11.4,50,4777,0.891,0,39.7,26.505010008591903,11.4,100.0,88.6,56.7,9.019115502334197,49.0,77.0,28.0,5815.7,1268.6319884908355,4777.0,7308.0,2531.0,0.8211999999999999,0.12005165554876691,0.659,0.984,0.32499999999999996,95.53999808920004
22.7,53,4996,0.762,0,37.21,26.84777872044955,11.4,100.0,88.6,57.0,8.819171036882,49.0,77.0,28.0,5584.5,1173.5633534004148,4777.0,7295.0,2518.0,0.8311,0.10914256731449816,0.659,0.984,0.32499999999999996,94.26414916482737
41.4,70,4996,0.832,0,39.83,25.71575608670903,11.4,100.0,88.6,58.6,9.62866091993646,49.0,77.0,28.0,5605.2,1159.716708702788,4777.0,7295.0,2518.0,0.8259000000000001,0.10756956405559558,0.659,0.984,0.32499999999999996,71.37142755183675
39.5,68,4812,0.862,0,40.17,25.683416612454234,11.4,100.0,88.6,59.9,9.960477453973358,49.0,77.0,28.0,5604.0,1160.6207151539334,4777.0,7295.0,2518.0,0.8462,0.0903496910158879,0.712,0.984,0.272,70.76470484169552
38.3,54,7308,0.666,1,39.1,25.49688434125065,11.4,100.0,88.6,59.1,10.093452222989827,49.0,77.0,28.0,5606.7,1164.97868840783,4777.0,7308.0,2531.0,0.8170999999999999,0.09729388469991204,0.666,0.984,0.31799999999999995,135.33333082716055
29.7,53,4812,0.752,0,38.57,25.64622779279638,11.4,100.0,88.6,59.1,10.093452222989827,49.0,77.0,28.0,5606.7,1164.97868840783,4777.0,7308.0,2531.0,0.8019999999999999,0.09414763819542991,0.666,0.984,0.31799999999999995,90.79245111712356
99.8,83,4842,0.832,0,46.47,31.14268417747222,11.4,100.0,88.6,62.3,12.11106014260429,49.0,83.0,34.0,5591.3,1174.9240211841523,4777.0,7308.0,2531.0,0.8139999999999998,0.08890319329347827,0.666,0.984,0.31799999999999995,58.33734869473074
44.7,64,7295,0.996,1,48.769999999999996,29.93600767563297,11.4,100.0,88.6,63.8,11.173381065928293,50.0,83.0,33.0,5840.1,1251.3313310230787,4777.0,7308.0,2531.0,0.8321,0.10592497344819003,0.666,0.996,0.32999999999999996,113.98437321899418
28.5,52,4777,0.798,0,45.6,30.2677312588102,11.4,100.0,88.6,62.4,11.730302638892162,50.0,83.0,33.0,5588.3,1177.1852539945464,4777.0,7308.0,2531.0,0.8135,0.09165787836660005,0.666,0.996,0.32999999999999996,91.86538284874264
12.0,52,4996,0.871,0,36.8,25.034243214711623,11.4,99.8,88.39999999999999,59.9,10.908202825804501,50.0,83.0,33.0,5361.1,1026.5971242680994,4777.0,7308.0,2531.0,0.8262,0.08973640410793154,0.666,0.996,0.32999999999999996,96.07692122928998
100.0,73,7281,0.74,2,45.660000000000004,30.19290571567361,12.0,100.0,88.0,62.2,11.013123484683593,52.0,83.0,31.0,5611.5,1164.4243451403524,4777.0,7308.0,2531.0,0.8111,0.09032343119159063,0.666,0.996,0.32999999999999996,99.73972466109967
47.9,51,7308,0.689,1,48.17999999999999,29.095352817169204,12.0,100.0,88.0,62.0,11.215069227507167,51.0,83.0,32.0,5842.7,1254.6665825363018,4777.0,7308.0,2531.0,0.8038000000000001,0.09740499644953092,0.666,0.996,0.32999999999999996,143.2941148373703
34.5,54,4990,0.744,0,47.489999999999995,29.35466837754356,12.0,100.0,88.0,60.4,11.087530533591949,51.0,83.0,32.0,5842.1,1255.1178297939425,4777.0,7308.0,2531.0,0.795,0.09854271493452203,0.666,0.996,0.32999999999999996,92.40740569615916
51.7,67,7308,0.996,1,48.71,29.238994130745642,12.0,100.0,88.0,60.3,11.01564543930336,51.0,83.0,32.0,6091.7,1275.5235134380428,4777.0,7308.0,2531.0,0.8084,0.11619542924649648,0.666,0.996,0.32999999999999996,109.07462523769216
8.7,51,4777,0.669,0,45.75,31.79637470600139,8.7,100.0,91.3,60.0,11.244751862288688,51.0,83.0,32.0,5838.6,1258.3541455232485,4777.0,7308.0,2531.0,0.8087,0.11579008785057655,0.669,0.996,0.32699999999999996,93.6666648300654
14.1,50,4818,0.676,0,44.19,33.030068792608425,8.7,100.0,91.3,59.7,11.489608831945132,50.0,83.0,33.0,5839.2,1257.8115739472048,4777.0,7308.0,2531.0,0.8010999999999999,0.12223970077042991,0.669,0.996,0.32699999999999996,96.35999807280004
15.0,54,4789,0.822,0,35.709999999999994,27.607062300956443,8.7,100.0,91.3,56.8,8.121302577515268,50.0,73.0,23.0,5833.9,1262.5829301695571,4777.0,7308.0,2531.0,0.8000999999999999,0.12199949908822402,0.669,0.996,0.32699999999999996,88.68518354286698
32.9,56,7295,0.956,1,34.53,27.43173547391985,8.7,100.0,91.3,56.0,7.71722460186019,50.0,73.0,23.0,5833.9,1262.5829301695574,4777.0,7308.0,2531.0,0.7961,0.1153366569848643,0.669,0.996,0.32699999999999996,130.26785481664547
34.9,50,4783,0.827,0,35.17,27.349956327407778,8.7,100.0,91.3,55.8,7.857056276579286,50.0,73.0,23.0,5834.5,1262.0261707094448,4777.0,7308.0,2531.0,0.799,0.11575356965937891,0.669,0.996,0.32699999999999996,95.65999808680004
22.3,55,4709,0.739,0,36.2,26.563048687143517,8.7,100.0,91.3,56.1,7.752418977325761,50.0,73.0,23.0,5805.8,1286.244386663052,4709.0,7308.0,2599.0,0.7857999999999999,0.11414591052196615,0.669,0.996,0.32699999999999996,85.61818026148764
100.0,100,7281,0.934,2,36.2,26.563048687143517,8.7,100.0,91.3,58.8,15.310127367203725,50.0,100.0,50.0,5805.8,1286.244386663052,4709.0,7308.0,2599.0,0.8051999999999999,0.12173085065011167,0.669,0.996,0.32699999999999996,72.80999927190001
16.2,51,4990,0.662,0,33.03,26.901014024671216,8.7,100.0,91.3,58.8,15.310127367203725,50.0,100.0,50.0,5574.0,1190.7716452414768,4709.0,7308.0,2599.0,0.8025,0.12485391463626519,0.662,0.996,0.33399999999999996,97.84313533640912
56.6,59,7308,0.888,1,35.24,27.923554374199757,8.7,100.0,91.3,59.3,15.21731469960016,50.0,100.0,50.0,5805.8,1286.244386663052,4709.0,7308.0,2599.0,0.8169000000000001,0.12565866464354847,0.662,0.996,0.33399999999999996,123.86440468026433
66.4,65,7295,0.855,1,36.709999999999994,29.24214804391469,8.7,100.0,91.3,59.1,15.11768647791205,50.0,100.0,50.0,5804.5,1284.5628958261725,4709.0,7308.0,2599.0,0.8028000000000001,0.11030140524943369,0.662,0.956,0.29399999999999993,112.23076750414204
39.3,60,7295,0.914,1,39.769999999999996,27.53672497270188,14.1,100.0,85.9,60.0,14.847371634213404,50.0,100.0,50.0,6056.3,1307.3602793415423,4709.0,7308.0,2599.0,0.8272999999999999,0.1043275291250258,0.662,0.956,0.29399999999999993,121.58333130694449
30.9,52,4789,0.707,0,41.45,26.2804215254542,15.0,100.0,85.0,60.2,14.710540438746646,50.0,100.0,50.0,6053.4,1310.44082489655,4709.0,7308.0,2599.0,0.8304,0.09968974091873355,0.662,0.956,0.29399999999999993,92.096152075074
17.7,54,4783,0.798,0,41.720000000000006,25.99075904154314,16.2,100.0,83.8,60.2,14.710540438746646,50.0,100.0,50.0,6052.8,1311.0852841147357,4709.0,7308.0,2599.0,0.8280000000000001,0.10020201816552508,0.662,0.956,0.29399999999999993,88.57407243381348
16.6,52,4818,0.742,0,40.089999999999996,27.093109004976835,16.2,100.0,83.8,59.8,14.890712989421752,50.0,100.0,50.0,5805.1,1284.030931610809,4709.0,7308.0,2599.0,0.8066000000000001,0.09237387798145713,0.662,0.934,0.272,92.65384437204146
12.5,54,4789,0.888,0,37.85,28.461328539304407,12.5,100.0,87.5,60.2,14.649990519526714,51.0,100.0,49.0,5805.7,1283.501551745584,4709.0,7308.0,2599.0,0.8127000000000001,0.09582049189326079,0.662,0.934,0.272,88.68518354286698
34.4,63,5034,0.704,0,39.06,27.979921372298406,12.5,100.0,87.5,61.0,14.552586635295391,51.0,100.0,49.0,5838.2,1256.4762720490235,4783.0,7308.0,2525.0,0.8092,0.09938455055434263,0.662,0.934,0.272,79.90476063643237
43.1,71,4996,0.989,1,33.37,18.33260907660329,12.5,66.4,53.900000000000006,58.1,6.674162452656137,51.0,71.0,20.0,5609.7,1169.7150697688853,4783.0,7308.0,2525.0,0.8147,0.1081902131536028,0.662,0.989,0.32699999999999996,70.36619619202541
44.6,50,7322,0.666,1,36.21,17.560716892478485,12.5,66.4,53.900000000000006,58.0,6.79869268479042,50.0,71.0,21.0,5842.9,1261.3141691637825,4783.0,7322.0,2539.0,0.8150999999999999,0.1075685311273175,0.666,0.989,0.32299999999999995,146.43999707120005
16.6,54,4990,0.939,0,32.209999999999994,16.94503860524771,12.5,66.4,53.900000000000006,57.5,6.900080514828193,50.0,71.0,21.0,5611.1,1171.9797542809467,4783.0,7322.0,2539.0,0.8202,0.11250461718920103,0.666,0.989,0.32299999999999995,92.40740569615916
100.0,70,7322,0.742,2,35.57000000000001,25.599134099939164,12.5,100.0,87.5,58.0,7.644896627453179,50.0,71.0,21.0,5613.8,1176.313242484513,4783.0,7322.0,2539.0,0.8089000000000001,0.11428176679690427,0.666,0.989,0.32299999999999995,104.59999850571431
20.8,55,5034,0.827,0,33.72,25.965481359339826,12.5,100.0,87.5,57.5,7.663042621715138,50.0,71.0,21.0,5387.7,1024.8001485384468,4783.0,7322.0,2539.0,0.8002,0.10856007041674523,0.666,0.989,0.32299999999999995,91.52727106314053
16.3,51,4807,0.891,0,32.260000000000005,26.54565040746897,12.5,100.0,87.5,57.4,7.74883503789086,50.0,71.0,21.0,5389.5,1023.6468846454927,4783.0,7322.0,2539.0,0.8186,0.1065835092518736,0.666,0.989,0.32299999999999995,94.25490011264903
26.8,58,4789,0.779,0,33.17,26.14400504895915,12.5,100.0,87.5,57.8,7.656515018089026,50.0,71.0,21.0,5390.1,1023.2535745247881,4789.0,7322.0,2533.0,0.8167,0.10715933100865273,0.666,0.989,0.32299999999999995,82.56896409363856
92.0,61,7295,0.745,1,40.71,31.215147676159493,12.5,100.0,87.5,58.7,7.424434134816115,50.0,71.0,21.0,5637.8,1160.0394437738291,4789.0,7322.0,2533.0,0.817,0.10693092266609319,0.666,0.989,0.32299999999999995,119.59016197393177
100.0,86,7336,0.859,2,49.46,34.51786011134912,16.3,100.0,83.7,61.9,11.140017953306907,50.0,86.0,36.0,5892.5,1230.4436643386407,4789.0,7336.0,2547.0,0.8141,0.10517017955041462,0.666,0.989,0.32299999999999995,85.30232458950786
50.0,53,7308,0.674,1,51.02,34.11173796021931,16.3,100.0,83.7,60.9,11.474125481079414,50.0,86.0,36.0,6119.9,1263.8316915018552,4789.0,7336.0,2547.0,0.8110999999999999,0.10901727691823186,0.666,0.989,0.32299999999999995,137.88678985119265
13.5,52,4818,0.662,0,48.06,36.10156044642208,13.5,100.0,86.5,59.0,11.185307823708365,50.0,86.0,36.0,6102.1,1282.5347688594368,4789.0,7336.0,2547.0,0.7784,0.09823577081016098,0.662,0.939,0.2769999999999999,92.65384437204146
41.5,62,4795,0.886,0,47.75,36.147852249092516,13.5,100.0,86.5,60.2,10.747609553343082,51.0,86.0,35.0,5849.4,1264.2890140751445,4789.0,7336.0,2547.0,0.8004,0.09484279390420416,0.662,0.939,0.2769999999999999,77.33870843002083
52.2,68,7295,1.001,1,51.31,34.45246161177908,13.5,100.0,86.5,61.6,10.76207332358512,51.0,86.0,35.0,6079.9,1299.8174615434768,4789.0,7336.0,2547.0,0.8066000000000001,0.10625043790759331,0.662,1.001,0.33899999999999986,107.2794101870675
23.6,65,5002,0.828,0,43.67,30.72491027018813,13.5,100.0,86.5,61.1,10.439774369635062,51.0,86.0,35.0,5847.9,1259.9182028122966,4789.0,7336.0,2547.0,0.8152000000000001,0.1038950324980822,0.662,1.001,0.33899999999999986,76.95384496994085
100.0,68,7349,0.767,2,51.59000000000001,34.18730921133032,13.5,100.0,86.5,62.4,10.4051269414009,51.0,86.0,35.0,6079.4,1305.6071554814791,4789.0,7349.0,2560.0,0.8092,0.10486584021712804,0.662,1.001,0.33899999999999986,108.07352782244813
22.1,52,4996,0.677,0,52.17,33.56562560451127,13.5,100.0,86.5,62.5,10.287532908007318,52.0,86.0,34.0,6098.3,1286.3674997621947,4789.0,7349.0,2560.0,0.7878000000000001,0.10810365396229583,0.662,1.001,0.33899999999999986,96.07692122928998
13.4,49,4996,0.664,0,50.83,34.93069487491545,13.4,100.0,86.6,61.6,11.087530533591941,49.0,86.0,37.0,6119.0,1264.4360183277129,4795.0,7349.0,2554.0,0.7763000000000001,0.11503820621379969,0.662,1.001,0.33899999999999986,101.95918159266976
30.3,48,7308,0.671,1,44.660000000000004,32.19248359477722,13.4,100.0,86.6,60.3,11.898179132399505,48.0,86.0,38.0,6120.3,1265.7853995752098,4795.0,7349.0,2554.0,0.7689,0.11956629959984467,0.662,1.001,0.33899999999999986,152.24999682812506
24.1,50,4795,0.886,0,37.07000000000001,26.058312813124875,13.4,100.0,86.6,56.7,8.097324661063514,48.0,68.0,20.0,5866.2,1249.5661291468737,4795.0,7349.0,2554.0,0.7716000000000001,0.12210487295763349,0.662,1.001,0.33899999999999986,95.89999808200004
29.4,58,5021,0.718,0,35.010000000000005,25.734820768756123,13.4,100.0,86.6,57.2,7.9972217398016525,48.0,68.0,20.0,5637.5,1162.6253098531342,4795.0,7349.0,2554.0,0.776,0.11894910209366316,0.662,1.001,0.33899999999999986,86.56896402467304
37.8,52,7295,0.747,1,37.440000000000005,24.600325201102553,13.4,100.0,86.6,57.2,7.9972217398016525,48.0,68.0,20.0,5885.2,1230.5126122429137,4795.0,7349.0,2554.0,0.7845,0.11277435681729851,0.664,1.001,0.33699999999999986,140.28845884060658
29.1,50,7295,0.671,1,36.2,24.685308271205482,13.4,100.0,86.6,56.0,8.096638534327457,48.0,68.0,20.0,6135.2,1238.3434992853227,4795.0,7349.0,2554.0,0.763,0.11176363948579582,0.664,1.001,0.33699999999999986,145.89999708200006
100.0,62,7295,0.711,2,40.980000000000004,31.745928872849206,13.4,100.0,86.6,55.4,7.290785661062621,48.0,68.0,20.0,6135.2,1238.3434992853227,4795.0,7349.0,2554.0,0.734,0.07458775592101692,0.664,0.886,0.22199999999999998,117.66128842481794
32.3,62,5021,0.881,0,41.85,31.333235815451097,13.4,100.0,86.6,55.1,6.903300337922169,48.0,68.0,20.0,6137.1,1236.424724760871,4795.0,7349.0,2554.0,0.7393000000000001,0.08337472305467827,0.664,0.886,0.22199999999999998,80.98386966155049
25.6,55,4807,0.829,0,34.410000000000004,23.95609177919752,13.4,100.0,86.6,53.8,5.223876806442681,48.0,62.0,14.0,5882.9,1220.7922245638467,4795.0,7308.0,2513.0,0.7455,0.08784867038771126,0.664,0.886,0.22199999999999998,87.39999841090912
19.1,60,4789,0.874,0,34.11,24.145413643174592,13.4,100.0,86.6,54.6,5.5216744642263835,48.0,62.0,14.0,5862.2,1239.1190239664409,4789.0,7308.0,2519.0,0.7652,0.0927335490052599,0.664,0.886,0.22199999999999998,79.81666533638891
26.4,57,5034,0.779,0,35.410000000000004,23.23945160951766,19.1,100.0,80.9,55.4,5.189733454941023,48.0,62.0,14.0,5866.0,1236.2223820080947,4789.0,7308.0,2519.0,0.7767,0.08564922001331189,0.671,0.886,0.21499999999999997,88.31578792428442
60.8,68,5028,0.996,1,38.459999999999994,24.463496615706184,19.1,100.0,80.9,57.4,5.834761729877671,50.0,68.0,18.0,5638.0,1147.8120248735981,4789.0,7295.0,2506.0,0.8092,0.10131337522755715,0.671,0.996,0.32499999999999996,73.94117538321801
74.0,64,4714,0.73,0,43.45,26.234085122645748,19.1,100.0,80.9,58.8,5.533734925185948,50.0,68.0,18.0,5629.9,1154.6872063223136,4714.0,7295.0,2581.0,0.7936,0.10017784186136076,0.671,0.996,0.32499999999999996,73.65624884912111
11.7,49,4812,0.865,0,41.68,27.835580747589162,11.7,100.0,88.3,57.9,6.34997812769641,49.0,68.0,19.0,5609.0,1168.7389215161147,4714.0,7295.0,2581.0,0.8083,0.0986250475285046,0.671,0.996,0.32499999999999996,98.20407962848817
48.2,70,4996,0.805,0,42.72,27.86877185030667,11.7,100.0,88.3,59.7,7.008724721532633,49.0,70.0,21.0,5379.1,1016.431060131468,4714.0,7295.0,2581.0,0.8141,0.09629751352506925,0.671,0.996,0.32499999999999996,71.37142755183675
39.5,52,5028,0.661,1,43.760000000000005,27.49558348373629,11.7,100.0,88.3,59.9,6.723920813863853,49.0,70.0,21.0,5152.4,762.8061061341414,4714.0,7295.0,2581.0,0.8131,0.09798576994192013,0.661,0.996,0.33499999999999996,96.69230583284028
30.7,62,4996,1.001,0,36.83,19.239545501677334,11.7,74.0,62.3,59.9,6.723920813863853,49.0,70.0,21.0,4922.5,125.62930479069523,4714.0,5034.0,320.0,0.8421,0.10691788126096159,0.661,1.001,0.33999999999999986,80.58064386160252
17.3,54,4990,0.658,0,35.33,20.193070868768643,11.7,74.0,62.3,59.1,6.919376979019012,49.0,70.0,21.0,4919.4,123.28936153065999,4714.0,5034.0,320.0,0.8198000000000001,0.12031883569176523,0.658,1.001,0.34299999999999986,92.40740569615916
100.0,67,7308,0.781,2,42.769999999999996,28.291814678061545,11.7,100.0,88.3,60.3,7.1655037816223945,49.0,70.0,21.0,5169.5,760.4149817332768,4714.0,7308.0,2594.0,0.8150000000000001,0.12086723662303472,0.658,1.001,0.34299999999999986,109.07462523769216
11.6,49,4996,0.709,0,42.02,29.077513266745814,11.6,100.0,88.4,59.2,8.011103405759926,49.0,70.0,21.0,5190.2,751.6733628674227,4714.0,7308.0,2594.0,0.7985,0.12315866009158817,0.658,1.001,0.34299999999999986,101.95918159266976
34.4,60,5028,0.831,0,42.82,28.707714797400538,11.6,100.0,88.4,59.5,7.975657409336962,49.0,70.0,21.0,5189.6,751.814279666918,4714.0,7308.0,2594.0,0.8037000000000001,0.12334148621701464,0.658,1.001,0.34299999999999986,83.79999860333336
52.7,55,7295,0.67,1,42.010000000000005,28.25473215036536,11.6,100.0,88.4,58.2,7.480344614759144,49.0,70.0,21.0,5416.3,998.8709237044601,4714.0,7308.0,2594.0,0.7711,0.10913136833905906,0.658,1.001,0.34299999999999986,132.63636122479343
19.5,52,4789,0.862,0,36.56,26.606774408868997,11.6,100.0,88.4,57.0,7.408703590297668,49.0,70.0,21.0,5423.8,993.2777165638025,4789.0,7308.0,2519.0,0.7843,0.11156368385615173,0.658,1.001,0.34299999999999986,92.096152075074
100.0,84,7363,0.877,2,45.39,31.61962997885966,11.6,100.0,88.4,60.5,10.731573354670182,49.0,84.0,35.0,5678.9,1136.0185297784467,4789.0,7363.0,2574.0,0.7855000000000001,0.11258799028118127,0.658,1.001,0.34299999999999986,87.65476086125285
100.0,67,7349,0.767,2,50.57,36.06204683905535,11.6,100.0,88.4,60.2,10.475367933076802,49.0,84.0,35.0,5914.2,1219.4745498688214,4789.0,7363.0,2574.0,0.7817000000000001,0.11249795059861627,0.658,1.001,0.34299999999999986,109.6865655270662
56.1,62,4996,0.718,0,52.23,35.87744726457307,11.6,100.0,88.4,61.2,10.075272259900048,49.0,84.0,35.0,5911.0,1222.0975592989423,4789.0,7363.0,2574.0,0.7874,0.10701318714168845,0.658,1.001,0.34299999999999986,80.58064386160252
36.1,48,7308,0.671,1,52.77,35.55659182517669,11.6,100.0,88.4,59.8,10.891382934330363,48.0,84.0,36.0,6142.2,1248.1787443222097,4789.0,7363.0,2574.0,0.7544,0.08171794308609388,0.658,0.877,0.21899999999999997,152.24999682812506
18.9,51,4990,0.865,0,52.92999999999999,35.3824203053814,11.6,100.0,88.4,59.5,11.108055135301111,48.0,84.0,36.0,6142.2,1248.1787443222097,4789.0,7363.0,2574.0,0.7751,0.08079803352942481,0.67,0.877,0.20699999999999996,97.84313533640912
100.0,61,7295,0.702,2,52.92999999999999,35.3824203053814,11.6,100.0,88.4,58.9,10.816140202904613,48.0,84.0,36.0,6140.9,1246.8356792741781,4789.0,7363.0,2574.0,0.7672000000000001,0.08395739660354105,0.67,0.877,0.20699999999999996,119.59016197393177
100.0,66,7295,0.774,2,61.77,34.94948894873537,18.9,100.0,81.1,60.6,10.415799963943687,48.0,84.0,36.0,6370.8,1224.01904487725,4789.0,7363.0,2574.0,0.7737,0.08142897382245225,0.67,0.877,0.20699999999999996,110.5303013556015
44.1,66,4848,0.787,0,62.739999999999995,34.2327069076084,18.9,100.0,81.1,61.2,10.549354903921342,48.0,84.0,36.0,6352.8,1247.066406500558,4789.0,7363.0,2574.0,0.7693000000000001,0.07914550594386868,0.67,0.877,0.20699999999999996,73.45454434159781
100.0,68,7295,0.772,2,67.47,35.91762334379412,18.9,100.0,81.1,62.5,10.50132266801559,48.0,84.0,36.0,6352.8,1247.066406500558,4789.0,7363.0,2574.0,0.7795,0.07108875516641815,0.671,0.877,0.20599999999999996,107.2794101870675
33.7,49,7281,0.67,1,68.89,34.04214544746943,18.9,100.0,81.1,62.2,10.870960296946084,48.0,84.0,36.0,6602.0,1144.6324009625664,4848.0,7363.0,2515.0,0.7603000000000001,0.07224964436667465,0.67,0.877,0.20699999999999996,148.59183370220748
25.4,62,4783,0.967,0,61.42999999999999,34.63594953224176,18.9,100.0,81.1,60.0,7.745966692414863,48.0,68.0,20.0,6344.0,1240.7726087670776,4783.0,7349.0,2566.0,0.7693,0.09145496766775958,0.67,0.967,0.29699999999999993,77.1451600460458
43.3,56,7308,0.736,1,55.75999999999999,32.17384030544067,18.9,100.0,81.1,58.9,7.415449338299698,48.0,68.0,20.0,6339.9,1237.145141040449,4783.0,7308.0,2525.0,0.7662,0.09206495291670658,0.67,0.967,0.29699999999999993,130.4999976696429
41.8,55,7308,0.664,1,54.33,32.47344385117714,18.9,100.0,81.1,58.2,7.420691791650375,48.0,68.0,20.0,6571.1,1172.4318933074276,4783.0,7308.0,2525.0,0.7608,0.096674482442656,0.664,0.967,0.30299999999999994,132.87272485685955
65.8,68,5002,0.868,0,57.3,31.975233471478422,18.9,100.0,81.1,60.2,7.052186422190907,49.0,68.0,19.0,6340.5,1236.422190569761,4783.0,7308.0,2525.0,0.7805,0.0964137495957446,0.664,0.967,0.30299999999999994,73.55882244766438
29.4,52,4996,0.771,0,58.35,30.72198814457739,25.4,100.0,74.6,60.3,6.9129508090893665,49.0,68.0,19.0,6341.1,1235.6952563907735,4783.0,7308.0,2525.0,0.7711,0.09172840345280103,0.664,0.967,0.30299999999999994,96.07692122928998
29.6,56,4996,0.828,0,51.31,28.06894092131806,25.4,100.0,74.6,59.8,7.036413227711374,49.0,68.0,19.0,6111.2,1252.2563457837,4783.0,7308.0,2525.0,0.7837,0.08981592286448896,0.664,0.967,0.30299999999999994,89.2142841211735
21.9,53,5002,0.706,0,43.5,23.511368408590016,21.9,100.0,78.1,58.5,6.964194138592101,49.0,68.0,19.0,5881.9,1220.9500353777287,4783.0,7308.0,2525.0,0.7769,0.09314439208979579,0.664,0.967,0.30299999999999994,94.3773567098612
100.0,70,7295,0.78,2,49.089999999999996,29.54181405699009,21.9,100.0,78.1,58.9,7.534365710971774,49.0,70.0,21.0,6126.6,1235.8349584165496,4783.0,7308.0,2525.0,0.7762,0.09308633984998284,0.664,0.967,0.30299999999999994,104.21428422551023
31.5,56,4990,0.701,0,42.239999999999995,23.811351167971228,21.9,100.0,78.1,57.7,6.848357467305619,49.0,70.0,21.0,5896.1,1208.3501562047268,4783.0,7308.0,2525.0,0.7691,0.09610116197701865,0.664,0.967,0.30299999999999994,89.10714126594391
54.7,68,7295,1.001,1,44.339999999999996,23.90035797035499,21.9,100.0,78.1,59.6,6.801960501698546,52.0,70.0,18.0,5897.5,1210.139776132396,4783.0,7308.0,2525.0,0.8022,0.113587753643505,0.664,1.001,0.33699999999999986,107.2794101870675
46.0,54,7281,0.659,1,46.4,22.955609336282055,21.9,100.0,78.1,58.8,6.957010852370473,52.0,70.0,18.0,6147.3,1212.3396159675865,4990.0,7308.0,2318.0,0.7714000000000001,0.10539892472569715,0.659,1.001,0.34199999999999986,134.8333308364198
35.5,57,5021,0.691,1,45.62,23.20382152433804,21.9,100.0,78.1,58.9,6.919376979019015,52.0,70.0,18.0,5918.6,1184.4453179066982,4990.0,7308.0,2318.0,0.7669,0.1080066355986204,0.659,1.001,0.34199999999999986,88.08771775284706
100.0,66,7308,0.715,2,51.44,28.77040145705303,21.9,100.0,78.1,60.0,7.102425250887537,52.0,70.0,18.0,5918.6,1184.4453179066982,4990.0,7308.0,2318.0,0.772,0.10372720633147878,0.659,1.001,0.34199999999999986,110.7272710495868
30.7,56,4789,0.984,0,47.93,28.96427109388392,21.9,100.0,78.1,58.8,6.5962952565141935,52.0,70.0,18.0,5897.3,1204.5054356226178,4789.0,7308.0,2519.0,0.7836000000000001,0.12074601442697735,0.659,1.001,0.34199999999999986,85.51785561575258
15.1,60,4818,1.016,0,46.5,30.302841817595624,15.1,100.0,84.9,59.6,6.1499774163994045,53.0,70.0,17.0,5879.5,1220.5134848360563,4789.0,7308.0,2519.0,0.8080999999999999,0.14105353593582753,0.659,1.016,0.357,80.29999866166669
49.0,53,7308,0.704,1,48.44,29.715996440376085,15.1,100.0,84.9,59.3,6.412661087428737,53.0,70.0,17.0,6110.7,1253.1021107635204,4789.0,7308.0,2519.0,0.7957,0.14451762676035146,0.659,1.016,0.357,137.88678985119265
36.1,61,4818,0.805,0,49.86,28.626141898621256,15.1,100.0,84.9,60.1,6.026792034094312,53.0,70.0,17.0,6092.3,1272.3930254096417,4789.0,7308.0,2519.0,0.8055999999999999,0.14103915925885352,0.659,1.016,0.357,78.98360526256386
14.4,56,4996,0.917,0,41.3,24.462579131763242,14.4,100.0,85.6,58.7,5.012207320355251,53.0,68.0,15.0,5862.4,1238.1752882546282,4789.0,7308.0,2519.0,0.8192999999999999,0.14487776456953788,0.659,1.016,0.357,89.2142841211735
30.3,50,4783,0.867,0,41.18,24.518872549754644,14.4,100.0,85.6,58.1,5.685263601823825,50.0,68.0,18.0,5841.7,1255.983019170415,4783.0,7308.0,2525.0,0.8359,0.1392164182527006,0.659,1.016,0.357,95.65999808680004
15.2,61,4777,0.949,0,37.230000000000004,25.269043423832983,14.4,100.0,85.6,57.4,4.671426144361363,50.0,66.0,16.0,5589.9,1182.5073596200318,4777.0,7308.0,2531.0,0.8307,0.13320581402059242,0.659,1.016,0.357,78.31147412604142
100.0,62,7295,0.739,2,42.63,32.17708121560369,14.4,100.0,85.6,58.2,4.709328803319891,50.0,66.0,16.0,5591.3,1184.7381379678545,4777.0,7308.0,2531.0,0.8386999999999999,0.12381980634956673,0.691,1.016,0.32500000000000007,117.66128842481794
100.0,92,7308,0.88,2,49.08,36.7313611085798,14.4,100.0,85.6,61.7,11.633763124820993,50.0,92.0,42.0,5820.0,1279.3757158169794,4777.0,7308.0,2531.0,0.8576,0.11269447388600817,0.704,1.016,0.31200000000000006,79.43478174527411
44.3,65,7295,0.98,1,43.510000000000005,32.080608542302386,14.4,100.0,85.6,61.6,11.596934460834431,50.0,92.0,42.0,5818.7,1277.70123877045,4777.0,7308.0,2531.0,0.8840999999999999,0.10641893106439562,0.704,1.016,0.31200000000000006,112.23076750414204
100.0,68,7281,0.762,2,50.440000000000005,36.22347918746133,14.4,100.0,85.6,62.8,11.573917035971691,50.0,92.0,42.0,6067.9,1297.4212414546664,4777.0,7308.0,2531.0,0.8619,0.10641893106439577,0.704,1.016,0.31200000000000006,107.073527837154
38.7,59,4807,0.726,0,52.8,34.38746541659878,14.4,100.0,85.6,62.7,11.605075517969626,50.0,92.0,42.0,6066.8,1298.6028218392562,4777.0,7308.0,2531.0,0.8329000000000001,0.09901565532783073,0.704,0.98,0.276,81.47457489026145
50.8,71,7281,0.963,1,52.98,34.37007095974311,14.4,100.0,85.6,64.5,11.325978005354674,50.0,92.0,42.0,6064.1,1295.7603902299525,4777.0,7308.0,2531.0,0.8587999999999999,0.09535873787382372,0.726,0.98,0.254,102.54929433029163
40.9,52,7322,0.675,1,53.46,34.14089109036909,14.4,100.0,85.6,63.6,11.974046007001055,50.0,92.0,42.0,6314.5,1269.8862809978934,4777.0,7322.0,2545.0,0.8458,0.11107434947417366,0.675,0.98,0.30499999999999994,140.80768959985213
11.8,50,4990,0.664,0,53.2,34.479623612279234,11.8,100.0,88.2,63.0,12.534397117975452,50.0,92.0,42.0,6313.9,1270.5796970936772,4777.0,7322.0,2545.0,0.8205,0.12138941011838171,0.664,0.98,0.31599999999999995,99.79999800400005
40.1,58,4789,0.786,0,54.17999999999999,33.890667348598086,11.8,100.0,88.2,63.8,11.849050594878905,50.0,92.0,42.0,6314.5,1269.7776051996902,4777.0,7322.0,2545.0,0.8123999999999999,0.12064198642632128,0.664,0.98,0.31599999999999995,82.56896409363856
22.4,52,4990,0.788,0,54.89999999999999,33.036242724216265,11.8,100.0,88.2,62.9,12.413702106946186,50.0,92.0,42.0,6335.8,1242.6170233288537,4789.0,7322.0,2533.0,0.7963,0.11072192395566592,0.664,0.98,0.31599999999999995,95.9615366161243
100.0,66,7254,0.749,2,54.9,33.036242724216265,11.8,100.0,88.2,63.3,12.445882853377665,50.0,92.0,42.0,6331.7,1239.1633422954712,4789.0,7322.0,2533.0,0.7973,0.11019079413050316,0.664,0.98,0.31599999999999995,109.90908924380169
39.8,63,7268,0.889,1,48.88,29.16263972200657,11.8,100.0,88.2,60.4,7.351492667781479,50.0,71.0,21.0,6327.7,1235.7214761695539,4789.0,7322.0,2533.0,0.7982,0.1109752725210032,0.664,0.98,0.31599999999999995,115.36507753388766
36.6,51,7281,0.661,1,48.11,29.397711551147044,11.8,100.0,88.2,59.0,7.70281333886093,50.0,71.0,21.0,6326.3,1234.5111538130725,4789.0,7322.0,2533.0,0.7663,0.09800005668932533,0.661,0.963,0.30199999999999994,142.76470308304505
36.3,55,4795,0.797,0,41.739999999999995,23.140066263229834,11.8,100.0,88.2,57.7,7.087547765859077,50.0,71.0,21.0,6077.7,1270.6764646351833,4789.0,7322.0,2533.0,0.7698,0.0984533730588573,0.661,0.963,0.30199999999999994,87.18181659669425
23.4,54,4789,0.874,0,40.21,23.85807340643137,11.8,100.0,88.2,57.2,7.161626134397802,50.0,71.0,21.0,6075.9,1272.687659159846,4789.0,7322.0,2533.0,0.7846,0.1021906714594496,0.661,0.963,0.30199999999999994,88.68518354286698
25.2,51,4783,0.897,0,37.65,23.968694860866638,11.8,100.0,88.2,55.2,5.473166867139761,50.0,66.0,16.0,5826.1,1254.8983535640502,4783.0,7322.0,2539.0,0.778,0.09089554444525787,0.661,0.897,0.236,93.78431188658213
100.0,71,7336,0.731,2,43.56,31.087982672837864,11.8,100.0,88.2,57.1,7.248754682319245,50.0,71.0,21.0,5827.5,1256.7590814825548,4783.0,7336.0,2553.0,0.7836000000000001,0.08540387709127767,0.661,0.897,0.236,103.32394220670504
13.7,55,4983,0.877,0,43.75,30.87740094128535,13.7,100.0,86.3,57.6,6.866990283636364,51.0,71.0,20.0,5826.8,1257.2792317805352,4783.0,7336.0,2553.0,0.8049000000000002,0.07854715498065701,0.661,0.897,0.236,90.59999835272731
20.1,59,4812,0.912,0,41.75,31.77477161383087,13.7,100.0,86.3,57.7,6.880729935438906,51.0,71.0,20.0,5829.1,1255.1890915537554,4783.0,7336.0,2553.0,0.8175000000000001,0.08501797195625949,0.661,0.912,0.251,81.55932065153694
19.0,57,4990,0.737,0,41.410000000000004,32.0220566346247,13.7,100.0,86.3,58.2,6.596295256514199,51.0,71.0,20.0,5829.1,1255.1890915537554,4783.0,7336.0,2553.0,0.8124,0.08844483528668404,0.661,0.912,0.251,87.54385811326566
100.0,91,7349,0.829,2,41.410000000000004,32.0220566346247,13.7,100.0,86.3,60.7,12.220656465364076,51.0,91.0,40.0,5838.6,1267.4712532352614,4783.0,7349.0,2566.0,0.8204,0.08564682000972099,0.661,0.912,0.251,80.75824087078857
50.2,72,5028,1.001,0,42.45,32.1326504076807,13.7,100.0,86.3,61.6,12.72966788429473,51.0,91.0,40.0,5614.6,1181.8290156457515,4783.0,7349.0,2566.0,0.8315999999999999,0.10147490111133536,0.661,1.001,0.33999999999999986,69.83333236342594
20.0,54,4996,0.732,0,40.790000000000006,32.88834477778143,13.7,100.0,86.3,61.9,12.485102233373102,51.0,91.0,40.0,5386.1,1035.7033519948238,4783.0,7349.0,2566.0,0.8387,0.0900531324644867,0.731,1.001,0.2699999999999999,92.51851680521266
20.4,51,4783,0.824,0,39.2,33.50804215242797,13.7,100.0,86.3,61.5,12.79105590289994,51.0,91.0,40.0,5384.9,1036.4709836748834,4783.0,7349.0,2566.0,0.8413999999999999,0.08906327338845335,0.731,1.001,0.2699999999999999,93.78431188658213
14.5,52,4795,0.853,0,38.31,34.087516450715185,13.7,100.0,86.3,61.3,12.93616807421907,51.0,91.0,40.0,5385.5,1036.089362297793,4783.0,7349.0,2566.0,0.8393,0.08845469650240768,0.731,1.001,0.2699999999999999,92.21153668823969
34.7,49,7308,0.667,1,39.26,33.81282465442826,13.7,100.0,86.3,61.1,13.12715590759181,49.0,91.0,42.0,5638.0,1171.7398270188678,4783.0,7349.0,2566.0,0.8163,0.10082223079371927,0.667,1.001,0.33399999999999985,149.14285409912543
27.0,52,4772,0.876,0,31.959999999999997,26.28439334155032,13.7,100.0,86.3,59.2,12.908223046656063,49.0,91.0,42.0,5381.6,1030.97097706751,4772.0,7349.0,2577.0,0.8308,0.09756570435694299,0.667,1.001,0.33399999999999985,91.7692290044379
100.0,62,7268,0.707,2,40.589999999999996,32.946200253005074,14.5,100.0,85.5,59.9,12.844800071970342,49.0,91.0,42.0,5610.1,1175.8500896514472,4772.0,7349.0,2577.0,0.8138,0.10326535398347847,0.667,1.001,0.33399999999999985,117.22580456087412
14.3,58,5041,0.749,0,40.01,33.39499130774621,14.3,100.0,85.7,59.8,12.856472645671102,49.0,91.0,42.0,5633.0,1160.712329180273,4772.0,7349.0,2577.0,0.7975,0.09881098679352883,0.667,1.001,0.33399999999999985,86.91379160493463
17.7,53,4777,0.674,0,39.879999999999995,33.48826660190104,14.3,100.0,85.7,59.4,13.014521803653727,49.0,91.0,42.0,5611.7,1175.6808004064826,4772.0,7349.0,2577.0,0.7912,0.10491668652369338,0.667,1.001,0.33399999999999985,90.13207377109295
100.0,80,7308,0.803,2,39.879999999999995,33.48826660190104,14.3,100.0,85.7,58.3,10.209472725529656,49.0,80.0,31.0,5607.6,1169.0015873005023,4772.0,7308.0,2536.0,0.7886,0.10419554266431433,0.667,1.001,0.33399999999999985,91.34999885812502
11.1,55,4766,0.936,0,35.97,34.41911774968481,11.1,100.0,88.9,56.6,9.020963240019249,49.0,80.0,31.0,5581.4,1186.2439509270823,4766.0,7308.0,2542.0,0.7821,0.09061573324269341,0.667,0.936,0.269,86.6545438790083
15.8,56,5034,0.962,0,35.55,34.66042411742824,11.1,100.0,88.9,56.8,8.97898781724438,49.0,80.0,31.0,5585.2,1184.2194616426957,4766.0,7308.0,2542.0,0.8051,0.10459705753243848,0.667,0.962,0.29499999999999993,89.89285553762758
19.5,58,5034,0.727,0,35.46,34.70527337451761,11.1,100.0,88.9,57.5,8.746427842267991,49.0,80.0,31.0,5610.3,1167.8745223695835,4766.0,7308.0,2542.0,0.7954,0.10711696618390697,0.667,0.962,0.29499999999999993,86.79310195184307
54.9,73,7295,0.984,1,39.5,34.343817169583495,11.1,100.0,88.9,59.6,9.743373816770749,49.0,80.0,31.0,5860.3,1239.3492064610123,4766.0,7308.0,2542.0,0.8085000000000001,0.12193008014614044,0.667,0.984,0.31699999999999995,99.93150548039034
44.5,50,7295,0.661,1,40.480000000000004,34.33144978652147,11.1,100.0,88.9,59.7,9.626929820964637,50.0,80.0,30.0,5859.0,1237.6676093002902,4766.0,7308.0,2542.0,0.8079000000000001,0.12271597740763385,0.661,0.984,0.32299999999999995,145.89999708200006
15.6,54,4818,0.921,0,39.34,35.011337846157474,11.1,100.0,88.9,59.9,9.468661761598415,50.0,80.0,30.0,5863.6,1233.2563219199571,4766.0,7308.0,2542.0,0.8124,0.12626444911815393,0.661,0.984,0.32299999999999995,89.22222056995888
38.5,68,4783,1.017,0,33.19,27.838799862382345,11.1,100.0,88.9,60.5,9.800793618659457,50.0,80.0,30.0,5615.1,1167.4342665292336,4766.0,7308.0,2542.0,0.8434000000000001,0.13524726327072914,0.661,1.017,0.35599999999999987,70.33823425973185
48.6,51,4807,0.772,0,36.620000000000005,27.361725091813952,11.1,100.0,88.9,59.8,10.239357618739806,50.0,80.0,30.0,5591.7,1182.4684210018675,4766.0,7308.0,2542.0,0.8456999999999999,0.13364966641684153,0.661,1.017,0.35599999999999987,94.25490011264903
15.3,52,4777,0.88,0,36.379999999999995,27.555955194234656,11.1,100.0,88.9,59.7,10.31773015520158,50.0,80.0,30.0,5591.7,1182.4684210018675,4766.0,7308.0,2542.0,0.8663000000000001,0.11935572415635763,0.661,1.017,0.35599999999999987,91.86538284874264
21.5,62,5021,0.823,0,28.529999999999994,16.301537078174967,11.1,54.9,43.8,57.9,7.593125545884005,50.0,73.0,23.0,5363.0,1024.2102648707673,4766.0,7295.0,2529.0,0.8683,0.11834042232286986,0.661,1.017,0.35599999999999987,80.98386966155049
42.3,61,5002,0.832,0,31.65,15.56393623448493,15.3,54.9,39.599999999999994,58.5,7.575545451575716,50.0,73.0,23.0,5386.6,1011.566573851328,4777.0,7295.0,2518.0,0.8579000000000001,0.11628169818734586,0.661,1.017,0.35599999999999987,81.99999865573773
13.7,56,5034,0.959,0,31.439999999999998,15.813721186924335,13.7,54.9,41.2,58.5,7.575545451575716,50.0,73.0,23.0,5386.6,1011.566573851328,4777.0,7295.0,2518.0,0.8575999999999999,0.11598678085597942,0.661,1.017,0.35599999999999987,89.89285553762758
32.1,52,4795,0.832,0,32.7,15.248533627132135,13.7,54.9,41.2,57.9,7.852105167122781,50.0,73.0,23.0,5362.7,1023.5751125887596,4777.0,7295.0,2518.0,0.8681000000000001,0.1072758127445308,0.661,1.017,0.35599999999999987,92.21153668823969
38.5,52,5015,0.679,1,31.060000000000002,13.360655339881836,13.7,48.6,34.900000000000006,55.8,5.940445175985542,50.0,68.0,18.0,5134.7,767.1466685784991,4777.0,7295.0,2518.0,0.8375999999999999,0.11382071672395704,0.661,1.017,0.35599999999999987,96.44230583764796
53.3,54,7281,0.659,1,31.939999999999998,14.578538259296765,13.7,53.3,39.599999999999994,56.2,5.63323471314078,51.0,68.0,17.0,5133.3,762.7664634590038,4777.0,7281.0,2504.0,0.8373999999999999,0.11416673965934283,0.659,1.017,0.3579999999999999,134.8333308364198
12.1,51,4996,0.789,0,31.589999999999996,15.048842701904638,12.1,53.3,41.199999999999996,55.9,5.839520528262659,51.0,68.0,17.0,5151.1,756.6433843701334,4777.0,7281.0,2504.0,0.8242,0.11101431339146106,0.659,1.017,0.3579999999999999,97.96078239292584
47.0,62,4996,0.763,0,32.44,15.70811538310343,12.1,53.3,41.199999999999996,55.3,4.643992535164946,51.0,62.0,11.0,5172.4,748.079348138344,4777.0,7281.0,2504.0,0.7988,0.08884418320232743,0.659,0.959,0.29999999999999993,80.58064386160252
19.3,54,4818,0.959,0,29.509999999999998,15.078936744125409,12.1,53.3,41.199999999999996,55.6,4.427188724235847,51.0,62.0,11.0,5173.5,747.4902080369279,4777.0,7281.0,2504.0,0.8174999999999999,0.10137307334790523,0.659,0.959,0.29999999999999993,89.22222056995888
21.8,52,4783,0.752,0,30.160000000000004,14.528378360222444,12.1,53.3,41.199999999999996,55.6,4.427188724235847,51.0,62.0,11.0,5174.1,747.1389057226394,4783.0,7281.0,2498.0,0.8047000000000001,0.10068327677535148,0.659,0.959,0.29999999999999993,91.98076746190833
100.0,68,7308,0.776,2,38.010000000000005,26.004420564375007,12.1,100.0,87.9,56.2,5.633234713140778,51.0,68.0,17.0,5402.8,1001.7208304823271,4783.0,7308.0,2525.0,0.8,0.10083099170834685,0.659,0.959,0.29999999999999993,107.47058665484431
24.0,56,4990,0.902,0,36.18,26.31107920418488,12.1,100.0,87.9,55.7,5.375872022286339,51.0,68.0,17.0,5401.6,1002.2613542495804,4783.0,7308.0,2525.0,0.807,0.10561565540518351,0.659,0.959,0.29999999999999993,89.10714126594391
37.5,59,7281,0.919,1,38.56,25.100252322768938,12.1,100.0,87.9,56.0,5.477225575051749,51.0,68.0,17.0,5626.3,1151.4659304073532,4783.0,7308.0,2525.0,0.8029999999999999,0.09981761144986075,0.659,0.959,0.29999999999999993,123.40677756937666
37.6,59,7308,0.991,1,39.11,25.00304203714244,12.1,100.0,87.9,56.7,5.355163655555135,51.0,68.0,17.0,5877.6,1221.9475529752526,4783.0,7308.0,2525.0,0.8189,0.11625971882910262,0.659,0.991,0.33199999999999996,123.86440468026433
25.5,56,4996,0.772,0,37.809999999999995,25.37349667139581,12.1,100.0,87.9,57.1,5.108815909777998,51.0,68.0,17.0,5875.7,1223.4516791075553,4783.0,7308.0,2525.0,0.8282,0.10719121025324467,0.659,0.991,0.33199999999999996,89.2142841211735
57.2,56,7308,0.664,1,38.2,25.66632034398388,12.1,100.0,87.9,57.3,5.012207320355273,51.0,68.0,17.0,5878.4,1226.9224552151195,4783.0,7308.0,2525.0,0.8287000000000001,0.10632241323237215,0.664,0.991,0.32699999999999996,130.4999976696429
71.6,66,4818,0.922,0,44.15,25.83960139011436,19.3,100.0,80.7,58.8,5.159672685570542,52.0,68.0,16.0,5860.6,1242.3409086612735,4783.0,7308.0,2525.0,0.842,0.10908712114635584,0.664,0.991,0.32699999999999996,72.99999889393942
37.3,51,4789,0.661,0,43.18,25.90271543036882,19.3,100.0,80.7,57.7,5.5587768438749805,51.0,68.0,17.0,5839.9,1259.9473930816787,4783.0,7308.0,2525.0,0.8318000000000001,0.12137160568545845,0.661,0.991,0.32999999999999996,93.90195894309885
15.8,49,4795,0.749,0,42.83,26.282104177557784,15.8,100.0,84.2,57.2,6.124631508189851,49.0,68.0,19.0,5837.6,1262.0393725148842,4783.0,7308.0,2525.0,0.8108000000000001,0.11491330065169335,0.661,0.991,0.32999999999999996,97.85714086005835
33.8,54,4818,0.799,0,44.029999999999994,25.476832613180157,15.8,100.0,84.2,57.4,5.966573556070581,49.0,68.0,19.0,5841.1,1258.8341564055681,4789.0,7308.0,2519.0,0.8155000000000001,0.11318936934771358,0.661,0.991,0.32999999999999996,89.22222056995888
17.0,60,4996,0.747,0,35.73,17.482375251791318,15.8,71.6,55.8,56.6,4.812021982031713,49.0,66.0,17.0,5609.9,1168.56202707049,4789.0,7308.0,2519.0,0.8126000000000001,0.11467558104883831,0.661,0.991,0.32999999999999996,83.26666527888892
20.5,61,5021,0.652,0,35.379999999999995,17.775876287198304,15.8,71.6,55.8,57.1,4.998888765404734,49.0,66.0,17.0,5613.0,1166.7745664389804,4789.0,7308.0,2519.0,0.7876000000000001,0.12014084327247784,0.652,0.991,0.33899999999999997,82.31147406046765
37.8,58,4824,0.872,0,35.41,17.780104361648505,15.8,71.6,55.8,57.0,4.966554808583861,49.0,66.0,17.0,5367.3,1026.8007542307646,4789.0,7308.0,2519.0,0.7828999999999999,0.11524895757542493,0.652,0.991,0.33899999999999997,83.17241235909634
23.2,52,4812,0.661,0,33.97,18.16205140151058,15.8,71.6,55.8,56.3,5.143496432929303,49.0,66.0,17.0,5117.7,775.1643624992462,4789.0,7308.0,2519.0,0.7499,0.09440156542958132,0.652,0.922,0.27,92.53845975887577
17.2,61,4996,0.782,0,33.14,18.771562416473408,15.8,71.6,55.8,56.8,5.349974039397113,49.0,66.0,17.0,5117.7,775.1643624992462,4789.0,7308.0,2519.0,0.7509,0.09471413129341699,0.652,0.922,0.27,81.9016380016125
25.9,54,4777,0.881,0,30.009999999999998,16.82230331699232,15.8,71.6,55.8,56.6,5.420127099780839,49.0,66.0,17.0,4864.6,97.74365566210393,4777.0,5021.0,244.0,0.7726000000000001,0.09741229673688766,0.652,0.922,0.27,88.46296132475997
100.0,83,7295,0.864,2,32.85,25.022489884102292,15.8,100.0,84.2,58.3,9.684466370889492,49.0,83.0,34.0,5112.3,772.9527871164481,4777.0,7295.0,2518.0,0.7668,0.08888169415327023,0.652,0.881,0.22899999999999998,87.89156520612572
34.2,68,5028,0.813,0,32.54,24.980401206634895,15.8,100.0,84.2,60.0,9.752492558885214,49.0,83.0,34.0,5136.2,765.5045975621985,4777.0,7295.0,2518.0,0.782,0.0814657392200337,0.652,0.881,0.22899999999999998,73.94117538321801
33.1,65,4812,0.874,0,34.269999999999996,24.28154534712414,17.0,100.0,83.0,61.6,9.03327183250898,52.0,83.0,31.0,5137.9,764.6811172711705,4777.0,7295.0,2518.0,0.7945,0.08533756499924187,0.652,0.881,0.22899999999999998,74.03076809183435
18.9,54,5034,0.757,0,32.78,24.76591744043956,17.0,100.0,83.0,61.6,9.03327183250898,52.0,83.0,31.0,5159.5,757.6592975151074,4777.0,7295.0,2518.0,0.7903,0.08612142590551926,0.652,0.881,0.22899999999999998,93.22222049588481
39.6,61,4789,0.965,0,35.040000000000006,24.190411323497607,17.2,100.0,82.8,61.7,9.019115502334172,52.0,83.0,31.0,5138.8,765.4106813411253,4777.0,7295.0,2518.0,0.8121,0.10035763825217957,0.652,0.965,0.31299999999999994,78.50819543429188
75.2,66,7268,0.856,1,40.510000000000005,26.601564281489594,17.2,100.0,82.8,62.2,9.114091653405001,52.0,83.0,31.0,5363.5,1015.8410035258579,4777.0,7295.0,2518.0,0.8324999999999999,0.08351879362687545,0.661,0.965,0.30399999999999994,110.12121045270894
100.0,65,7322,0.747,2,46.730000000000004,32.51259755848493,17.2,100.0,82.8,62.9,9.024041962077375,52.0,83.0,31.0,5613.3,1164.6677208543135,4777.0,7322.0,2545.0,0.82,0.08625929901562164,0.661,0.965,0.30399999999999994,112.64615211313613
80.2,62,7281,0.834,1,52.43000000000001,32.922975766679,17.2,100.0,82.8,63.9,8.198238293140236,54.0,83.0,29.0,5860.2,1235.4757787994001,4777.0,7322.0,2545.0,0.8372999999999999,0.06573355307603347,0.747,0.965,0.21799999999999997,117.43548197684707
16.5,52,4766,0.687,0,52.36,33.00684104175307,16.5,100.0,83.5,63.0,9.006170724070861,52.0,83.0,31.0,5837.2,1255.3328730747899,4766.0,7322.0,2556.0,0.8278000000000001,0.07994275729823297,0.687,0.965,0.2779999999999999,91.65384439127223
42.2,64,5002,0.964,0,53.989999999999995,31.940202810181948,16.5,100.0,83.5,64.0,8.432740427115665,52.0,83.0,31.0,5859.7,1236.087829493603,4766.0,7322.0,2556.0,0.8360999999999998,0.08978301002354844,0.687,0.965,0.2779999999999999,78.15624877880862
14.2,50,4795,0.663,0,45.410000000000004,29.6493376354721,14.2,100.0,85.8,60.7,6.377913277693424,50.0,68.0,18.0,5609.7,1164.2698284046162,4766.0,7322.0,2556.0,0.8160000000000001,0.10418679805468953,0.663,0.965,0.30199999999999994,95.89999808200004
31.0,49,7281,0.699,1,45.09,29.80065062675273,14.2,100.0,85.8,58.8,6.779052703405998,49.0,66.0,17.0,5835.0,1253.749310401931,4766.0,7322.0,2556.0,0.8046,0.11059154076550652,0.663,0.965,0.30199999999999994,148.59183370220748
24.4,54,4807,0.994,0,44.22,30.312183102581784,14.2,100.0,85.8,57.7,6.549809157525187,49.0,66.0,17.0,5834.5,1254.2035321270564,4766.0,7322.0,2556.0,0.8166,0.12458392976445766,0.663,0.994,0.33099999999999996,89.01851687002747
100.0,92,7336,0.846,2,52.33,33.46978903097205,14.2,100.0,85.8,61.5,12.492219800962348,49.0,92.0,43.0,6064.7,1301.3249700892416,4766.0,7336.0,2570.0,0.8254999999999999,0.1230223556919625,0.663,0.994,0.33099999999999996,79.73912956805295
27.5,63,5028,1.001,0,51.12,34.19206535635618,14.2,100.0,85.8,61.7,12.499333315554614,49.0,92.0,43.0,6088.6,1277.2646293283633,4766.0,7336.0,2570.0,0.8291000000000001,0.12798476471830436,0.663,1.001,0.33799999999999986,79.80952254270599
40.6,62,4818,0.924,0,47.660000000000004,33.22145223931201,14.2,100.0,85.8,61.3,12.41012131734059,49.0,92.0,43.0,5843.6,1260.7684781733478,4766.0,7336.0,2570.0,0.8359,0.13133540607501312,0.663,1.001,0.33799999999999986,77.70967616597297
35.9,56,4807,0.657,0,41.25,27.730698993474135,14.2,100.0,85.8,60.4,12.43829212999564,49.0,92.0,43.0,5592.1,1181.4390895099934,4766.0,7336.0,2570.0,0.8269,0.14084384576149792,0.657,1.001,0.34399999999999986,85.83928418144136
18.9,52,4996,0.667,0,35.12,24.782556589486738,14.2,100.0,85.8,59.4,12.694705808153103,49.0,92.0,43.0,5363.6,1029.7256592575084,4766.0,7336.0,2570.0,0.8102,0.1495406299304633,0.657,1.001,0.34399999999999986,96.07692122928998
28.5,55,5002,0.741,0,36.32,24.060793373822463,14.2,100.0,85.8,59.7,12.534840334931383,49.0,92.0,43.0,5387.2,1017.1350615003448,4795.0,7336.0,2541.0,0.8156000000000001,0.1455183837183459,0.657,1.001,0.34399999999999986,90.94545289190086
100.0,72,7281,0.766,2,42.1,31.44091460360388,14.2,100.0,85.8,60.5,13.083067937860255,49.0,92.0,43.0,5615.1,1165.7038360292522,4795.0,7336.0,2541.0,0.7958,0.13625857771164288,0.657,1.001,0.34399999999999986,101.12499859548613
29.4,56,5002,0.716,1,43.62,30.288531016064667,18.9,100.0,81.1,61.1,12.679379585242604,49.0,92.0,43.0,5635.8,1151.2713552127118,4807.0,7336.0,2529.0,0.8010999999999999,0.13146562710880333,0.657,1.001,0.34399999999999986,89.32142697640309
28.4,59,4996,0.789,0,43.36,30.419774270475234,18.9,100.0,81.1,62.1,11.99490632634444,52.0,92.0,40.0,5407.3,1006.0577683877355,4807.0,7336.0,2529.0,0.8101,0.12669337437731656,0.657,1.001,0.34399999999999986,84.67796466647518
13.0,57,4681,0.749,0,42.22,31.406857000767637,13.0,100.0,87.0,62.4,11.80583659796195,52.0,92.0,40.0,5394.7,1015.1592157554942,4681.0,7336.0,2655.0,0.7856,0.10973321182658255,0.657,1.001,0.34399999999999986,82.12280557679289
48.6,58,4996,0.749,0,37.08,24.302482726393777,13.0,100.0,87.0,59.0,5.597618541248942,52.0,72.0,20.0,5160.7,754.0770738679875,4681.0,7281.0,2600.0,0.7758999999999999,0.1080755394260057,0.657,1.001,0.34399999999999986,86.13792954934604
100.0,62,7295,0.735,2,44.33,31.01437122081024,13.0,100.0,87.0,58.9,5.526702854726773,52.0,72.0,20.0,5387.4,1007.8243012659492,4681.0,7295.0,2614.0,0.7493000000000001,0.07382419055506864,0.657,0.924,0.267,117.66128842481794
47.3,61,7308,0.819,1,45.0,30.997204175000476,13.0,100.0,87.0,58.8,5.473166867139736,52.0,72.0,20.0,5636.4,1149.1961635083032,4681.0,7308.0,2627.0,0.7388,0.04976120755948132,0.657,0.819,0.16199999999999992,119.80327672453645
100.0,71,7295,0.76,2,51.410000000000004,35.24320107796994,13.0,100.0,87.0,60.3,6.566751268490578,52.0,72.0,20.0,5885.2,1217.0045923404573,4681.0,7308.0,2627.0,0.7491,0.04080155225805311,0.667,0.819,0.1519999999999999,102.74647742610595
28.3,57,4783,0.954,0,52.35,34.394904338352845,13.0,100.0,87.0,60.8,6.033241251599368,55.0,72.0,17.0,5863.9,1236.0120864205828,4681.0,7308.0,2627.0,0.7777999999999999,0.06830454678212132,0.716,0.954,0.238,83.91227922960914
34.5,59,4812,0.874,0,52.95,33.98248731985997,13.0,100.0,87.0,61.2,5.73100728009001,56.0,72.0,16.0,5844.9,1252.089138644328,4681.0,7308.0,2627.0,0.7911,0.07312158823949681,0.716,0.954,0.238,81.55932065153694
23.8,55,4818,0.748,0,45.33,30.638866021951777,13.0,100.0,87.0,59.5,4.576510072582051,55.0,71.0,16.0,5598.6,1178.2778581943612,4681.0,7308.0,2627.0,0.7893,0.07402409517627705,0.716,0.954,0.238,87.59999840727276
42.2,64,4990,0.791,0,46.61,30.163091869221745,13.0,100.0,87.0,60.3,4.595891885393151,55.0,71.0,16.0,5597.4,1178.9588815749362,4681.0,7308.0,2627.0,0.7968,0.06942910052708327,0.735,0.954,0.21899999999999997,77.9687487817383
40.6,53,4812,0.749,0,47.83,29.585921952472216,13.0,100.0,87.0,59.7,5.143496432929262,53.0,71.0,18.0,5579.0,1190.7645536470263,4681.0,7308.0,2627.0,0.7928,0.07106147573286935,0.735,0.954,0.21899999999999997,90.79245111712356
25.4,54,5002,0.813,0,49.07000000000001,28.19089884657418,23.8,100.0,76.2,59.4,5.399588461684473,53.0,71.0,18.0,5611.1,1167.9755943036093,4783.0,7308.0,2525.0,0.7992,0.06954423052992842,0.735,0.954,0.21899999999999997,92.62962791426615
45.1,64,4990,0.917,0,48.72,28.21909518984145,23.8,100.0,76.2,60.0,5.557777333511061,53.0,71.0,18.0,5610.5,1168.3281740256898,4783.0,7308.0,2525.0,0.8160000000000001,0.07605699617172933,0.735,0.954,0.21899999999999997,77.9687487817383
30.0,58,4990,0.874,0,41.72,22.10494162951906,23.8,100.0,76.2,59.6,5.541760650832154,53.0,71.0,18.0,5380.0,1016.5898331622565,4783.0,7308.0,2525.0,0.8299,0.07221334133431584,0.748,0.954,0.20599999999999996,86.03448127526757
48.0,67,7295,1.001,1,41.79,22.12567387548783,23.8,100.0,76.2,60.2,6.014796569941345,53.0,71.0,18.0,5378.7,1013.8550247008133,4783.0,7295.0,2512.0,0.8481,0.08992398024010007,0.748,1.001,0.2529999999999999,108.88059538984186
40.5,51,7281,0.761,1,35.839999999999996,8.59679526852244,23.8,48.0,24.2,58.2,5.308274463305243,51.0,67.0,16.0,5377.3,1010.920268314403,4783.0,7295.0,2512.0,0.8482,0.08981561358942068,0.748,1.001,0.2529999999999999,142.76470308304505
24.1,49,4964,0.663,1,35.42,9.09429613671246,23.8,48.0,24.2,57.4,6.0589694760010175,49.0,67.0,18.0,5395.4,1000.6656895398174,4812.0,7295.0,2483.0,0.8191,0.09845410662390308,0.663,1.001,0.33799999999999986,101.30612038150775
38.1,48,7281,0.737,1,35.78,9.125032724446699,23.8,48.0,24.2,56.3,6.700746227100467,48.0,67.0,19.0,5642.3,1136.1495451254955,4812.0,7295.0,2483.0,0.8054,0.09949226658947376,0.663,1.001,0.33799999999999986,151.68749683984382
51.7,58,7308,1.016,1,38.57000000000001,9.318327222319613,24.1,51.7,27.6,56.6,6.7032330507997715,48.0,67.0,19.0,5891.3,1206.123178710288,4812.0,7308.0,2496.0,0.8322,0.1168872200979301,0.663,1.016,0.353,125.99999782758626
100.0,65,7308,0.749,2,44.35,21.622686131828196,24.1,100.0,75.9,56.7,6.8321137122986215,48.0,67.0,19.0,6123.1,1236.0323125945251,4812.0,7308.0,2496.0,0.828,0.11926254883891799,0.663,1.016,0.353,112.43076750106512
15.7,51,4783,0.844,0,41.86,23.458293960890582,15.7,100.0,84.3,56.5,6.980130530457387,48.0,67.0,19.0,6120.2,1239.4794427052354,4783.0,7308.0,2525.0,0.8375,0.11600981759220852,0.663,1.016,0.353,93.78431188658213
13.0,51,4990,0.741,0,40.620000000000005,24.718899651885806,13.0,100.0,87.0,56.2,7.1616261343978325,48.0,67.0,19.0,6119.0,1240.6875334086128,4783.0,7308.0,2525.0,0.8302999999999999,0.119869419694005,0.663,1.016,0.353,97.84313533640912
42.6,48,7281,0.678,1,40.37,24.681169160133226,13.0,100.0,87.0,54.6,7.011102306738717,48.0,67.0,19.0,6348.1,1220.4045276510194,4783.0,7308.0,2525.0,0.8064,0.12440275095207601,0.663,1.016,0.353,151.68749683984382
34.1,57,7295,0.854,1,40.78,24.523313171121252,13.0,100.0,87.0,54.5,6.964194138592162,48.0,67.0,19.0,6578.6,1151.10412696294,4783.0,7308.0,2525.0,0.8044,0.12335153018912984,0.663,1.016,0.353,127.98245389504467
55.6,61,7308,0.844,1,41.54,24.886997944040317,13.0,100.0,87.0,53.9,5.952590472503114,48.0,65.0,17.0,6579.9,1152.0100742229265,4783.0,7308.0,2525.0,0.7887,0.10402569127116774,0.663,1.016,0.353,119.80327672453645
100.0,64,7281,0.762,2,47.489999999999995,30.978001154941467,13.0,100.0,87.0,55.2,6.629898608241068,48.0,65.0,17.0,6579.9,1152.0100742229265,4783.0,7308.0,2525.0,0.7888,0.10399658114038532,0.663,1.016,0.353,113.76562322241215
27.0,49,7268,0.67,1,47.779999999999994,30.74742265621623,13.0,100.0,87.0,55.2,6.629898608241068,48.0,65.0,17.0,6810.3,1015.1985082293596,4783.0,7308.0,2525.0,0.7895000000000001,0.10307521525565617,0.67,1.016,0.346,148.32652758517293
71.7,70,4783,0.736,0,51.14,31.400997861002214,13.0,100.0,87.0,57.4,7.56012933457864,48.0,70.0,22.0,6560.5,1180.397225984165,4783.0,7308.0,2525.0,0.7894,0.1031322775209901,0.67,1.016,0.346,68.328570452449
27.2,67,4795,0.98,1,48.69,32.295491601426,13.0,100.0,87.0,58.3,8.152027695951254,48.0,70.0,22.0,6309.2,1267.8396148128852,4783.0,7308.0,2525.0,0.7858,0.09462064609093794,0.67,0.98,0.30999999999999994,71.56716311093787
39.1,57,5021,0.996,0,42.6,26.8232071990738,13.0,100.0,87.0,57.5,7.806692285753638,48.0,70.0,22.0,6080.5,1273.9080945395256,4783.0,7308.0,2525.0,0.8105,0.11416678832110218,0.67,0.996,0.32599999999999996,88.08771775284706
51.0,64,5028,0.93,1,46.129999999999995,25.161039105905157,13.0,100.0,87.0,58.8,7.685484153042497,48.0,70.0,22.0,6105.0,1248.2798831458665,4783.0,7308.0,2525.0,0.8191,0.12005781014901759,0.67,0.996,0.32599999999999996,78.56249877246096
14.6,57,4996,0.654,0,46.29,24.930991422992648,14.6,100.0,85.4,59.4,7.229568912920551,48.0,70.0,22.0,6105.6,1247.6856976017605,4783.0,7308.0,2525.0,0.8103999999999999,0.12915382731886388,0.654,0.996,0.34199999999999997,87.64912126931367
39.6,55,7281,0.67,1,45.99,24.99828660795241,14.6,100.0,85.4,60.1,6.279596590015458,49.0,70.0,21.0,6105.6,1247.6856976017605,4783.0,7308.0,2525.0,0.8096,0.1300864669705834,0.654,0.996,0.34199999999999997,132.3818157748761
24.9,54,7281,0.685,1,45.07,25.645404613259224,14.6,100.0,85.4,59.8,6.5115282384399205,49.0,70.0,21.0,6104.2,1246.2097915056022,4783.0,7308.0,2525.0,0.7927,0.13457756953601915,0.654,0.996,0.34199999999999997,134.8333308364198
100.0,65,7308,0.716,2,49.510000000000005,30.963184231887016,14.6,100.0,85.4,60.2,6.71317113342622,49.0,70.0,21.0,6104.2,1246.2097915056022,4783.0,7308.0,2525.0,0.7799,0.13524171775832375,0.654,0.996,0.34199999999999997,112.43076750106512
14.5,58,4996,0.757,0,40.96,27.026538397985373,14.5,100.0,85.5,59.6,6.603029607687711,49.0,70.0,21.0,5875.7,1215.5691899499357,4783.0,7308.0,2525.0,0.7794,0.1353244660477587,0.654,0.996,0.34199999999999997,86.13792954934604
30.4,66,5028,0.932,1,41.3,26.852229371547946,14.5,100.0,85.5,61.3,5.696977756280584,54.0,70.0,16.0,5651.7,1134.1571564626915,4783.0,7308.0,2525.0,0.8056000000000001,0.1371408035560526,0.654,0.996,0.34199999999999997,76.18181702754823
46.4,69,4812,0.995,0,38.769999999999996,24.7817607660688,14.5,100.0,85.5,61.2,5.533734925185922,54.0,69.0,15.0,5654.6,1131.7235822702685,4795.0,7308.0,2513.0,0.8314999999999999,0.14666231054136938,0.654,0.996,0.34199999999999997,69.7391294240706
100.0,65,7295,0.747,2,46.05,30.93449171681631,14.5,100.0,85.5,61.0,5.333333333333357,54.0,69.0,15.0,5904.6,1195.0910890434666,4812.0,7308.0,2496.0,0.8082,0.13874340825182702,0.654,0.996,0.34199999999999997,112.23076750414204
42.4,66,7281,0.849,1,46.379999999999995,30.86964708433043,14.5,100.0,85.5,61.9,5.342700108039428,54.0,69.0,15.0,6130.6,1222.7997201322662,4812.0,7308.0,2496.0,0.7935000000000001,0.1235954422029113,0.654,0.995,0.34099999999999997,110.31818014669425
47.9,73,7308,1.001,1,46.06999999999999,30.833641439902024,14.5,100.0,85.5,62.8,6.390965845976985,54.0,73.0,19.0,6358.6,1206.8257906130805,4812.0,7308.0,2496.0,0.8006,0.13391639182713902,0.654,1.001,0.34699999999999986,100.10958766973168
25.3,66,4996,0.831,0,47.14,29.78814827708793,14.5,100.0,85.5,63.7,6.1110101001752675,54.0,73.0,19.0,6358.6,1206.8257906130805,4812.0,7308.0,2496.0,0.8183,0.12369411195903023,0.67,1.001,0.33099999999999985,75.69696855004594
12.6,51,4996,0.697,0,44.44,31.709206514477412,12.6,100.0,87.4,63.3,6.8321137122985265,51.0,73.0,22.0,6130.1,1228.892495976218,4812.0,7308.0,2496.0,0.821,0.12034672132357034,0.685,1.001,0.31599999999999984,97.96078239292584
54.0,65,7295,0.854,1,47.35,31.04506580941825,12.6,100.0,87.4,64.4,6.003702561290323,51.0,73.0,22.0,6131.5,1230.3564298382958,4812.0,7308.0,2496.0,0.8379,0.11059781995038372,0.697,1.001,0.30399999999999994,112.23076750414204
100.0,63,7295,0.709,2,47.35,31.04506580941825,12.6,100.0,87.4,64.2,6.014796569941278,51.0,73.0,22.0,6130.2,1228.9813125782912,4812.0,7308.0,2496.0,0.8371999999999999,0.11147376372940729,0.697,1.001,0.30399999999999994,115.79364895565637
100.0,73,7281,0.744,2,55.9,32.721111092246076,12.6,100.0,87.4,65.7,6.165315167216547,51.0,73.0,22.0,6358.7,1206.895194750194,4812.0,7308.0,2496.0,0.8359,0.11258325314578813,0.697,1.001,0.30399999999999994,99.73972466109967
100.0,62,7308,0.732,2,62.86,34.068858376985695,12.6,100.0,87.4,65.3,6.272515001531986,51.0,73.0,22.0,6586.7,1141.14621226983,4812.0,7308.0,2496.0,0.8158999999999998,0.11137269763176953,0.697,1.001,0.30399999999999994,117.87096584079087
48.6,63,7295,0.984,1,63.080000000000005,33.9576795438086,12.6,100.0,87.4,64.7,6.165315167216565,51.0,73.0,22.0,6835.0,969.2799159972121,4996.0,7308.0,2312.0,0.8148,0.10944486181533404,0.697,1.001,0.30399999999999994,115.79364895565637
14.8,50,4990,0.789,0,54.56,34.35126392628562,12.6,100.0,87.4,63.2,7.714344503009376,50.0,73.0,23.0,6604.5,1111.3882459938723,4990.0,7308.0,2318.0,0.819,0.10733954433375219,0.697,1.001,0.30399999999999994,99.79999800400005
28.9,63,5028,0.878,0,53.21,35.138502149826074,12.6,100.0,87.4,62.9,7.651434142985508,50.0,73.0,23.0,6379.2,1184.9403923123439,4990.0,7308.0,2318.0,0.8219,0.10862417369587157,0.697,1.001,0.30399999999999994,79.80952254270599
46.6,51,7308,0.661,1,53.080000000000005,35.16272647752634,12.6,100.0,87.4,60.7,7.587270040447166,50.0,73.0,23.0,6379.2,1184.9403923123439,4990.0,7308.0,2318.0,0.7879,0.09913229096067028,0.661,0.984,0.32299999999999995,143.2941148373703
16.5,48,7281,0.666,1,52.2,36.03452048614863,12.6,100.0,87.4,58.9,8.292566952799813,48.0,73.0,25.0,6607.7,1106.2766431192126,4990.0,7308.0,2318.0,0.7714,0.10473479735874659,0.661,0.984,0.32299999999999995,151.68749683984382
22.5,47,7295,0.881,1,53.19,34.94520949524649,14.8,100.0,85.2,58.5,8.797095480264488,47.0,73.0,26.0,6837.6,963.8404893388201,4990.0,7308.0,2318.0,0.7898,0.10636185615362452,0.661,0.984,0.32299999999999995,155.2127626550476
27.0,64,7281,1.001,1,50.489999999999995,35.90553810579456,14.8,100.0,85.2,58.4,8.720346578229874,47.0,73.0,26.0,6836.2,963.1121776131138,4990.0,7308.0,2318.0,0.8045,0.12478359044539572,0.661,1.001,0.33999999999999986,113.76562322241215
11.5,48,4783,0.689,0,41.64,33.14718690929895,11.5,100.0,88.5,56.9,9.122012448528698,47.0,73.0,26.0,6585.0,1141.2655743126195,4783.0,7308.0,2525.0,0.8025,0.12663091600746126,0.661,1.001,0.33999999999999986,99.64583125737852
100.0,66,7295,0.734,2,41.64,33.14718690929895,11.5,100.0,88.5,56.2,7.941452428030295,47.0,66.0,19.0,6586.4,1142.2224146130413,4783.0,7308.0,2525.0,0.8015000000000001,0.1271825022905616,0.661,1.001,0.33999999999999986,110.5303013556015
25.5,67,4807,0.984,0,34.19,26.22172339450209,11.5,100.0,88.5,56.7,8.485936077482117,47.0,67.0,20.0,6336.3,1236.577090196967,4783.0,7308.0,2525.0,0.8267,0.13650563683924782,0.661,1.001,0.33999999999999986,71.74626758587661
43.5,61,5002,0.829,0,33.67999999999999,25.958590956453026,11.5,100.0,88.5,56.5,8.343327340522643,47.0,67.0,20.0,6107.0,1251.5577848780624,4783.0,7308.0,2525.0,0.8112,0.12497270813172594,0.661,1.001,0.33999999999999986,81.99999865573773
50.1,51,7322,0.809,1,37.21,25.502045669579793,11.5,100.0,88.5,56.6,8.262364471909247,47.0,67.0,20.0,6340.2,1237.4833601574867,4783.0,7322.0,2539.0,0.8131999999999999,0.12473776938486147,0.661,1.001,0.33999999999999986,143.56862463590932
35.4,58,7295,0.879,1,37.86,25.34908282364473,11.5,100.0,88.5,56.1,7.978443178688257,47.0,67.0,20.0,6566.9,1176.5359181370827,4783.0,7322.0,2539.0,0.8132999999999999,0.12479587778092226,0.661,1.001,0.33999999999999986,125.77585990041621
100.0,66,7322,0.729,2,43.2,32.11614339653294,11.5,100.0,88.5,57.6,8.315981935740169,47.0,67.0,20.0,6568.3,1177.5236775161309,4783.0,7322.0,2539.0,0.8200999999999998,0.11719636892365155,0.666,1.001,0.33499999999999985,110.93939225849407
47.6,65,4990,0.864,0,46.309999999999995,30.7187402085437,11.5,100.0,88.5,59.3,7.860590874030383,47.0,67.0,20.0,6339.2,1244.4222041663431,4783.0,7322.0,2539.0,0.8399000000000001,0.10428321479935573,0.689,1.001,0.31199999999999994,76.7692295881657
25.2,52,7254,0.821,1,46.58,30.497278567111515,11.5,100.0,88.5,59.8,7.114929530376458,48.0,67.0,19.0,6335.1,1240.9860282139439,4783.0,7322.0,2539.0,0.8339000000000001,0.10337789361797128,0.689,1.001,0.31199999999999994,139.49999731730776
22.5,67,4990,0.758,0,46.129999999999995,30.849457045465147,11.5,100.0,88.5,60.1,7.3703610645763415,48.0,67.0,19.0,6106.0,1258.3108607264803,4783.0,7322.0,2539.0,0.8096,0.0869970625302296,0.689,0.984,0.29500000000000004,74.47761082869238
24.1,51,7295,0.663,1,47.39,29.505948552791846,22.5,100.0,77.5,60.4,6.866990283636359,51.0,67.0,16.0,6357.2,1214.8385169322794,4807.0,7322.0,2515.0,0.807,0.09128465856259028,0.663,0.984,0.32099999999999995,143.03921288158406
20.3,52,4996,0.789,0,39.42,23.958890718153974,20.3,100.0,79.7,59.0,7.023769168568558,51.0,67.0,16.0,6127.3,1235.014624294877,4807.0,7322.0,2515.0,0.8125,0.08799526502412754,0.663,0.984,0.32099999999999995,96.07692122928998
13.9,52,4996,0.661,0,38.260000000000005,24.967320863703247,13.9,100.0,86.1,57.5,6.7206150512187435,51.0,67.0,16.0,6146.2,1213.8289097818588,4990.0,7322.0,2332.0,0.7802,0.07659097713032308,0.661,0.879,0.21799999999999997,96.07692122928998
58.0,57,5002,0.775,0,39.71,25.71529808412797,13.9,100.0,86.1,57.1,6.607235091591406,51.0,67.0,16.0,6146.2,1213.8289097818588,4990.0,7322.0,2332.0,0.7747999999999999,0.074647021225081,0.661,0.879,0.21799999999999997,87.75438442536168
8.8,51,4801,0.799,0,35.58,27.13832058997839,8.8,100.0,91.2,57.1,6.607235091591406,51.0,67.0,16.0,5894.1,1204.2489083795438,4801.0,7322.0,2521.0,0.7738,0.07420362375098467,0.661,0.879,0.21799999999999997,94.1372530561323
31.0,53,4812,0.684,1,35.14,27.177204500177076,8.8,100.0,91.2,56.6,6.719788356455656,51.0,67.0,16.0,5645.8,1137.4352045037244,4801.0,7322.0,2521.0,0.7543,0.06892032436887613,0.661,0.864,0.20299999999999996,90.79245111712356
14.3,52,4996,0.801,0,26.57,15.421633434165782,8.8,58.0,49.2,55.2,5.959119994689894,51.0,67.0,16.0,5413.2,984.0616286030413,4801.0,7295.0,2494.0,0.7615000000000001,0.06973959500248818,0.661,0.864,0.20299999999999996,96.07692122928998
29.4,48,7281,0.667,1,24.75,13.634372413540474,8.8,58.0,49.2,53.5,5.233439489369401,48.0,67.0,19.0,5642.3,1130.39354503936,4801.0,7295.0,2494.0,0.7418,0.06524790332944749,0.661,0.821,0.15999999999999992,151.68749683984382
21.2,54,5002,0.867,0,24.35,13.678308050015307,8.8,58.0,49.2,53.7,5.207899981972037,48.0,67.0,19.0,5417.1,989.127724591489,4801.0,7295.0,2494.0,0.7464000000000001,0.07265320976315436,0.661,0.867,0.20599999999999996,92.62962791426615
28.6,51,5021,0.661,1,24.96,13.722584790531837,8.8,58.0,49.2,52.1,2.3309511649401498,48.0,57.0,9.0,5420.2,987.687962420871,4801.0,7295.0,2494.0,0.7367000000000001,0.07726153276012909,0.661,0.867,0.20599999999999996,98.45097846174552
23.0,52,4996,0.706,0,24.85,13.734647995327652,8.8,58.0,49.2,52.2,2.2997584414219188,48.0,57.0,9.0,5190.3,739.0893871665313,4801.0,7281.0,2480.0,0.741,0.07382411530116727,0.661,0.867,0.20599999999999996,96.07692122928998
36.3,62,4996,0.65,0,26.45,14.07347781388026,8.8,58.0,49.2,53.2,3.852848873813595,48.0,62.0,14.0,5190.3,739.0893871665313,4801.0,7281.0,2480.0,0.7271000000000001,0.07680776870430121,0.65,0.867,0.21699999999999997,80.58064386160252
34.7,53,4812,0.829,0,28.53,13.539493671806591,8.8,58.0,49.2,53.3,3.831158803518851,48.0,62.0,14.0,5171.9,746.7150951556488,4801.0,7281.0,2480.0,0.7439,0.0790828679297863,0.65,0.867,0.21699999999999997,90.79245111712356
100.0,64,7322,0.713,2,32.730000000000004,25.194666543183768,8.8,100.0,91.2,54.0,5.03322295684737,48.0,64.0,16.0,5403.9,1004.1068391582766,4801.0,7322.0,2521.0,0.7377,0.07880362371814613,0.65,0.867,0.21699999999999997,114.40624821240237
100.0,65,7295,0.761,2,41.85,31.329441247633014,14.3,100.0,85.7,55.4,5.966573556070661,48.0,65.0,17.0,5653.3,1138.4610518883164,4812.0,7322.0,2510.0,0.7339,0.07639873471901701,0.65,0.867,0.21699999999999997,112.23076750414204
23.7,50,7308,0.662,1,41.12,31.693280044829695,14.3,100.0,85.7,55.1,6.172519744804529,48.0,65.0,17.0,5902.9,1205.1780366402259,4812.0,7322.0,2510.0,0.7317,0.07828871069459696,0.65,0.867,0.21699999999999997,146.15999707680007
59.9,56,7295,0.709,1,45.67999999999999,30.669594063175985,21.2,100.0,78.8,55.5,6.078194176270293,48.0,65.0,17.0,6132.8,1231.9371196074335,4812.0,7322.0,2510.0,0.7224999999999999,0.07455683886956542,0.65,0.867,0.21699999999999997,130.26785481664547
29.6,51,7281,0.664,1,45.7,30.65786105462095,21.2,100.0,78.8,55.8,5.731007280090127,50.0,65.0,15.0,6132.8,1231.9371196074335,4812.0,7322.0,2510.0,0.7222000000000001,0.0748105756041373,0.65,0.867,0.21699999999999997,142.76470308304505
84.2,62,7295,0.831,1,52.0,31.524664065528807,23.0,100.0,77.0,56.6,6.003702561290478,50.0,65.0,15.0,6362.1,1211.3003526972334,4812.0,7322.0,2510.0,0.7186,0.06758566580438753,0.65,0.831,0.18099999999999994,117.66128842481794
26.4,54,4996,0.658,0,51.779999999999994,31.713221918380405,23.0,100.0,77.0,56.9,5.762908216440067,50.0,65.0,15.0,6359.6,1214.3976284561816,4812.0,7322.0,2510.0,0.7182999999999999,0.06787578524203135,0.65,0.831,0.18099999999999994,92.51851680521266
18.8,61,5034,0.961,0,51.36,32.1613708939432,18.8,100.0,81.2,57.8,5.613475849339001,50.0,65.0,15.0,6363.4,1209.7070536107299,4812.0,7322.0,2510.0,0.7438,0.1020422570419836,0.65,0.961,0.31099999999999994,82.52458881107232
21.3,48,4789,0.682,0,49.86,33.27241767256742,18.8,100.0,81.2,56.4,6.168017869984319,48.0,65.0,17.0,6342.7,1237.1646840884011,4789.0,7322.0,2533.0,0.747,0.09923708984044229,0.658,0.961,0.30299999999999994,99.77083125477435
63.1,73,7295,0.989,1,52.7,33.045927636145,18.8,100.0,81.2,58.4,7.9330532163432705,48.0,73.0,25.0,6591.0,1141.2708316219746,4789.0,7322.0,2533.0,0.763,0.12378834983775937,0.658,0.989,0.33099999999999996,99.93150548039034
37.2,62,7295,1.001,1,46.42,28.745774568718016,18.8,100.0,81.2,58.2,7.8002848950820685,48.0,73.0,25.0,6588.3,1139.3796606536002,4789.0,7308.0,2519.0,0.7918,0.14289141176276263,0.658,1.001,0.34299999999999986,117.66128842481794
18.6,56,5002,0.862,0,38.28,22.79721230521157,18.6,84.2,65.6,57.3,7.4393846818433635,48.0,73.0,25.0,6359.0,1209.9041284333227,4789.0,7308.0,2519.0,0.8019000000000001,0.14403737940779973,0.658,1.001,0.34299999999999986,89.32142697640309
13.9,56,4996,1.001,0,37.3,23.68689276559697,13.9,84.2,70.3,57.9,7.015063158027318,48.0,73.0,25.0,6127.8,1229.1571457258356,4789.0,7295.0,2506.0,0.8358000000000001,0.14730829349813598,0.658,1.001,0.34299999999999986,89.2142841211735
24.5,58,4996,0.857,0,33.760000000000005,22.55212234407715,13.9,84.2,70.3,58.1,6.983313444681379,48.0,73.0,25.0,5897.9,1201.273440053416,4789.0,7295.0,2506.0,0.8506,0.14042728446502767,0.658,1.001,0.34299999999999986,86.13792954934604
100.0,61,7322,0.714,2,40.8,30.645282399307956,13.9,100.0,86.1,59.1,6.55659125528576,48.0,73.0,25.0,5902.0,1206.5767922331117,4789.0,7322.0,2533.0,0.8555999999999999,0.13377775932077965,0.658,1.001,0.34299999999999986,120.03278491749533
44.2,54,7281,0.667,1,36.8,26.70871684592049,13.9,100.0,86.1,58.3,6.6508144864621155,48.0,73.0,25.0,5900.6,1204.787689917924,4789.0,7322.0,2533.0,0.8392,0.1465695132768812,0.658,1.001,0.34299999999999986,134.8333308364198
18.8,52,4783,0.894,0,36.040000000000006,27.142144351543067,13.9,100.0,86.1,58.1,6.822348894951466,48.0,73.0,25.0,5879.3,1224.2826516418095,4783.0,7322.0,2539.0,0.8628,0.13247372905179508,0.667,1.001,0.33399999999999985,91.98076746190833
12.7,49,4812,0.72,0,35.43,27.636692598387732,12.7,100.0,87.3,56.9,7.294594650226457,48.0,73.0,25.0,5857.1,1243.180549147133,4783.0,7322.0,2539.0,0.8387,0.1345296745455551,0.667,1.001,0.33399999999999985,98.20407962848817
28.1,53,4996,0.66,1,36.11,27.332375999495163,12.7,100.0,87.3,57.4,6.769211344183562,49.0,73.0,24.0,5877.8,1225.010276600881,4783.0,7322.0,2539.0,0.8365,0.13752353333965017,0.66,1.001,0.34099999999999986,94.26414916482737
20.3,54,4996,0.911,0,31.830000000000002,25.952608518006258,12.7,100.0,87.3,55.5,4.00693842672398,49.0,62.0,13.0,5647.9,1142.4353567902342,4783.0,7322.0,2539.0,0.8286999999999999,0.12991454456252607,0.66,1.001,0.34099999999999986,92.51851680521266
100.0,68,7268,0.766,2,38.11,33.806260104043204,12.7,100.0,87.3,56.1,5.3218626647278064,49.0,68.0,19.0,5645.2,1138.133930802711,4783.0,7322.0,2539.0,0.8051999999999999,0.1157687349848818,0.66,1.001,0.34099999999999986,106.88235136937719
34.6,51,7268,0.766,1,39.71,33.1525916533434,12.7,100.0,87.3,55.6,5.561774297230605,49.0,68.0,19.0,5871.8,1218.5801209239794,4783.0,7322.0,2539.0,0.7956000000000001,0.11450880606602491,0.66,1.001,0.34099999999999986,142.5098011272588
18.1,59,7281,1.001,1,40.13000000000001,32.81415852951285,12.7,100.0,87.3,55.9,5.665686189686257,49.0,68.0,19.0,6100.3,1249.939291859139,4783.0,7322.0,2539.0,0.7956,0.11450880606602491,0.66,1.001,0.34099999999999986,123.40677756937666
60.7,66,7295,0.991,1,43.75000000000001,32.894959086968534,12.7,100.0,87.3,56.7,6.498717822258072,49.0,68.0,19.0,6330.2,1235.6025790412261,4783.0,7322.0,2539.0,0.8089999999999999,0.12936855190587082,0.66,1.001,0.34099999999999986,110.5303013556015
17.0,54,4795,0.66,0,35.45,27.08280512305428,12.7,100.0,87.3,56.0,6.359594676113093,49.0,68.0,19.0,6077.5,1268.201810964377,4783.0,7295.0,2512.0,0.8036,0.13478806409405106,0.66,1.001,0.34099999999999986,88.79629465192048
21.7,48,7281,0.712,1,33.2,27.209434638252507,12.7,100.0,87.3,55.4,6.834552736727752,48.0,68.0,20.0,6077.5,1268.201810964377,4783.0,7295.0,2512.0,0.8080999999999999,0.13040062201623884,0.66,1.001,0.34099999999999986,151.68749683984382
55.5,71,7349,0.972,1,36.87,27.524576896536207,12.7,100.0,87.3,57.3,8.273787255879666,48.0,71.0,23.0,6334.1,1236.3732311347828,4795.0,7349.0,2554.0,0.8159000000000001,0.1382087390708536,0.66,1.001,0.34099999999999986,103.50704079567548
15.4,63,5028,0.908,0,37.14,27.273234742753466,15.4,100.0,84.6,58.7,7.888810641239541,48.0,71.0,23.0,6355.7,1208.3971063630795,4795.0,7349.0,2554.0,0.8347,0.1364901705862599,0.66,1.001,0.34099999999999986,79.80952254270599
34.1,59,4812,0.843,0,37.74,27.11781702128697,15.4,100.0,84.6,59.3,7.631076813486683,48.0,71.0,23.0,6337.3,1232.5606633707266,4795.0,7349.0,2554.0,0.853,0.12195900950729133,0.66,1.001,0.34099999999999986,81.55932065153694
23.8,54,4789,0.79,0,38.09,26.889339068775133,15.4,100.0,84.6,59.3,7.631076813486683,48.0,71.0,23.0,6316.6,1259.0434817308276,4789.0,7349.0,2560.0,0.8409000000000001,0.12156703683336233,0.66,1.001,0.34099999999999986,88.68518354286698
11.6,53,5028,0.696,0,29.25,16.97954651926849,11.6,60.7,49.1,57.8,7.192588778272705,48.0,71.0,23.0,6092.6,1270.1829439537846,4789.0,7349.0,2560.0,0.8339000000000001,0.12819382027053886,0.66,1.001,0.34099999999999986,94.86792273834108
100.0,62,7295,0.704,2,35.79,28.17400101748658,11.6,100.0,88.4,58.9,6.871034209717773,48.0,71.0,23.0,6095.3,1272.9846861259186,4789.0,7349.0,2560.0,0.8276999999999999,0.13324251073387336,0.66,1.001,0.34099999999999986,117.66128842481794
26.2,59,5002,0.82,0,36.6,27.721712308826355,11.6,100.0,88.4,58.9,6.871034209717773,48.0,71.0,23.0,5867.4,1240.7187164435466,4789.0,7349.0,2560.0,0.8096,0.11857131000185217,0.66,0.991,0.33099999999999996,84.77965958000577
24.6,52,4818,0.921,0,32.989999999999995,26.56085047165809,11.6,100.0,88.4,57.5,6.6874675492463815,48.0,71.0,23.0,5619.7,1169.239643719126,4789.0,7349.0,2560.0,0.8026,0.1082930181395716,0.66,0.972,0.31199999999999994,92.65384437204146
24.5,52,4824,0.753,0,33.739999999999995,26.16206753637372,11.6,100.0,88.4,57.3,6.832113712298633,48.0,71.0,23.0,5622.6,1167.0007331236325,4789.0,7349.0,2560.0,0.8119,0.0982100356944792,0.696,0.972,0.276,92.76922898520714
17.7,53,5021,0.827,0,33.339999999999996,26.396136080873692,11.6,100.0,88.4,57.8,6.232531142677551,52.0,71.0,19.0,5396.6,1019.6888632214035,4789.0,7349.0,2560.0,0.8234,0.09173173448218902,0.696,0.972,0.276,94.73584726913496
13.3,52,4801,0.661,0,29.119999999999997,25.82689382106271,11.6,100.0,88.4,55.9,4.3830481529539105,52.0,63.0,11.0,5141.8,763.8740152087169,4789.0,7295.0,2506.0,0.7923,0.08841323430346752,0.661,0.921,0.26,92.32692130140536
100.0,92,7322,0.871,2,37.58,33.5381639993075,11.6,100.0,88.4,58.8,12.209286083414849,52.0,92.0,40.0,5371.2,1025.541027945728,4789.0,7322.0,2533.0,0.7886,0.08368087528753956,0.661,0.921,0.26,79.58695565666353
25.1,62,7281,0.971,1,36.68,33.761937806418125,11.6,100.0,88.4,59.1,12.251530516633453,52.0,92.0,40.0,5618.1,1163.8368012741241,4789.0,7322.0,2533.0,0.8013999999999999,0.10093694401291567,0.661,0.971,0.30999999999999994,117.43548197684707
42.1,55,7308,0.657,1,38.510000000000005,33.481021157930336,11.6,100.0,88.4,59.2,12.209286083414845,52.0,92.0,40.0,5870.0,1234.884789947805,4801.0,7322.0,2521.0,0.7881,0.11087876261935764,0.657,0.971,0.31399999999999995,132.87272485685955
100.0,63,7322,0.712,2,47.35,37.064845578766096,13.3,100.0,86.7,60.2,12.053584068188572,52.0,92.0,40.0,6099.4,1273.5584617737618,4801.0,7322.0,2521.0,0.7897000000000001,0.10950905594211462,0.657,0.971,0.31399999999999995,116.22222037742507
41.4,54,7281,0.861,1,41.49,32.118200101776836,13.3,100.0,86.7,59.4,12.185601704014848,52.0,92.0,40.0,6098.0,1272.1049921728575,4801.0,7322.0,2521.0,0.8054,0.10708480543735112,0.657,0.971,0.31399999999999995,134.8333308364198
39.5,57,4996,0.745,0,42.82,31.687179321191294,13.3,100.0,86.7,59.2,12.209286083414845,52.0,92.0,40.0,6097.4,1272.6806529701153,4801.0,7322.0,2521.0,0.7979,0.10856482958224566,0.657,0.971,0.31399999999999995,87.64912126931367
82.2,83,4731,0.819,0,48.58,33.205983396570744,13.3,100.0,86.7,62.3,13.984515246037907,52.0,92.0,40.0,6088.7,1282.6566224485434,4731.0,7322.0,2591.0,0.7877,0.10018211195395822,0.657,0.971,0.31399999999999995,56.99999931325302
100.0,61,7254,0.723,2,56.129999999999995,35.61816172185816,13.3,100.0,86.7,63.2,13.530213104998252,52.0,92.0,40.0,6331.7,1246.0979139341785,4731.0,7322.0,2591.0,0.7847,0.10177322284809874,0.657,0.971,0.31399999999999995,118.91803083740933
70.5,70,7295,0.918,1,61.40999999999999,33.11382557851691,13.3,100.0,86.7,64.9,13.169408997116486,52.0,92.0,40.0,6559.1,1186.39251983107,4731.0,7322.0,2591.0,0.7938,0.10973280680311029,0.657,0.971,0.31399999999999995,104.21428422551023
43.3,51,5028,0.661,1,64.41,29.42434555110966,25.1,100.0,74.9,64.8,13.28156617270717,51.0,92.0,41.0,6581.8,1150.649265994351,4731.0,7322.0,2591.0,0.7938000000000001,0.10973280680311029,0.657,0.971,0.31399999999999995,98.58823336101504
100.0,66,7308,0.739,2,64.41,29.42434555110966,25.1,100.0,74.9,62.2,9.319036669336828,51.0,83.0,32.0,6580.4,1149.6566830532038,4731.0,7322.0,2591.0,0.7806,0.10732732902460329,0.657,0.971,0.31399999999999995,110.7272710495868
100.0,67,7281,0.767,2,71.9,27.79388421937449,39.5,100.0,60.5,62.7,9.44045667445289,51.0,83.0,32.0,6580.4,1149.6566830532038,4731.0,7322.0,2591.0,0.7602,0.08396004340690205,0.657,0.918,0.261,108.67164016908
25.8,51,4842,0.843,0,70.27,30.116627006061233,25.8,100.0,74.2,62.3,9.87758405009376,51.0,83.0,32.0,6333.8,1237.3767772545632,4731.0,7322.0,2591.0,0.7787999999999999,0.07901448531053527,0.661,0.918,0.257,94.94117460899658
43.0,73,7241,1.007,1,64.57,29.246046266499306,25.8,100.0,74.2,63.3,10.446158251827415,51.0,83.0,32.0,6325.7,1230.4347966832247,4731.0,7308.0,2577.0,0.8083,0.10279434701274945,0.661,1.007,0.34599999999999986,99.19177946312631
45.5,56,7295,0.719,1,64.97999999999999,28.91196599641355,25.8,100.0,74.2,63.5,10.265909062956315,51.0,83.0,32.0,6327.1,1231.6498826100433,4731.0,7308.0,2577.0,0.7941,0.10449928229418533,0.661,1.007,0.34599999999999986,130.26785481664547
28.1,56,7322,0.996,1,63.839999999999996,30.223287562922515,25.8,100.0,74.2,63.4,10.340857475728647,51.0,83.0,32.0,6559.7,1170.4521491002265,4731.0,7322.0,2591.0,0.8192,0.12033915036724684,0.661,1.007,0.34599999999999986,130.74999766517863
59.6,57,4990,0.654,0,61.580000000000005,29.53498114289405,25.8,100.0,74.2,60.8,7.828722046981181,51.0,73.0,22.0,6585.6,1127.5701702727395,4842.0,7322.0,2480.0,0.8027,0.13119201364581703,0.654,1.007,0.35299999999999987,87.54385811326566
16.3,49,4783,0.687,0,53.209999999999994,29.296281523618465,16.3,100.0,83.7,59.6,8.669230390037871,49.0,73.0,24.0,6338.5,1230.8422816194702,4783.0,7322.0,2539.0,0.7990999999999999,0.13408409467361987,0.654,1.007,0.35299999999999987,97.6122429058726
43.2,65,4818,1.001,0,50.480000000000004,28.77339820814431,16.3,100.0,83.7,59.1,8.130190649671183,49.0,73.0,24.0,6090.8,1265.711464399018,4783.0,7322.0,2539.0,0.8074,0.14443160626707946,0.654,1.007,0.35299999999999987,74.12307578272191
48.9,52,7254,0.751,1,51.04,28.672449029221955,16.3,100.0,83.7,59.2,8.024961059095597,49.0,73.0,24.0,6313.4,1253.7150305303749,4783.0,7322.0,2539.0,0.8164,0.13690320992909052,0.654,1.007,0.35299999999999987,139.49999731730776
24.5,62,5034,0.999,0,43.489999999999995,23.88920955857126,16.3,100.0,83.7,58.8,7.743097284391845,49.0,73.0,24.0,6086.0,1259.4857857254444,4783.0,7322.0,2539.0,0.8423999999999999,0.14501892596791816,0.654,1.007,0.35299999999999987,81.19354707752343
13.5,48,4807,0.754,0,34.839999999999996,15.253575172908029,13.5,59.6,46.1,56.9,7.837941906733847,48.0,73.0,25.0,5838.6,1241.5263186900188,4783.0,7322.0,2539.0,0.8411,0.1458259617184497,0.654,1.007,0.35299999999999987,100.14583124696185
100.0,70,7336,0.781,2,42.26,25.18285130798336,13.5,100.0,86.5,58.8,8.521867296679938,48.0,73.0,25.0,6088.0,1269.2727576582306,4783.0,7336.0,2553.0,0.8349,0.14704908477557077,0.654,1.007,0.35299999999999987,104.79999850285716
13.2,51,4783,0.786,0,39.28,26.79700646631178,13.2,100.0,86.8,56.6,7.183313998427282,48.0,70.0,22.0,5842.2,1259.1407828797783,4783.0,7336.0,2553.0,0.8128,0.1343707970918937,0.654,1.001,0.34699999999999986,93.78431188658213
23.1,52,4996,0.854,1,37.04,27.15315410367234,13.2,100.0,86.8,56.2,7.33030240394861,48.0,70.0,22.0,5612.3,1171.2199764917423,4783.0,7336.0,2553.0,0.8263,0.13062928887164169,0.654,1.001,0.34699999999999986,96.07692122928998
12.6,59,5021,0.878,0,35.489999999999995,28.144486335890225,12.6,100.0,87.4,56.5,7.382411530116793,48.0,70.0,22.0,5382.2,1013.4050193941769,4783.0,7336.0,2553.0,0.8145,0.11834905998781634,0.654,1.001,0.34699999999999986,85.10169347285266
14.6,49,4801,0.828,0,30.99,27.45017506521793,12.6,100.0,87.4,55.7,7.7466838783516065,48.0,70.0,22.0,5363.3,1023.2469073167588,4783.0,7336.0,2553.0,0.8318999999999999,0.10405815681627116,0.687,1.001,0.31399999999999983,97.97958983715124
41.1,62,4818,0.944,0,33.47,27.093502706163516,12.6,100.0,87.4,57.0,7.586537784494111,48.0,70.0,22.0,5366.8,1021.0990592929107,4783.0,7336.0,2553.0,0.8576,0.09569534993927124,0.751,1.001,0.2499999999999999,77.70967616597297
28.6,47,7295,0.666,1,32.01,26.90363255109699,12.6,100.0,87.4,55.2,7.612854625930883,47.0,70.0,23.0,5614.5,1163.6633008640267,4783.0,7336.0,2553.0,0.8240999999999999,0.09851277412938073,0.666,0.999,0.33299999999999996,155.2127626550476
34.5,57,4996,0.7,0,30.57,26.277241948964996,12.6,100.0,87.4,55.7,7.543208866258548,47.0,70.0,23.0,5388.7,1020.4430464808362,4783.0,7336.0,2553.0,0.819,0.1038909684878001,0.666,0.999,0.33299999999999996,87.64912126931367
16.4,48,7241,0.699,1,29.76,26.607901917371198,12.6,100.0,87.4,54.3,7.543208866258569,47.0,70.0,23.0,5609.4,1163.7990662767568,4783.0,7336.0,2553.0,0.7889999999999999,0.08827985802737337,0.666,0.944,0.2779999999999999,150.8541635238716
13.1,62,5015,0.946,0,29.72,26.635348275886674,12.6,100.0,87.4,55.7,7.543208866258548,47.0,70.0,23.0,5630.2,1149.637314789121,4783.0,7336.0,2553.0,0.8081999999999999,0.09993197686426396,0.666,0.946,0.2799999999999999,80.88709546956298
57.2,72,7295,1.0,1,25.44,14.972804977321088,12.6,57.2,44.6,55.9,7.97844317868825,47.0,72.0,25.0,5626.1,1142.931459984459,4783.0,7295.0,2512.0,0.8301000000000001,0.11601192467443322,0.666,1.0,0.33399999999999996,101.31944303722996
73.8,62,7295,0.803,1,31.5,20.654028393727216,12.6,73.8,61.199999999999996,57.0,7.986099033807372,47.0,72.0,25.0,5877.3,1211.0613389364958,4801.0,7295.0,2494.0,0.8318,0.11541692539080375,0.666,1.0,0.33399999999999996,117.66128842481794
36.7,59,7336,1.001,1,32.86,20.48653758501478,12.6,73.8,61.199999999999996,57.7,7.803845206050739,47.0,72.0,25.0,6111.3,1247.3786781353383,4801.0,7336.0,2535.0,0.8465,0.12730737082614776,0.666,1.001,0.33499999999999985,124.33898094340711
36.8,62,4824,0.877,0,35.28,19.217399523464277,13.1,73.8,60.699999999999996,58.0,7.916228058025343,47.0,72.0,25.0,6091.6,1267.8980155271854,4801.0,7336.0,2535.0,0.8464,0.12728026817486793,0.666,1.001,0.33499999999999985,77.80645035796049
16.7,51,4812,0.821,0,35.489999999999995,18.97626880547855,13.1,73.8,60.699999999999996,58.2,7.685484153042516,47.0,72.0,25.0,6092.7,1266.658074532261,4812.0,7336.0,2524.0,0.8456999999999999,0.1274118867644951,0.666,1.001,0.33499999999999985,94.35293932641297
32.3,56,7308,0.916,1,34.61,18.89105902566375,13.1,73.8,60.699999999999996,57.6,7.589466384404184,47.0,72.0,25.0,6341.7,1232.5172119600525,4812.0,7336.0,2524.0,0.8429,0.12530181341243266,0.666,1.001,0.33499999999999985,130.4999976696429
19.7,51,4990,0.808,1,33.72,19.40823422044253,13.1,73.8,60.699999999999996,58.0,7.055336829505647,48.0,72.0,24.0,6111.2,1249.8398830783608,4812.0,7336.0,2524.0,0.8571,0.11015791694956047,0.699,1.001,0.30199999999999994,97.84313533640912
16.7,51,4777,0.662,0,31.940000000000005,20.131523097426665,13.1,73.8,60.699999999999996,57.4,7.396695959082829,48.0,72.0,24.0,6089.3,1273.251310621747,4777.0,7336.0,2559.0,0.8533,0.11664385491267208,0.662,1.001,0.33899999999999986,93.6666648300654
32.9,53,7295,0.66,1,33.589999999999996,19.378421561680998,13.1,73.8,60.699999999999996,57.9,6.838615844355326,51.0,72.0,21.0,6094.7,1278.7810211291053,4777.0,7336.0,2559.0,0.8493999999999999,0.12286234392829713,0.66,1.001,0.34099999999999986,137.64150683695271
28.7,56,4789,0.879,0,35.15,18.133593748130096,16.7,73.8,57.099999999999994,57.3,6.70074622710047,51.0,72.0,21.0,6072.1,1301.773188129687,4777.0,7336.0,2559.0,0.8427,0.11876779398847372,0.66,1.001,0.34099999999999986,85.51785561575258
58.1,55,7349,0.664,1,35.239999999999995,18.257004743994095,16.7,73.8,57.099999999999994,55.6,4.273952113286748,51.0,62.0,11.0,6077.5,1307.5090184520068,4777.0,7349.0,2572.0,0.8091000000000002,0.11683459343114945,0.66,1.001,0.34099999999999986,133.61817938876038
19.2,52,4818,0.785,0,29.78,12.789561716059332,16.7,58.1,41.400000000000006,54.6,3.7475918193482993,51.0,62.0,11.0,5829.8,1285.6774954171874,4777.0,7349.0,2572.0,0.8073,0.11707741977948607,0.66,1.001,0.34099999999999986,92.65384437204146
39.2,54,7322,0.659,1,30.03,12.963114337740562,16.7,58.1,41.400000000000006,54.1,3.4140233677521215,51.0,62.0,11.0,5828.4,1283.8614670853924,4777.0,7349.0,2572.0,0.7731,0.1033553202414957,0.659,0.916,0.257,135.5925900816187
27.2,54,7295,0.694,1,29.07,12.75992424219942,16.7,58.1,41.400000000000006,53.3,2.002775851440519,51.0,56.0,5.0,6075.5,1306.658779738101,4777.0,7349.0,2572.0,0.7548,0.09902502489550574,0.659,0.916,0.257,135.09259009087796
100.0,67,7295,0.762,2,37.4,25.05438528925071,16.7,100.0,83.3,54.9,4.629614814791305,51.0,67.0,16.0,6323.8,1275.4273183699836,4777.0,7349.0,2572.0,0.7489000000000001,0.09636441251831508,0.659,0.916,0.257,108.88059538984186
100.0,98,7363,0.946,2,44.17,31.76986867387957,16.7,100.0,83.3,59.1,14.425671561490674,51.0,98.0,47.0,6329.3,1280.2524967972367,4777.0,7363.0,2586.0,0.7519,0.10242118921395117,0.659,0.946,0.2869999999999999,75.13265229456478
19.5,56,4818,0.902,0,44.15,31.787043132558118,16.7,100.0,83.3,59.6,14.198591479439102,51.0,98.0,47.0,6312.1,1301.2286031969095,4777.0,7363.0,2586.0,0.7613000000000001,0.11200699382925433,0.659,0.946,0.2869999999999999,86.03571274936228
19.3,50,7281,0.664,1,44.41,31.547299585085092,19.2,100.0,80.8,59.5,14.269236528669353,50.0,98.0,48.0,6562.5,1210.7847088194999,4789.0,7363.0,2574.0,0.7615000000000001,0.11181159749030191,0.659,0.946,0.2869999999999999,145.61999708760007
100.0,70,7336,0.761,2,51.12,35.6909823656091,19.2,100.0,80.8,61.2,14.420664185659266,50.0,98.0,48.0,6566.6,1213.6068556167645,4789.0,7363.0,2574.0,0.7716000000000001,0.1060368908551271,0.659,0.946,0.2869999999999999,104.79999850285716
94.2,61,7336,0.772,1,57.67,37.10169358218925,19.2,100.0,80.8,61.7,14.306564149989958,50.0,98.0,48.0,6821.3,1056.1443556635704,4818.0,7363.0,2545.0,0.7609,0.0991715124866453,0.659,0.946,0.2869999999999999,120.26229311045422
100.0,71,7295,0.767,2,61.86,39.44743900995906,19.2,100.0,80.8,63.3,14.368561359981564,50.0,98.0,48.0,6815.9,1053.2806368675058,4818.0,7363.0,2545.0,0.7712000000000001,0.09315554495334924,0.659,0.946,0.2869999999999999,102.74647742610595
32.0,62,4996,0.85,0,63.14000000000001,38.093837355200115,19.3,100.0,80.7,64.3,13.832730910577416,50.0,98.0,48.0,6833.7,1016.6319174389394,4818.0,7363.0,2545.0,0.7777000000000001,0.09643541304359504,0.659,0.946,0.2869999999999999,80.58064386160252
12.9,57,5021,0.83,0,60.510000000000005,40.745864139130006,12.9,100.0,87.1,64.6,13.615350813613917,50.0,98.0,48.0,6603.6,1146.0002133022927,4818.0,7363.0,2545.0,0.7948000000000001,0.08782533170383543,0.664,0.946,0.2819999999999999,88.08771775284706
17.5,48,7377,0.667,1,59.54,41.73051641185376,12.9,100.0,87.1,64.0,14.251705550954618,48.0,98.0,50.0,6611.8,1151.7759041295076,4818.0,7377.0,2559.0,0.7921,0.09160234106663831,0.664,0.946,0.2819999999999999,153.68749679817716
14.5,51,4996,0.714,0,50.989999999999995,41.276155344217784,12.9,100.0,87.1,62.4,14.766328062333045,48.0,98.0,50.0,6381.9,1227.2279920391518,4818.0,7377.0,2559.0,0.7873,0.09456455760778144,0.664,0.946,0.2819999999999999,97.96078239292584
34.7,58,5002,0.671,0,44.459999999999994,37.66882589681345,12.9,100.0,87.1,58.4,7.848566748139495,48.0,71.0,23.0,6145.8,1244.4959532990752,4818.0,7377.0,2559.0,0.7598,0.08250225586141377,0.664,0.902,0.238,86.24137782342453
12.6,54,4783,0.854,0,43.77,38.23576132947328,12.6,100.0,87.4,58.2,7.941452428030259,48.0,71.0,23.0,6142.3,1248.6873151878765,4783.0,7377.0,2594.0,0.755,0.0742981979742591,0.664,0.854,0.18999999999999995,88.57407243381348
20.2,55,4783,0.705,0,43.86,38.172770982002916,12.6,100.0,87.4,58.7,7.513691207093651,48.0,71.0,23.0,5892.5,1245.4378301982306,4783.0,7377.0,2594.0,0.7591,0.06970804194001631,0.667,0.854,0.18699999999999994,86.96363478247937
20.5,46,7214,0.671,1,35.910000000000004,33.12670792242687,12.6,100.0,87.4,56.3,7.334090869964074,46.0,71.0,25.0,5880.3,1230.2312384263323,4783.0,7377.0,2594.0,0.7501,0.07504139598322453,0.667,0.854,0.18699999999999994,156.82608354725906
37.2,51,4971,0.747,0,30.209999999999997,26.152223189965703,12.6,100.0,87.4,55.3,7.30372811955964,46.0,71.0,25.0,5643.8,1143.5646801898688,4783.0,7377.0,2594.0,0.7476,0.0746461281276159,0.667,0.854,0.18699999999999994,97.47058632410615
15.2,51,4789,0.678,0,21.73,9.374913332932945,12.6,37.2,24.6,53.3,4.8545511292671435,46.0,62.0,16.0,5393.2,1008.0718448823055,4783.0,7377.0,2594.0,0.7386999999999999,0.07733340517238066,0.667,0.854,0.18699999999999994,93.90195894309885
35.9,65,5028,0.827,0,22.119999999999997,9.915173557062452,12.6,37.2,24.6,53.6,5.501514942874265,46.0,65.0,19.0,5396.4,1006.7207711729612,4783.0,7377.0,2594.0,0.7363999999999999,0.07392218130499757,0.667,0.854,0.18699999999999994,77.353844963787
52.8,71,7295,1.0,1,26.110000000000003,13.257488449929081,12.6,52.8,40.199999999999996,55.0,7.7746025264605185,46.0,71.0,25.0,5623.8,1157.9689882625335,4783.0,7377.0,2594.0,0.7534,0.10904351832589078,0.667,1.0,0.33299999999999996,102.74647742610595
38.8,68,7295,0.889,1,28.24,13.430413247551341,12.6,52.8,40.199999999999996,57.0,8.326663997864612,46.0,71.0,25.0,5615.6,1144.3851527251459,4783.0,7295.0,2512.0,0.7756000000000001,0.11205574009790308,0.671,1.0,0.32899999999999996,107.2794101870675
86.2,61,7281,0.773,1,35.410000000000004,21.80690257693653,12.6,86.2,73.60000000000001,58.0,8.124038404636028,46.0,71.0,25.0,5844.1,1231.7145637957894,4783.0,7295.0,2512.0,0.7815,0.1099861102341761,0.671,1.0,0.32899999999999996,119.3606537809729
27.8,52,4795,0.833,0,34.72,21.940616825118383,12.6,86.2,73.60000000000001,57.4,8.342661445845758,46.0,71.0,25.0,5823.4,1249.0565506279734,4783.0,7295.0,2512.0,0.7977000000000001,0.10365010585833612,0.671,1.0,0.32899999999999996,92.21153668823969
35.5,62,4812,0.894,1,37.01,20.52475199471227,15.2,86.2,71.0,58.2,8.363943780033233,46.0,71.0,25.0,5826.3,1246.4034526053958,4783.0,7295.0,2512.0,0.8017,0.10678852414416407,0.671,1.0,0.32899999999999996,77.61290197398546
100.0,68,7308,0.726,2,44.989999999999995,27.567591681376708,15.2,100.0,84.8,59.5,8.809716857601718,46.0,71.0,25.0,6078.8,1267.153046969638,4789.0,7308.0,2519.0,0.8038000000000001,0.1048647806569109,0.671,1.0,0.32899999999999996,107.47058665484431
34.2,68,5028,0.822,0,46.36,26.53644035409922,15.2,100.0,84.8,61.7,7.7466838783515195,51.0,71.0,20.0,5860.2,1237.7728027029423,4789.0,7308.0,2519.0,0.8189,0.09391775361689719,0.678,1.0,0.32199999999999995,73.94117538321801
100.0,74,7281,0.753,2,52.64,31.1566008700849,15.2,100.0,84.8,64.0,7.630348761506376,51.0,74.0,23.0,6091.2,1268.5564674507416,4789.0,7308.0,2519.0,0.8195,0.0934252523559746,0.678,1.0,0.32199999999999995,98.39189056227175
15.8,56,4818,1.034,0,52.7,31.07696538881773,15.8,100.0,84.2,64.5,6.802777210652816,52.0,74.0,22.0,6094.1,1265.2776989876763,4795.0,7308.0,2513.0,0.8551,0.10103294292237158,0.726,1.034,0.30800000000000005,86.03571274936228
23.5,50,4818,0.753,0,51.46,32.053815858819505,15.8,100.0,84.2,63.0,8.192137151629666,50.0,74.0,24.0,6073.1,1286.5026190757956,4795.0,7308.0,2513.0,0.8477,0.10591196553951827,0.726,1.034,0.30800000000000005,96.35999807280004
23.6,52,4990,0.795,0,48.540000000000006,33.226736222506084,15.8,100.0,84.2,61.1,8.332666639997889,50.0,74.0,24.0,5842.6,1249.2026078885444,4795.0,7308.0,2513.0,0.8272,0.0920963263834832,0.726,1.034,0.30800000000000005,95.9615366161243
7.4,51,4681,0.892,0,45.4,35.645133686880094,7.4,100.0,92.6,59.4,8.50098033562409,50.0,74.0,24.0,5581.2,1183.2682423412323,4681.0,7308.0,2627.0,0.8275,0.09232460849271477,0.726,1.034,0.30800000000000005,91.78431192579781
41.1,59,4812,0.978,1,40.89,32.63540851420261,7.4,100.0,92.6,59.2,8.482662055956043,50.0,74.0,24.0,5334.3,1037.83246881821,4681.0,7308.0,2627.0,0.8480000000000001,0.10121045180985615,0.726,1.034,0.30800000000000005,81.55932065153694
31.2,52,7295,0.804,1,41.230000000000004,32.50131792199612,7.4,100.0,92.6,59.2,8.482662055956043,50.0,74.0,24.0,5584.3,1184.2656468133316,4681.0,7308.0,2627.0,0.8451000000000001,0.10209957013730218,0.726,1.034,0.30800000000000005,140.28845884060658
29.9,55,4996,0.772,0,40.67,32.65887832325741,7.4,100.0,92.6,58.5,8.51469318296326,50.0,74.0,24.0,5602.7,1172.3021083890067,4681.0,7308.0,2627.0,0.8329000000000001,0.10289309446648301,0.726,1.034,0.30800000000000005,90.83636198479343
100.0,80,7281,0.827,2,40.67,32.65887832325741,7.4,100.0,92.6,59.7,10.594023472379794,50.0,80.0,30.0,5600.0,1167.9611865697036,4681.0,7295.0,2614.0,0.843,0.09595716637009166,0.753,1.034,0.281,91.01249886234376
30.3,61,5034,0.756,0,40.279999999999994,32.767829752161894,7.4,100.0,92.6,59.0,10.208928554075746,50.0,80.0,30.0,5600.6,1167.6361876315086,4681.0,7295.0,2614.0,0.8363999999999999,0.099756592653205,0.753,1.034,0.281,82.52458881107232
52.7,53,7308,0.672,1,35.55,25.879260250461407,7.4,100.0,92.6,56.9,8.849984306326402,50.0,80.0,30.0,5603.3,1171.9767773580854,4681.0,7308.0,2627.0,0.8282999999999999,0.11003943737486802,0.672,1.034,0.362,137.88678985119265
15.0,49,4789,0.714,0,35.470000000000006,25.948241216356514,7.4,100.0,92.6,56.2,9.1990337656856,49.0,80.0,31.0,5600.4,1174.1697019123196,4681.0,7308.0,2627.0,0.7963,0.08786991648011314,0.672,0.978,0.30599999999999994,97.73469188296548
50.8,61,4789,0.923,0,38.2,25.985038430262563,7.4,100.0,92.6,57.3,9.031426613036722,49.0,80.0,31.0,5597.5,1176.3505949427656,4681.0,7308.0,2627.0,0.8132999999999999,0.09473829449828734,0.672,0.978,0.30599999999999994,78.50819543429188
32.0,64,4996,0.987,0,39.04,25.59345402420097,7.4,100.0,92.6,58.5,9.046177830074662,49.0,80.0,31.0,5598.1,1176.0077900346573,4681.0,7308.0,2627.0,0.8324999999999999,0.10899974515770279,0.672,0.987,0.31499999999999995,78.06249878027346
35.7,56,7268,0.962,1,41.870000000000005,23.154555587280093,15.0,100.0,85.0,59.0,8.717797887081396,49.0,80.0,31.0,5856.8,1234.9172531883291,4789.0,7308.0,2519.0,0.8394999999999999,0.11531045052379113,0.672,0.987,0.31499999999999995,129.78571196811228
12.3,52,4990,0.676,0,38.989999999999995,24.98010096946056,12.3,100.0,87.7,58.3,8.9944427287076,49.0,80.0,31.0,5874.6,1219.36925407268,4789.0,7308.0,2519.0,0.8093,0.114551347050617,0.672,0.987,0.31499999999999995,95.9615366161243
20.1,50,4971,0.741,0,37.88,25.603550101065633,12.3,100.0,87.7,58.1,9.17060521448836,49.0,80.0,31.0,5642.2,1137.2780174121308,4789.0,7308.0,2519.0,0.8030000000000002,0.11658949828827177,0.672,0.987,0.31499999999999995,99.41999801160004
50.8,73,5028,1.007,0,39.97,25.732471919951855,12.3,100.0,87.7,59.9,10.202940752547796,49.0,80.0,31.0,5645.4,1135.3010564994938,4789.0,7308.0,2519.0,0.8265,0.13227517613755782,0.672,1.007,0.33499999999999985,68.87671138525053
38.0,51,7268,0.671,1,33.77,14.814861157334956,12.3,52.7,40.400000000000006,57.0,7.659416862050796,49.0,73.0,24.0,5644.1,1133.225627235018,4789.0,7308.0,2519.0,0.8109,0.14111339018281954,0.671,1.007,0.33599999999999985,142.5098011272588
44.0,58,4824,0.89,0,35.14,15.08923089123132,12.3,52.7,40.400000000000006,56.7,7.543208866258543,49.0,73.0,24.0,5623.1,1147.6417801542136,4789.0,7308.0,2519.0,0.8243,0.14168199917028493,0.671,1.007,0.33599999999999985,83.17241235909634
43.7,70,4996,0.931,0,34.24,14.16562349100419,12.3,50.8,38.5,58.4,8.4747992437711,49.0,73.0,24.0,5391.9,992.9510953605652,4789.0,7268.0,2479.0,0.8502000000000001,0.13422435612725958,0.671,1.007,0.33599999999999985,71.37142755183675
100.0,66,7363,0.772,2,42.739999999999995,23.658881348590118,12.3,100.0,87.7,60.1,8.075339690137598,50.0,73.0,23.0,5649.3,1141.7708516938744,4789.0,7363.0,2574.0,0.8560000000000001,0.1288297757162944,0.671,1.007,0.33599999999999985,111.56060437029387
21.9,66,4983,0.87,0,39.85,24.32078443544852,12.3,100.0,87.7,60.6,8.289216555930448,50.0,73.0,23.0,5668.7,1127.0828669130178,4824.0,7363.0,2539.0,0.8507,0.12684202773528824,0.671,1.007,0.33599999999999985,75.49999885606063
100.0,64,7295,0.715,2,46.65,30.58232060085256,12.3,100.0,87.7,60.6,8.289216555930448,50.0,73.0,23.0,5898.6,1206.3088051296484,4824.0,7363.0,2539.0,0.8234999999999999,0.12348571667290903,0.671,1.007,0.33599999999999985,113.98437321899418
100.0,70,7349,0.771,2,53.08,34.52917606894199,12.3,100.0,87.7,62.0,8.602325267042621,50.0,73.0,23.0,5906.7,1216.7523303176042,4824.0,7363.0,2539.0,0.8044,0.11409761902277576,0.671,1.007,0.33599999999999985,104.9857127859184
35.5,56,4996,0.732,0,55.4,32.184537350169265,20.1,100.0,79.9,62.4,8.167687011088935,50.0,73.0,23.0,5907.3,1216.251440560978,4824.0,7363.0,2539.0,0.8099999999999999,0.10832358930537613,0.671,1.007,0.33599999999999985,89.2142841211735
12.6,47,4783,0.668,0,54.65,33.170812136240706,12.6,100.0,87.4,62.1,8.710785141293387,47.0,73.0,26.0,5888.5,1233.6606097302397,4783.0,7363.0,2580.0,0.8027000000000001,0.11569889080424738,0.668,1.007,0.33899999999999986,101.76595528157543
50.7,54,5028,0.734,1,54.64,33.17211680513213,12.6,100.0,87.4,60.2,8.12130257751526,47.0,70.0,23.0,5888.5,1233.6606097302397,4783.0,7363.0,2580.0,0.7754000000000001,0.09189631838835148,0.668,0.931,0.263,93.11110938683132
22.4,51,4996,0.67,1,53.08,34.3861987818756,12.6,100.0,87.4,60.2,8.12130257751526,47.0,70.0,23.0,5661.3,1158.2843682696218,4783.0,7363.0,2580.0,0.7753,0.09202300437028378,0.668,0.931,0.263,97.96078239292584
100.0,83,7281,0.789,2,58.67999999999999,37.18891113102273,12.6,100.0,87.4,62.7,10.781156400559869,47.0,83.0,36.0,5907.0,1219.8941666299438,4783.0,7363.0,2580.0,0.7652,0.08315019877039098,0.668,0.931,0.263,87.72289050936277
26.3,52,4996,0.661,0,56.94,38.35640465134569,12.6,100.0,87.4,60.9,10.928555866780092,47.0,83.0,36.0,5907.0,1219.8941666299438,4783.0,7363.0,2580.0,0.7382,0.06523768508734529,0.661,0.87,0.20899999999999996,96.07692122928998
31.8,51,7188,0.672,1,50.12,35.82931140219628,12.6,100.0,87.4,59.4,11.177358065899742,47.0,83.0,36.0,5889.5,1197.7403957266959,4783.0,7349.0,2566.0,0.7282,0.06711813796914036,0.661,0.87,0.20899999999999996,140.94117370703583
14.7,49,4783,0.716,0,49.400000000000006,36.52499904935731,12.6,100.0,87.4,57.7,11.353413583588031,47.0,83.0,36.0,5869.5,1216.0883785500255,4783.0,7349.0,2566.0,0.7128,0.04498592372435524,0.661,0.789,0.128,97.6122429058726
15.0,52,4818,0.67,0,40.9,33.17827267622256,12.6,100.0,87.4,56.5,11.247221879202062,47.0,83.0,36.0,5621.8,1143.575659451034,4783.0,7349.0,2566.0,0.7083,0.04694926339500465,0.661,0.789,0.128,92.65384437204146
41.1,64,4807,1.001,1,35.01,25.96469611692855,12.6,100.0,87.4,55.9,10.587728746053223,47.0,83.0,36.0,5367.6,989.073101443958,4783.0,7281.0,2498.0,0.7313,0.10343548714053652,0.661,1.001,0.33999999999999986,75.10937382641603
100.0,71,7281,0.79,2,41.46,33.124217391174334,12.6,100.0,87.4,57.4,11.616080807799792,47.0,83.0,36.0,5596.1,1145.2937953982616,4783.0,7281.0,2498.0,0.7371000000000001,0.10509197030326484,0.661,1.001,0.33999999999999986,102.54929433029163
21.4,64,4812,0.922,0,42.34,32.380865406045636,14.7,100.0,85.3,59.1,11.159948227677637,49.0,83.0,34.0,5599.0,1143.0406816907164,4783.0,7281.0,2498.0,0.7625,0.11660021917265462,0.661,1.001,0.33999999999999986,75.18749882519533
42.1,54,5021,0.666,1,41.480000000000004,32.24809382824905,14.7,100.0,85.3,59.1,11.159948227677637,49.0,83.0,34.0,5598.3,1143.4312931795243,4783.0,7281.0,2498.0,0.7557,0.12036892363802953,0.661,1.001,0.33999999999999986,92.98147975960224
24.3,54,4777,0.781,0,41.67,32.128562923908596,14.7,100.0,85.3,59.4,10.956479564369438,49.0,83.0,34.0,5576.4,1158.250040170745,4777.0,7281.0,2504.0,0.7668,0.11664837951915324,0.661,1.001,0.33999999999999986,88.46296132475997
27.8,51,7295,0.701,1,34.45,24.8526882069347,14.7,100.0,85.3,56.2,7.390684827688426,49.0,71.0,22.0,5577.8,1160.5455422151826,4777.0,7295.0,2518.0,0.758,0.11809788783509682,0.661,1.001,0.33999999999999986,143.03921288158406
17.6,55,5015,0.89,0,33.58,25.317617932534215,14.7,100.0,85.3,56.5,7.261006970264097,49.0,71.0,22.0,5579.7,1159.5022926526033,4777.0,7295.0,2518.0,0.7809,0.11939425819062155,0.666,1.001,0.33499999999999985,91.18181652396697
19.5,52,4990,0.777,0,32.35,25.709455675122946,14.7,100.0,85.3,56.6,7.183313998427296,49.0,71.0,22.0,5359.9,1020.7843879422514,4777.0,7295.0,2518.0,0.7914000000000001,0.11320993281902769,0.666,1.001,0.33499999999999985,95.9615366161243
30.0,61,4996,0.956,0,33.879999999999995,24.987499096770595,15.0,100.0,85.0,57.8,6.762642481555156,51.0,71.0,20.0,5381.2,1009.5697433395266,4777.0,7295.0,2518.0,0.8154,0.12064474939074363,0.666,1.001,0.33499999999999985,81.9016380016125
47.8,55,7308,0.689,1,37.16,24.379189668421883,17.6,100.0,82.4,58.1,6.539622822966758,51.0,71.0,20.0,5630.2,1152.216877733229,4777.0,7308.0,2531.0,0.8173,0.11822581970299136,0.666,1.001,0.33499999999999985,132.87272485685955
30.9,68,5028,0.964,0,36.14,24.40938799360242,17.6,100.0,82.4,58.5,7.043515536371879,51.0,71.0,20.0,5652.3,1136.687981227322,4777.0,7308.0,2531.0,0.8135999999999999,0.11226674584320157,0.666,0.964,0.29799999999999993,73.94117538321801
100.0,64,7295,0.703,2,36.14,24.40938799360242,17.6,100.0,82.4,57.8,5.921711464320751,51.0,68.0,17.0,5653.7,1138.9232780715793,4777.0,7308.0,2531.0,0.8049,0.11754568851680063,0.666,0.964,0.29799999999999993,113.98437321899418
100.0,66,7268,0.719,2,44.0,30.92176507826734,17.6,100.0,82.4,58.0,6.182412330330557,51.0,68.0,17.0,5899.3,1200.3993826130381,4777.0,7308.0,2531.0,0.7846,0.11249612338999809,0.666,0.964,0.29799999999999993,110.12121045270894
100.0,87,7322,0.887,2,49.79,35.594239546433435,17.6,100.0,82.4,61.3,10.853058964590995,51.0,87.0,36.0,6129.4,1233.4158711120524,4777.0,7322.0,2545.0,0.8067,0.10823539162399617,0.689,0.964,0.275,84.16091857286301
10.1,49,4842,0.674,0,48.37,36.98038669348926,10.1,100.0,89.9,60.8,11.331372379372244,49.0,87.0,38.0,6135.9,1225.64372655533,4842.0,7322.0,2480.0,0.796,0.11606415850247977,0.674,0.964,0.2899999999999999,98.81632451395257
22.0,60,4812,0.836,0,47.79,37.38215409048068,10.1,100.0,89.9,61.7,10.812030336620404,49.0,87.0,38.0,5887.6,1216.2096127815335,4812.0,7322.0,2510.0,0.8094999999999999,0.11154993899096807,0.674,0.964,0.2899999999999999,80.19999866333336
15.8,51,4983,0.662,0,47.61,37.5476423287061,10.1,100.0,89.9,61.3,11.155965021259059,49.0,87.0,38.0,5884.4,1218.7999744739755,4812.0,7322.0,2510.0,0.7867,0.1164608183992458,0.662,0.964,0.30199999999999994,97.7058804371396
12.4,53,4812,0.662,0,46.9,38.19970913210957,10.1,100.0,89.9,61.4,11.067469850371806,49.0,87.0,38.0,5866.6,1234.5121573587892,4812.0,7322.0,2510.0,0.7752,0.12301833648326999,0.662,0.964,0.30199999999999994,90.79245111712356
100.0,70,7308,0.761,2,53.9,41.06493502842644,10.1,100.0,89.9,62.3,11.392492654765622,49.0,87.0,38.0,6097.8,1269.3540614554017,4812.0,7322.0,2510.0,0.7556999999999999,0.10536291778630866,0.662,0.964,0.30199999999999994,104.39999850857146
33.4,69,4789,0.831,0,52.46,41.552194754174955,10.1,100.0,89.9,63.7,11.25512229066291,49.0,87.0,38.0,5845.9,1252.3389184508526,4789.0,7322.0,2533.0,0.7699,0.10494278864642786,0.662,0.964,0.30199999999999994,69.40579609556818
33.1,50,7295,0.665,1,52.67999999999999,41.431008247983065,10.1,100.0,89.9,61.9,11.911245853300892,49.0,87.0,38.0,6072.6,1292.3783587720015,4789.0,7322.0,2533.0,0.74,0.08400132274090848,0.662,0.887,0.22499999999999998,145.89999708200006
52.0,55,7295,0.761,1,47.879999999999995,37.97606848763804,10.1,100.0,89.9,61.0,12.073846850849895,49.0,87.0,38.0,6072.6,1292.3783587720015,4789.0,7322.0,2533.0,0.7458,0.08316088824281134,0.662,0.887,0.22499999999999998,132.63636122479343
50.6,75,7281,1.001,1,42.94,33.37747743613945,10.1,100.0,89.9,61.9,12.801475609388852,49.0,87.0,38.0,6073.9,1293.7202556967213,4789.0,7322.0,2533.0,0.774,0.1148419203368987,0.662,1.001,0.33899999999999986,97.07999870560002
13.3,50,4818,0.664,0,34.269999999999996,27.683731684872253,10.1,100.0,89.9,58.2,9.715966241192946,49.0,75.0,26.0,5823.5,1267.3655308903083,4789.0,7308.0,2519.0,0.7516999999999999,0.11207938654761135,0.662,1.001,0.33899999999999986,96.35999807280004
51.6,62,5028,0.755,1,38.42,26.752810859587967,12.4,100.0,87.6,59.5,9.20446751432275,50.0,75.0,25.0,5842.1,1252.6397415946083,4789.0,7308.0,2519.0,0.7598,0.10871655296636688,0.662,1.001,0.33899999999999986,81.09677288553593
45.2,56,7322,0.847,1,40.739999999999995,26.170263022496837,12.4,100.0,87.6,59.1,9.267026371915563,50.0,75.0,25.0,6093.1,1274.5781393595778,4789.0,7322.0,2533.0,0.7609,0.10962506809829366,0.662,1.001,0.33899999999999986,130.74999766517863
22.6,55,4818,0.851,0,41.42,25.53075705018467,12.4,100.0,87.6,59.5,8.959786703810442,50.0,75.0,25.0,6076.6,1291.5012969408856,4789.0,7322.0,2533.0,0.7798,0.10693902727982639,0.662,1.001,0.33899999999999986,87.59999840727276
29.8,63,4996,0.704,0,43.160000000000004,23.872261913963808,13.3,100.0,86.7,60.5,8.708233651742106,50.0,75.0,25.0,6095.0,1272.6559280147565,4789.0,7322.0,2533.0,0.784,0.10253237970947897,0.664,1.001,0.33699999999999986,79.30158604283197
18.3,61,4990,0.909,0,34.99,14.332205381974928,13.3,52.0,38.7,59.6,8.058122196475672,50.0,75.0,25.0,5863.2,1237.794705649252,4789.0,7322.0,2533.0,0.7988,0.10930162141727029,0.664,1.001,0.33699999999999986,81.80327734748727
28.6,51,4789,0.828,0,34.51,14.47107843635405,13.3,52.0,38.7,57.8,7.72873426463444,50.0,75.0,25.0,5863.2,1237.794705649252,4789.0,7322.0,2533.0,0.7985,0.10920749872503084,0.664,1.001,0.33699999999999986,93.90195894309885
41.2,50,7281,0.678,1,35.32000000000001,14.609418575395498,13.3,52.0,38.7,57.8,7.72873426463444,50.0,75.0,25.0,5861.8,1236.0019597251573,4789.0,7322.0,2533.0,0.7998000000000001,0.10750586547305659,0.664,1.001,0.33699999999999986,145.61999708760007
22.4,49,7295,0.999,1,32.36,13.832345346244734,13.3,51.6,38.3,57.2,8.189424074174445,49.0,75.0,26.0,5861.8,1236.0019597251573,4789.0,7322.0,2533.0,0.8236000000000001,0.12316583220285555,0.664,1.001,0.33699999999999986,148.87754798209087
20.8,57,5028,0.934,0,29.380000000000003,12.623329372413831,13.3,51.6,38.3,55.4,5.316640543300677,49.0,63.0,14.0,5636.5,1150.980282676941,4789.0,7322.0,2533.0,0.8169000000000001,0.11391853814605025,0.664,0.999,0.33499999999999996,88.21052476823641
23.0,52,4996,0.661,0,30.35,11.579987526379819,18.3,51.6,33.3,55.6,5.12510162500886,49.0,63.0,14.0,5654.3,1138.2213268467908,4789.0,7322.0,2533.0,0.8166,0.11436899346705139,0.661,0.999,0.33799999999999997,96.07692122928998
18.0,50,4789,0.944,0,26.990000000000002,9.398161758793382,18.0,45.2,27.200000000000003,54.4,4.857983120596671,49.0,63.0,14.0,5630.4,1155.2157278092077,4789.0,7322.0,2533.0,0.8355,0.11859665537723385,0.661,0.999,0.33799999999999997,95.77999808440005
100.0,64,7281,0.736,2,32.47,24.706006916897323,18.0,100.0,82.0,55.2,5.731007280090155,49.0,64.0,15.0,5626.3,1148.5987646790334,4789.0,7295.0,2506.0,0.8244,0.12252999632742892,0.661,0.999,0.33799999999999997,113.76562322241215
100.0,65,7322,0.732,2,40.209999999999994,32.24436040267781,18.0,100.0,82.0,56.2,6.511528238440004,49.0,65.0,16.0,5876.7,1223.3178972686387,4789.0,7322.0,2533.0,0.8125,0.1254044567699951,0.661,0.999,0.33799999999999997,112.64615211313613
19.6,58,4681,0.975,0,39.190000000000005,32.76734316019193,18.0,100.0,82.0,55.7,6.111010100175435,49.0,65.0,16.0,5845.2,1252.229283229618,4681.0,7322.0,2641.0,0.8396000000000001,0.12859341610932634,0.661,0.999,0.33799999999999997,80.70689516022595
13.6,53,4777,0.774,0,38.72,33.13195168145428,13.6,100.0,86.4,54.9,5.858517066820256,49.0,65.0,16.0,5823.9,1270.0765899914968,4681.0,7322.0,2641.0,0.8261,0.12758043214641657,0.661,0.999,0.33799999999999997,90.13207377109295
41.7,62,7295,0.974,1,40.03,32.945815785586134,13.6,100.0,86.4,56.0,6.073622386096336,49.0,65.0,16.0,6074.5,1290.2611492768913,4681.0,7322.0,2641.0,0.8407,0.13590441902716333,0.661,0.999,0.33799999999999997,117.66128842481794
15.4,57,4964,0.777,0,37.45,33.842026797722646,13.6,100.0,86.4,56.7,5.696977756280692,49.0,65.0,16.0,5842.8,1257.143304833969,4681.0,7322.0,2641.0,0.8506,0.12597901059744343,0.661,0.999,0.33799999999999997,87.08771777039092
56.9,56,7295,0.746,1,40.9,33.89578800447694,13.6,100.0,86.4,57.4,5.037636129950136,50.0,65.0,15.0,5842.8,1257.143304833969,4681.0,7322.0,2641.0,0.8253,0.11801793648989581,0.661,0.975,0.31399999999999995,130.26785481664547
14.8,54,4783,0.899,0,40.3,34.34129357558395,13.6,100.0,86.4,57.1,5.152130088074809,50.0,65.0,15.0,5818.3,1277.017275616194,4681.0,7322.0,2641.0,0.8218,0.11491426756016264,0.661,0.975,0.31399999999999995,88.57407243381348
58.2,74,7295,0.954,1,43.82000000000001,34.17461045864309,13.6,100.0,86.4,59.3,7.07185344242312,50.0,74.0,24.0,6048.2,1318.7908434959954,4681.0,7322.0,2641.0,0.8511,0.10639700288176296,0.732,0.975,0.243,98.58107974890433
33.0,60,4996,0.79,0,45.32000000000001,33.23157133409931,13.6,100.0,86.4,60.3,6.272515001532061,53.0,74.0,21.0,6068.9,1298.295416647875,4681.0,7322.0,2641.0,0.8356999999999999,0.10253135021922558,0.732,0.975,0.243,83.26666527888892
15.2,58,4818,0.846,0,36.84,28.160737048435198,13.6,100.0,86.4,59.7,6.165315167216645,53.0,74.0,21.0,5822.6,1276.2386749959976,4681.0,7322.0,2641.0,0.8467,0.09636164520527,0.732,0.975,0.243,83.06896408501787
23.4,55,4703,0.909,0,29.18,17.454499579064347,13.6,58.2,44.6,58.7,6.019413038937778,53.0,74.0,21.0,5560.7,1200.854052562397,4681.0,7295.0,2614.0,0.8644000000000001,0.08892093866650833,0.746,0.975,0.22899999999999998,85.5090893543802
17.1,57,5034,0.662,0,28.93,17.62403976895705,13.6,58.2,44.6,58.6,6.040603354706359,53.0,74.0,21.0,5596.0,1177.0742448026615,4703.0,7295.0,2592.0,0.8331,0.10005492935827107,0.662,0.974,0.31199999999999994,88.31578792428442
23.9,49,5028,0.882,0,29.96,16.915292226595223,14.8,58.2,43.400000000000006,58.2,6.562519841239919,49.0,74.0,25.0,5621.1,1160.2249255113236,4703.0,7295.0,2592.0,0.8439,0.09878759481275254,0.662,0.974,0.31199999999999994,102.61224280383179
100.0,61,7308,0.707,2,35.79,27.894700810966466,14.8,100.0,85.2,58.1,6.505553183413628,49.0,74.0,25.0,5622.4,1162.3142814612868,4703.0,7308.0,2605.0,0.8172,0.0957529227868372,0.662,0.954,0.2919999999999999,119.80327672453645
45.7,51,7281,0.665,1,38.82,27.067151062988984,14.8,100.0,85.2,57.5,6.883958809354544,49.0,74.0,25.0,5854.1,1244.5161889041178,4703.0,7308.0,2605.0,0.806,0.10688103459246351,0.662,0.954,0.2919999999999999,142.76470308304505
25.1,55,5028,0.991,1,35.64,26.57045978776681,14.8,100.0,85.2,57.4,6.915361322608053,49.0,74.0,25.0,5627.4,1156.2249108389003,4703.0,7308.0,2605.0,0.8305,0.11899323043303188,0.662,0.991,0.32899999999999996,91.41818015603309
20.1,59,4990,0.999,0,36.17,26.158238557755453,15.2,100.0,84.8,57.9,6.822348894951465,49.0,74.0,25.0,5648.1,1141.1829583569952,4703.0,7308.0,2605.0,0.8405000000000001,0.12915731148917126,0.662,0.999,0.33699999999999997,84.57626975294458
100.0,68,7308,0.742,2,40.35,32.61305975627962,15.2,100.0,84.8,57.3,5.355163655555168,49.0,68.0,19.0,5649.4,1143.2730013236273,4703.0,7308.0,2605.0,0.8192999999999999,0.12581295640751702,0.662,0.999,0.33699999999999997,107.47058665484431
100.0,63,7308,0.732,2,47.05,37.45768723951507,15.2,100.0,84.8,57.6,5.601587076693434,49.0,68.0,19.0,5880.6,1227.153273049272,4703.0,7308.0,2605.0,0.8135,0.12861937818402114,0.662,0.999,0.33699999999999997,115.9999981587302
50.1,58,7308,0.942,1,50.54,35.74723610139509,17.1,100.0,82.9,57.6,5.601587076693434,49.0,68.0,19.0,6129.6,1240.1383614563126,4703.0,7308.0,2605.0,0.8230999999999999,0.1347511698568051,0.662,0.999,0.33699999999999997,125.99999782758626
18.1,51,5002,0.662,0,50.010000000000005,36.230357130143965,17.1,100.0,82.9,57.2,5.940445175985561,49.0,68.0,19.0,6159.5,1205.0284690044066,4990.0,7308.0,2318.0,0.7984,0.13979922110735124,0.662,0.999,0.33699999999999997,98.07842944944257
15.3,48,4789,0.701,0,49.83,36.41602364039453,15.3,100.0,84.7,56.3,6.617317348358804,48.0,68.0,20.0,6135.0,1232.6286275003213,4789.0,7308.0,2519.0,0.8023,0.1360653846093441,0.662,0.999,0.33699999999999997,99.77083125477435
25.4,63,4933,0.969,1,49.980000000000004,36.300254054819504,15.3,100.0,84.7,57.7,6.377913277693486,48.0,68.0,20.0,6125.5,1242.4354443323507,4789.0,7308.0,2519.0,0.8109999999999999,0.14426210713682014,0.662,0.999,0.33699999999999997,78.30158605870498
18.6,56,4996,0.829,0,41.84,32.794789559047636,15.3,100.0,84.7,57.2,6.285786435372454,48.0,68.0,20.0,5894.3,1212.6986481031045,4789.0,7308.0,2519.0,0.8231999999999999,0.13957220353637673,0.662,0.999,0.33699999999999997,89.2142841211735
36.4,57,4990,0.704,0,40.910000000000004,32.805028408597465,15.3,100.0,84.7,57.8,5.9029182989810645,48.0,68.0,20.0,5665.2,1135.571104481491,4789.0,7308.0,2519.0,0.8271000000000001,0.13513487090064166,0.662,0.999,0.33699999999999997,87.54385811326566
40.4,55,7281,0.73,1,42.44,32.33921595971192,15.3,100.0,84.7,57.8,5.9029182989810645,48.0,68.0,20.0,5890.5,1215.770469016796,4789.0,7308.0,2519.0,0.8009999999999999,0.12476912011124058,0.662,0.999,0.33699999999999997,132.3818157748761
28.5,56,4783,0.869,0,43.279999999999994,31.799049601451184,15.3,100.0,84.7,57.5,5.911382616989497,48.0,68.0,20.0,5869.8,1234.4252643774425,4783.0,7308.0,2525.0,0.788,0.10741197946846164,0.662,0.969,0.30699999999999994,85.41071276052298
19.5,51,4807,0.897,0,35.23,25.38792582661642,15.3,100.0,84.7,55.8,4.917090377223043,48.0,63.0,15.0,5619.7,1161.8890796170313,4783.0,7308.0,2525.0,0.8035,0.11115479696751161,0.662,0.969,0.30699999999999994,94.25490011264903
23.8,63,5034,0.908,0,27.610000000000003,11.332200923817904,15.3,50.1,34.8,55.8,4.917090377223043,48.0,63.0,15.0,5392.3,1006.9456622214718,4783.0,7308.0,2525.0,0.8211,0.11250130863436313,0.662,0.969,0.30699999999999994,79.90476063643237
68.4,62,7336,0.829,1,29.440000000000005,15.917509576284608,15.3,68.4,53.10000000000001,56.2,5.266244708835212,48.0,63.0,15.0,5395.1,1012.885915479996,4783.0,7336.0,2553.0,0.8097999999999999,0.10439114479260649,0.662,0.969,0.30699999999999994,118.32257873673261
12.6,54,4789,0.754,0,28.889999999999997,16.439346431993954,12.6,68.4,55.800000000000004,56.5,5.016638981097615,48.0,63.0,15.0,5373.8,1024.246801855433,4783.0,7336.0,2553.0,0.819,0.09339283817414488,0.701,0.969,0.268,88.68518354286698
32.9,66,5034,0.917,0,30.65,15.750432092838338,12.6,68.4,55.800000000000004,58.3,4.8545511292670005,51.0,66.0,15.0,5398.3,1011.5556830941003,4783.0,7336.0,2553.0,0.8406,0.0878852787571499,0.704,0.969,0.265,76.27272611707991
40.4,49,7214,0.676,1,32.15,15.908366072953925,12.6,68.4,55.800000000000004,56.9,5.342700108039545,49.0,66.0,17.0,5626.4,1143.540816936579,4783.0,7336.0,2553.0,0.8112999999999999,0.08915411126557976,0.676,0.917,0.241,147.224486791337
47.1,53,7268,0.659,1,35.0,15.763389370450888,12.6,68.4,55.800000000000004,56.6,5.481281277625321,49.0,66.0,17.0,5853.6,1227.0297651012502,4783.0,7336.0,2553.0,0.7943,0.10084537118226483,0.659,0.917,0.258,137.13207288430053
92.4,75,4789,0.8,0,40.6,24.072944702853967,12.6,92.4,79.80000000000001,58.4,8.00277729569212,49.0,75.0,26.0,5833.5,1244.273393502313,4783.0,7336.0,2553.0,0.8039,0.09573394846598951,0.659,0.917,0.258,63.85333248195557
20.5,61,4854,0.791,0,38.61,24.899640782772543,12.6,92.4,79.80000000000001,59.0,7.944250191875363,49.0,75.0,26.0,5590.8,1164.7163507814919,4783.0,7336.0,2553.0,0.8099999999999999,0.09238686775366484,0.659,0.917,0.258,79.57376918731526
36.8,64,4783,0.919,0,39.440000000000005,24.66239602669976,12.6,92.4,79.80000000000001,59.8,8.011103405759917,49.0,75.0,26.0,5590.8,1164.7163507814919,4783.0,7336.0,2553.0,0.8150000000000001,0.09716423667630336,0.659,0.919,0.26,74.73437383227541
44.8,67,5054,0.91,0,41.970000000000006,23.667185440323575,12.6,92.4,79.80000000000001,61.4,7.647802879839983,49.0,75.0,26.0,5615.5,1148.7572270356538,4783.0,7336.0,2553.0,0.8163,0.09846155482104464,0.659,0.919,0.26,75.43283469503233
20.9,52,5028,0.702,1,41.68,23.930863382298178,12.6,92.4,79.80000000000001,60.3,8.165646194746499,49.0,75.0,26.0,5614.9,1149.0962100711924,4783.0,7336.0,2553.0,0.7957000000000001,0.09869374628392334,0.659,0.919,0.26,96.69230583284028
27.0,52,4812,0.669,1,37.54,22.321698461860397,12.6,92.4,79.80000000000001,59.3,8.538149682454655,49.0,75.0,26.0,5362.5,996.0591515232942,4783.0,7268.0,2485.0,0.7797,0.10543460321713877,0.659,0.919,0.26,92.53845975887577
41.6,54,7295,0.667,1,40.440000000000005,20.533722940026625,20.5,92.4,71.9,59.3,8.538149682454655,49.0,75.0,26.0,5613.1,1140.5093842470276,4783.0,7295.0,2512.0,0.7710000000000001,0.11122150071916036,0.659,0.919,0.26,135.09259009087796
64.4,53,7295,0.744,1,43.589999999999996,21.63512832820214,20.5,92.4,71.9,58.0,8.393118874676173,49.0,75.0,26.0,5839.2,1233.2916028976124,4783.0,7295.0,2512.0,0.7537,0.09874326981285032,0.659,0.919,0.26,137.64150683695271
34.9,53,7268,1.016,1,43.040000000000006,21.79455589514647,20.5,92.4,71.9,58.4,8.00277729569212,52.0,75.0,23.0,5844.6,1240.0795852596568,4783.0,7295.0,2512.0,0.7877000000000001,0.12425605283714178,0.659,1.016,0.357,137.13207288430053
100.0,68,7295,0.781,2,48.33,28.329688000791993,20.5,100.0,79.5,59.9,8.279157230325124,52.0,75.0,23.0,5847.3,1243.5476178167696,4783.0,7295.0,2512.0,0.7998999999999999,0.11592569459212451,0.667,1.016,0.349,107.2794101870675
100.0,69,7295,0.757,2,49.089999999999996,29.711555926197317,20.5,100.0,79.5,59.3,7.211872926716863,52.0,69.0,17.0,6097.9,1258.9911702099655,4783.0,7295.0,2512.0,0.7956000000000001,0.11671637036470499,0.667,1.016,0.349,105.72463614891832
13.1,51,4824,0.799,0,48.35,30.582138941254875,13.1,100.0,86.9,58.3,7.6310768134866915,51.0,69.0,18.0,6094.9,1262.315900768633,4783.0,7295.0,2512.0,0.7964,0.11670875431317569,0.667,1.016,0.349,94.58823343944641
16.1,55,4795,0.894,0,46.28,32.11302262668867,13.1,100.0,86.9,57.4,7.41170245849997,51.0,69.0,18.0,6096.1,1260.9351423976275,4795.0,7295.0,2500.0,0.7939,0.11402772567328572,0.667,1.016,0.349,87.18181659669425
100.0,63,7308,0.732,2,51.8,36.30145390415582,13.1,100.0,86.9,57.0,6.928203230275601,51.0,69.0,18.0,6321.5,1255.4014187590437,4795.0,7308.0,2513.0,0.7761,0.10760261252507841,0.667,1.016,0.349,115.9999981587302
14.5,57,5021,0.806,0,51.160000000000004,36.95724857483599,13.1,100.0,86.9,57.5,6.704061787039673,51.0,69.0,18.0,6320.8,1256.204495029902,4795.0,7308.0,2513.0,0.7865,0.10462977056693182,0.667,1.016,0.349,88.08771775284706
31.4,51,4996,0.662,0,51.6,36.66266644846097,13.1,100.0,86.9,57.4,6.801960501698596,51.0,69.0,18.0,6339.2,1232.7782354413046,4795.0,7308.0,2513.0,0.7858,0.10552282533493203,0.662,1.016,0.354,97.96078239292584
28.4,52,4971,0.7,1,50.279999999999994,37.29488496355015,13.1,100.0,86.9,57.2,6.941021378570951,51.0,69.0,18.0,6106.8,1251.4879854708036,4795.0,7308.0,2513.0,0.7891,0.10184678034511727,0.662,1.016,0.354,95.5961520077663
100.0,61,7295,0.679,2,53.839999999999996,40.36519953293092,13.1,100.0,86.9,58.0,6.8637534273247365,51.0,69.0,18.0,6106.8,1251.4879854708036,4795.0,7308.0,2513.0,0.7826000000000001,0.10698930372290041,0.662,1.016,0.354,119.59016197393177
16.0,55,4996,0.938,0,51.95,41.76862857855555,13.1,100.0,86.9,58.2,6.729701991090674,51.0,69.0,18.0,5879.6,1223.1694894821346,4795.0,7308.0,2513.0,0.7748,0.08949587203391596,0.662,0.938,0.2759999999999999,90.83636198479343
12.4,57,4990,0.913,0,43.19,39.7066870942414,12.4,100.0,87.6,57.1,5.782156460468237,51.0,69.0,18.0,5649.1,1141.247898866257,4795.0,7308.0,2513.0,0.788,0.09966833889344036,0.662,0.938,0.2759999999999999,87.54385811326566
39.6,50,7295,0.661,1,37.15,34.33541255840032,12.4,100.0,87.6,55.2,4.391911757867038,50.0,63.0,13.0,5649.1,1141.247898866257,4795.0,7308.0,2513.0,0.7784,0.1073159406197935,0.661,0.938,0.2769999999999999,145.89999708200006
61.2,54,7281,0.656,1,41.96,33.959001424920835,12.4,100.0,87.6,55.5,4.169998667732477,50.0,63.0,13.0,5894.8,1206.4937076780188,4795.0,7308.0,2513.0,0.7641,0.1136089296177412,0.656,0.938,0.2819999999999999,134.8333308364198
100.0,92,7308,0.858,2,50.35,37.080850104123,12.4,100.0,87.6,59.2,12.254704312131661,50.0,92.0,42.0,6146.1,1213.6584225665224,4971.0,7308.0,2337.0,0.7605000000000001,0.10953259281551263,0.656,0.938,0.2819999999999999,79.43478174527411
16.4,51,4996,0.837,0,41.989999999999995,33.93374099296709,12.4,100.0,87.6,58.0,12.427567921538206,50.0,92.0,42.0,5914.9,1187.6627327093552,4971.0,7308.0,2337.0,0.771,0.11151183295457415,0.656,0.938,0.2819999999999999,97.96078239292584
100.0,91,7349,0.934,2,50.54,36.881076147229926,12.4,100.0,87.6,61.4,16.201508846057788,50.0,92.0,42.0,6147.7,1220.6788684989976,4971.0,7349.0,2378.0,0.7838,0.12275522165856881,0.656,0.938,0.2819999999999999,80.75824087078857
35.6,52,4795,0.748,0,50.96,36.662157298470206,12.4,100.0,87.6,61.5,16.133126720440078,50.0,92.0,42.0,6127.6,1243.197329469458,4795.0,7349.0,2554.0,0.7924,0.1161064645534907,0.656,0.938,0.2819999999999999,92.21153668823969
45.1,65,4795,0.969,0,52.63000000000001,35.89261917318245,12.4,100.0,87.6,62.8,15.80295331048386,50.0,92.0,42.0,6110.0,1262.486875619348,4795.0,7349.0,2554.0,0.8192999999999999,0.12326128526201656,0.656,0.969,0.31299999999999994,73.76922963431954
25.7,51,7281,0.927,1,45.2,32.52995201007487,12.4,100.0,87.6,61.8,16.23986863657872,50.0,92.0,42.0,6108.6,1261.0337205818234,4795.0,7349.0,2554.0,0.8440999999999999,0.1166689999766658,0.656,0.969,0.31299999999999994,142.76470308304505
100.0,65,7322,0.725,2,53.6,34.91032957608829,12.4,100.0,87.6,62.8,16.081735671942308,50.0,92.0,42.0,6341.2,1247.454635113704,4795.0,7349.0,2554.0,0.8228,0.11706389518359332,0.656,0.969,0.31299999999999994,112.64615211313613
12.9,55,4789,0.801,0,53.65,34.8450618213446,12.9,100.0,87.1,62.6,16.17405329532457,50.0,92.0,42.0,6321.1,1273.0030505331335,4789.0,7349.0,2560.0,0.8116,0.11275361536455311,0.656,0.969,0.31299999999999994,87.0727256895868
100.0,69,7281,0.781,2,59.69000000000001,37.28823019547995,12.9,100.0,87.1,64.5,15.636495771111855,51.0,92.0,41.0,6319.7,1271.8201349072724,4789.0,7349.0,2560.0,0.8236000000000001,0.10068454587362224,0.656,0.969,0.31299999999999994,105.52173760113425
46.2,54,7281,0.656,1,58.19,37.52171075228007,12.9,100.0,87.1,64.5,15.636495771111855,51.0,92.0,41.0,6319.7,1271.8201349072724,4789.0,7349.0,2560.0,0.8235999999999999,0.10068454587362224,0.656,0.969,0.31299999999999994,134.8333308364198
17.6,58,5028,0.872,0,49.95,36.34923963746996,12.9,100.0,87.1,61.1,12.341888924399791,51.0,91.0,40.0,6091.7,1279.3075427311762,4789.0,7349.0,2560.0,0.825,0.10131140113531033,0.656,0.969,0.31299999999999994,86.6896536777646
23.3,56,4996,0.832,0,50.64,35.701328951299324,12.9,100.0,87.1,61.6,11.983321743156187,51.0,91.0,40.0,6091.7,1279.3075427311762,4789.0,7349.0,2560.0,0.8245000000000001,0.101257921500821,0.656,0.969,0.31299999999999994,89.2142841211735
19.2,52,4996,0.816,0,42.56,32.26705233929284,12.9,100.0,87.1,57.7,6.395310782127874,51.0,69.0,18.0,5856.4,1238.0874318435167,4789.0,7322.0,2533.0,0.8127000000000001,0.09367087772265796,0.656,0.969,0.31299999999999994,96.07692122928998
44.3,52,7281,0.664,1,43.43,32.17569994058658,12.9,100.0,87.1,57.7,6.395310782127874,51.0,69.0,18.0,6105.0,1250.8059623920678,4789.0,7322.0,2533.0,0.8042999999999999,0.10338068807406199,0.656,0.969,0.31299999999999994,140.0192280765533
13.0,51,4990,0.824,0,40.220000000000006,33.561942732803736,12.9,100.0,87.1,56.3,6.1472667819845235,51.0,69.0,18.0,6124.5,1229.4516618756838,4789.0,7322.0,2533.0,0.7898000000000001,0.08650472048776622,0.656,0.927,0.271,97.84313533640912
100.0,68,7281,0.766,2,47.65,37.93035284131512,12.9,100.0,87.1,58.0,6.831300510639802,51.0,69.0,18.0,6124.5,1229.4516618756838,4789.0,7322.0,2533.0,0.7737,0.07187806032132137,0.656,0.872,0.21599999999999997,107.073527837154
21.8,51,5002,0.806,0,39.83,33.77142283055302,12.9,100.0,87.1,56.6,6.6699991670831755,51.0,69.0,18.0,5892.5,1196.8348303383793,4789.0,7281.0,2492.0,0.7818,0.07032748790875074,0.656,0.872,0.21599999999999997,98.07842944944257
58.3,72,4777,1.013,0,44.37,32.786143753455036,13.0,100.0,87.0,58.3,8.206366092518984,51.0,72.0,21.0,5891.3,1198.0695629961408,4777.0,7281.0,2504.0,0.8029999999999999,0.10170982690423144,0.656,1.013,0.3569999999999999,66.34722130073304
95.6,68,7281,0.907,1,43.92999999999999,31.976138673148782,13.0,100.0,87.0,58.2,8.06639117986895,51.0,72.0,21.0,5891.3,1198.0695629961408,4777.0,7281.0,2504.0,0.8155999999999999,0.10637898706459217,0.656,1.013,0.3569999999999999,107.073527837154
12.8,54,4789,0.841,0,40.589999999999996,33.424257658173914,12.8,100.0,87.2,58.2,8.06639117986895,51.0,72.0,21.0,5642.1,1134.3685908909765,4777.0,7281.0,2504.0,0.8341,0.09043039066351123,0.664,1.013,0.34899999999999987,88.68518354286698
16.9,52,4789,0.863,0,40.519999999999996,33.47844414279463,12.8,100.0,87.2,57.6,8.302610031389793,51.0,72.0,21.0,5618.2,1151.1384509837696,4777.0,7281.0,2504.0,0.8332,0.09005529165771028,0.664,1.013,0.34899999999999987,92.096152075074
34.5,48,7241,0.669,1,41.64,33.02259159356747,12.8,100.0,87.2,56.8,8.841819822738932,48.0,72.0,24.0,5842.7,1232.360972550921,4777.0,7281.0,2504.0,0.8169000000000001,0.10397269940817154,0.664,1.013,0.34899999999999987,150.8541635238716
11.9,55,4818,0.856,0,40.91,33.64852481494872,11.9,100.0,88.1,57.1,8.710785141293465,48.0,72.0,24.0,5824.9,1247.1462045628573,4777.0,7281.0,2504.0,0.8209,0.10470110898277048,0.664,1.013,0.34899999999999987,87.59999840727276
35.7,56,4990,0.769,0,40.05,33.66215316279625,11.9,100.0,88.1,57.5,8.540751983546038,48.0,72.0,24.0,5595.8,1157.1192966443198,4777.0,7281.0,2504.0,0.8314,0.09167236345934326,0.669,1.013,0.34399999999999986,89.10714126594391
36.5,52,5034,0.69,1,42.39999999999999,32.35899325449482,11.9,100.0,88.1,57.6,8.461678320522537,48.0,72.0,24.0,5600.2,1154.640761834116,4777.0,7281.0,2504.0,0.818,0.10207731274763039,0.669,1.013,0.34399999999999986,96.80769044600596
77.9,72,4818,0.871,0,40.190000000000005,28.514302454109625,11.9,95.6,83.69999999999999,58.0,9.07989231458421,48.0,72.0,24.0,5353.9,1009.8882721480605,4777.0,7281.0,2504.0,0.8285,0.10153297220333979,0.669,1.013,0.34399999999999986,66.91666573726853
34.4,62,4818,0.916,0,41.45,27.882780428867594,11.9,95.6,83.69999999999999,59.1,8.79962120396861,48.0,72.0,24.0,5335.5,1018.6504416246992,4777.0,7281.0,2504.0,0.8394999999999999,0.10473272862121051,0.669,1.013,0.34399999999999986,77.70967616597297
19.0,46,7268,0.67,1,37.519999999999996,28.01324290006026,11.9,95.6,83.69999999999999,56.5,8.39642781187342,46.0,72.0,26.0,5584.6,1161.4628898266283,4789.0,7281.0,2492.0,0.8051999999999999,0.09751558280033357,0.669,0.916,0.247,157.9999965652175
12.8,52,4996,0.875,0,29.240000000000002,20.04130179848054,11.9,77.9,66.0,54.9,7.430417963419896,46.0,72.0,26.0,5356.1,1004.8503979310527,4789.0,7268.0,2479.0,0.8019999999999999,0.09427501141754167,0.669,0.916,0.247,96.07692122928998
37.1,56,7281,1.001,1,31.670000000000005,19.285403230883674,11.9,77.9,66.0,55.1,7.430417963419892,46.0,72.0,26.0,5605.3,1147.468232433658,4789.0,7281.0,2492.0,0.818,0.11328920709601692,0.669,1.001,0.33199999999999985,130.01785482110975
20.5,51,7295,0.75,1,32.03,19.010701664530384,11.9,77.9,66.0,55.0,7.483314773548012,46.0,72.0,26.0,5855.9,1220.6959262832122,4818.0,7295.0,2477.0,0.8067,0.11393570311559172,0.669,1.001,0.33199999999999985,143.03921288158406
57.3,68,5034,0.861,0,34.31,20.637476697611174,11.9,77.9,66.0,57.0,8.055363982396463,46.0,72.0,26.0,5635.2,1139.2404682262759,4818.0,7295.0,2477.0,0.8259000000000001,0.10388717170297869,0.67,1.001,0.33099999999999985,74.02941067603808
43.6,57,4818,0.798,0,37.480000000000004,19.19709468759383,12.8,77.9,65.10000000000001,57.2,8.02496105909563,46.0,72.0,26.0,5635.2,1139.2404682262759,4818.0,7295.0,2477.0,0.8201,0.10363874221973482,0.67,1.001,0.33099999999999985,84.52631430655589
36.8,58,4990,0.686,0,37.59,19.18891172873887,12.8,77.9,65.10000000000001,57.4,8.016649341630695,46.0,72.0,26.0,5635.2,1139.2404682262759,4818.0,7295.0,2477.0,0.8118000000000001,0.11123129056160315,0.67,1.001,0.33099999999999985,86.03448127526757
12.3,53,4783,0.881,0,35.17,20.80000267093999,12.3,77.9,65.60000000000001,57.5,7.947746011710984,46.0,72.0,26.0,5610.1,1156.590914906573,4783.0,7295.0,2512.0,0.8309,0.10416701333275508,0.67,1.001,0.33099999999999985,90.24528131612678
30.3,58,7281,0.912,1,30.410000000000004,14.395404359262287,12.3,57.3,45.0,56.1,6.136412270664118,46.0,68.0,22.0,5856.4,1229.144707148469,4783.0,7295.0,2512.0,0.835,0.10669687072366234,0.67,1.001,0.33099999999999985,125.5344805942331
42.1,64,4824,0.874,0,31.18,14.831857604494479,12.3,57.3,45.0,56.3,6.377913277693521,46.0,68.0,22.0,5857.0,1228.5828330958245,4783.0,7295.0,2512.0,0.8308,0.10394528475222879,0.67,1.001,0.33099999999999985,75.37499882226565
40.3,52,7322,0.676,1,33.31,14.411835413992211,12.3,57.3,45.0,56.9,5.526702854726839,51.0,68.0,17.0,5862.4,1235.5724898919377,4783.0,7322.0,2539.0,0.8314,0.10292629509616057,0.676,1.001,0.32499999999999984,140.80768959985213
39.6,57,4996,0.774,0,35.989999999999995,12.54498128956575,12.3,57.3,45.0,57.4,5.253570214625593,51.0,68.0,17.0,5862.4,1235.5724898919377,4783.0,7322.0,2539.0,0.8213000000000001,0.1031278063591202,0.676,1.001,0.32499999999999984,87.64912126931367
42.1,59,4996,0.889,0,36.489999999999995,12.69290703065645,12.3,57.3,45.0,57.7,5.250396810400883,51.0,68.0,17.0,5633.9,1152.5746493057195,4783.0,7322.0,2539.0,0.8100999999999999,0.08612323212183176,0.676,0.912,0.236,84.67796466647518
34.9,52,7268,0.662,1,37.92999999999999,11.43144299241734,12.3,57.3,45.0,57.8,5.116422361160076,52.0,68.0,16.0,5631.2,1148.2746283978422,4783.0,7322.0,2539.0,0.8013,0.0967827463962448,0.662,0.912,0.25,139.769228081361
47.4,71,5028,1.001,0,36.940000000000005,9.892668441269414,12.3,47.4,35.099999999999994,58.1,5.820461990063912,52.0,71.0,19.0,5630.6,1148.6228662571841,4783.0,7322.0,2539.0,0.8153,0.11482261681974118,0.662,1.001,0.33899999999999986,70.81690041102958
53.5,55,7308,0.833,1,37.93,11.059741809323016,12.3,53.5,41.2,57.9,5.896326540030471,52.0,71.0,19.0,5879.6,1220.5350557121278,4783.0,7322.0,2539.0,0.8188000000000001,0.11477010838096102,0.662,1.001,0.33899999999999986,132.87272485685955
44.2,57,7322,0.916,1,38.67,11.222106160015825,12.3,53.5,41.2,57.8,5.902918298981066,52.0,71.0,19.0,6112.8,1254.0006911215492,4783.0,7322.0,2539.0,0.8417999999999999,0.10804916576365545,0.662,1.001,0.33899999999999986,128.45613809726075
32.3,50,5034,0.666,1,40.67,6.981093515106678,30.3,53.5,23.2,57.5,6.24054840894978,50.0,71.0,21.0,6137.9,1226.6395332143973,4824.0,7322.0,2498.0,0.8202999999999999,0.12010092977713824,0.662,1.001,0.33899999999999986,100.67999798640004
43.5,55,7281,0.67,1,41.989999999999995,5.978377706367962,32.3,53.5,21.200000000000003,57.2,6.285786435372459,50.0,71.0,21.0,6137.9,1226.6395332143973,4824.0,7322.0,2498.0,0.7961,0.12389193319627784,0.662,1.001,0.33899999999999986,132.3818157748761
43.4,52,5021,0.669,1,42.12,5.995146184854477,32.3,53.5,21.200000000000003,56.0,5.981452814975597,50.0,71.0,21.0,6157.6,1204.5770304228006,4996.0,7322.0,2326.0,0.7756000000000001,0.12650270089343263,0.662,1.001,0.33899999999999986,96.55769045081365
26.7,55,4996,0.714,0,40.76,7.7419779270041875,26.7,53.5,26.8,56.3,5.831904586934934,50.0,71.0,21.0,5925.0,1179.0538579725635,4996.0,7322.0,2326.0,0.7794000000000001,0.12371849767381835,0.662,1.001,0.33899999999999986,90.83636198479343
46.8,52,7295,0.695,1,41.480000000000004,7.954006677280314,26.7,53.5,26.8,55.8,5.977736472389455,50.0,71.0,21.0,6154.9,1201.7039245264255,4996.0,7322.0,2326.0,0.7715,0.12659054730376448,0.662,1.001,0.33899999999999986,140.28845884060658
16.6,52,4996,0.854,0,38.93,11.170402360205621,16.6,53.5,36.9,55.1,5.971227307309411,50.0,71.0,21.0,6154.9,1201.7039245264255,4996.0,7322.0,2326.0,0.768,0.12342519101778923,0.662,1.001,0.33899999999999986,96.07692122928998
41.0,54,4977,0.856,0,39.54,11.092159393012626,16.6,53.5,36.9,55.3,5.888784066153194,50.0,71.0,21.0,5925.8,1184.1743302590335,4977.0,7322.0,2345.0,0.7874,0.12011494494857788,0.666,1.001,0.33499999999999985,92.16666495987658
100.0,72,7281,0.758,2,44.8,22.171753802229162,16.6,100.0,83.4,55.4,6.186005711819914,50.0,72.0,22.0,6151.1,1208.4581958475442,4977.0,7322.0,2345.0,0.7630999999999999,0.09379818761575305,0.666,0.916,0.25,101.12499859548613
52.9,62,4681,0.98,0,44.739999999999995,22.146391730181765,16.6,100.0,83.4,56.1,6.522610247780111,50.0,72.0,22.0,5888.4,1214.5417242729807,4681.0,7322.0,2641.0,0.7778,0.11507562730656717,0.666,0.98,0.31399999999999995,75.49999878225809
40.4,51,4996,0.773,1,44.36,22.189246644865243,16.6,100.0,83.4,55.5,6.7040617870397305,50.0,72.0,22.0,5655.8,1129.2153421242863,4681.0,7295.0,2614.0,0.7635,0.1043820440071525,0.666,0.98,0.31399999999999995,97.96078239292584
35.6,68,5034,1.041,1,44.69,22.013806273942343,16.6,100.0,83.4,57.3,7.4393846818433635,51.0,72.0,21.0,5655.8,1129.2153421242863,4681.0,7295.0,2614.0,0.8009999999999999,0.1297424799790375,0.669,1.041,0.3719999999999999,74.02941067603808
14.4,49,4818,0.676,0,41.78,24.020491252262044,14.4,100.0,85.6,56.7,7.8747133986649045,49.0,72.0,23.0,5409.5,996.1114674350107,4681.0,7295.0,2614.0,0.8016,0.12908154184252793,0.669,1.041,0.3719999999999999,98.32652860558106
14.1,51,4812,0.765,0,38.85,25.53987079058934,14.1,100.0,85.9,56.6,7.947046970765747,49.0,72.0,23.0,5388.6,1007.2982786752872,4681.0,7295.0,2614.0,0.8112,0.12146952063972362,0.676,1.041,0.3649999999999999,94.35293932641297
21.4,52,4996,0.687,1,38.32000000000001,25.872842905254895,14.1,100.0,85.9,56.3,8.069834088890788,49.0,72.0,23.0,5388.6,1007.2982786752872,4681.0,7295.0,2614.0,0.8084999999999999,0.12414082505140786,0.676,1.041,0.3649999999999999,96.07692122928998
28.4,75,5034,1.0,0,36.480000000000004,25.85703428899419,14.1,100.0,85.9,58.6,9.800226754746301,49.0,75.0,26.0,5162.5,753.658963546048,4681.0,7281.0,2600.0,0.8390000000000001,0.13046327708081817,0.676,1.041,0.3649999999999999,67.11999910506668
15.7,53,4807,0.812,0,36.39,25.93536624422762,14.1,100.0,85.9,58.7,9.730250653389076,49.0,75.0,26.0,5143.6,760.6358743402147,4681.0,7281.0,2600.0,0.8348000000000001,0.13060270543394709,0.676,1.041,0.3649999999999999,90.69811149626206
29.8,52,5009,0.662,0,35.269999999999996,25.955990530982323,14.1,100.0,85.9,58.5,9.857315388414204,49.0,75.0,26.0,5146.8,759.9240897762038,4681.0,7281.0,2600.0,0.8154,0.1410911446941688,0.662,1.041,0.3789999999999999,96.32692122448229
27.2,58,5021,0.922,1,27.99,12.510391236443846,14.1,52.9,38.8,57.1,8.64677203739453,49.0,75.0,26.0,4920.8,128.07011968262228,4681.0,5034.0,353.0,0.8318,0.14319357527486942,0.662,1.041,0.3789999999999999,86.56896402467304
12.1,52,4681,0.921,0,23.91,9.855111476905053,12.1,40.4,28.299999999999997,56.1,8.595218308907542,49.0,75.0,26.0,4920.8,128.07011968262228,4681.0,5034.0,353.0,0.8259000000000001,0.1375115752703497,0.662,1.041,0.3789999999999999,90.01922903809175
42.2,51,7308,0.661,1,24.089999999999996,10.200157950846922,12.1,42.2,30.1,56.1,8.595218308907542,49.0,75.0,26.0,5152.0,767.8362093860997,4681.0,7308.0,2627.0,0.8147,0.14656212183083092,0.661,1.041,0.3799999999999999,143.2941148373703
22.7,58,5002,1.001,0,22.8,9.364234559690011,12.1,42.2,30.1,55.1,7.578478299324694,49.0,75.0,26.0,5148.8,768.4490585299233,4681.0,7308.0,2627.0,0.8107,0.140103176266635,0.661,1.001,0.33999999999999986,86.24137782342453
47.5,67,7308,1.0,1,26.109999999999996,11.638866878791294,12.1,47.5,35.4,56.9,8.08908729915401,51.0,75.0,24.0,5397.8,1013.647517083164,4681.0,7308.0,2627.0,0.8431000000000001,0.14292690439521746,0.661,1.001,0.33999999999999986,109.07462523769216
34.8,48,7295,0.671,1,28.179999999999996,11.093521633017366,12.1,47.5,35.4,56.6,8.382521498133372,48.0,75.0,27.0,5646.1,1149.2513940242343,4681.0,7308.0,2627.0,0.8337,0.1514698723252314,0.661,1.001,0.33999999999999986,151.9791635004341
27.3,52,4964,1.009,1,28.77,10.847022120789223,12.1,47.5,35.4,56.6,8.382521498133372,48.0,75.0,27.0,5642.9,1151.305389547004,4681.0,7308.0,2627.0,0.8659000000000001,0.1510441068768383,0.661,1.009,0.34799999999999986,95.46153662573968
28.6,60,4812,0.871,0,28.79,10.846448471478869,12.1,47.5,35.4,55.1,5.6065437957207935,48.0,67.0,19.0,5620.7,1166.3925439862196,4681.0,7308.0,2627.0,0.8530000000000001,0.1436461702316557,0.661,1.009,0.34799999999999986,80.19999866333336
15.0,51,4824,0.753,0,28.72,10.942150915915414,12.1,47.5,35.4,54.9,5.724217559341077,48.0,67.0,19.0,5622.4,1165.0864727087287,4681.0,7308.0,2627.0,0.8471,0.14669654998594,0.661,1.009,0.34799999999999986,94.58823343944641
20.1,51,4760,0.8,0,27.75,11.26106862898317,12.1,47.5,35.4,54.8,5.788878225624822,48.0,67.0,19.0,5597.5,1182.1878258362894,4681.0,7308.0,2627.0,0.8609,0.1332211611485853,0.661,1.009,0.34799999999999986,93.33333150326801
14.5,54,4996,0.788,0,26.48,12.020519493303588,12.1,47.5,35.4,54.4,5.68037557443774,48.0,67.0,19.0,5595.0,1183.5680518387232,4681.0,7308.0,2627.0,0.8474999999999999,0.1331317225741302,0.661,1.009,0.34799999999999986,92.51851680521266
30.1,57,4990,0.831,0,28.28,10.92579008076262,14.5,47.5,33.0,54.9,5.665686189686299,48.0,67.0,19.0,5625.9,1160.8704062038873,4760.0,7308.0,2548.0,0.8385,0.1306294589882206,0.661,1.009,0.34799999999999986,87.54385811326566
48.3,55,4996,0.833,0,28.889999999999997,11.914832026605493,14.5,48.3,33.8,55.3,5.498484639728955,48.0,67.0,19.0,5394.7,1008.9246255295651,4760.0,7308.0,2548.0,0.8557,0.11505655614136331,0.671,1.009,0.33799999999999986,90.83636198479343
53.2,58,7295,0.846,1,31.940000000000005,13.89365962508721,14.5,53.2,38.7,55.3,5.498484639728955,48.0,67.0,19.0,5624.0,1159.1424991489664,4760.0,7308.0,2548.0,0.8402000000000001,0.10312969181246004,0.671,1.009,0.33799999999999986,125.77585990041621
14.2,49,7308,0.664,1,28.610000000000003,13.739678954683756,14.2,53.2,39.0,53.5,3.9791121287714217,48.0,60.0,12.0,5624.0,1159.1424991489664,4760.0,7308.0,2548.0,0.8066000000000001,0.09996799487835997,0.664,1.009,0.34499999999999986,149.14285409912543
14.2,49,4812,0.664,0,26.55,14.243536545863037,14.2,53.2,39.0,53.6,3.835506630304996,49.0,60.0,11.0,5375.7,1018.8815272967901,4760.0,7308.0,2548.0,0.8059000000000001,0.10104174054980021,0.664,1.009,0.34499999999999986,98.20407962848817
44.0,68,4996,0.871,0,28.22,15.282364563989065,14.2,53.2,39.0,55.2,5.884065110297826,49.0,68.0,19.0,5378.9,1017.4941386672432,4760.0,7308.0,2548.0,0.7920999999999999,0.07671657795635314,0.664,0.871,0.20699999999999996,73.47058715484431
12.0,50,4789,0.663,0,26.560000000000002,16.115361891341177,12.0,53.2,41.2,54.2,5.827139568910103,49.0,68.0,19.0,5376.6,1018.9429381035446,4760.0,7308.0,2548.0,0.7713,0.08102407049759949,0.663,0.871,0.20799999999999996,95.77999808440005
38.6,60,4996,0.872,0,28.919999999999998,15.96167632522076,12.0,53.2,41.2,55.1,5.971227307309405,49.0,68.0,19.0,5393.8,1009.9908470432216,4760.0,7308.0,2548.0,0.7832,0.08658560311429714,0.663,0.872,0.20899999999999996,83.26666527888892
10.0,48,4783,0.666,0,27.909999999999997,16.875192179975706,10.0,53.2,43.2,54.8,6.26808494588985,48.0,68.0,20.0,5396.1,1008.412112625023,4783.0,7308.0,2525.0,0.7698,0.0937677983105073,0.663,0.872,0.20899999999999996,99.64583125737852
45.1,50,4964,0.672,1,30.97,16.947569475034236,10.0,53.2,43.2,54.4,6.449806198639011,48.0,68.0,20.0,5392.9,1009.8725387118999,4783.0,7308.0,2525.0,0.7582,0.09833028243854723,0.663,0.872,0.20899999999999996,99.27999801440005
14.6,49,4818,0.754,0,29.419999999999998,17.726865988599883,10.0,53.2,43.2,53.6,6.586180818788703,48.0,68.0,20.0,5375.7,1018.9213305146529,4783.0,7308.0,2525.0,0.7505,0.09495291230686721,0.663,0.872,0.20899999999999996,98.32652860558106
9.7,50,4789,0.68,0,25.56,17.357688018089743,9.7,53.2,43.5,53.1,6.657493689236576,48.0,68.0,20.0,5355.0,1029.539595050987,4783.0,7308.0,2525.0,0.7352000000000001,0.09247678387333591,0.663,0.872,0.20899999999999996,95.77999808440005
25.6,52,4789,0.728,0,22.8,14.420124826089538,9.7,45.1,35.400000000000006,52.5,6.4334196885398125,48.0,68.0,20.0,5104.4,779.4811949837541,4783.0,7308.0,2525.0,0.7234,0.08389835119555993,0.663,0.872,0.20899999999999996,92.096152075074
100.0,64,7295,0.704,2,31.380000000000003,27.93081929816359,9.7,100.0,90.3,54.0,7.226494462893095,48.0,68.0,20.0,5103.1,775.3978835267386,4783.0,7295.0,2512.0,0.7274,0.081675781804238,0.663,0.872,0.20899999999999996,113.98437321899418
23.0,51,4990,0.663,1,32.260000000000005,27.4641260960953,9.7,100.0,90.3,54.2,7.099295739719699,48.0,68.0,20.0,5120.9,769.9971789269905,4783.0,7295.0,2512.0,0.7273,0.08176259671893,0.663,0.872,0.20899999999999996,97.84313533640912
100.0,87,7336,0.872,2,37.86,34.84215837171972,9.7,100.0,90.3,56.1,12.031902038608374,48.0,87.0,39.0,5354.9,1037.0668520184843,4783.0,7336.0,2553.0,0.7274,0.0819582549567505,0.663,0.872,0.20899999999999996,84.32183811124324
21.7,58,4807,0.849,0,38.83,34.17078186599381,9.7,100.0,90.3,56.9,11.845768114488129,48.0,87.0,39.0,5356.7,1035.9905673101125,4783.0,7336.0,2553.0,0.746,0.08668845879867156,0.663,0.872,0.20899999999999996,82.87930891587399
100.0,70,7308,0.761,2,44.97,39.26194227379877,9.7,100.0,90.3,57.9,12.538385506559935,48.0,87.0,39.0,5587.9,1192.6823596880643,4783.0,7336.0,2553.0,0.7349,0.07509320134931671,0.663,0.872,0.20899999999999996,104.39999850857146
55.9,68,4996,0.932,0,49.559999999999995,37.35621917580934,9.7,100.0,90.3,59.9,12.377847596052861,49.0,87.0,38.0,5609.2,1178.528536400833,4789.0,7336.0,2547.0,0.7615000000000001,0.09296146154903846,0.663,0.932,0.269,73.47058715484431
27.7,52,4990,0.66,1,47.82000000000001,37.98695097588696,9.7,100.0,90.3,60.1,12.215200002910782,49.0,87.0,38.0,5611.8,1176.9746339190438,4789.0,7336.0,2547.0,0.7603000000000001,0.09431277750124863,0.66,0.932,0.272,95.9615366161243
48.0,62,4807,0.847,0,51.160000000000004,36.16625806220788,9.7,100.0,90.3,61.4,11.577756451249288,50.0,87.0,37.0,5610.7,1177.8037989787888,4789.0,7336.0,2547.0,0.7696,0.09813052532214422,0.66,0.932,0.272,77.53225681399586
37.9,52,7281,0.669,1,53.98,33.5813374096717,21.7,100.0,78.3,61.6,11.374435272916969,51.0,87.0,36.0,5859.9,1246.2700304865202,4789.0,7336.0,2547.0,0.7685000000000001,0.0993011692893,0.66,0.932,0.272,140.0192280765533
30.1,66,5028,0.916,0,54.42999999999999,33.18661209316515,21.7,100.0,78.3,63.0,10.913803695829912,51.0,87.0,36.0,5883.8,1225.5710505719298,4807.0,7336.0,2529.0,0.7873,0.10818096977852498,0.66,0.932,0.272,76.18181702754823
100.0,68,7308,0.766,2,54.42999999999999,33.18661209316515,21.7,100.0,78.3,63.4,11.02723900167215,51.0,87.0,36.0,5885.1,1227.2400335712587,4807.0,7336.0,2529.0,0.7935,0.10459365818888458,0.66,0.932,0.272,107.47058665484431
20.4,57,7447,0.756,1,54.169999999999995,33.46919147182631,20.4,100.0,79.6,64.0,10.424330514074555,52.0,87.0,35.0,6130.8,1273.2157711872678,4807.0,7447.0,2640.0,0.8028000000000001,0.09543444521415306,0.66,0.932,0.272,130.64912051492772
31.2,52,4783,0.796,0,47.29,29.880445110473097,20.4,100.0,79.6,60.5,7.230337321161309,52.0,70.0,18.0,5875.5,1260.5987334067295,4783.0,7447.0,2664.0,0.7952,0.09228554720118479,0.66,0.932,0.272,91.98076746190833
19.0,52,4818,0.661,0,47.019999999999996,30.148366456575978,19.0,100.0,81.0,59.9,7.694875639743088,52.0,70.0,18.0,5876.6,1259.5671390512543,4783.0,7447.0,2664.0,0.7764,0.09901200825040234,0.66,0.932,0.272,92.65384437204146
43.3,52,4789,0.757,0,41.35,23.724776079027542,19.0,100.0,81.0,58.1,7.156193898373084,52.0,68.0,16.0,5624.7,1191.5450334194863,4783.0,7447.0,2664.0,0.776,0.09908918541731299,0.66,0.932,0.272,92.096152075074
13.1,51,4990,0.692,0,37.07,24.6508079651222,13.1,100.0,86.9,56.4,6.535373831014772,51.0,68.0,17.0,5624.1,1191.8982478942203,4783.0,7447.0,2664.0,0.752,0.08519780904851215,0.66,0.916,0.256,97.84313533640912
12.5,50,4789,0.837,0,35.55,25.737445699041512,12.5,100.0,87.5,56.2,6.713171133426312,50.0,68.0,18.0,5604.0,1205.398136163585,4783.0,7447.0,2664.0,0.7697,0.08229763058557636,0.661,0.916,0.255,95.77999808440005
59.8,68,5028,0.824,0,36.730000000000004,26.62680562474171,12.5,100.0,87.5,56.8,7.509993342207532,50.0,68.0,18.0,5626.1,1191.1033587019597,4783.0,7447.0,2664.0,0.7674000000000001,0.08019171472858723,0.661,0.916,0.255,73.94117538321801
55.3,64,7295,1.001,1,38.47,27.27245456092605,12.5,100.0,87.5,58.0,7.615773105863981,50.0,68.0,18.0,5627.5,1193.270878253914,4783.0,7447.0,2664.0,0.8006,0.100962259175286,0.661,1.001,0.33999999999999986,113.98437321899418
100.0,67,7268,0.768,2,45.46,33.20201466444128,12.5,100.0,87.5,58.1,7.738073260042118,50.0,68.0,18.0,5851.5,1275.6322397584242,4783.0,7447.0,2664.0,0.7858,0.09267362084217878,0.661,1.001,0.33999999999999986,108.4776103212297
48.2,78,5021,0.914,0,40.28,27.25585767826387,12.5,100.0,87.5,59.1,9.585289655392712,50.0,78.0,28.0,5622.8,1187.454775747027,4783.0,7447.0,2664.0,0.8006,0.100635977662066,0.661,1.001,0.33999999999999986,64.37179404651546
49.5,64,4789,0.768,0,43.19,26.43871109650471,12.5,100.0,87.5,59.8,9.670114327716693,50.0,78.0,28.0,5357.0,1019.3385654977851,4783.0,7295.0,2512.0,0.8018000000000001,0.10011526690104015,0.661,1.001,0.33999999999999986,74.82812383081057
27.4,51,5028,0.698,1,42.81,26.656600183319146,12.5,100.0,87.5,59.7,9.764447984624887,50.0,78.0,28.0,5381.5,1006.8775993138252,4789.0,7295.0,2506.0,0.792,0.10540293059387705,0.661,1.001,0.33999999999999986,98.58823336101504
41.9,51,7308,0.724,1,45.1,25.33473680322898,12.5,100.0,87.5,59.6,9.856751775080681,50.0,78.0,28.0,5630.5,1149.786574398329,4789.0,7308.0,2519.0,0.7983,0.09834977263714256,0.692,1.001,0.30899999999999994,143.2941148373703
41.1,58,7295,0.99,1,44.88,25.361642077927154,12.5,100.0,87.5,60.2,9.519570485175402,50.0,78.0,28.0,5881.1,1217.1239734171088,4789.0,7308.0,2519.0,0.8215999999999999,0.1138558542875829,0.692,1.001,0.30899999999999994,125.77585990041621
22.5,49,5021,0.682,0,45.82000000000001,24.200495862688353,12.5,100.0,87.5,60.0,9.752492558885221,49.0,78.0,29.0,5884.2,1214.6391142136672,4789.0,7308.0,2519.0,0.8206,0.11515709077410437,0.682,1.001,0.31899999999999984,102.4693856638901
54.3,52,5021,0.667,1,50.0,21.233987431055354,22.5,100.0,77.5,60.2,9.542885657214336,49.0,78.0,29.0,5907.4,1193.4265512939278,4789.0,7308.0,2519.0,0.8036,0.1246258400172285,0.667,1.001,0.33399999999999985,96.55769045081365
16.4,53,5028,0.659,0,45.660000000000004,23.339294476625952,16.4,100.0,83.6,58.7,9.357706271660144,49.0,78.0,29.0,5907.4,1193.4265512939278,4789.0,7308.0,2519.0,0.7871,0.1323106193772817,0.659,1.001,0.34199999999999986,94.86792273834108
36.4,70,7268,0.923,1,43.769999999999996,23.236946156211307,16.4,100.0,83.6,59.3,9.911273043021973,49.0,78.0,29.0,5904.7,1189.9639630397712,4789.0,7308.0,2519.0,0.7793000000000001,0.12002874655681427,0.659,0.99,0.33099999999999996,103.82856994530614
26.2,60,4996,0.843,0,36.39,12.744711321433133,16.4,54.3,37.9,58.6,9.547541859324655,49.0,78.0,29.0,5677.5,1115.3015785477444,4789.0,7308.0,2519.0,0.7868,0.12157741018242897,0.659,0.99,0.33099999999999996,83.26666527888892
42.8,72,7281,1.001,1,35.85,12.29518876092051,16.4,54.3,37.9,58.0,8.29993306532589,49.0,72.0,23.0,5903.5,1193.712160540474,4789.0,7308.0,2519.0,0.7955,0.13415351902453598,0.659,1.001,0.34199999999999986,101.12499859548613
26.1,49,7308,0.664,1,33.510000000000005,11.616697752230055,16.4,54.3,37.9,56.5,8.44919457042448,49.0,72.0,23.0,6155.4,1198.170475720746,4996.0,7308.0,2312.0,0.7851,0.14040770001044153,0.659,1.001,0.34199999999999986,149.14285409912543
15.0,61,4783,0.986,0,32.269999999999996,12.929041384074521,15.0,54.3,39.3,57.5,8.316649966583176,49.0,72.0,23.0,6130.9,1225.967232659807,4783.0,7308.0,2525.0,0.8139,0.1497809140786035,0.659,1.001,0.34199999999999986,78.40983478016665
31.3,56,4996,0.841,0,31.209999999999997,12.478465895738626,15.0,54.3,39.3,58.0,8.027729719194934,49.0,72.0,23.0,5899.7,1196.980464892104,4783.0,7308.0,2525.0,0.8256,0.146512191377448,0.659,1.001,0.34199999999999986,89.2142841211735
24.3,48,7281,0.719,1,29.529999999999994,12.124910079849908,15.0,54.3,39.3,57.0,8.628119403696607,48.0,72.0,24.0,5898.3,1195.1740040680204,4783.0,7308.0,2525.0,0.7985,0.13751141366769795,0.659,1.001,0.34199999999999986,151.68749683984382
100.0,64,7308,0.731,2,37.279999999999994,25.031304844578543,15.0,100.0,85.0,58.5,8.383184226639585,48.0,72.0,24.0,6127.0,1227.0348179430096,4783.0,7308.0,2525.0,0.8034000000000001,0.13371960713871833,0.659,1.001,0.34199999999999986,114.18749821582034
28.0,55,4990,0.801,0,34.65,24.418492536964227,15.0,100.0,85.0,58.8,8.175845182269862,48.0,72.0,24.0,6123.9,1230.1746443312613,4783.0,7308.0,2525.0,0.8168,0.12495937117497118,0.659,1.001,0.34199999999999986,90.72727107768598
42.4,61,4996,0.874,0,37.25,23.6308766941333,15.0,100.0,85.0,59.6,7.9330532163432474,48.0,72.0,24.0,6120.7,1233.3795531879925,4783.0,7308.0,2525.0,0.8382999999999999,0.11268545208282557,0.664,1.001,0.33699999999999986,81.9016380016125
23.1,56,4818,0.973,0,35.92,24.054512166235153,15.0,100.0,85.0,58.2,7.0836274448744705,48.0,72.0,24.0,5875.7,1223.4516791075546,4783.0,7308.0,2525.0,0.8432999999999999,0.1178521201430923,0.664,1.001,0.33699999999999986,86.03571274936228
30.2,51,4971,0.682,1,36.32,23.90773003770025,15.0,100.0,85.0,57.3,7.394442357458681,48.0,72.0,24.0,5873.2,1225.4728611166045,4783.0,7308.0,2525.0,0.8272,0.12842100901159154,0.664,1.001,0.33699999999999986,97.47058632410615
45.8,52,5009,0.791,0,36.62,24.016651630807214,15.0,100.0,85.0,55.3,5.417051268397446,48.0,64.0,16.0,5646.0,1143.3282798722043,4783.0,7308.0,2525.0,0.8061999999999999,0.11309858040173942,0.664,0.986,0.32199999999999995,96.32692122448229
37.0,56,7322,0.726,1,37.709999999999994,23.73180940800293,15.0,100.0,85.0,56.0,4.944132324730616,48.0,64.0,16.0,5647.4,1145.5958372053385,4783.0,7322.0,2539.0,0.8124,0.10590792646864865,0.682,0.986,0.30399999999999994,130.74999766517863
38.0,54,4697,0.829,0,40.01,22.36124872283394,23.1,100.0,76.9,55.3,4.643992535165039,48.0,64.0,16.0,5638.8,1153.104100533271,4697.0,7322.0,2625.0,0.7967,0.08731940092429433,0.682,0.973,0.2909999999999999,86.98147987071334
30.5,55,4952,0.906,0,39.93,22.39727413970028,23.1,100.0,76.9,55.2,4.638007234913836,48.0,64.0,16.0,5634.4,1155.9099542015372,4697.0,7322.0,2625.0,0.8032,0.09320443480149704,0.682,0.973,0.2909999999999999,90.03636199933888
14.7,59,5028,0.835,0,38.97,23.32804940171568,14.7,100.0,85.3,56.3,4.001388647846238,51.0,64.0,13.0,5409.1,1009.6192296548537,4697.0,7322.0,2625.0,0.8148,0.08866892227707274,0.682,0.973,0.2909999999999999,85.22033753863835
28.9,58,5034,0.882,0,31.860000000000003,9.243640456491685,14.7,45.8,31.099999999999998,55.7,3.0568684048297317,51.0,61.0,10.0,5181.7,759.5137406408046,4697.0,7322.0,2625.0,0.8299,0.08561730095151292,0.682,0.973,0.2909999999999999,86.79310195184307
100.0,93,7308,0.864,2,39.06,23.282716527263034,14.7,100.0,85.3,59.5,12.158673173226346,51.0,93.0,42.0,5413.5,1007.6838404093784,4697.0,7322.0,2625.0,0.8362,0.08557232158952978,0.682,0.973,0.2909999999999999,78.58064431633716
100.0,75,7322,0.789,2,44.82,30.275615417178315,14.7,100.0,85.3,60.9,13.118688958886107,51.0,93.0,42.0,5646.1,1157.8658001301744,4697.0,7322.0,2625.0,0.8277000000000001,0.08562197277698025,0.682,0.973,0.2909999999999999,97.6266653649778
31.1,61,4996,0.839,0,45.62,29.738855989354256,14.7,100.0,85.3,61.4,13.005981529879076,51.0,93.0,42.0,5663.9,1145.0177533800663,4697.0,7322.0,2625.0,0.8142999999999999,0.06928211249024459,0.682,0.906,0.22399999999999998,81.9016380016125
28.2,61,5028,0.654,0,45.42,29.860557410887107,14.7,100.0,85.3,62.4,12.491775071800014,52.0,93.0,41.0,5669.6,1141.3210863828815,4697.0,7322.0,2625.0,0.8115,0.07550901344283951,0.654,0.906,0.252,82.42622815694708
15.7,53,4812,0.791,0,42.410000000000004,31.300353210644577,14.7,100.0,85.3,62.5,12.402956636759363,53.0,93.0,40.0,5649.9,1155.6012816807536,4697.0,7322.0,2625.0,0.8115,0.07550901344283951,0.654,0.906,0.252,90.79245111712356
40.2,65,5034,0.917,0,42.730000000000004,31.255223563430114,14.7,100.0,85.3,63.4,12.203824537141331,53.0,93.0,40.0,5421.1,1004.3598790606079,4697.0,7322.0,2625.0,0.8305999999999999,0.07563538266651938,0.654,0.917,0.263,77.44615265467458
13.1,49,4996,0.666,0,40.24,32.63529786391821,13.1,100.0,86.9,62.9,12.72311981307169,49.0,93.0,44.0,5451.0,984.6656510940236,4812.0,7322.0,2510.0,0.8143,0.09184534101774819,0.654,0.917,0.263,101.95918159266976
72.8,59,7308,0.826,1,44.47,33.9475428664088,13.1,100.0,86.9,63.3,12.508219519801973,49.0,93.0,44.0,5686.6,1124.0043693074335,4812.0,7322.0,2510.0,0.8063,0.08628640938435367,0.654,0.917,0.263,123.86440468026433
25.0,49,7281,0.68,1,45.5,33.08934034465541,13.1,100.0,86.9,62.3,13.266917920568853,49.0,93.0,44.0,5911.9,1200.5197439257468,4812.0,7322.0,2510.0,0.7908000000000001,0.09412379555080004,0.654,0.917,0.263,148.59183370220748
17.8,46,7295,0.704,1,44.39,33.88468844642234,13.1,100.0,86.9,61.1,14.20836999017755,46.0,93.0,47.0,6138.0,1229.3753608144948,4812.0,7322.0,2510.0,0.7729999999999999,0.09176176884859093,0.654,0.917,0.263,158.58695307419669
16.4,48,4818,0.854,0,36.029999999999994,28.52994722898885,13.1,100.0,86.9,56.6,9.2400096200047,46.0,75.0,29.0,5889.0,1218.1846238472074,4812.0,7322.0,2510.0,0.772,0.09070832376358862,0.654,0.917,0.263,100.37499790885421
42.6,69,5021,0.926,0,30.29,18.0958835097931,13.1,72.8,59.699999999999996,56.0,8.027729719194978,46.0,69.0,23.0,5658.9,1131.677167354316,4812.0,7308.0,2496.0,0.7857000000000001,0.10306529753294996,0.654,0.926,0.272,72.76811488741863
100.0,61,7363,0.708,2,37.18,28.54091799504703,13.1,100.0,86.9,56.0,8.027729719194978,46.0,69.0,23.0,5895.6,1221.5877828101818,4812.0,7363.0,2551.0,0.7726,0.1038601623979731,0.654,0.926,0.272,120.70491605401777
12.4,50,4812,0.812,0,35.599999999999994,29.51402679706342,12.4,100.0,87.6,54.9,8.020113604072227,46.0,69.0,23.0,5874.0,1240.3979648125417,4812.0,7363.0,2551.0,0.7884,0.09549426975245942,0.666,0.926,0.26,96.23999807520005
34.4,64,4996,0.873,0,37.47,28.69409734112961,12.4,100.0,87.6,56.0,8.47217668475933,46.0,69.0,23.0,5892.4,1224.1522418029122,4812.0,7363.0,2551.0,0.7966,0.09919139747646073,0.666,0.926,0.26,78.06249878027346
34.7,52,5021,0.664,0,36.92,28.688665977273235,12.4,100.0,87.6,54.7,7.916929820187874,46.0,69.0,23.0,5891.1,1225.1715934240876,4812.0,7363.0,2551.0,0.7713,0.09731740737287342,0.664,0.926,0.262,96.55769045081365
100.0,62,7308,0.705,2,45.61,33.439645465956794,12.4,100.0,87.6,56.0,7.9442501918754385,46.0,69.0,23.0,6122.3,1255.267837732026,4812.0,7363.0,2551.0,0.7752000000000001,0.0933283331993976,0.664,0.926,0.262,117.87096584079087
50.3,72,7281,1.0,1,43.36,32.13852655130421,12.4,100.0,87.6,57.3,9.41688790300592,46.0,72.0,26.0,6119.6,1252.459997143396,4812.0,7363.0,2551.0,0.7926,0.11705573221523305,0.664,1.0,0.33599999999999997,101.12499859548613
22.7,52,4996,0.889,0,43.13,32.2923812824153,12.4,100.0,87.6,57.6,9.167575712501414,46.0,72.0,26.0,5891.1,1225.1715934240876,4812.0,7363.0,2551.0,0.8135,0.11331593003633597,0.664,1.0,0.33599999999999997,96.07692122928998
51.8,73,7295,1.001,1,46.53,31.09687551292995,12.4,100.0,87.6,60.3,9.345824973989455,48.0,73.0,25.0,5891.1,1225.1715934240876,4812.0,7363.0,2551.0,0.8432000000000001,0.12014324783357412,0.664,1.001,0.33699999999999986,99.93150548039034
32.8,51,5021,0.661,1,48.17,29.733895734591368,12.4,100.0,87.6,60.6,8.946756084997785,50.0,73.0,23.0,5911.4,1206.9621369371887,4812.0,7363.0,2551.0,0.8239000000000001,0.13302668905148216,0.661,1.001,0.33999999999999986,98.45097846174552
18.2,56,5054,0.712,0,45.730000000000004,31.206446983489318,12.4,100.0,87.6,59.3,8.525126261691298,50.0,73.0,23.0,5914.7,1204.299339865295,4812.0,7363.0,2551.0,0.8025,0.13198589992032336,0.661,1.001,0.33999999999999986,90.2499983883929
13.3,53,4818,0.752,0,37.06,26.07545461412577,12.4,100.0,87.6,58.5,8.72098363463415,50.0,73.0,23.0,5660.2,1130.9046329770104,4812.0,7308.0,2496.0,0.8069,0.12918930984325908,0.661,1.001,0.33999999999999986,90.90565866215739
14.0,54,4996,0.677,0,37.220000000000006,25.91172192914498,13.3,100.0,86.7,58.9,8.37257427557385,51.0,73.0,22.0,5678.6,1116.9820649112105,4818.0,7308.0,2490.0,0.7933999999999999,0.1354967814295885,0.661,1.001,0.33999999999999986,92.51851680521266
26.4,52,4777,0.838,0,36.42,26.131028809954394,13.3,100.0,86.7,57.7,8.420213774008435,51.0,73.0,22.0,5656.7,1133.8716417654944,4777.0,7308.0,2531.0,0.7899,0.13365166166818346,0.661,1.001,0.33999999999999986,91.86538284874264
18.1,52,5009,0.817,0,34.760000000000005,26.77184258797956,13.3,100.0,86.7,57.7,8.420213774008435,51.0,73.0,22.0,5655.5,1134.6252685358181,4777.0,7308.0,2531.0,0.8051999999999999,0.1261866342631679,0.661,1.001,0.33999999999999986,96.32692122448229
21.3,55,4818,0.924,0,26.889999999999997,13.968730953255838,13.3,51.8,38.5,57.0,8.313309275560044,51.0,73.0,22.0,5406.5,996.4944388538431,4777.0,7295.0,2518.0,0.8271,0.1258680526053628,0.661,1.001,0.33999999999999986,87.59999840727276
22.2,47,7281,0.683,1,24.08,11.309465062504255,13.3,51.8,38.5,54.5,6.948221195225447,47.0,73.0,26.0,5406.5,996.4944388538431,4777.0,7295.0,2518.0,0.7954,0.11709749024732385,0.661,1.001,0.33999999999999986,154.91489032095978
20.7,47,7295,0.796,1,23.88,11.354176911310558,13.3,51.8,38.5,54.0,7.318166133366888,47.0,73.0,26.0,5636.4,1145.3477104258577,4777.0,7295.0,2518.0,0.7861,0.11243808172599777,0.661,1.001,0.33999999999999986,155.2127626550476
26.6,52,4783,0.773,0,21.360000000000003,6.005774998560866,13.3,32.8,19.499999999999996,51.9,2.9981475762363794,47.0,56.0,9.0,5385.2,1008.4485113281531,4777.0,7295.0,2518.0,0.7633,0.08338138614556384,0.661,0.924,0.263,91.98076746190833
13.4,55,4720,0.835,0,19.419999999999998,4.938240802373695,13.3,26.6,13.3,52.3,3.128720008069106,47.0,56.0,9.0,5355.1,1024.8850829889666,4720.0,7295.0,2575.0,0.7807,0.07761736632710184,0.677,0.924,0.247,85.81818025785127
39.6,49,7254,0.691,1,21.560000000000002,8.023742545997461,13.3,39.6,26.3,51.6,2.988868236195202,47.0,55.0,8.0,5575.1,1177.7881765788206,4720.0,7295.0,2575.0,0.7786,0.0799321934864516,0.677,0.924,0.247,148.04081330528953
17.7,63,4818,0.752,0,22.0,7.631513611335906,13.4,39.6,26.200000000000003,52.6,4.695151163109385,47.0,63.0,16.0,5575.1,1177.7881765788206,4720.0,7295.0,2575.0,0.7786,0.0799321934864516,0.677,0.924,0.247,76.47618926228272
6.6,53,4720,0.966,0,21.259999999999998,8.767642531237291,6.6,39.6,33.0,52.5,4.672615256292383,47.0,63.0,16.0,5547.5,1195.9601674897854,4720.0,7295.0,2575.0,0.8075000000000001,0.09064368581306474,0.683,0.966,0.2829999999999999,89.05660209327166
100.0,62,7281,0.704,2,28.619999999999997,26.507265251457266,6.6,100.0,93.4,53.5,5.542763049438872,47.0,63.0,16.0,5797.9,1276.1590331058894,4720.0,7295.0,2575.0,0.7941,0.09541307853515392,0.683,0.966,0.2829999999999999,117.43548197684707
14.1,50,4824,0.817,0,28.220000000000006,26.71303468762441,6.6,100.0,93.4,53.3,5.638163609624293,47.0,63.0,16.0,5779.4,1290.1305877054904,4720.0,7295.0,2575.0,0.7941,0.09541307853515392,0.683,0.966,0.2829999999999999,96.47999807040004
52.2,67,4996,0.939,0,31.310000000000002,27.596193376784605,6.6,100.0,93.4,54.5,7.121953539740665,47.0,67.0,20.0,5797.2,1276.5487151778434,4720.0,7295.0,2575.0,0.7956,0.09777093410393213,0.683,0.966,0.2829999999999999,74.56716306616175
21.9,56,4996,0.899,0,31.279999999999994,27.60735811739732,6.6,100.0,93.4,55.4,6.619835513230242,47.0,67.0,20.0,5568.7,1182.4797907598795,4720.0,7295.0,2575.0,0.8172,0.09391461843374183,0.691,0.966,0.275,89.2142841211735
12.8,49,4807,0.736,0,30.49,28.053181637739453,6.6,100.0,93.4,55.6,6.363087999461497,49.0,67.0,18.0,5319.9,1030.9319893507193,4720.0,7281.0,2561.0,0.8112,0.09727601051760922,0.691,0.966,0.275,98.10203881424411
21.7,61,5028,0.874,0,30.0,28.171222511239726,6.6,100.0,93.4,56.5,6.43341968853973,49.0,67.0,18.0,5344.4,1019.6038664326504,4720.0,7281.0,2561.0,0.8212999999999999,0.09810883978747371,0.691,0.966,0.275,82.42622815694708
33.5,57,4996,0.886,0,32.010000000000005,27.56577789780496,6.6,100.0,93.4,56.7,6.41266108742883,49.0,67.0,18.0,5372.0,1004.4466691223968,4720.0,7281.0,2561.0,0.8263999999999999,0.10020334880187799,0.691,0.966,0.275,87.64912126931367
20.2,49,5002,0.674,1,30.070000000000004,27.65477857039864,6.6,100.0,93.4,56.7,6.41266108742883,49.0,67.0,18.0,5146.8,757.7777158683313,4720.0,7281.0,2561.0,0.8247,0.10286458196202394,0.674,0.966,0.2919999999999999,102.08163056976265
32.3,49,4777,0.666,0,31.529999999999994,27.31243306627957,6.6,100.0,93.4,55.3,6.412661087428865,49.0,67.0,18.0,5142.7,759.8624217580169,4720.0,7281.0,2561.0,0.8160999999999999,0.11273907929373812,0.666,0.966,0.29999999999999993,97.48979392877972
40.7,48,7241,0.665,1,34.940000000000005,25.94871865815344,12.8,100.0,87.2,54.8,6.795423296438573,48.0,67.0,19.0,5394.8,987.9924426161535,4777.0,7281.0,2504.0,0.786,0.10836768686077737,0.665,0.939,0.2739999999999999,150.8541635238716
52.5,55,7295,0.697,1,30.190000000000005,14.56765442875269,12.8,52.5,39.7,54.1,6.314885412878076,48.0,67.0,19.0,5396.2,990.967630371654,4777.0,7295.0,2518.0,0.7853000000000001,0.1089771127857178,0.665,0.939,0.2739999999999999,132.63636122479343
19.3,53,4818,0.864,0,30.71,14.011697494117861,12.8,52.5,39.7,54.4,6.168017869984399,48.0,67.0,19.0,5395.6,991.3543149539142,4777.0,7295.0,2518.0,0.79,0.1114809400749739,0.665,0.939,0.2739999999999999,90.90565866215739
46.1,51,7322,0.743,1,30.1,13.073552607374175,12.8,52.5,39.7,52.8,4.3410188256269295,48.0,61.0,13.0,5628.2,1147.720426662239,4777.0,7322.0,2545.0,0.7704000000000001,0.09889298368550853,0.665,0.899,0.23399999999999999,143.56862463590932
37.3,52,7295,0.854,1,31.640000000000004,12.906260324182108,12.8,52.5,39.7,52.4,4.195235392680974,48.0,61.0,13.0,5858.1,1234.0252518575962,4777.0,7322.0,2545.0,0.7659,0.09325407348862717,0.665,0.886,0.22099999999999997,140.28845884060658
22.8,58,5028,0.975,0,32.64,11.606243530483507,19.3,52.5,33.2,53.3,4.347413023857153,48.0,61.0,13.0,5880.2,1214.941041093483,4777.0,7322.0,2545.0,0.7898000000000001,0.11322720521146816,0.665,0.975,0.30999999999999994,86.6896536777646
55.4,62,4789,0.789,0,36.010000000000005,12.897497603971265,19.3,55.4,36.099999999999994,53.4,4.55094617756724,48.0,62.0,14.0,5856.3,1235.7407180400767,4777.0,7322.0,2545.0,0.7813,0.10932728641814689,0.665,0.975,0.30999999999999994,77.24193423803332
36.9,52,7281,0.667,1,36.35000000000001,12.868760624084977,19.3,55.4,36.099999999999994,52.9,4.383048152954064,48.0,62.0,14.0,6084.8,1269.7780908489442,4777.0,7322.0,2545.0,0.7594,0.1079497825637256,0.665,0.975,0.30999999999999994,140.0192280765533
16.6,50,4996,0.751,0,35.989999999999995,13.409735269571883,16.6,55.4,38.8,53.0,4.294699575575379,48.0,62.0,14.0,6084.2,1270.3478788636296,4777.0,7322.0,2545.0,0.7671,0.10384973118244799,0.665,0.975,0.30999999999999994,99.91999800160005
12.6,54,5002,0.996,0,34.02,15.32266295393855,12.6,55.4,42.8,53.5,4.062019202318315,48.0,62.0,14.0,6106.7,1246.3892784091668,4789.0,7322.0,2533.0,0.8000999999999999,0.11941845195222785,0.665,0.996,0.33099999999999996,92.62962791426615
100.0,91,7308,0.887,2,39.95,25.970378425343636,12.6,100.0,87.4,57.8,12.20018214800278,50.0,91.0,41.0,6113.4,1253.3250177029063,4789.0,7322.0,2533.0,0.8222999999999999,0.11191172116151692,0.667,0.996,0.32899999999999996,80.3076914251902
15.6,51,4795,0.734,0,36.26,26.602848636105787,12.6,100.0,87.4,57.4,12.366621742955298,50.0,91.0,41.0,5863.4,1240.7171940275261,4789.0,7322.0,2533.0,0.826,0.1078465988749235,0.667,0.996,0.32899999999999996,94.01960599961558
18.1,50,4795,0.797,0,36.14,26.69041442582378,12.6,100.0,87.4,57.1,12.520649610410324,50.0,91.0,41.0,5861.1,1242.8898628241736,4789.0,7322.0,2533.0,0.8192999999999999,0.10730336020419354,0.667,0.996,0.32899999999999996,95.89999808200004
100.0,65,7295,0.751,2,41.53,33.49922221319305,12.6,100.0,87.4,58.5,12.545472844372583,50.0,91.0,41.0,5858.4,1239.3880389575709,4789.0,7308.0,2519.0,0.8201,0.1066994220540414,0.667,0.996,0.32899999999999996,112.23076750414204
36.7,58,4789,0.93,0,41.47,33.50817644827732,12.6,100.0,87.4,59.1,12.341888924399823,50.0,91.0,41.0,5607.8,1167.9296782483555,4789.0,7308.0,2519.0,0.8277000000000001,0.11195936762950995,0.667,0.996,0.32899999999999996,82.56896409363856
44.9,54,7281,0.704,1,43.68,32.86256904815023,12.6,100.0,87.4,58.7,12.445882853377695,50.0,91.0,41.0,5833.1,1257.52697784182,4789.0,7308.0,2519.0,0.8006,0.10492028720255465,0.667,0.996,0.32899999999999996,134.8333308364198
36.0,54,5021,0.656,1,41.74,32.66585713282632,12.6,100.0,87.4,57.9,12.467290536974525,50.0,91.0,41.0,5856.3,1238.1144310783338,4789.0,7308.0,2519.0,0.7873,0.1145426170083042,0.656,0.996,0.33999999999999997,92.98147975960224
34.7,68,4996,0.939,0,41.519999999999996,32.70945497015263,12.6,100.0,87.4,59.5,12.651306476232255,50.0,91.0,41.0,5627.8,1153.9579041041397,4789.0,7308.0,2519.0,0.8145,0.11509537108174361,0.656,0.996,0.33999999999999997,73.47058715484431
22.9,51,4990,0.78,1,42.15,32.23335918647702,12.6,100.0,87.4,59.6,12.571572870744737,50.0,91.0,41.0,5627.2,1154.324410399615,4789.0,7308.0,2519.0,0.8173999999999999,0.11367419329919183,0.656,0.996,0.33999999999999997,97.84313533640912
33.2,54,4783,0.842,0,44.21,30.75958567846953,15.6,100.0,84.4,59.6,12.571572870744737,50.0,91.0,41.0,5605.3,1169.481656309503,4783.0,7308.0,2525.0,0.8019999999999999,0.09581927433107189,0.656,0.939,0.2829999999999999,88.57407243381348
49.9,65,7281,0.975,1,39.2,24.00050925385633,15.6,100.0,84.4,57.0,6.649979114420118,50.0,68.0,18.0,5602.6,1165.1369209000366,4783.0,7295.0,2512.0,0.8108000000000001,0.10778662048489782,0.656,0.975,0.31899999999999995,112.01538289207103
67.0,55,5034,0.654,1,44.34,23.888407230286344,18.1,100.0,81.9,57.4,6.363087999461449,50.0,68.0,18.0,5626.5,1149.0707598364365,4783.0,7295.0,2512.0,0.8028000000000001,0.11671884547445097,0.654,0.975,0.32099999999999995,91.52727106314053
91.3,70,5021,0.914,0,51.660000000000004,26.069957166567434,22.9,100.0,77.1,59.4,6.899275324264186,51.0,70.0,19.0,5649.1,1133.0098999273168,4783.0,7295.0,2512.0,0.8145,0.12182523912920798,0.654,0.975,0.32099999999999995,71.72857040387757
90.2,70,4681,0.91,0,50.68,24.16553100779876,22.9,91.3,68.4,59.9,7.504813270310111,51.0,70.0,19.0,5387.7,1005.4481643083732,4681.0,7281.0,2600.0,0.8304,0.12298708152575197,0.654,0.975,0.32099999999999995,66.87142761612246
27.6,65,5028,0.996,0,49.77,24.910330298001877,22.9,91.3,68.4,60.6,7.6332605527826,51.0,70.0,19.0,5411.6,992.3912982734462,4681.0,7281.0,2600.0,0.8370000000000001,0.13046923860520504,0.654,0.996,0.34199999999999997,77.353844963787
24.1,55,4783,0.892,0,47.69,26.19730478079326,22.9,91.3,68.4,60.7,7.543208866258459,51.0,70.0,19.0,5161.8,755.7222887924744,4681.0,7281.0,2600.0,0.8558,0.1224752129117455,0.654,0.996,0.34199999999999997,86.96363478247937
27.8,66,4812,0.948,0,46.87,26.726850834985246,22.9,91.3,68.4,61.9,7.309810759064364,51.0,70.0,19.0,5140.9,762.9047486780464,4681.0,7281.0,2600.0,0.885,0.10277051025356086,0.654,0.996,0.34199999999999997,72.90908980440773
79.2,54,7281,0.686,1,51.32000000000001,28.142526144214063,22.9,91.3,68.4,60.5,7.352248333370945,51.0,70.0,19.0,5369.4,1015.1695206001415,4681.0,7281.0,2600.0,0.8596999999999999,0.1180113459705353,0.654,0.996,0.34199999999999997,134.8333308364198
34.2,70,5034,1.0,0,52.45,27.081451216653694,24.1,91.3,67.19999999999999,62.4,7.074209810603873,54.0,70.0,16.0,5373.8,1013.4362667018742,4681.0,7281.0,2600.0,0.8817,0.12194356618261099,0.654,1.0,0.346,71.9142846869388
60.6,60,7295,1.001,1,55.19,26.292011883628867,24.1,91.3,67.19999999999999,63.0,6.514940095230643,54.0,70.0,16.0,5625.0,1152.5058688691142,4681.0,7295.0,2614.0,0.8976,0.12647371268370125,0.654,1.001,0.34699999999999986,121.58333130694449
100.0,66,7349,0.764,2,60.2,29.72163446978558,24.1,100.0,75.9,63.1,6.556591255285651,54.0,70.0,16.0,5631.8,1163.5102826265663,4681.0,7349.0,2668.0,0.8765000000000001,0.12968615963162575,0.654,1.001,0.34699999999999986,111.34848316138662
52.0,65,7295,0.902,1,58.7,29.71883054376266,24.1,100.0,75.9,64.1,5.915140648276077,54.0,70.0,16.0,5857.9,1250.8425116252129,4681.0,7349.0,2668.0,0.9013,0.10347307755052604,0.686,1.001,0.31499999999999984,112.23076750414204
12.4,47,4795,0.668,0,50.809999999999995,30.56375667718575,12.4,100.0,87.6,61.8,7.5982454114968645,47.0,70.0,23.0,5835.3,1269.545417331199,4681.0,7349.0,2668.0,0.8767000000000001,0.12674387997497402,0.668,1.001,0.33299999999999985,102.02127442507927
70.8,68,7295,1.001,1,48.87,28.318978716676042,12.4,100.0,87.6,61.6,7.38165895235541,47.0,70.0,23.0,6096.7,1274.5686023993421,4783.0,7349.0,2566.0,0.8858,0.13253494298150423,0.668,1.001,0.33299999999999985,107.2794101870675
100.0,68,7295,0.733,2,56.11,31.367656732514803,12.4,100.0,87.6,61.9,7.593125545883944,47.0,70.0,23.0,6323.4,1264.9374336745313,4783.0,7349.0,2566.0,0.8595,0.13431989180062986,0.668,1.001,0.33299999999999985,107.2794101870675
27.7,50,7295,0.663,1,56.46999999999999,30.977699864400538,12.4,100.0,87.6,61.4,8.235424835563869,47.0,70.0,23.0,6574.6,1170.980614698641,4795.0,7349.0,2554.0,0.8366,0.14707836157791576,0.663,1.001,0.33799999999999986,145.89999708200006
27.9,71,5028,1.006,1,56.48,30.967430919883718,12.4,100.0,87.6,61.9,8.685236515681835,47.0,71.0,24.0,6596.2,1136.3346338117165,4795.0,7349.0,2554.0,0.8423999999999999,0.15298453080840013,0.663,1.006,0.34299999999999997,70.81690041102958
12.1,53,4789,0.706,0,49.769999999999996,32.71761503125385,12.1,100.0,87.9,61.8,8.79140994885853,47.0,71.0,24.0,6347.0,1238.1582200097762,4789.0,7349.0,2560.0,0.8444,0.15082823195793024,0.663,1.006,0.34299999999999997,90.3584888611606
100.0,94,7295,0.881,2,56.35,35.71747938101631,12.1,100.0,87.9,64.2,13.364962484878932,47.0,94.0,47.0,6573.1,1176.6640651529344,4789.0,7349.0,2560.0,0.8325000000000001,0.1415997881354337,0.663,1.006,0.34299999999999997,77.60638215312359
40.0,51,5408,0.663,1,54.29,36.0377410193504,12.1,100.0,87.9,63.3,13.968615615808947,47.0,94.0,47.0,6384.4,1199.1240506673569,4789.0,7349.0,2560.0,0.7987,0.1371811859468259,0.663,1.006,0.34299999999999997,106.03921360707425
28.8,55,5002,0.789,0,47.17,32.90028875253218,12.1,100.0,87.9,62.2,14.164117417693978,47.0,94.0,47.0,6149.7,1218.8711580802924,4789.0,7295.0,2506.0,0.8012,0.13670552293159133,0.663,1.006,0.34299999999999997,90.94545289190086
20.5,55,4996,0.748,0,44.019999999999996,33.879846516771536,12.1,100.0,87.9,61.2,14.296852800529212,47.0,94.0,47.0,5919.8,1195.4354669138525,4789.0,7295.0,2506.0,0.7857999999999999,0.13270418230033257,0.663,1.006,0.34299999999999997,90.83636198479343
23.1,50,7268,0.907,1,45.09,32.9257902967668,12.1,100.0,87.9,61.5,13.994046353122217,50.0,94.0,44.0,6167.1,1192.6855271473114,4789.0,7295.0,2506.0,0.8097,0.13063694389838934,0.663,1.006,0.34299999999999997,145.35999709280006
41.7,63,7308,1.006,1,42.18,31.66276467187702,12.1,100.0,87.9,61.0,13.824294235551816,50.0,94.0,44.0,6168.4,1194.0578061569875,4789.0,7308.0,2519.0,0.8102,0.13145747094275956,0.663,1.006,0.34299999999999997,115.9999981587302
25.1,50,5028,0.67,1,34.690000000000005,24.518358201333317,12.1,100.0,87.9,59.2,13.982528780986355,50.0,94.0,44.0,5941.7,1171.3867422845394,4789.0,7308.0,2519.0,0.8039000000000002,0.13696264697597846,0.663,1.006,0.34299999999999997,100.55999798880005
47.5,61,4812,0.918,0,36.67,24.69003622696589,12.1,100.0,87.9,60.3,13.605962745143122,50.0,94.0,44.0,5693.4,1114.4303178455395,4789.0,7308.0,2519.0,0.8294,0.13144174882179965,0.663,1.006,0.34299999999999997,78.88524460843861
87.4,52,4772,0.658,0,42.620000000000005,29.114669841851153,12.1,100.0,87.9,58.4,13.268174118711489,50.0,94.0,44.0,5667.8,1134.1791745575194,4772.0,7308.0,2536.0,0.7946000000000001,0.12542035985702857,0.658,1.006,0.348,91.7692290044379
60.6,69,5034,0.908,0,47.470000000000006,27.45817223017981,20.5,100.0,79.5,60.0,13.507199726236557,50.0,94.0,44.0,5692.3,1115.5801729244738,4772.0,7308.0,2536.0,0.8148,0.12583128033645252,0.658,1.006,0.348,72.95652068178956
21.1,53,4681,0.837,0,39.580000000000005,21.341186054721057,20.5,87.4,66.9,55.9,6.384877968032622,50.0,69.0,19.0,5430.9,998.4127903827994,4681.0,7308.0,2627.0,0.8104000000000001,0.12401541122869379,0.658,1.006,0.348,88.32075305055183
100.0,91,7295,0.854,2,45.580000000000005,28.653904135775605,20.5,100.0,79.5,59.9,12.538385506559909,50.0,91.0,41.0,5619.6,1159.0091745394602,4681.0,7308.0,2627.0,0.8295,0.11301155299840296,0.658,1.006,0.348,80.16483428390292
19.9,52,4824,0.801,0,44.690000000000005,29.362464701270053,19.9,100.0,80.1,59.6,12.703455347966488,50.0,91.0,41.0,5601.8,1170.854464815227,4681.0,7308.0,2627.0,0.8307,0.11259667451177605,0.658,1.006,0.348,92.76922898520714
23.7,59,5034,0.827,0,45.010000000000005,29.08567612340397,19.9,100.0,80.1,60.0,12.60511360079271,50.0,91.0,41.0,5605.6,1168.729623708284,4681.0,7308.0,2627.0,0.8386000000000001,0.10885893011905987,0.658,1.006,0.348,85.32203245216894
33.4,67,4795,0.824,0,46.040000000000006,28.397816817494896,19.9,100.0,80.1,61.7,12.247902314727655,50.0,91.0,41.0,5358.3,1031.4653061435188,4681.0,7308.0,2627.0,0.8303,0.10619588818154117,0.658,1.006,0.348,71.56716311093787
13.3,51,4783,0.707,0,43.2,30.240407110722224,13.3,100.0,86.7,60.5,12.686388155990056,50.0,91.0,41.0,5105.8,779.4131410519077,4681.0,7295.0,2614.0,0.8004,0.09243039423143032,0.658,0.918,0.26,93.78431188658213
17.0,59,4996,0.944,0,42.39,30.880790505137973,13.3,100.0,86.7,61.4,12.16735157889524,51.0,91.0,40.0,5102.6,779.8336289804674,4681.0,7295.0,2614.0,0.8278000000000001,0.09006146049596579,0.658,0.944,0.2859999999999999,84.67796466647518
14.0,50,5021,0.758,0,39.040000000000006,32.0594309230702,13.3,100.0,86.7,60.3,12.693392857003307,50.0,91.0,41.0,5123.5,773.9585475549,4681.0,7295.0,2614.0,0.8118000000000001,0.08639418704725078,0.658,0.944,0.2859999999999999,100.41999799160004
19.7,61,4789,0.829,0,32.269999999999996,27.5424540986779,13.3,100.0,86.7,61.2,12.354036677225071,50.0,91.0,41.0,5125.2,773.1189070540195,4681.0,7295.0,2614.0,0.8289,0.06740664325981001,0.707,0.944,0.237,78.50819543429188
8.5,52,4686,0.972,0,27.060000000000002,26.495836150862207,8.5,100.0,91.5,59.5,12.331080875395966,50.0,91.0,41.0,5090.4,785.4145685206,4681.0,7295.0,2614.0,0.8352999999999999,0.07796302542444747,0.707,0.972,0.265,90.11538288239649
41.1,54,4807,0.687,0,29.059999999999995,26.74958774344844,8.5,100.0,91.5,59.6,12.276445377678003,50.0,91.0,41.0,5103.0,779.1023324598642,4686.0,7295.0,2609.0,0.8202999999999999,0.09094815372873949,0.687,0.972,0.2849999999999999,89.01851687002747
36.5,54,5002,0.66,0,22.71,10.850033282079245,8.5,41.1,32.6,55.9,5.425249610233147,50.0,67.0,17.0,4873.7,125.85534023876416,4686.0,5034.0,348.0,0.8009000000000001,0.10287041470812713,0.66,0.972,0.31199999999999994,92.62962791426615
27.1,55,4927,0.944,0,23.43,10.881692066136912,8.5,41.1,32.6,56.2,5.266244708835208,50.0,67.0,17.0,4884.0,125.55034404109642,4686.0,5034.0,348.0,0.8151999999999999,0.1123850523868712,0.66,0.972,0.31199999999999994,89.58181655305789
84.4,75,4795,0.637,0,29.5,22.147284759586775,8.5,84.4,75.9,57.8,7.955431408094088,50.0,75.0,25.0,4860.1,116.22530801064856,4686.0,5021.0,335.0,0.7962,0.12546783563040223,0.637,0.972,0.33499999999999996,63.9333324808889
57.8,62,7295,0.993,1,31.940000000000005,23.89947465717375,8.5,84.4,75.9,57.3,7.454305243727804,50.0,75.0,25.0,5110.1,776.1067294873255,4686.0,7295.0,2609.0,0.8131,0.14015106928675933,0.637,0.993,0.356,117.66128842481794
11.0,58,4990,0.887,0,31.71,24.108940250454843,8.5,84.4,75.9,58.0,7.118052168020941,50.0,75.0,25.0,5130.8,769.1423506448683,4686.0,7295.0,2609.0,0.8311,0.1365222407603316,0.637,0.993,0.356,86.03448127526757
18.0,54,4795,0.794,0,31.810000000000002,24.04313022697154,8.5,84.4,75.9,57.5,7.21495360730453,50.0,75.0,25.0,5110.7,775.6552856921555,4686.0,7295.0,2609.0,0.8161000000000002,0.13086248082964297,0.637,0.993,0.356,88.79629465192048
19.6,56,4996,0.666,0,32.37,23.6441230659028,8.5,84.4,75.9,58.1,6.756889488185852,52.0,75.0,23.0,5108.2,776.0167237601988,4686.0,7295.0,2609.0,0.8069,0.13841680212716564,0.637,0.993,0.356,89.2142841211735
17.7,58,5028,0.654,0,32.17,23.771320255018818,8.5,84.4,75.9,57.8,6.679986693266928,52.0,75.0,23.0,5132.1,768.7398707552815,4686.0,7295.0,2609.0,0.7894,0.14615836160366108,0.637,0.993,0.356,86.6896536777646
18.1,58,4996,0.912,0,33.13,22.886582677775806,11.0,84.4,73.4,58.4,6.363087999461402,54.0,75.0,21.0,5163.1,754.8772453555046,4795.0,7295.0,2500.0,0.7834000000000001,0.13887980414732704,0.637,0.993,0.356,86.13792954934604
23.6,55,5034,0.726,0,31.380000000000003,22.87851005249738,11.0,84.4,73.4,58.5,6.293735862833131,54.0,75.0,21.0,5185.8,746.3439481156452,4795.0,7295.0,2500.0,0.7873,0.13639733623987393,0.637,0.993,0.356,91.52727106314053
26.8,54,7281,1.001,1,30.410000000000004,22.84291526442673,11.0,84.4,73.4,58.5,6.293735862833131,54.0,75.0,21.0,5413.7,991.6294166673194,4795.0,7295.0,2500.0,0.8214,0.14347760181373947,0.637,1.001,0.3639999999999999,134.8333308364198
28.7,52,5028,0.867,1,30.57,22.822749371819572,11.0,84.4,73.4,58.2,6.5455667779379745,52.0,75.0,23.0,5423.8,986.6231747171041,4795.0,7295.0,2500.0,0.8137000000000001,0.13813363095205958,0.637,1.001,0.3639999999999999,96.69230583284028
18.6,53,4789,0.917,0,23.990000000000002,12.9123067910684,11.0,57.8,46.8,56.0,3.0184617127127273,52.0,62.0,10.0,5423.2,987.0497904811375,4789.0,7295.0,2506.0,0.8417,0.1261991811912146,0.654,1.001,0.34699999999999986,90.3584888611606
41.3,54,4996,0.752,0,22.340000000000003,8.3655643364134,11.0,41.3,30.299999999999997,55.2,2.2010098692296287,52.0,58.0,6.0,5193.3,739.273675080228,4789.0,7281.0,2492.0,0.8176,0.11675349150144314,0.654,1.001,0.34699999999999986,92.51851680521266
40.7,56,7281,1.001,1,25.310000000000002,9.12949432699701,17.7,41.3,23.599999999999998,55.0,2.000000000000461,52.0,58.0,6.0,5422.4,983.8147070346868,4789.0,7281.0,2492.0,0.829,0.1291863425874068,0.654,1.001,0.34699999999999986,130.01785482110975
22.6,50,4958,0.662,1,25.770000000000003,8.831263908536872,17.7,41.3,23.599999999999998,54.6,2.547329756606093,50.0,58.0,8.0,5438.7,973.5617368998871,4789.0,7281.0,2492.0,0.8158,0.13949257248247146,0.654,1.001,0.34699999999999986,99.15999801680005
100.0,61,7308,0.692,2,33.81,24.78245122841745,17.7,100.0,82.3,55.1,3.2472210341222936,50.0,61.0,11.0,5669.9,1120.2265098333069,4789.0,7308.0,2519.0,0.8183999999999999,0.13660258660313296,0.654,1.001,0.34699999999999986,119.80327672453645
100.0,75,7295,0.801,2,42.04,31.573167229292764,18.1,100.0,81.9,56.8,7.099295739719632,50.0,75.0,25.0,5896.6,1202.2734205569734,4789.0,7308.0,2519.0,0.8331,0.12430111289391732,0.662,1.001,0.33899999999999986,97.2666653697778
18.8,51,4824,0.747,0,42.11,31.514915340024103,18.6,100.0,81.4,56.1,7.309810759064481,50.0,75.0,25.0,5879.4,1217.720292641581,4789.0,7308.0,2519.0,0.8166,0.12361337575952874,0.662,1.001,0.33899999999999986,94.58823343944641
13.1,61,4964,0.996,0,41.06,32.363635285438605,13.1,100.0,86.9,56.7,7.4543052437278154,50.0,75.0,25.0,5872.4,1223.3083739506421,4789.0,7308.0,2519.0,0.8436,0.13089792460794147,0.662,1.001,0.33899999999999986,81.3770478462779
21.4,54,4812,0.804,0,40.519999999999996,32.67159146550543,13.1,100.0,86.9,56.7,7.4543052437278154,50.0,75.0,25.0,5625.5,1154.6547584066363,4789.0,7308.0,2519.0,0.8239000000000001,0.11884672668796645,0.662,1.001,0.33899999999999986,89.11110946090538
49.8,56,7281,0.816,1,42.63,32.50432620778686,13.1,100.0,86.9,57.1,7.279346735036745,50.0,75.0,25.0,5850.8,1241.6441429724393,4789.0,7308.0,2519.0,0.8187999999999999,0.1178820502781384,0.662,1.001,0.33899999999999986,130.01785482110975
15.5,54,4848,0.919,0,42.32,32.77264441912218,13.1,100.0,86.9,57.2,7.2234187043102365,50.0,75.0,25.0,5856.7,1236.166210507303,4812.0,7308.0,2496.0,0.819,0.11806871822045835,0.662,1.001,0.33899999999999986,89.77777611522637
59.5,54,7281,0.679,1,44.14,33.21211960849361,13.1,100.0,86.9,57.2,7.2234187043102365,50.0,75.0,25.0,6085.2,1270.1122260125917,4812.0,7308.0,2496.0,0.8117000000000001,0.12473977357327098,0.662,1.001,0.33899999999999986,134.8333308364198
23.1,51,4812,0.797,0,42.38,33.87440200374183,13.1,100.0,86.9,56.7,7.484057129065254,50.0,75.0,25.0,5838.3,1251.6731069519117,4812.0,7308.0,2496.0,0.7913,0.10554625105190145,0.662,0.996,0.33399999999999996,94.35293932641297
53.3,49,7295,0.672,1,45.449999999999996,33.268311582578875,13.1,100.0,86.9,56.6,7.589466384404201,49.0,75.0,26.0,6072.0,1286.7297048460982,4812.0,7308.0,2496.0,0.7923,0.10422417079438756,0.672,0.996,0.32399999999999995,148.87754798209087
53.5,62,4996,0.869,0,40.8,27.555801970224355,13.1,100.0,86.9,56.7,7.6601421512775545,49.0,75.0,26.0,5840.8,1247.0679211654772,4812.0,7295.0,2483.0,0.8100000000000002,0.10025190494172297,0.672,0.996,0.32399999999999995,80.58064386160252
49.9,61,7308,0.893,1,35.790000000000006,18.741128271501942,13.1,59.5,46.4,55.3,4.620004810002497,49.0,62.0,13.0,5842.1,1248.75791177562,4812.0,7308.0,2496.0,0.8192,0.10350287167245273,0.672,0.996,0.32399999999999995,119.80327672453645
40.8,81,4824,1.0,0,37.989999999999995,17.792348542749103,13.1,59.5,46.4,58.3,9.092732140439342,49.0,81.0,32.0,5842.1,1248.75791177562,4812.0,7308.0,2496.0,0.8445,0.11425629085525077,0.672,1.0,0.32799999999999996,59.55555482030179
47.0,60,7281,0.92,1,41.379999999999995,15.619987195897378,15.5,59.5,44.0,58.2,9.065195959149403,49.0,81.0,32.0,6073.8,1282.2329308237574,4812.0,7308.0,2496.0,0.8369,0.10523038217802419,0.672,1.0,0.32799999999999996,121.34999797750004
19.3,66,5028,0.957,0,41.17,15.929500933801979,15.5,59.5,44.0,59.4,9.240009620004638,49.0,81.0,32.0,6095.4,1260.2462016958764,4812.0,7308.0,2496.0,0.8522000000000001,0.11088612777680067,0.672,1.0,0.32799999999999996,76.18181702754823
34.4,56,4812,0.688,0,39.63,15.745831899973435,15.5,59.5,44.0,59.4,9.240009620004638,49.0,81.0,32.0,5848.5,1243.9121306944771,4812.0,7308.0,2496.0,0.8394,0.12232670281758562,0.672,1.0,0.32799999999999996,85.92856989413268
34.1,54,4996,0.77,1,41.489999999999995,13.51998109794858,19.3,59.5,40.2,59.4,9.240009620004638,49.0,81.0,32.0,5863.3,1231.504143539737,4812.0,7308.0,2496.0,0.8245000000000001,0.12061624176609688,0.672,1.0,0.32799999999999996,92.51851680521266
100.0,89,7322,0.881,2,45.54,22.558920383938702,19.3,100.0,80.7,62.9,12.87935471123368,49.0,89.0,40.0,5867.4,1236.8053111859456,4812.0,7322.0,2510.0,0.8446999999999999,0.10998792863057341,0.672,1.0,0.32799999999999996,82.26966199697009
25.4,54,5021,0.939,0,45.769999999999996,22.315119438523105,19.3,100.0,80.7,63.2,12.603350524540835,49.0,89.0,40.0,5888.3,1218.6213567433888,4812.0,7322.0,2510.0,0.8589,0.11228777513355603,0.672,1.0,0.32799999999999996,92.98147975960224
21.4,64,4971,0.964,1,42.58,23.374050188664775,19.3,100.0,80.7,64.7,11.576316819744955,54.0,89.0,35.0,5655.9,1139.5846660564932,4812.0,7322.0,2510.0,0.8881,0.09490632808780763,0.688,1.0,0.31200000000000006,77.67187378637698
12.4,52,4783,0.767,0,38.470000000000006,24.8099016971495,12.4,100.0,87.6,63.7,12.247902314727622,52.0,89.0,37.0,5634.6,1155.1733107104556,4783.0,7322.0,2539.0,0.8779,0.10237453025261685,0.688,1.0,0.31200000000000006,91.98076746190833
25.9,52,4990,0.661,1,36.07,24.742094135748143,12.4,100.0,87.6,62.8,12.7871463239892,52.0,89.0,37.0,5402.8,1004.8635949443153,4783.0,7322.0,2539.0,0.8547,0.12281879154085165,0.661,1.0,0.33899999999999997,95.9615366161243
100.0,65,7322,0.74,2,41.989999999999995,32.013450298273035,12.4,100.0,87.6,61.2,11.153474794878944,52.0,89.0,37.0,5652.6,1145.6233819773893,4783.0,7322.0,2539.0,0.8287000000000001,0.11597130871230255,0.661,0.964,0.30299999999999994,112.64615211313613
14.2,52,4818,0.708,0,38.709999999999994,33.10479824234949,12.4,100.0,87.6,60.4,11.529671865813594,52.0,89.0,37.0,5406.3,1013.8107482825884,4783.0,7322.0,2539.0,0.8074999999999999,0.11680111300839488,0.661,0.964,0.30299999999999994,92.65384437204146
58.6,68,5015,0.886,1,42.64,32.876475885755525,12.4,100.0,87.6,60.6,11.654279137819822,52.0,89.0,37.0,5405.0,1014.3579249949046,4783.0,7322.0,2539.0,0.8004,0.10857173767708651,0.661,0.964,0.30299999999999994,73.7499989154412
16.8,49,7322,0.667,1,40.88,33.82404798693115,12.4,100.0,87.6,59.9,12.160500720684906,49.0,89.0,40.0,5656.0,1152.4624843255228,4783.0,7322.0,2539.0,0.7983,0.11115959497747115,0.661,0.964,0.30299999999999994,149.42856837900882
13.8,54,4990,0.877,0,38.85,34.86919206915404,12.4,100.0,87.6,59.9,12.160500720684906,49.0,89.0,40.0,5655.4,1152.8457736305218,4783.0,7322.0,2539.0,0.8089999999999999,0.11326272310184084,0.661,0.964,0.30299999999999994,92.40740569615916
84.2,77,4818,0.913,0,37.27,32.03310960726591,12.4,100.0,87.6,58.7,9.2020529110508,49.0,77.0,28.0,5405.0,1014.2409312715768,4783.0,7322.0,2539.0,0.8122,0.11594328115265783,0.661,0.964,0.30299999999999994,62.571427758812625
45.6,75,5021,0.918,0,39.29,31.837729190380383,12.4,100.0,87.6,60.8,10.336558636434301,49.0,77.0,28.0,5405.0,1014.2409312715768,4783.0,7322.0,2539.0,0.8100999999999999,0.11355708305126078,0.661,0.964,0.30299999999999994,66.94666577404446
39.2,58,5002,0.784,0,41.07,31.217945337755808,12.4,100.0,87.6,60.2,10.304260176149379,49.0,77.0,28.0,5408.1,1012.8134027987867,4783.0,7322.0,2539.0,0.7921,0.09989600147709124,0.661,0.918,0.257,86.24137782342453
52.7,69,4783,0.892,0,45.1,29.66838946308562,13.8,100.0,86.2,61.9,10.202940752547754,49.0,77.0,28.0,5408.1,1012.8134027987867,4783.0,7322.0,2539.0,0.8046,0.10413687574000259,0.661,0.918,0.257,69.31883957508929
47.8,61,4812,0.881,0,47.29,28.89176930084637,13.8,100.0,86.2,62.8,9.612491872558305,49.0,77.0,28.0,5390.3,1022.4957538623985,4783.0,7322.0,2539.0,0.8266,0.09308084896714365,0.667,0.918,0.251,78.88524460843861
51.6,73,5021,0.823,0,42.45,22.40680700144485,13.8,84.2,70.4,63.6,10.134649037391988,49.0,77.0,28.0,5160.2,766.2995932836095,4783.0,7322.0,2539.0,0.8349,0.08806619984736076,0.667,0.918,0.251,68.7808209756052
56.8,67,7308,1.001,1,46.71,20.39871727993362,13.8,84.2,70.4,65.1,9.302926660166857,49.0,77.0,28.0,5409.2,1008.8976162128487,4783.0,7322.0,2539.0,0.8642,0.08987744742456343,0.667,1.001,0.33399999999999985,109.07462523769216
53.3,70,7295,1.001,1,46.17999999999999,20.1224473881505,13.8,84.2,70.4,65.3,9.393259994982152,49.0,77.0,28.0,5637.2,1156.7136205647348,4783.0,7322.0,2539.0,0.8756999999999999,0.0997876077810578,0.667,1.001,0.33399999999999985,104.21428422551023
19.3,61,4996,0.739,0,46.42999999999999,19.72854953276248,13.8,84.2,70.4,66.5,7.691987172809448,54.0,77.0,23.0,5404.6,1004.0715113974544,4783.0,7308.0,2525.0,0.8829,0.08447938604574609,0.739,1.001,0.2619999999999999,81.9016380016125
41.5,68,5028,0.896,0,49.2,16.281550567709562,19.3,84.2,64.9,67.9,6.314885412877719,58.0,77.0,19.0,5408.4,1002.3985900495381,4783.0,7308.0,2525.0,0.8848,0.08454558270870856,0.739,1.001,0.2619999999999999,73.94117538321801
39.5,62,4996,0.87,0,44.73,10.82733680192036,19.3,56.8,37.5,66.4,5.660781257427536,58.0,75.0,17.0,5426.2,992.279060211039,4783.0,7308.0,2525.0,0.8805,0.08404396997339209,0.739,1.001,0.2619999999999999,80.58064386160252
30.0,55,4812,0.876,0,43.17,11.7707783184554,19.3,56.8,37.5,64.4,5.815687596683747,55.0,73.0,18.0,5405.3,1003.8949756932698,4783.0,7308.0,2525.0,0.8763,0.0830047522066565,0.739,1.001,0.2619999999999999,87.49090750016532
49.1,70,5021,0.958,0,44.160000000000004,11.81601549686777,19.3,56.8,37.5,65.6,5.581716183715739,55.0,73.0,18.0,5407.2,1003.0645044063559,4783.0,7308.0,2525.0,0.8936999999999999,0.07967719595690502,0.739,1.001,0.2619999999999999,71.72857040387757
34.7,61,5034,0.734,0,42.36,11.741304110797069,19.3,56.8,37.5,64.8,5.6134758493388,55.0,73.0,18.0,5432.3,988.7476984100042,4812.0,7308.0,2496.0,0.8779,0.09436389375414729,0.734,1.001,0.2669999999999999,82.52458881107232
51.0,71,7281,0.967,1,42.68,11.947831044447542,19.3,56.8,37.5,65.8,5.750362307425963,55.0,73.0,18.0,5679.2,1116.6378901764692,4812.0,7308.0,2496.0,0.8864999999999998,0.09850578099222608,0.734,1.001,0.2669999999999999,102.54929433029163
35.5,66,7322,0.911,1,41.07,11.69435286319373,19.3,56.8,37.5,65.1,5.173651192984065,55.0,71.0,16.0,5909.3,1199.9086122608526,4812.0,7322.0,2510.0,0.8953,0.09610416802153064,0.734,1.001,0.2669999999999999,110.93939225849407
13.6,48,4807,0.769,0,36.75,13.129123690821464,13.6,53.3,39.699999999999996,63.2,7.405703507732654,48.0,71.0,23.0,5659.2,1134.863163557606,4807.0,7322.0,2515.0,0.8721,0.09575483741769118,0.734,1.001,0.2669999999999999,100.14583124696185
100.0,70,7308,0.751,2,41.42,23.711075705482227,13.6,100.0,86.4,63.2,7.405703507732654,48.0,71.0,23.0,5660.5,1136.9507220827215,4807.0,7322.0,2515.0,0.8471,0.0908728660149853,0.734,0.967,0.23299999999999998,104.39999850857146
32.2,62,4990,0.764,0,42.71,22.703423628264577,13.6,100.0,86.4,63.3,7.379400758568058,48.0,71.0,23.0,5659.9,1137.3418766775549,4807.0,7322.0,2515.0,0.8496,0.08786251887023216,0.734,0.967,0.23299999999999998,80.483869669615
26.7,59,5034,0.874,0,41.230000000000004,23.266478031709017,13.6,100.0,86.4,62.4,7.290785661062535,48.0,71.0,23.0,5660.5,1136.9730036861424,4807.0,7322.0,2515.0,0.8474,0.08684110649788766,0.734,0.967,0.23299999999999998,85.32203245216894
20.8,61,5028,0.941,0,39.36,24.15547786964916,13.6,100.0,86.4,62.3,7.303728119559489,48.0,71.0,23.0,5663.7,1134.9381823596188,4807.0,7322.0,2515.0,0.8545,0.09166272718807365,0.734,0.967,0.23299999999999998,82.42622815694708
9.8,50,4789,0.681,0,37.34,25.812925272256752,9.8,100.0,90.2,61.8,7.997221739801594,48.0,71.0,23.0,5661.4,1136.8776148341951,4789.0,7322.0,2533.0,0.835,0.10617386160863054,0.681,0.967,0.2859999999999999,95.77999808440005
51.1,63,7268,0.991,1,37.54,25.92168547332094,9.8,100.0,90.2,61.1,7.489993324429593,48.0,71.0,23.0,5886.1,1215.573339804897,4789.0,7322.0,2533.0,0.8382999999999999,0.11083225563385696,0.681,0.991,0.30999999999999994,115.36507753388766
34.8,59,4789,0.652,0,37.55,25.920487392536945,9.8,100.0,90.2,60.9,7.519604008486375,48.0,71.0,23.0,5861.6,1236.9370054920103,4789.0,7322.0,2533.0,0.8301000000000001,0.12188833687710414,0.652,0.991,0.33899999999999997,81.16949014966966
20.8,67,7241,0.996,1,34.53,25.93860486267956,9.8,100.0,90.2,60.5,7.011894655987545,48.0,70.0,22.0,5857.6,1231.891337199289,4789.0,7322.0,2533.0,0.833,0.12578994837072976,0.652,0.996,0.344,108.07462525261754
13.5,58,5009,0.744,0,32.33,26.766938562338474,9.8,100.0,90.2,59.7,6.766748767974849,48.0,70.0,22.0,5626.3,1140.1103309183031,4789.0,7308.0,2519.0,0.8163,0.1253688336248059,0.652,0.996,0.344,86.36206747651609
24.9,60,4824,0.813,0,33.459999999999994,26.119052220340823,9.8,100.0,90.2,60.9,5.384133067531747,50.0,70.0,20.0,5628.0,1138.7648279312589,4789.0,7308.0,2519.0,0.8207000000000001,0.12429181612461601,0.652,0.996,0.344,80.39999866000002
20.3,51,4789,0.907,0,25.49,11.786286758583525,9.8,51.1,41.3,59.0,5.163977794943264,50.0,67.0,17.0,5376.1,995.436972724357,4789.0,7268.0,2479.0,0.8362999999999999,0.12436152495401713,0.652,0.996,0.344,93.90195894309885
38.9,49,7241,0.664,1,26.160000000000004,12.385313883790166,9.8,51.1,41.3,57.7,5.907622195096837,49.0,67.0,18.0,5601.2,1142.129181251684,4789.0,7268.0,2479.0,0.8263,0.13443383337372825,0.652,0.996,0.344,147.77550718825498
11.8,55,4990,0.79,0,24.67,13.183664134071611,9.8,51.1,41.3,57.3,5.945119380167678,49.0,67.0,18.0,5596.8,1144.6390794578863,4789.0,7268.0,2479.0,0.8179000000000001,0.13374474029118066,0.652,0.996,0.344,90.72727107768598
13.4,51,4783,0.842,0,23.93,13.625307335983527,9.8,51.1,41.3,56.3,6.092800852007504,49.0,67.0,18.0,5572.3,1160.6761487263348,4783.0,7268.0,2485.0,0.808,0.12712024054239124,0.652,0.996,0.344,93.78431188658213
87.6,74,5028,0.914,0,31.709999999999997,23.38035500158205,11.8,87.6,75.8,58.7,7.818070236460065,49.0,74.0,25.0,5596.2,1145.1110377988957,4783.0,7268.0,2485.0,0.8313,0.12252623301880107,0.652,0.996,0.344,67.9459450277575
17.9,52,4789,0.705,0,28.390000000000004,22.66737498893273,11.8,87.6,75.8,57.6,7.919034733546249,49.0,74.0,25.0,5348.3,1002.4207422257429,4783.0,7241.0,2458.0,0.8027000000000001,0.11420357067778325,0.652,0.996,0.344,92.096152075074
48.3,66,7295,1.007,1,29.74,23.47903083367992,11.8,87.6,75.8,58.3,8.353974436691168,49.0,74.0,25.0,5598.9,1149.5142404028165,4783.0,7295.0,2512.0,0.8382,0.11728768051248915,0.664,1.007,0.34299999999999986,110.5303013556015
26.2,47,7295,0.784,1,30.28,23.312076031295287,11.8,87.6,75.8,56.3,8.433399209228941,47.0,74.0,27.0,5604.3,1158.1795149668571,4783.0,7295.0,2512.0,0.817,0.10400320507881707,0.664,1.007,0.34299999999999986,155.2127626550476
22.5,51,5028,0.671,1,31.18,22.759457130803707,11.8,87.6,75.8,55.6,8.566082989195182,47.0,74.0,27.0,5606.2,1157.1095021647586,4783.0,7295.0,2512.0,0.8097,0.11195440540188104,0.664,1.007,0.34299999999999986,98.58823336101504
47.3,58,4996,0.787,0,33.42,23.171284911382152,11.8,87.6,75.8,55.4,8.474799243771121,47.0,74.0,27.0,5623.4,1145.4096986571026,4783.0,7295.0,2512.0,0.8070999999999999,0.11217095088400594,0.664,1.007,0.34299999999999986,86.13792954934604
24.8,52,5028,0.755,1,33.87,22.93062241729269,11.8,87.6,75.8,55.5,8.422852512328928,47.0,74.0,27.0,5647.3,1128.4323491759017,4783.0,7295.0,2512.0,0.7919,0.10732344674963687,0.664,1.007,0.34299999999999986,96.69230583284028
100.0,63,7322,0.7,2,39.98,31.103547493279052,11.8,100.0,88.2,56.9,8.385834616913403,47.0,74.0,27.0,5655.4,1141.359832246888,4783.0,7322.0,2539.0,0.7955,0.10307629321149517,0.671,1.007,0.33599999999999985,116.22222037742507
100.0,64,7254,0.7,2,48.8,34.54021810392432,13.4,100.0,86.6,57.8,8.63841549256708,47.0,74.0,27.0,5881.8,1216.7586997154865,4783.0,7322.0,2539.0,0.7865,0.10744636905089983,0.671,1.007,0.33599999999999985,113.34374822900394
100.0,90,7322,0.904,2,57.459999999999994,35.52082956989214,17.9,100.0,82.1,61.7,12.953335048893344,47.0,90.0,43.0,6135.7,1226.860405896105,4789.0,7322.0,2533.0,0.7927,0.1126667159763202,0.671,1.007,0.33599999999999985,81.35555465160495
18.1,48,4824,0.667,0,50.510000000000005,35.766727244434485,17.9,100.0,82.1,59.1,12.818822965554313,47.0,90.0,43.0,6115.3,1248.8249632710292,4789.0,7322.0,2533.0,0.768,0.11016654059498593,0.667,1.007,0.33999999999999986,100.49999790625004
23.5,61,5002,0.764,0,51.07,35.239373496764074,18.1,100.0,81.9,60.0,12.578641509408815,47.0,90.0,43.0,6136.6,1225.2846562692641,4824.0,7322.0,2498.0,0.7739,0.10797576888666577,0.667,1.007,0.33999999999999986,81.99999865573773
14.6,58,4789,0.914,0,47.7,37.09618129493469,14.6,100.0,85.4,59.2,12.407882799073981,47.0,90.0,43.0,5886.0,1218.2881432567533,4789.0,7322.0,2533.0,0.7646,0.08778534425897469,0.667,0.914,0.247,82.56896409363856
24.0,63,5028,1.036,0,47.48,37.24408379565502,14.6,100.0,85.4,60.8,11.669523459755236,48.0,90.0,42.0,5659.3,1135.0471404796751,4789.0,7322.0,2533.0,0.7898,0.12305716828639687,0.667,1.036,0.369,79.80952254270599
36.5,54,7281,0.667,1,48.879999999999995,36.45553760709362,14.6,100.0,85.4,61.1,11.425604773684602,48.0,90.0,42.0,5884.6,1216.4958053542282,4789.0,7322.0,2533.0,0.7894,0.12349197004933804,0.667,1.036,0.369,134.8333308364198
24.7,54,5041,0.794,0,46.62,37.256104645189744,14.6,100.0,85.4,60.7,11.614645926587691,48.0,90.0,42.0,5889.1,1212.9214914595389,4789.0,7322.0,2533.0,0.7901,0.1234966936129598,0.667,1.036,0.369,93.35185012311389
24.6,60,5034,0.915,1,46.6,37.26917105478879,14.6,100.0,85.4,61.5,11.21754578030922,48.0,90.0,42.0,5889.7,1212.4495911629065,4789.0,7322.0,2533.0,0.8061,0.12869900284513938,0.667,1.036,0.369,83.8999986016667
100.0,70,7295,0.779,2,46.6,37.26917105478879,14.6,100.0,85.4,62.2,11.535452599125287,48.0,90.0,42.0,5887.0,1208.9305650495808,4789.0,7322.0,2533.0,0.8140000000000001,0.12379373525703438,0.667,1.036,0.369,104.21428422551023
10.2,57,5034,1.008,0,37.62,33.612028270314845,10.2,100.0,89.8,61.5,11.626120017730184,48.0,90.0,42.0,5665.0,1131.3560202007238,4789.0,7322.0,2533.0,0.8448,0.13041710862544806,0.667,1.036,0.369,88.31578792428442
100.0,92,7308,0.812,2,37.62,33.612028270314845,10.2,100.0,89.8,61.7,12.175111224680172,48.0,92.0,44.0,5663.6,1129.0841126033567,4789.0,7308.0,2519.0,0.8356,0.12901438334972903,0.667,1.036,0.369,79.43478174527411
16.5,56,4812,1.022,0,37.459999999999994,33.718909959974816,10.2,100.0,89.8,62.5,11.413929112175937,54.0,92.0,38.0,5662.4,1130.0815309820096,4789.0,7308.0,2519.0,0.8711,0.1262796279866393,0.667,1.036,0.369,85.92856989413268
15.8,61,5028,0.874,0,36.69,34.1581761808209,10.2,100.0,89.8,62.5,11.413929112175937,54.0,92.0,38.0,5665.0,1128.422005378395,4789.0,7308.0,2519.0,0.8821,0.12057588666248308,0.667,1.036,0.369,82.42622815694708
41.3,69,7268,0.956,1,39.36,33.27164959341009,10.2,100.0,89.8,63.6,11.46201456017995,54.0,92.0,38.0,5912.9,1185.4541979998828,4812.0,7308.0,2496.0,0.8863,0.1225262330188,0.667,1.036,0.369,105.33333180676331
100.0,65,7281,0.752,2,46.96,37.75167987432253,10.2,100.0,89.8,63.8,11.467829398413217,54.0,92.0,38.0,6138.2,1212.378910333821,4812.0,7308.0,2496.0,0.8579000000000001,0.11674992267425309,0.667,1.022,0.355,112.01538289207103
16.0,64,5028,0.915,0,44.910000000000004,38.921272389844106,10.2,100.0,89.8,64.8,10.942272768183603,54.0,92.0,38.0,5912.9,1185.4541979998828,4812.0,7308.0,2496.0,0.8827,0.09623010616918622,0.752,1.022,0.27,78.56249877246096
74.0,76,4703,1.0,0,49.84,39.19824826017945,10.2,100.0,89.8,67.0,10.739335795724616,56.0,92.0,36.0,5879.1,1217.4627030563693,4703.0,7308.0,2605.0,0.9033,0.09717687196264278,0.752,1.022,0.27,61.88157813313713
61.6,72,7281,0.986,1,53.54,38.28673109287041,10.2,100.0,89.8,68.2,10.538817137927063,56.0,92.0,36.0,6103.8,1251.0514511135557,4703.0,7308.0,2605.0,0.9103999999999999,0.10065805702696551,0.752,1.022,0.27,101.12499859548613
100.0,77,7322,0.776,2,53.54,38.28673109287041,10.2,100.0,89.8,68.9,10.898012051134147,56.0,92.0,36.0,6106.5,1253.933743597856,4703.0,7322.0,2619.0,0.9100999999999999,0.10109670837591024,0.752,1.022,0.27,95.09090785596224
11.5,49,4783,0.881,0,53.669999999999995,38.12508797804046,11.5,100.0,88.5,68.1,12.096372275282404,49.0,92.0,43.0,6081.4,1280.0279684444395,4703.0,7322.0,2619.0,0.8974,0.09523911428025955,0.752,1.022,0.27,97.6122429058726
16.0,51,5034,0.87,0,45.27,35.97632091621742,11.5,100.0,88.5,64.0,9.831920802501713,49.0,77.0,28.0,5854.0,1239.2486971279493,4703.0,7322.0,2619.0,0.9032,0.09113823444513945,0.752,1.022,0.27,98.70588041753176
59.9,60,7295,1.001,1,49.61,34.71571690171462,11.5,100.0,88.5,64.4,9.547541859324564,49.0,77.0,28.0,6102.3,1255.91153704745,4703.0,7322.0,2619.0,0.9010999999999999,0.0882942680912935,0.752,1.001,0.2489999999999999,121.58333130694449
60.1,62,7322,0.966,1,54.04,32.68928468677963,11.5,100.0,88.5,64.5,9.51314879522018,49.0,77.0,28.0,6331.7,1247.3584577907968,4703.0,7322.0,2619.0,0.9103,0.08993460587189296,0.752,1.001,0.2489999999999999,118.09677228876174
16.5,52,4783,0.997,0,51.56,34.64541656393933,11.5,100.0,88.5,62.8,10.119288512538787,49.0,77.0,28.0,6083.2,1287.0042562305512,4703.0,7322.0,2619.0,0.9144,0.09312739184101787,0.752,1.001,0.2489999999999999,91.98076746190833
29.3,51,7295,0.661,1,44.489999999999995,30.64486362617173,11.5,100.0,88.5,61.4,10.731055658953375,49.0,77.0,28.0,6084.6,1288.4587864749276,4703.0,7322.0,2619.0,0.9052999999999999,0.11307033209467197,0.661,1.001,0.33999999999999986,143.03921288158406
51.0,57,5002,0.823,0,47.989999999999995,28.98307743801152,11.5,100.0,88.5,60.7,10.770845422301395,49.0,77.0,28.0,6082.0,1290.8518290045697,4703.0,7322.0,2619.0,0.8961,0.11590077173551667,0.661,1.001,0.33999999999999986,87.75438442536168
16.3,53,5002,0.841,0,42.22,28.973121643650607,11.5,100.0,88.5,58.4,9.524238085595684,49.0,77.0,28.0,6111.9,1258.416328388803,4783.0,7322.0,2539.0,0.8802,0.11086007196261004,0.661,1.001,0.33999999999999986,94.3773567098612
45.8,50,7268,0.67,1,40.64,28.21985904366715,11.5,100.0,88.5,56.2,8.521867296679929,49.0,77.0,28.0,6110.6,1257.080409343633,4783.0,7322.0,2539.0,0.8485999999999999,0.12184434514758616,0.661,1.001,0.33999999999999986,145.35999709280006
36.5,63,5028,0.826,0,34.29,19.024980654100293,11.5,60.1,48.6,54.8,5.245103536739007,49.0,63.0,14.0,5881.2,1220.2253708047313,4783.0,7322.0,2539.0,0.8535999999999999,0.11953818543786507,0.661,1.001,0.33999999999999986,79.80952254270599
41.0,54,7308,0.807,1,37.239999999999995,17.308199726654934,16.0,60.1,44.1,55.3,4.854551129267,50.0,63.0,13.0,6133.7,1228.942729883429,4783.0,7322.0,2539.0,0.8462,0.11994331994738044,0.661,1.001,0.33999999999999986,135.33333082716055
15.9,73,4818,0.853,0,37.23,17.32185838118352,15.9,60.1,44.2,57.5,7.137537701787979,50.0,73.0,23.0,6112.1,1252.0988113297342,4783.0,7322.0,2539.0,0.8445,0.11968871663147104,0.661,1.001,0.33999999999999986,65.99999909589043
44.2,52,7268,0.667,1,35.66,15.671715498523689,15.9,60.1,44.2,56.7,7.27323861838731,50.0,73.0,23.0,6109.4,1249.2905720181086,4783.0,7322.0,2539.0,0.8111,0.11775063104336617,0.661,0.997,0.33599999999999997,139.769228081361
20.4,53,4990,0.732,0,31.690000000000005,13.69658919423221,15.9,51.0,35.1,55.8,7.099295739719591,50.0,73.0,23.0,5876.2,1214.9703974445856,4783.0,7308.0,2525.0,0.7877,0.10623563955241695,0.661,0.997,0.33599999999999997,94.15094161979356
22.5,52,4789,0.874,0,32.29,13.074525697792058,15.9,51.0,35.1,55.8,7.099295739719591,50.0,73.0,23.0,5876.8,1214.371881536564,4789.0,7308.0,2519.0,0.7754,0.08413111460360219,0.661,0.874,0.21299999999999997,92.096152075074
100.0,66,7336,0.752,2,39.36,24.97630877451668,15.9,100.0,84.1,57.3,7.543208866258472,50.0,73.0,23.0,5880.9,1219.7493777184034,4789.0,7336.0,2547.0,0.7845000000000001,0.07478450522816997,0.667,0.874,0.20699999999999996,111.15151346740132
100.0,68,7295,0.762,2,44.260000000000005,31.47479414812213,15.9,100.0,84.1,58.4,8.262364471909168,50.0,73.0,23.0,6110.2,1251.289361685244,4789.0,7336.0,2547.0,0.7784,0.07377623827041686,0.667,0.874,0.20699999999999996,107.2794101870675
45.1,56,7322,0.664,1,47.14,29.910912167078113,15.9,100.0,84.1,58.7,8.09732466106348,50.0,73.0,23.0,6342.2,1237.9928917405023,4789.0,7336.0,2547.0,0.7606999999999999,0.07818930020576177,0.664,0.874,0.20999999999999996,130.74999766517863
61.3,69,7295,0.983,1,48.69,30.23362550391708,15.9,100.0,84.1,60.6,8.05812219647562,52.0,73.0,21.0,6344.9,1240.263721955944,4789.0,7336.0,2547.0,0.792,0.09798866147558963,0.664,0.983,0.31899999999999995,105.72463614891832
13.1,51,4777,0.661,0,46.35,32.128120254865614,13.1,100.0,86.9,59.4,8.540101482613267,51.0,73.0,22.0,6319.8,1272.009416457113,4777.0,7336.0,2559.0,0.7755,0.10525023093139091,0.661,0.983,0.32199999999999995,93.6666648300654
100.0,62,7295,0.71,2,52.25,36.19629354874141,13.1,100.0,86.9,60.2,8.350648677398253,51.0,73.0,22.0,6318.5,1270.8934084161288,4777.0,7336.0,2559.0,0.7657999999999999,0.10648714059036031,0.661,0.983,0.32199999999999995,117.66128842481794
33.1,61,7308,1.021,1,53.970000000000006,34.65281934978567,13.1,100.0,86.9,59.0,7.071067811865479,51.0,69.0,18.0,6567.5,1185.2862054748261,4777.0,7336.0,2559.0,0.7826000000000001,0.13197491344106932,0.661,1.021,0.3599999999999999,119.80327672453645
41.8,51,7281,0.66,1,53.730000000000004,34.736213892068704,13.1,100.0,86.9,58.9,7.18717994456488,51.0,69.0,18.0,6568.8,1186.1466838277543,4777.0,7336.0,2559.0,0.7819,0.13267290605093401,0.66,1.021,0.3609999999999999,142.76470308304505
12.5,55,4996,0.829,0,52.94000000000001,35.656110587418446,12.5,100.0,87.5,59.1,7.030884249746498,51.0,69.0,18.0,6569.4,1185.2605151986259,4777.0,7336.0,2559.0,0.7916000000000001,0.13216420762739695,0.66,1.021,0.3609999999999999,90.83636198479343
14.9,61,5002,0.932,0,52.17999999999999,36.44919752203047,12.5,100.0,87.5,60.0,6.582805886043823,51.0,69.0,18.0,6590.7,1151.132973301628,4777.0,7336.0,2559.0,0.7974,0.13735291122587137,0.66,1.021,0.3609999999999999,81.99999865573773
44.0,59,7295,0.975,1,46.58,32.358162288156315,12.5,100.0,87.5,59.3,6.23698645180507,51.0,69.0,18.0,6586.6,1148.25289510244,4777.0,7322.0,2545.0,0.8196999999999999,0.14693161674738273,0.66,1.021,0.3609999999999999,123.64406570094805
26.8,61,4789,0.902,0,39.26,26.71908182055162,12.5,100.0,87.5,58.6,5.5015149428740795,51.0,69.0,18.0,6336.0,1245.7881931621575,4777.0,7322.0,2545.0,0.8337,0.14749165701451925,0.66,1.021,0.3609999999999999,78.50819543429188
30.4,50,5028,0.684,1,37.790000000000006,26.766415523935947,12.5,100.0,87.5,58.0,6.110100926607806,50.0,69.0,19.0,6106.6,1255.2254511972471,4777.0,7308.0,2531.0,0.8357000000000001,0.14505022118792632,0.66,1.021,0.3609999999999999,100.55999798880005
51.3,70,4812,0.961,0,36.79,25.965295214103676,12.5,100.0,87.5,58.1,6.314885412877893,50.0,70.0,20.0,5858.3,1239.5108398970171,4777.0,7308.0,2531.0,0.8335000000000001,0.14271591828991265,0.66,1.021,0.3609999999999999,68.74285616081634
23.1,51,4996,0.662,1,37.79,25.13070056944514,12.5,100.0,87.5,58.1,6.314885412877893,50.0,70.0,20.0,5880.2,1220.065553794362,4789.0,7308.0,2519.0,0.8336,0.14258190628547399,0.66,1.021,0.3609999999999999,97.96078239292584
16.4,54,4812,0.809,0,29.429999999999996,13.21834163409158,12.5,51.3,38.8,57.3,6.272515001532065,50.0,70.0,20.0,5631.9,1150.8404127226024,4789.0,7308.0,2519.0,0.8435,0.13634698383169183,0.66,1.021,0.3609999999999999,89.11110946090538
41.2,71,7295,0.909,1,30.240000000000002,13.707354068366312,12.5,51.3,38.8,58.3,7.587270040447147,50.0,71.0,21.0,5630.6,1148.7421333305674,4789.0,7295.0,2506.0,0.8323,0.12420596693485349,0.66,0.975,0.31499999999999995,102.74647742610595
28.7,52,5034,0.673,1,28.93,13.091986522721244,12.5,51.3,38.8,58.4,7.4862837539359015,50.0,71.0,21.0,5405.9,1000.2048068048452,4789.0,7295.0,2506.0,0.8336,0.12225492491783863,0.662,0.975,0.31299999999999994,96.80769044600596
36.7,70,4996,0.894,0,31.35,11.899883286075735,14.9,51.3,36.4,59.9,8.198238293140237,50.0,71.0,21.0,5405.9,1000.2048068048452,4789.0,7295.0,2506.0,0.8401,0.12370255543933553,0.662,0.975,0.31299999999999994,71.37142755183675
27.0,64,5028,0.826,0,32.559999999999995,10.58376114620893,16.4,51.3,34.9,60.2,8.297255235585094,50.0,71.0,21.0,5408.5,999.0713743827682,4789.0,7295.0,2506.0,0.8295,0.11942012672354012,0.662,0.975,0.31299999999999994,78.56249877246096
21.3,59,4996,0.881,0,30.290000000000003,10.287689514927951,16.4,51.3,34.9,60.2,8.297255235585094,50.0,71.0,21.0,5178.6,750.2611693418315,4789.0,7295.0,2506.0,0.8201,0.11002469419786222,0.662,0.961,0.29899999999999993,84.67796466647518
10.2,51,4789,0.684,0,28.630000000000003,12.094080278292417,10.2,51.3,41.099999999999994,59.2,8.778762251403478,50.0,71.0,21.0,5178.6,750.2611693418315,4789.0,7295.0,2506.0,0.7983,0.1135351634223213,0.662,0.961,0.29899999999999993,93.90195894309885
72.9,58,7322,0.744,1,32.88,18.536678355208252,10.2,72.9,62.7,60.0,8.19213715162966,51.0,71.0,20.0,5408.0,1006.162456509311,4789.0,7322.0,2533.0,0.8043000000000001,0.10828773399297437,0.662,0.961,0.29899999999999993,126.24137713376936
15.9,48,5021,0.685,0,29.340000000000003,18.000567892276283,10.2,72.9,62.7,57.8,8.162243700247037,48.0,71.0,23.0,5428.9,994.5099798392993,4789.0,7322.0,2533.0,0.7767000000000001,0.0986554610754011,0.662,0.909,0.247,104.60416448741324
100.0,70,7336,0.789,2,37.03,28.438473548658994,10.2,100.0,89.8,59.7,8.602971063017181,48.0,71.0,23.0,5662.9,1145.2083216602887,4789.0,7336.0,2547.0,0.7894,0.0900483820571532,0.673,0.909,0.236,104.79999850285716
43.7,55,7295,0.666,1,39.760000000000005,27.533987078598745,10.2,100.0,89.8,59.8,8.534895690308364,48.0,71.0,23.0,5911.2,1207.6933753601852,4789.0,7336.0,2547.0,0.7751,0.09762564553777175,0.666,0.909,0.243,132.63636122479343
60.2,63,5034,0.838,1,41.660000000000004,28.289581906497695,10.2,100.0,89.8,59.0,7.702813338860896,48.0,70.0,22.0,5685.1,1128.9166340641116,4789.0,7336.0,2547.0,0.768,0.0890068661521247,0.666,0.894,0.22799999999999998,79.90476063643237
42.9,56,5028,0.883,1,43.080000000000005,27.920752934769524,10.2,100.0,89.8,59.4,7.396695959082747,48.0,70.0,22.0,5684.5,1129.3026609372603,4789.0,7336.0,2547.0,0.789,0.08887569346502344,0.666,0.894,0.22799999999999998,89.78571268239799
100.0,70,7336,0.804,2,49.410000000000004,33.02290282684283,10.2,100.0,89.8,59.4,7.396695959082747,48.0,70.0,22.0,5918.5,1210.3158678625957,4789.0,7336.0,2547.0,0.78,0.08129507296810091,0.666,0.883,0.21699999999999997,104.79999850285716
33.2,48,7281,0.664,1,50.03,32.61104277865251,10.2,100.0,89.8,57.8,7.9972217398016285,48.0,70.0,22.0,6143.8,1235.5653496814052,4789.0,7336.0,2547.0,0.7638,0.08704762425758059,0.664,0.883,0.21899999999999997,151.68749683984382
23.5,52,4675,0.879,0,50.25,32.402443323510745,10.2,100.0,89.8,57.1,8.184674024595559,48.0,70.0,22.0,6111.7,1272.3215919465217,4675.0,7336.0,2661.0,0.7636000000000001,0.08675021613805954,0.664,0.883,0.21899999999999997,89.90384442492608
9.5,49,4789,0.907,0,50.18,32.499189733489146,9.5,100.0,90.5,56.9,8.372574275573816,48.0,70.0,22.0,6111.7,1272.3215919465217,4675.0,7336.0,2661.0,0.7859,0.09248717628827098,0.664,0.907,0.243,97.73469188296548
13.8,52,4990,0.743,0,44.27,33.27294696897159,9.5,100.0,90.5,56.3,8.499019551297305,48.0,70.0,22.0,5878.5,1239.120768035854,4675.0,7336.0,2661.0,0.7858,0.09253804022610823,0.664,0.907,0.243,95.9615366161243
19.0,56,5028,0.962,0,44.58,32.992517670256966,9.5,100.0,90.5,57.1,7.992357460585591,48.0,70.0,22.0,5879.2,1238.5843890865394,4675.0,7336.0,2661.0,0.8135,0.10015682147956118,0.664,0.962,0.29799999999999993,89.78571268239799
35.9,70,4789,0.874,0,38.17,26.645076676772955,9.5,100.0,90.5,57.1,7.992357460585591,48.0,70.0,22.0,5624.5,1165.445575258177,4675.0,7336.0,2661.0,0.8220000000000001,0.10144511378627788,0.664,0.962,0.29799999999999993,68.4142847369388
14.9,50,4783,0.843,0,35.29,27.5229379084267,9.5,100.0,90.5,56.6,8.289216555930457,48.0,70.0,22.0,5373.3,1027.9920071025008,4675.0,7336.0,2661.0,0.8397,0.08536984895799442,0.664,0.962,0.29799999999999993,95.65999808680004
40.2,52,7295,0.666,1,33.290000000000006,26.20688840743978,9.5,100.0,90.5,55.5,8.072587358874932,48.0,70.0,22.0,5599.4,1182.1591545416547,4675.0,7336.0,2661.0,0.8225,0.10154500917764812,0.664,0.962,0.29799999999999993,140.28845884060658
35.5,59,4996,0.794,0,32.55,26.009111651282726,9.5,100.0,90.5,55.8,8.148619514985382,48.0,70.0,22.0,5596.2,1183.9197420245719,4675.0,7336.0,2661.0,0.8135999999999999,0.09953357892356292,0.664,0.962,0.29799999999999993,84.67796466647518
32.6,61,5002,0.851,0,25.810000000000002,10.977193529212437,9.5,40.2,30.700000000000003,54.9,6.7896980787072385,48.0,70.0,22.0,5362.8,1021.7853438412834,4675.0,7295.0,2620.0,0.8183,0.10013773847389623,0.664,0.962,0.29799999999999993,81.99999865573773
100.0,64,7322,0.689,2,32.49,26.008137615412302,9.5,100.0,90.5,56.5,6.867799259345541,49.0,70.0,21.0,5366.9,1030.383580140029,4675.0,7322.0,2647.0,0.8208,0.09608769143050637,0.666,0.962,0.29599999999999993,114.40624821240237
38.2,49,7281,0.663,1,33.96,25.85855542927505,9.5,100.0,90.5,56.2,7.146094504459567,49.0,70.0,21.0,5627.5,1157.638520629138,4783.0,7322.0,2539.0,0.7992,0.10537952573647458,0.663,0.962,0.29899999999999993,148.59183370220748
12.9,55,4783,0.947,0,34.3,25.521363599933316,12.9,100.0,87.1,56.8,6.713171133426223,49.0,70.0,21.0,5626.9,1158.1228537786565,4783.0,7322.0,2539.0,0.8032,0.11055797875624586,0.663,0.962,0.29899999999999993,86.96363478247937
30.3,49,7268,0.666,1,35.95,24.564167670273985,12.9,100.0,87.1,56.5,7.011894655987579,49.0,70.0,21.0,5854.7,1240.0661317490683,4783.0,7322.0,2539.0,0.7955,0.11766926342743644,0.663,0.962,0.29899999999999993,148.32652758517293
100.0,65,7322,0.722,2,44.05,30.89333800891916,12.9,100.0,87.1,57.4,7.5011110288188,49.0,70.0,21.0,6084.1,1281.6295573301284,4783.0,7322.0,2539.0,0.7715,0.10356667203089778,0.663,0.947,0.2839999999999999,112.64615211313613
11.5,47,4807,0.668,0,41.61,32.52884019519358,11.5,100.0,88.5,55.1,6.690789689316754,47.0,65.0,18.0,6085.9,1279.6196005931688,4783.0,7322.0,2539.0,0.7508999999999999,0.10137767670120192,0.663,0.947,0.2839999999999999,102.27659356858312
19.8,51,4996,0.662,0,42.1,32.11607420314972,11.5,100.0,88.5,55.2,6.6131182760732505,47.0,65.0,18.0,6107.2,1257.0969024789704,4783.0,7322.0,2539.0,0.7327999999999999,0.09924246402960196,0.662,0.947,0.2849999999999999,97.96078239292584
19.8,56,4783,0.92,0,40.06,32.88877552533012,11.5,100.0,88.5,55.6,6.518350166176218,47.0,65.0,18.0,5856.0,1244.28721228929,4783.0,7322.0,2539.0,0.7582000000000001,0.11193827664287954,0.662,0.947,0.2849999999999999,85.41071276052298
41.9,54,4789,0.827,0,40.7,32.85243099410178,11.5,100.0,88.5,55.1,6.419588079550885,47.0,65.0,18.0,5835.3,1261.7826939162908,4783.0,7322.0,2539.0,0.7615000000000001,0.11358525921575893,0.662,0.947,0.2849999999999999,88.68518354286698
76.2,71,4703,0.904,0,45.06,34.50939324621946,11.5,100.0,88.5,56.1,8.020113604072126,47.0,71.0,24.0,5805.4,1287.0135283757531,4703.0,7322.0,2619.0,0.7668,0.11931731736098594,0.662,0.947,0.2849999999999999,66.23943568676852
31.3,55,4812,0.901,0,38.19,28.70743031961506,11.5,100.0,88.5,55.2,7.524773898412025,47.0,71.0,24.0,5554.4,1200.2033346247686,4703.0,7322.0,2619.0,0.788,0.12274273004042927,0.662,0.947,0.2849999999999999,87.49090750016532
27.4,58,4818,0.804,0,37.11,28.909454431994295,11.5,100.0,88.5,56.1,7.233410137841127,47.0,71.0,24.0,5308.1,1049.8091308000073,4703.0,7322.0,2619.0,0.8021,0.11461767364203031,0.662,0.947,0.2849999999999999,83.06896408501787
12.8,49,4807,0.702,0,37.1,28.918775139268167,11.5,100.0,88.5,55.5,7.575545451575718,47.0,71.0,24.0,5310.5,1048.5019207315424,4703.0,7322.0,2619.0,0.7776000000000001,0.1060693693349361,0.662,0.92,0.258,98.10203881424411
72.1,60,4812,0.767,1,41.28,30.787255660599367,11.5,100.0,88.5,56.6,7.3212020870892855,47.0,71.0,24.0,5064.9,796.3603944055227,4703.0,7322.0,2619.0,0.7877,0.09882313044581736,0.662,0.92,0.258,80.19999866333336
23.2,58,7281,0.914,1,33.6,23.141401090781976,11.5,76.2,64.7,55.9,6.7404253080450305,47.0,71.0,24.0,5060.8,783.449608391523,4703.0,7281.0,2578.0,0.8069000000000001,0.1031950149528113,0.662,0.92,0.258,125.5344805942331
13.8,54,5002,0.921,0,33.83,22.9075945679351,12.8,76.2,63.400000000000006,56.6,6.040603354706332,49.0,71.0,22.0,5080.3,778.8438796632043,4703.0,7281.0,2578.0,0.8322,0.09612931105778387,0.662,0.921,0.259,92.62962791426615
33.7,58,7254,1.001,1,35.22,22.377260283103865,12.8,76.2,63.400000000000006,57.3,5.716448003592632,49.0,71.0,22.0,5306.1,1036.4141653905442,4703.0,7281.0,2578.0,0.8661000000000001,0.08894498924116344,0.702,1.001,0.29899999999999993,125.06896336087995
26.5,50,7322,0.663,1,35.89,21.960694686441744,12.8,76.2,63.400000000000006,56.7,6.165315167216645,49.0,71.0,22.0,5560.0,1193.1729873650963,4703.0,7322.0,2619.0,0.8404,0.10694775463852385,0.663,1.001,0.33799999999999986,146.43999707120005
39.1,47,7268,0.787,1,35.61,21.893299330058852,12.8,76.2,63.400000000000006,56.0,6.863753427324709,47.0,71.0,24.0,5807.9,1270.2246039360239,4703.0,7322.0,2619.0,0.8364,0.10824478432392494,0.663,1.001,0.33799999999999986,154.63829458216395
11.8,48,5021,0.704,0,29.169999999999998,17.696456016828876,11.8,72.1,60.3,53.7,4.8316088877769605,47.0,60.0,13.0,5839.7,1243.1827478067858,4807.0,7322.0,2515.0,0.8164,0.11274967356444394,0.663,1.001,0.33799999999999986,104.60416448741324
18.6,55,4996,0.849,0,27.9,17.980050673516644,11.8,72.1,60.3,53.7,4.8316088877769605,47.0,60.0,13.0,5858.1,1227.545287691383,4807.0,7322.0,2515.0,0.8112,0.1095686492062793,0.663,1.001,0.33799999999999986,90.83636198479343
13.9,51,4789,0.698,0,26.55,18.520454158098474,11.8,72.1,60.3,53.0,4.642796092394811,47.0,60.0,13.0,5855.2,1230.306628446741,4789.0,7322.0,2533.0,0.8006,0.11531907426305822,0.663,1.001,0.33799999999999986,93.90195894309885
27.9,56,4807,0.707,0,28.060000000000002,17.87929901683333,11.8,72.1,60.3,53.7,4.498147766951883,47.0,60.0,13.0,5855.2,1230.306628446741,4789.0,7322.0,2533.0,0.8010999999999999,0.11485396524862856,0.663,1.001,0.33799999999999986,85.83928418144136
47.6,61,7295,0.844,1,25.610000000000003,11.828820735813245,11.8,47.6,35.8,53.8,4.661902329879316,47.0,61.0,14.0,6103.5,1246.8234527078093,4789.0,7322.0,2533.0,0.8088000000000001,0.11489492784472366,0.663,1.001,0.33799999999999986,119.59016197393177
15.1,54,4783,0.789,0,24.800000000000004,12.280879447336247,11.8,47.6,35.8,53.4,4.427188724235834,47.0,61.0,14.0,5853.7,1234.8788559566788,4783.0,7322.0,2539.0,0.7962999999999999,0.1088169206613663,0.663,1.001,0.33799999999999986,88.57407243381348
31.8,52,4996,0.894,0,26.6,11.799152511939358,11.8,47.6,35.8,53.2,4.4422216663888205,47.0,61.0,14.0,5853.1,1235.3400296634427,4783.0,7322.0,2539.0,0.7936,0.10566845424355416,0.663,1.001,0.33799999999999986,96.07692122928998
21.2,54,4824,0.852,0,25.35,11.624232352193555,11.8,47.6,35.8,52.8,4.1311822359546975,47.0,61.0,14.0,5610.1,1166.2199573360344,4783.0,7322.0,2539.0,0.7787,0.08073832904994832,0.663,0.894,0.23099999999999998,89.33333167901237
23.9,59,4812,0.917,0,25.089999999999996,11.624729387531524,11.8,47.6,35.8,53.7,4.423422506009068,47.0,61.0,14.0,5359.1,1017.4572281482256,4783.0,7295.0,2512.0,0.8041,0.08024746448053915,0.698,0.917,0.21900000000000008,81.55932065153694
17.4,46,7295,0.713,1,22.919999999999998,10.70812775418779,11.8,47.6,35.8,53.6,4.599516882842854,46.0,61.0,15.0,5361.8,1023.1058161847536,4783.0,7295.0,2512.0,0.7967,0.08525523770159478,0.698,0.917,0.21900000000000008,158.58695307419669
21.1,55,4996,0.824,0,23.85,10.01656960574193,13.9,47.6,33.7,54.3,4.164666186436226,46.0,61.0,15.0,5359.3,1024.0612015130755,4783.0,7295.0,2512.0,0.8087,0.07897123245559343,0.698,0.917,0.21900000000000008,90.83636198479343
11.8,50,4990,0.816,0,23.169999999999998,10.624923529136892,11.8,47.6,35.8,53.8,4.366539438350183,46.0,61.0,15.0,5358.7,1024.299440810354,4783.0,7295.0,2512.0,0.8054,0.07778060312328552,0.698,0.917,0.21900000000000008,99.79999800400005
55.4,63,7322,0.901,1,27.32,14.128835762369258,11.8,55.4,43.599999999999994,55.0,5.0990195135928555,46.0,63.0,17.0,5612.0,1170.521441257877,4783.0,7322.0,2539.0,0.8257,0.07297800277404576,0.707,0.917,0.21000000000000008,116.22222037742507
53.8,73,7268,1.0,1,29.910000000000004,16.432991882862517,11.8,55.4,43.599999999999994,56.7,7.6601421512775,46.0,73.0,27.0,5858.1,1239.1638264930411,4783.0,7322.0,2539.0,0.8549999999999999,0.07862569554541066,0.713,1.0,0.28700000000000003,99.56164247175833
100.0,67,7281,0.742,2,35.15,27.397252498096314,11.8,100.0,88.2,57.3,8.246884933786307,46.0,73.0,27.0,5856.7,1237.3666527482144,4783.0,7322.0,2539.0,0.8448,0.08643918864342139,0.713,1.0,0.28700000000000003,108.67164016908
45.4,54,7295,0.867,1,38.18,26.597276385207373,11.8,100.0,88.2,57.3,8.246884933786307,46.0,73.0,27.0,6107.9,1250.0909700231157,4812.0,7322.0,2510.0,0.8526,0.08433820802775545,0.713,1.0,0.28700000000000003,135.09259009087796
46.6,54,7295,0.821,1,39.660000000000004,26.614582469014948,11.8,100.0,88.2,57.5,8.127456893491098,46.0,73.0,27.0,6337.8,1234.1840129323473,4812.0,7322.0,2510.0,0.8452999999999999,0.08351187540304066,0.713,1.0,0.28700000000000003,135.09259009087796
75.9,56,7308,0.664,1,45.13,27.984878853488706,11.8,100.0,88.2,57.7,8.056053624449156,46.0,73.0,27.0,6586.2,1142.198834607095,4812.0,7322.0,2510.0,0.8265,0.10113714561041337,0.664,1.0,0.33599999999999997,130.4999976696429
34.9,58,5034,1.001,1,46.23,27.264590385496042,11.8,100.0,88.2,57.6,8.044321668799148,46.0,73.0,27.0,6608.4,1105.4498531266838,4990.0,7322.0,2332.0,0.8349,0.11235504241268056,0.664,1.001,0.33699999999999986,86.79310195184307
41.4,52,7308,0.779,1,48.63,25.44008429406007,11.8,100.0,88.2,58.2,7.2694184392181445,50.0,73.0,23.0,6609.7,1106.3542781988588,4990.0,7322.0,2332.0,0.8414999999999999,0.10616679748814387,0.664,1.001,0.33699999999999986,140.53845883579888
80.0,61,7295,0.791,1,54.519999999999996,25.175022895277927,11.8,100.0,88.2,58.8,7.2234187043101725,50.0,73.0,23.0,6839.6,963.3994440983091,4990.0,7322.0,2332.0,0.8382,0.10727824673353818,0.664,1.001,0.33699999999999986,119.59016197393177
29.4,50,7295,0.928,1,56.28000000000001,22.308633107187454,29.4,100.0,70.6,58.8,7.2234187043101725,50.0,73.0,23.0,7070.1,715.5660463344539,5034.0,7322.0,2288.0,0.8493999999999999,0.11050108093990987,0.664,1.001,0.33699999999999986,145.89999708200006
100.0,90,7308,0.839,2,60.739999999999995,26.227263168949218,29.4,100.0,70.6,61.5,12.258783698955527,50.0,90.0,40.0,7068.7,715.0319417884999,5034.0,7308.0,2274.0,0.8431999999999998,0.10901355675123717,0.664,1.001,0.33699999999999986,81.19999909777779
34.3,66,5015,1.036,1,58.79,27.49486618746588,29.4,100.0,70.6,60.8,11.717034133640173,50.0,90.0,40.0,6843.4,958.6911447964636,5015.0,7308.0,2293.0,0.8468,0.11518661187635997,0.664,1.036,0.372,75.98484733356293
100.0,66,7336,0.73,2,58.79,27.49486618746588,29.4,100.0,70.6,60.7,11.662380164919645,50.0,90.0,40.0,6848.9,961.6338469269886,5015.0,7336.0,2321.0,0.8455999999999999,0.11645523698924778,0.664,1.036,0.372,111.15151346740132
100.0,63,7349,0.708,2,64.25,29.859978789900676,29.4,100.0,70.6,61.6,11.43289600718519,50.0,90.0,40.0,6854.3,964.5643864230107,5015.0,7349.0,2334.0,0.8296999999999999,0.12382967693121308,0.664,1.036,0.372,116.65079179919378
26.7,51,5028,0.663,1,62.260000000000005,31.76903453924185,26.7,100.0,73.3,61.3,11.690927156465298,50.0,90.0,40.0,6627.6,1105.5760891448947,5015.0,7349.0,2334.0,0.8139,0.13466868810363952,0.663,1.036,0.373,98.58823336101504
34.3,71,4789,0.894,0,58.1,32.49974358873192,26.7,100.0,73.3,62.8,11.895844279037572,50.0,90.0,40.0,6375.7,1214.8916778416528,4789.0,7349.0,2560.0,0.8369,0.12555516715770676,0.663,1.036,0.373,67.4507032753422
32.6,66,5034,0.916,0,57.86999999999999,32.68975544587477,26.7,100.0,73.3,63.6,11.805836597961939,50.0,90.0,40.0,6375.7,1214.8916778416528,4789.0,7349.0,2560.0,0.8283999999999999,0.1157019158585244,0.663,1.036,0.373,76.27272611707991
20.5,49,4795,0.775,0,55.779999999999994,34.47890820648329,20.5,100.0,79.5,63.3,12.16598171587936,49.0,90.0,41.0,6124.4,1259.698747055556,4789.0,7349.0,2560.0,0.828,0.1158984229592628,0.663,1.036,0.373,97.85714086005835
67.8,69,4812,0.949,0,54.55999999999999,33.73449273369899,20.5,100.0,79.5,64.1,12.260596324087256,49.0,90.0,41.0,5876.1,1247.9818775393564,4789.0,7349.0,2560.0,0.8437999999999999,0.12095343456608824,0.663,1.036,0.373,69.7391294240706
46.0,51,7281,0.808,1,56.220000000000006,32.7530083435941,20.5,100.0,79.5,64.2,12.136263382478505,49.0,90.0,41.0,5874.7,1246.2198887480097,4789.0,7349.0,2560.0,0.8318,0.11757720867583016,0.663,1.036,0.373,142.76470308304505
13.7,58,4812,1.036,0,47.589999999999996,31.271799507614496,13.7,100.0,86.3,61.0,8.137703743822476,49.0,71.0,22.0,5625.1,1175.1858907329322,4789.0,7349.0,2560.0,0.8515,0.13424045589910527,0.663,1.036,0.373,82.96551581093938
38.5,54,7322,0.857,1,48.01,31.101212909538397,13.7,100.0,86.3,59.8,8.202980488145098,49.0,71.0,22.0,5855.8,1265.1121865053842,4789.0,7349.0,2560.0,0.8336,0.11783717579779185,0.663,1.036,0.373,135.5925900816187
32.3,67,4812,0.741,0,41.239999999999995,25.366390712471784,13.7,100.0,86.3,59.9,8.292566952799774,49.0,71.0,22.0,5603.4,1186.313074660769,4789.0,7349.0,2560.0,0.8347,0.11680948401373602,0.663,1.036,0.373,71.82089445043441
39.7,62,5034,0.891,0,35.209999999999994,14.821564619761906,13.7,67.8,54.099999999999994,59.8,8.25698357620857,49.0,71.0,22.0,5371.9,1022.3732140900664,4789.0,7322.0,2533.0,0.853,0.10881584851890144,0.663,1.036,0.373,81.19354707752343
15.4,49,5028,0.716,0,34.08,15.931645656784301,13.7,67.8,54.099999999999994,59.6,8.514040691052,49.0,71.0,22.0,5371.9,1022.3732140900664,4789.0,7322.0,2533.0,0.8583000000000001,0.09941836405368329,0.716,1.036,0.32000000000000006,102.61224280383179
17.8,54,4983,0.694,0,32.42999999999999,16.740240938130736,13.7,67.8,54.099999999999994,57.9,7.636898730651254,49.0,69.0,20.0,5391.3,1011.8701113394876,4795.0,7322.0,2527.0,0.8383,0.11089339224879058,0.694,1.036,0.3420000000000001,92.27777606893008
100.0,72,7349,0.749,2,39.17,27.148810082375377,13.7,100.0,86.3,58.5,8.52773253697738,49.0,72.0,23.0,5622.8,1173.027119133313,4795.0,7349.0,2554.0,0.8215999999999999,0.11046588211348725,0.694,1.036,0.3420000000000001,102.06944302681329
27.8,58,4818,0.756,0,39.9,26.685201891685164,13.7,100.0,86.3,59.4,7.862710869809631,49.0,72.0,23.0,5625.1,1171.2448695488156,4812.0,7349.0,2537.0,0.8196999999999999,0.11151487195287643,0.694,1.036,0.3420000000000001,83.06896408501787
32.7,48,7281,0.664,1,36.39,24.853188930195646,13.7,100.0,86.3,57.3,7.81807023646007,48.0,72.0,24.0,5872.0,1239.0681086113743,4812.0,7349.0,2537.0,0.7912,0.11121630575894233,0.664,1.036,0.372,151.68749683984382
64.1,66,7295,1.004,1,38.2,26.250629622078666,13.7,100.0,86.3,58.8,7.913420387052783,48.0,72.0,24.0,5873.4,1240.843637745435,4812.0,7349.0,2537.0,0.8108000000000001,0.1301629747662514,0.664,1.036,0.372,110.5303013556015
26.1,52,5028,0.708,1,39.440000000000005,25.238075291995663,15.4,100.0,84.6,58.2,8.202980488145108,48.0,72.0,24.0,5895.0,1222.052099271273,4812.0,7349.0,2537.0,0.778,0.1062366331461147,0.664,1.004,0.33999999999999997,96.69230583284028
17.1,54,4818,0.882,0,37.3,26.215008423928943,15.4,100.0,84.6,58.2,8.202980488145108,48.0,72.0,24.0,5644.6,1151.6799516840995,4812.0,7349.0,2537.0,0.7805000000000001,0.10857076545327954,0.664,1.004,0.33999999999999997,89.22222056995888
100.0,66,7295,0.717,2,44.07,32.715950917624866,15.4,100.0,84.6,58.1,8.089087299153954,48.0,72.0,24.0,5892.9,1217.984167932131,4818.0,7349.0,2531.0,0.7781,0.10979926128065579,0.664,1.004,0.33999999999999997,110.5303013556015
21.5,54,4783,0.876,0,42.25,33.48330429731604,15.4,100.0,84.6,57.3,8.056053624449168,48.0,72.0,24.0,5867.8,1240.0375263138844,4783.0,7349.0,2566.0,0.7766,0.10817598829890294,0.664,1.004,0.33999999999999997,88.57407243381348
18.6,51,4783,0.664,0,42.57,33.212382229122454,17.1,100.0,82.9,57.5,7.849274559544447,48.0,72.0,24.0,5843.3,1260.7212265648186,4783.0,7349.0,2566.0,0.7714000000000001,0.11257313672058301,0.664,1.004,0.33999999999999997,93.78431188658213
34.8,67,5002,0.817,0,44.269999999999996,32.22400933741444,17.1,100.0,82.9,58.8,8.270429251254157,48.0,72.0,24.0,5845.2,1259.2941409112182,4783.0,7349.0,2566.0,0.7837000000000001,0.10986360230354283,0.664,1.004,0.33999999999999997,74.65671530363112
37.3,51,7295,0.671,1,38.0,25.59318485673695,17.1,100.0,82.9,56.7,7.134423592694832,48.0,67.0,19.0,5839.8,1252.2251128823932,4783.0,7295.0,2512.0,0.7759,0.11523835202647476,0.664,1.004,0.33999999999999997,143.03921288158406
33.5,57,4795,0.746,0,38.57,25.403545246896332,17.1,100.0,82.9,56.6,7.121173436387557,48.0,67.0,19.0,5837.5,1254.3297679105985,4783.0,7295.0,2512.0,0.7748999999999999,0.11547337355425252,0.664,1.004,0.33999999999999997,84.12280554170518
26.6,57,4795,0.939,0,37.96,25.63236669178679,17.1,100.0,82.9,57.5,6.450667493454585,51.0,67.0,16.0,5588.9,1180.6393230411593,4783.0,7295.0,2512.0,0.8023999999999999,0.11882498801926139,0.664,1.004,0.33999999999999997,84.12280554170518
100.0,70,7281,0.767,2,41.55,31.534716319214446,17.1,100.0,82.9,57.9,7.125073099040259,51.0,70.0,19.0,5587.5,1178.3976172941034,4783.0,7295.0,2512.0,0.7787000000000001,0.0954917681152554,0.664,0.939,0.2749999999999999,104.01428422836737
18.8,49,4812,0.665,0,40.82,32.01297653556544,17.1,100.0,82.9,57.6,7.456540752922935,49.0,70.0,21.0,5565.9,1191.6973376006256,4783.0,7295.0,2512.0,0.7744,0.09989572340974112,0.664,0.939,0.2749999999999999,98.20407962848817
51.3,66,7295,0.846,1,44.239999999999995,31.00842896160109,18.6,100.0,81.4,58.8,7.771743691090204,49.0,70.0,21.0,5813.6,1273.5847221305821,4783.0,7295.0,2512.0,0.7707999999999999,0.09616629116044516,0.664,0.939,0.2749999999999999,110.5303013556015
100.0,78,7295,0.767,2,44.239999999999995,31.00842896160109,18.6,100.0,81.4,60.0,9.695359714832671,49.0,78.0,29.0,5813.6,1273.5847221305821,4783.0,7295.0,2512.0,0.7758,0.09434075353619832,0.664,0.939,0.2749999999999999,93.52563982659436
38.5,49,7268,0.664,1,45.94,30.075172484958316,18.6,100.0,81.4,59.5,10.157099323461741,49.0,78.0,29.0,6062.1,1292.4474156507192,4783.0,7295.0,2512.0,0.7545999999999999,0.09313455021872637,0.664,0.939,0.2749999999999999,148.32652758517293
81.0,65,4795,1.001,0,52.17999999999999,30.24528613409573,18.8,100.0,81.2,60.9,9.814388530225527,49.0,78.0,29.0,6063.3,1291.1327541693338,4795.0,7295.0,2500.0,0.7883,0.11509131640185108,0.664,1.001,0.33699999999999986,73.76922963431954
19.5,62,5034,0.826,0,50.65,31.579713952683676,18.8,100.0,81.2,60.4,9.59397959370587,49.0,78.0,29.0,6066.5,1288.2465473140876,4795.0,7295.0,2500.0,0.7891999999999999,0.11537552214881193,0.664,1.001,0.33699999999999986,81.19354707752343
23.3,48,7241,0.674,1,49.25,32.53323941243261,18.8,100.0,81.2,60.1,9.960477453973347,48.0,78.0,30.0,6061.1,1282.625731328772,4795.0,7295.0,2500.0,0.7895000000000001,0.11503743352105432,0.664,1.001,0.33699999999999986,150.8541635238716
48.0,56,5002,0.841,0,50.7,32.073145568631986,18.8,100.0,81.2,60.0,10.000000000000012,48.0,78.0,30.0,6081.8,1261.4170867190076,4795.0,7295.0,2500.0,0.799,0.11496859474559833,0.664,1.001,0.33699999999999986,89.32142697640309
85.3,71,4703,0.83,0,56.57000000000001,32.54050638136326,18.8,100.0,81.2,61.4,10.500793620801561,48.0,78.0,30.0,6072.6,1272.13496838102,4703.0,7295.0,2592.0,0.7881,0.10495125852826423,0.664,1.001,0.33699999999999986,66.23943568676852
15.2,48,5002,0.664,0,48.089999999999996,30.976996841742512,15.2,100.0,84.8,59.2,10.799176923368861,48.0,78.0,30.0,5844.7,1235.2020122680744,4703.0,7295.0,2592.0,0.7778,0.1120652587656949,0.664,1.001,0.33699999999999986,104.20833116232644
45.2,72,5041,0.98,0,50.73,29.28200243608107,15.2,100.0,84.8,61.5,10.834615308763341,48.0,78.0,30.0,5867.6,1215.900964534343,4703.0,7295.0,2592.0,0.8093,0.12076887936145644,0.664,1.001,0.33699999999999986,70.01388791647378
24.2,59,5021,0.652,0,48.02,30.453965259059327,15.2,100.0,84.8,60.8,10.737266360153736,48.0,78.0,30.0,5640.2,1128.8090872931234,4703.0,7295.0,2592.0,0.7899,0.12948569204527705,0.652,1.001,0.34899999999999987,85.10169347285266
59.4,67,4996,0.921,1,43.96,24.966074759338593,15.2,85.3,70.1,59.7,9.238205693988673,48.0,72.0,24.0,5410.3,978.4329932203784,4703.0,7268.0,2565.0,0.8053000000000001,0.13547861659891342,0.652,1.001,0.34899999999999987,74.56716306616175
46.3,63,4812,0.744,0,44.74,24.898290882887586,15.2,85.3,70.1,61.1,8.464960458003079,48.0,72.0,24.0,5164.7,739.3465658569049,4703.0,7241.0,2538.0,0.8133000000000001,0.1283840159659891,0.652,1.001,0.34899999999999987,76.38095116855634
39.2,51,7295,0.669,1,40.559999999999995,21.397050679422488,15.2,85.3,70.1,59.7,8.89506729722842,48.0,72.0,24.0,5414.7,982.9773423408714,4703.0,7295.0,2592.0,0.7801,0.11686216952746771,0.652,0.98,0.32799999999999996,143.03921288158406
100.0,74,7268,0.755,2,48.61,27.002199498888412,15.2,100.0,84.8,60.9,9.982762921934775,48.0,74.0,26.0,5638.1,1129.7449515512492,4703.0,7295.0,2592.0,0.773,0.11591663671219345,0.652,0.98,0.32799999999999996,98.21621488897007
100.0,70,7268,0.767,2,56.279999999999994,29.765968636832167,15.2,100.0,84.8,63.1,9.21894185299424,48.0,74.0,26.0,5640.8,1134.025553308008,4703.0,7295.0,2592.0,0.7823,0.11070486288626437,0.652,0.98,0.32799999999999996,103.82856994530614
38.2,54,4958,0.796,0,55.3,30.22662549622231,15.2,100.0,84.8,62.9,9.409805760186789,48.0,74.0,26.0,5636.4,1136.8612932103802,4703.0,7295.0,2592.0,0.7777999999999999,0.1089544247227556,0.652,0.98,0.32799999999999996,91.8148131145405
32.7,59,4812,0.792,0,50.04,28.976856665660154,15.2,100.0,84.8,61.7,9.01911550233417,48.0,74.0,26.0,5647.3,1127.4008505308823,4812.0,7295.0,2483.0,0.774,0.10758562481422243,0.652,0.98,0.32799999999999996,81.55932065153694
22.3,70,5015,0.999,1,50.75,28.1021252656171,22.3,100.0,77.7,63.9,7.922541679705232,51.0,74.0,23.0,5648.6,1126.581278815584,4812.0,7295.0,2483.0,0.8074999999999999,0.12086470857027536,0.652,0.999,0.347,71.64285611938777
32.6,57,7268,0.712,1,49.489999999999995,28.65563547444788,22.3,100.0,77.7,62.4,7.633260552782587,51.0,74.0,23.0,5871.3,1210.1420531858555,4812.0,7295.0,2483.0,0.7807,0.10731889136794312,0.652,0.999,0.347,127.50876969282861
20.0,47,7295,0.739,1,49.07,29.09490409752945,20.0,100.0,80.0,61.2,9.040648944259116,47.0,74.0,27.0,6098.7,1245.7393208675544,4812.0,7295.0,2483.0,0.7894,0.09892443805473115,0.669,0.999,0.32999999999999996,155.2127626550476
16.7,52,4795,0.773,0,44.8,30.509379250030904,16.7,100.0,83.3,59.7,9.214119599831568,47.0,74.0,27.0,6078.6,1266.9492842607742,4795.0,7295.0,2500.0,0.7746000000000001,0.0874543690541909,0.669,0.999,0.32999999999999996,92.21153668823969
28.7,54,4795,0.658,0,43.04,30.918142821902332,16.7,100.0,83.3,58.8,9.295160030897817,47.0,74.0,27.0,6076.9,1268.8476355426687,4795.0,7295.0,2500.0,0.766,0.09472416094464316,0.658,0.999,0.34099999999999997,88.79629465192048
100.0,98,6959,0.928,2,49.120000000000005,35.68911443127835,16.7,100.0,83.3,63.5,15.027752105133134,47.0,98.0,51.0,6043.3,1237.0579839100321,4795.0,7295.0,2500.0,0.7919,0.10048819720632698,0.658,0.999,0.34099999999999997,71.01020335703875
100.0,93,7349,0.889,2,49.120000000000005,35.68911443127835,16.7,100.0,83.3,65.4,17.50047618399758,47.0,98.0,51.0,6051.4,1246.1994846554678,4795.0,7349.0,2554.0,0.8053000000000001,0.10389743874503164,0.658,0.999,0.34099999999999997,79.02150452665049
36.5,53,4772,0.719,0,42.77,30.967152848712956,16.7,100.0,83.3,63.7,17.826634255767097,47.0,98.0,51.0,5801.8,1225.2376458829835,4772.0,7349.0,2577.0,0.8004999999999999,0.10692806512375952,0.658,0.999,0.34099999999999997,90.03773415023143
100.0,88,7308,0.844,2,48.95,35.75090519444527,16.7,100.0,83.3,67.1,18.976301009416975,47.0,98.0,51.0,6036.8,1269.9630615800504,4772.0,7349.0,2577.0,0.8053000000000001,0.10777760022894803,0.658,0.999,0.34099999999999997,83.04545360175621
19.4,50,4812,0.674,1,47.62,36.658477873474126,16.7,100.0,83.3,66.2,19.606121493043947,47.0,98.0,51.0,6036.8,1269.9630615800504,4772.0,7349.0,2577.0,0.7935,0.11557320912160629,0.658,0.999,0.34099999999999997,96.23999807520005
24.8,53,4675,0.659,0,47.870000000000005,36.474680715988804,16.7,100.0,83.3,64.5,19.973593678766083,47.0,98.0,51.0,6002.8,1304.4419666832403,4675.0,7349.0,2674.0,0.7595,0.09690459225444382,0.658,0.928,0.27,88.20754550551801
27.3,52,4971,0.682,1,47.339999999999996,36.75861803713508,16.7,100.0,83.3,64.0,20.242968600918637,47.0,98.0,51.0,5773.1,1258.322467944254,4675.0,7349.0,2674.0,0.7565000000000001,0.09898063783723912,0.658,0.928,0.27,95.5961520077663
40.7,54,7322,0.998,1,49.410000000000004,35.61293304405004,16.7,100.0,83.3,64.7,19.70363756602657,50.0,98.0,48.0,5775.8,1261.9745375138589,4675.0,7349.0,2674.0,0.7824000000000001,0.12449114203205126,0.658,0.998,0.33999999999999997,135.5925900816187
46.3,61,4783,0.935,0,52.370000000000005,33.77481145600784,19.4,100.0,80.6,65.6,19.259629626068442,50.0,98.0,48.0,5774.6,1263.0160727401628,4675.0,7349.0,2674.0,0.7986,0.1333568312627602,0.658,0.998,0.33999999999999997,78.40983478016665
18.8,51,4996,0.774,0,51.38000000000001,34.678709446703444,18.8,100.0,81.2,65.3,19.482470753645867,50.0,98.0,48.0,5794.7,1247.1945451024546,4675.0,7349.0,2674.0,0.8102,0.12452023485718572,0.659,0.998,0.33899999999999997,97.96078239292584
30.7,54,7268,0.668,1,44.45,30.56327680221613,18.8,100.0,81.2,60.9,15.919589609450794,50.0,93.0,43.0,5825.6,1282.5719992785278,4675.0,7349.0,2674.0,0.7842,0.12433449507946928,0.659,0.998,0.33899999999999997,134.59259010013722
14.8,61,5015,0.746,0,35.93,24.66315515545854,14.8,100.0,85.2,57.7,11.294541454466724,50.0,88.0,38.0,5592.2,1183.0510273582072,4675.0,7322.0,2647.0,0.7699,0.11905316272806664,0.659,0.998,0.33899999999999997,82.2131134063424
32.3,48,7268,0.692,1,35.51,24.68811904990377,14.8,100.0,85.2,57.2,11.631375193367703,48.0,88.0,40.0,5841.8,1252.0677830426437,4675.0,7322.0,2647.0,0.7672,0.12063148658437202,0.659,0.998,0.33899999999999997,151.41666351215284
26.6,62,4818,0.986,1,28.169999999999998,9.816092229939072,14.8,46.3,31.499999999999996,54.6,4.993328882953158,48.0,62.0,14.0,5592.8,1173.1949539611803,4675.0,7322.0,2647.0,0.7814,0.1378108204105256,0.659,0.998,0.33899999999999997,77.70967616597297
58.1,62,5041,0.956,1,32.040000000000006,13.065323060172215,14.8,58.1,43.3,55.8,5.2025634707005235,48.0,62.0,14.0,5615.7,1158.4025446948624,4675.0,7322.0,2647.0,0.8096,0.14217532212807546,0.659,0.998,0.33899999999999997,81.30645030150887
40.6,50,7281,0.67,1,33.62,13.04784358513783,14.8,58.1,43.3,55.5,5.461989869391389,48.0,62.0,14.0,5876.3,1215.0103840434128,4783.0,7322.0,2539.0,0.8107000000000001,0.140917667057359,0.668,0.998,0.32999999999999996,145.61999708760007
33.6,57,5002,0.902,0,34.25,12.859518739914883,14.8,58.1,43.3,56.0,5.333333333333408,48.0,62.0,14.0,5879.4,1212.4808543734662,4783.0,7322.0,2539.0,0.8327,0.1356679361119959,0.668,0.998,0.32999999999999996,87.75438442536168
59.6,63,4760,1.001,0,36.14,15.105569245222798,14.8,59.6,44.8,56.9,5.704773829385804,48.0,63.0,15.0,5623.2,1142.4421016207052,4760.0,7281.0,2521.0,0.833,0.1360767757146259,0.668,1.001,0.33299999999999985,75.55555435626104
16.7,52,4990,0.804,0,33.18,15.778593093175338,14.8,59.6,44.8,56.0,5.696002496878424,48.0,63.0,15.0,5643.9,1127.3019362866075,4760.0,7281.0,2521.0,0.8199,0.13139123089291505,0.668,1.001,0.33299999999999985,95.9615366161243
14.2,52,4971,0.693,0,32.72,16.302746871480167,14.2,59.6,45.400000000000006,56.1,5.606543795720686,48.0,63.0,15.0,5641.4,1128.9249753637214,4760.0,7281.0,2521.0,0.8118000000000001,0.13691587035678277,0.668,1.001,0.33299999999999985,95.5961520077663
24.4,54,5002,0.837,0,32.089999999999996,16.509892657299645,14.2,59.6,45.400000000000006,56.1,5.606543795720686,48.0,63.0,15.0,5414.8,984.3087591468964,4760.0,7281.0,2521.0,0.8286999999999999,0.1272853749126992,0.67,1.001,0.33099999999999985,92.62962791426615
24.0,53,4783,0.752,0,33.01,15.674568929036349,14.2,59.6,45.400000000000006,55.3,5.396500923952768,48.0,63.0,15.0,5391.6,997.4257087344465,4760.0,7281.0,2521.0,0.8292999999999999,0.12686567699736492,0.67,1.001,0.33099999999999985,90.24528131612678
18.9,49,4807,0.666,0,31.669999999999998,16.30221866291011,14.2,59.6,45.400000000000006,55.4,5.25357021462556,49.0,63.0,14.0,5145.5,757.8442012269352,4760.0,7281.0,2521.0,0.8267,0.1302143958588628,0.666,1.001,0.33499999999999985,98.10203881424411
40.0,61,4812,0.896,0,33.010000000000005,16.38966137539152,14.2,59.6,45.400000000000006,55.3,5.121848624601687,49.0,63.0,14.0,5144.9,758.1346186528867,4760.0,7281.0,2521.0,0.8177,0.12074679659886907,0.666,1.001,0.33499999999999985,78.88524460843861
30.9,62,4958,0.789,0,30.29,13.818461885784943,14.2,59.6,45.400000000000006,55.3,5.121848624601687,49.0,63.0,14.0,5136.6,759.8508918055801,4760.0,7281.0,2521.0,0.8009999999999999,0.11061745893945527,0.666,1.001,0.33499999999999985,79.9677406456816
21.4,54,4818,0.768,0,28.370000000000005,13.558191455926526,14.2,59.6,45.400000000000006,55.7,4.808557187163634,49.0,63.0,14.0,4890.3,101.53165899228219,4760.0,5002.0,242.0,0.8108000000000001,0.10170414609706498,0.666,1.001,0.33499999999999985,89.22222056995888
100.0,66,7322,0.717,2,35.010000000000005,26.49324651889818,14.2,100.0,85.8,56.6,5.8156875966839,49.0,66.0,17.0,5122.3,778.5475151416839,4760.0,7322.0,2562.0,0.7923,0.10008446432888518,0.666,1.001,0.33499999999999985,110.93939225849407
100.0,90,7308,0.864,2,39.05,32.952566920752375,14.2,100.0,85.8,59.3,12.046668511344649,49.0,90.0,41.0,5377.1,1024.8045287869243,4783.0,7322.0,2539.0,0.7786000000000001,0.07443147482378945,0.666,0.896,0.22999999999999998,81.19999909777779
33.5,55,4812,0.823,0,40.73,32.103826355539965,14.2,100.0,85.8,59.6,11.880890351970935,49.0,90.0,41.0,5359.3,1033.7817360438057,4783.0,7322.0,2539.0,0.7805,0.07538825431649707,0.666,0.896,0.22999999999999998,87.49090750016532
46.3,66,7254,0.991,1,43.94,30.731894398707787,18.9,100.0,81.1,61.0,11.709445380166878,49.0,90.0,41.0,5587.6,1180.2186426439896,4783.0,7322.0,2539.0,0.8103,0.09364477798811978,0.666,0.991,0.32499999999999996,109.90908924380169
24.4,58,7322,0.941,1,43.940000000000005,30.731894398707787,18.9,100.0,81.1,61.4,11.510381787277485,49.0,90.0,41.0,5819.6,1276.419488691354,4783.0,7322.0,2539.0,0.8207000000000001,0.10231329879888956,0.666,0.991,0.32499999999999996,126.24137713376936
100.0,93,7295,0.839,2,51.54,34.42796666794131,18.9,100.0,81.1,65.4,14.758801517136213,49.0,93.0,44.0,6070.8,1296.768273653991,4807.0,7322.0,2515.0,0.8294,0.0994822150492781,0.666,0.991,0.32499999999999996,78.44085937160366
18.9,54,4996,0.744,0,51.54,34.42796666794131,18.9,100.0,81.1,65.9,14.21618795598876,54.0,93.0,39.0,6089.7,1277.536870526856,4812.0,7322.0,2510.0,0.8371999999999999,0.08759477407039823,0.717,0.991,0.274,92.51851680521266
46.3,57,5028,0.996,1,52.169999999999995,34.250516622218676,18.9,100.0,81.1,65.5,14.424131015612534,54.0,93.0,39.0,6111.3,1255.1639158116177,4812.0,7322.0,2510.0,0.8472,0.09989750302740667,0.717,0.996,0.279,88.21052476823641
34.7,57,5002,0.833,0,52.55,34.00853651005206,18.9,100.0,81.1,65.0,14.643921757659198,54.0,93.0,39.0,6115.7,1250.7411180753766,4812.0,7322.0,2510.0,0.8516,0.0980002267571052,0.717,0.996,0.279,87.75438442536168
11.1,58,4990,0.986,0,51.52,35.19216453195843,11.1,100.0,88.9,65.4,14.361986863476329,54.0,93.0,39.0,6132.9,1231.9540440562973,4812.0,7322.0,2510.0,0.8734,0.10152087907858348,0.717,0.996,0.279,86.03448127526757
40.2,54,7308,0.779,1,45.540000000000006,30.85201956292495,11.1,100.0,88.9,64.2,14.800900873482897,54.0,93.0,39.0,6131.5,1230.4596476294714,4812.0,7322.0,2510.0,0.8796000000000002,0.09239071622432576,0.744,0.996,0.252,135.33333082716055
29.1,54,4789,0.712,0,38.449999999999996,24.42295140959734,11.1,100.0,88.9,60.6,11.927559124425553,54.0,93.0,39.0,5879.6,1220.6508464294272,4789.0,7322.0,2533.0,0.8644000000000001,0.10664603967226023,0.712,0.996,0.28400000000000003,88.68518354286698
9.9,48,4824,0.667,0,36.09,26.04105519282109,9.9,100.0,90.1,59.9,12.48510223337312,48.0,93.0,45.0,5880.8,1219.4900391374847,4789.0,7322.0,2533.0,0.8488,0.12345921503791193,0.667,0.996,0.32899999999999996,100.49999790625004
23.0,49,4807,0.714,0,33.760000000000005,26.068380165335256,9.9,100.0,90.1,58.2,12.71744209081898,48.0,93.0,45.0,5636.1,1157.2472558235293,4789.0,7322.0,2533.0,0.8211,0.11900368808477126,0.667,0.996,0.32899999999999996,98.10203881424411
40.4,65,7281,0.981,1,35.36,25.92065671321704,9.9,100.0,90.1,58.9,12.896597311780463,48.0,93.0,45.0,5632.0,1150.6645422923516,4789.0,7308.0,2519.0,0.8251,0.12404698930467957,0.667,0.996,0.32899999999999996,112.01538289207103
35.5,55,7295,0.672,1,28.910000000000004,12.704281867849955,9.9,46.3,36.4,55.1,4.7714428286072925,48.0,65.0,17.0,5632.0,1150.6645422923516,4789.0,7308.0,2519.0,0.8084,0.13289360824024207,0.667,0.996,0.32899999999999996,132.63636122479343
35.3,57,4789,0.748,0,30.55,12.32127789187839,9.9,46.3,36.4,55.4,4.78887599895159,48.0,65.0,17.0,5611.3,1165.1479686670127,4789.0,7308.0,2519.0,0.8088,0.13268408595858994,0.667,0.996,0.32899999999999996,84.01754238565715
18.7,51,4983,0.661,0,27.790000000000003,11.462542863121296,9.9,40.4,30.5,54.8,4.939635614091522,48.0,65.0,17.0,5606.8,1167.7351107545178,4789.0,7308.0,2519.0,0.7753,0.12203100698866114,0.661,0.986,0.32499999999999996,97.7058804371396
54.3,54,5002,0.69,0,29.75,14.138697881268294,9.9,54.3,44.4,54.5,4.881939505292409,48.0,65.0,17.0,5606.8,1167.7351107545178,4789.0,7308.0,2519.0,0.761,0.12289381143446143,0.661,0.986,0.32499999999999996,92.62962791426615
36.5,51,7322,0.672,1,32.290000000000006,12.615462293903066,9.9,54.3,44.4,53.8,4.825856285561177,48.0,65.0,17.0,5840.0,1260.0746891443416,4789.0,7322.0,2533.0,0.7296,0.09624182504965882,0.661,0.981,0.31999999999999995,143.56862463590932
34.8,54,7295,0.702,1,31.75,12.352080346601149,9.9,54.3,44.4,53.8,4.825856285561177,48.0,65.0,17.0,5838.7,1258.3974862233795,4789.0,7322.0,2533.0,0.7219,0.09492154655293124,0.661,0.981,0.31999999999999995,135.09259009087796
38.7,68,7268,1.001,1,32.71,12.495461398266029,9.9,54.3,44.4,55.2,6.59629525651425,48.0,68.0,20.0,6086.6,1272.729455409383,4789.0,7322.0,2533.0,0.7507999999999999,0.12933058416322152,0.661,1.001,0.33999999999999986,106.88235136937719
31.3,66,4783,0.806,0,34.85,9.667385030779151,18.7,54.3,35.599999999999994,57.0,6.863753427324748,49.0,68.0,19.0,6082.5,1277.3065628718712,4783.0,7322.0,2539.0,0.7647,0.12676754754711933,0.661,1.001,0.33999999999999986,72.46969587167128
100.0,75,7228,0.75,2,42.55,21.990717738779267,18.7,100.0,81.3,59.6,8.275801404630839,51.0,75.0,24.0,6324.6,1237.504406277232,4783.0,7322.0,2539.0,0.7683,0.12567422612099563,0.661,1.001,0.33999999999999986,96.37333204835558
100.0,68,7268,0.802,2,48.510000000000005,28.466332941056905,18.7,100.0,81.3,59.9,8.543353491977827,51.0,75.0,24.0,6323.3,1236.394403991797,4783.0,7322.0,2539.0,0.7504000000000001,0.10265173051526168,0.661,1.001,0.33999999999999986,106.88235136937719
43.6,52,7308,0.723,1,49.32,28.168690262614287,18.7,100.0,81.3,59.6,8.783823515733705,51.0,75.0,24.0,6324.6,1237.5359209152534,4783.0,7322.0,2539.0,0.7555,0.09954368108747308,0.661,1.001,0.33999999999999986,140.53845883579888
18.4,54,4812,0.785,0,47.629999999999995,29.575141588840975,18.4,100.0,81.6,59.3,8.932462644136264,51.0,75.0,24.0,6326.9,1234.3822071519592,4783.0,7322.0,2539.0,0.7592,0.09992085757126917,0.661,1.001,0.33999999999999986,89.11110946090538
40.4,50,7308,0.819,1,49.8,27.969109944921392,18.4,100.0,81.6,59.2,9.040648944259159,50.0,75.0,25.0,6559.4,1170.4330822392278,4783.0,7322.0,2539.0,0.775,0.09504034231139252,0.672,1.001,0.32899999999999985,146.15999707680007
20.3,56,4824,0.913,0,46.4,29.39168438710349,18.4,100.0,81.6,59.4,8.93432830280056,50.0,75.0,25.0,6541.6,1197.7837126218742,4783.0,7322.0,2539.0,0.7973,0.09896132802486199,0.672,1.001,0.32899999999999985,86.14285560459187
14.0,49,5028,0.866,0,44.15,31.0482867661181,14.0,100.0,86.0,59.2,9.162726425882008,49.0,75.0,26.0,6312.2,1250.2395148308394,4783.0,7308.0,2525.0,0.8167,0.09030571533530986,0.702,1.001,0.29899999999999993,102.61224280383179
10.8,49,4789,0.746,0,41.75,32.73320604184339,10.8,100.0,89.2,58.7,9.603818684946853,49.0,75.0,26.0,6061.6,1282.1045372528877,4783.0,7308.0,2525.0,0.8211,0.08501300554098111,0.723,1.001,0.2779999999999999,97.73469188296548
15.5,57,5034,0.741,0,39.42999999999999,33.778857621628035,10.8,100.0,89.2,57.6,9.033271832509032,49.0,75.0,26.0,5838.2,1242.5606893293595,4783.0,7308.0,2525.0,0.7951,0.05994154559976572,0.723,0.913,0.19000000000000006,88.31578792428442
78.3,65,5028,0.689,0,44.129999999999995,35.73510723208876,10.8,100.0,89.2,57.5,8.934950102453534,49.0,75.0,26.0,5862.7,1221.683178606007,4789.0,7308.0,2519.0,0.7834,0.06839948017996081,0.689,0.913,0.2240000000000001,77.353844963787
100.0,81,7268,0.824,2,44.129999999999995,35.73510723208876,10.8,100.0,89.2,58.1,10.332795684937729,49.0,81.0,32.0,5866.7,1226.7052575451353,4789.0,7308.0,2519.0,0.7908,0.06838745823939044,0.689,0.913,0.2240000000000001,89.72839395397045
13.5,51,4842,0.866,0,35.48,30.84278413719053,10.8,100.0,89.2,56.4,9.912954487269063,49.0,81.0,32.0,5624.1,1156.6749711517346,4789.0,7308.0,2519.0,0.7971999999999999,0.07242743494928719,0.689,0.913,0.2240000000000001,94.94117460899658
20.0,53,4783,0.944,0,33.12,31.0546042390568,10.8,100.0,89.2,56.5,9.868580895391702,49.0,81.0,32.0,5371.6,1015.1869231273886,4783.0,7308.0,2525.0,0.8192999999999999,0.08053439568835585,0.689,0.944,0.255,90.24528131612678
18.0,60,5028,0.916,0,33.08,31.075921368302,10.8,100.0,89.2,57.1,9.882082551545333,49.0,81.0,32.0,5393.2,1004.1958418998037,4783.0,7308.0,2525.0,0.8324,0.08487271515497484,0.689,0.944,0.255,83.79999860333336
30.6,68,4990,0.874,0,32.1,30.9737882015674,10.8,100.0,89.2,58.9,10.082437976777072,49.0,81.0,32.0,5161.4,747.9217427868299,4783.0,7268.0,2485.0,0.8379,0.08568605487475597,0.689,0.944,0.255,73.38235186202424
100.0,62,7308,0.701,2,40.07,37.22356034079008,10.8,100.0,89.2,59.5,10.069204977995522,49.0,81.0,32.0,5409.8,995.0717227081176,4783.0,7308.0,2525.0,0.8167,0.09109585915701851,0.689,0.944,0.255,117.87096584079087
46.2,66,7308,0.996,1,43.29,36.09338043341334,10.8,100.0,89.2,61.2,9.51957048517542,49.0,81.0,32.0,5637.8,1147.415530660091,4783.0,7308.0,2525.0,0.8297000000000001,0.10683013515753649,0.689,0.996,0.30700000000000005,110.7272710495868
100.0,71,7349,0.761,2,52.21,38.136230950516065,13.5,100.0,86.5,63.4,8.909420731887025,51.0,81.0,30.0,5893.8,1220.2661640441818,4783.0,7349.0,2566.0,0.8311999999999999,0.10562280898450631,0.689,0.996,0.30700000000000005,103.50704079567548
21.1,49,7308,0.666,1,52.77,37.57425389220049,13.5,100.0,86.5,62.6,9.856751775080683,49.0,81.0,32.0,6121.2,1253.663236723129,4783.0,7349.0,2566.0,0.8237,0.11498700409659725,0.666,0.996,0.32999999999999996,149.14285409912543
34.8,50,4783,0.951,0,48.42,36.80026569952378,13.5,100.0,86.5,61.1,10.566719242771446,49.0,81.0,32.0,6096.7,1279.5283028435822,4783.0,7349.0,2566.0,0.8499000000000001,0.11065205726861753,0.666,0.996,0.32999999999999996,95.65999808680004
45.7,73,4824,0.995,0,42.99,32.04231403767341,13.5,100.0,86.5,60.3,9.092732140439345,49.0,73.0,24.0,5852.3,1264.262723223825,4783.0,7349.0,2566.0,0.867,0.11909566649453426,0.666,0.996,0.32999999999999996,66.08219087558643
18.7,49,4990,0.663,1,43.510000000000005,31.548954904331598,18.0,100.0,82.0,60.1,9.338688939627021,49.0,73.0,24.0,5867.1,1251.9277091305544,4783.0,7349.0,2566.0,0.8467,0.13546139261386816,0.663,0.996,0.33299999999999996,101.83673261557689
46.9,59,4783,0.867,0,46.2,30.449302126649666,18.0,100.0,82.0,60.7,9.019115502334213,49.0,73.0,24.0,5867.1,1251.9277091305544,4783.0,7349.0,2566.0,0.8390000000000001,0.13144496102086783,0.663,0.996,0.33299999999999996,81.06779523613906
68.5,62,7281,0.787,1,51.25,29.423091838440808,18.7,100.0,81.3,60.9,9.024041962077426,49.0,73.0,24.0,6092.4,1286.3959300654246,4783.0,7349.0,2566.0,0.8261,0.12936206725483398,0.663,0.996,0.33299999999999996,117.43548197684707
17.3,59,4990,0.747,0,49.92,30.731735316371985,17.3,100.0,82.7,60.0,8.679477710861079,49.0,73.0,24.0,6092.4,1286.3959300654246,4783.0,7349.0,2566.0,0.8134,0.13036717378235907,0.663,0.996,0.33299999999999996,84.57626975294458
19.0,53,5028,0.904,0,41.82,26.440490834240386,17.3,100.0,82.7,59.1,8.91253798495885,49.0,73.0,24.0,5864.4,1248.499294709003,4783.0,7349.0,2566.0,0.8337,0.12667285072623427,0.663,0.996,0.33299999999999996,94.86792273834108
49.4,68,7308,1.001,1,42.14,26.518639147252944,17.3,100.0,82.7,59.3,9.104943712072087,49.0,73.0,24.0,5864.4,1248.499294709003,4783.0,7349.0,2566.0,0.8342,0.12739248189922417,0.663,1.001,0.33799999999999986,107.47058665484431
40.7,58,7295,0.874,1,36.21,17.10032163440202,17.3,68.5,51.2,58.0,8.124038404636034,49.0,73.0,24.0,5859.0,1241.4615938033999,4783.0,7308.0,2525.0,0.8455,0.12517032839739126,0.663,1.001,0.33799999999999986,125.77585990041621
86.3,83,4709,0.994,0,42.730000000000004,22.329305606957032,17.3,86.3,69.0,61.4,10.65833007557942,49.0,83.0,34.0,5599.1,1174.6612230293745,4709.0,7308.0,2599.0,0.8783,0.11550954746493938,0.663,1.001,0.33799999999999986,56.734939075482664
91.8,61,7349,0.787,1,48.42999999999999,26.889611790098655,17.3,91.8,74.5,62.5,9.89107341663856,49.0,83.0,34.0,5855.7,1254.155585776072,4709.0,7349.0,2640.0,0.8619,0.11568294794153562,0.663,1.001,0.33799999999999986,120.4754078610589
39.7,66,4789,0.891,0,47.83,27.023900943835127,17.3,91.8,74.5,61.8,9.29516003089784,49.0,83.0,34.0,5852.2,1257.3993266526968,4709.0,7349.0,2640.0,0.8515,0.10671483287507506,0.663,1.001,0.33799999999999986,72.56060496120296
100.0,68,7308,0.797,2,55.96,29.410512104045523,17.3,100.0,82.7,63.7,8.273787255879625,53.0,83.0,30.0,6084.0,1293.9229755540578,4709.0,7349.0,2640.0,0.8648999999999999,0.08700887566475062,0.747,1.001,0.2539999999999999,107.47058665484431
31.5,57,7268,0.996,1,54.42,30.32654869179054,17.3,100.0,82.7,63.5,8.422852512328886,53.0,83.0,30.0,6332.5,1254.3197580982162,4709.0,7349.0,2640.0,0.8778,0.09640977359398774,0.747,1.001,0.2539999999999999,127.50876969282861
26.1,54,4996,0.661,0,50.18,31.093579187135344,17.3,100.0,82.7,62.7,8.944893018427429,53.0,83.0,30.0,6104.0,1270.3595291622503,4709.0,7349.0,2640.0,0.8652,0.1158656309888486,0.661,1.001,0.33999999999999986,92.51851680521266
46.3,68,7295,0.98,1,53.080000000000005,28.965795920936145,19.0,100.0,81.0,63.6,8.983936281558973,53.0,83.0,30.0,6334.5,1254.7909299073651,4709.0,7349.0,2640.0,0.8885,0.11284330335075536,0.661,1.001,0.33999999999999986,107.2794101870675
66.6,58,7308,0.716,1,57.839999999999996,26.553769349503877,26.1,100.0,73.9,64.1,8.45182426067496,54.0,83.0,29.0,6562.5,1196.8209046376994,4709.0,7349.0,2640.0,0.8696999999999999,0.12498182090030184,0.661,1.001,0.33999999999999986,125.99999782758626
19.8,53,4783,0.784,0,54.88000000000001,29.124476151702673,19.8,100.0,80.2,62.6,8.99629553390361,53.0,83.0,30.0,6310.0,1285.1593070294653,4709.0,7349.0,2640.0,0.8480000000000001,0.11831220468648806,0.661,0.996,0.33499999999999996,90.24528131612678
16.6,54,4996,0.657,0,52.46999999999999,31.340993744437604,16.6,100.0,83.4,62.2,9.307106006822043,53.0,83.0,30.0,6080.1,1294.970651748096,4709.0,7349.0,2640.0,0.8263,0.1321094243420952,0.657,0.996,0.33899999999999997,92.51851680521266
36.4,57,4996,0.778,0,47.48,29.259558742020857,16.6,100.0,83.4,59.6,5.834761729877707,53.0,68.0,15.0,6108.8,1264.0174752659786,4783.0,7349.0,2566.0,0.8047000000000001,0.11861239395611184,0.657,0.996,0.33899999999999997,87.64912126931367
10.0,49,4812,0.677,0,39.3,26.825485394800655,10.0,100.0,90.0,58.4,6.686636756330666,49.0,68.0,19.0,5855.1,1241.845351796175,4783.0,7308.0,2525.0,0.7937000000000001,0.12534578838822866,0.657,0.996,0.33899999999999997,98.20407962848817
38.0,50,7281,0.668,1,39.129999999999995,26.828055381550712,10.0,100.0,90.0,56.8,6.579429222120276,49.0,68.0,19.0,6104.3,1254.1147431112074,4783.0,7308.0,2525.0,0.7714000000000001,0.1259472552742264,0.657,0.996,0.33899999999999997,145.61999708760007
19.7,53,4818,0.861,0,31.099999999999994,16.684190787156084,10.0,66.6,56.599999999999994,55.3,5.334374898294742,49.0,68.0,19.0,5855.3,1235.6239134767275,4783.0,7308.0,2525.0,0.7777999999999999,0.12898216931033532,0.657,0.996,0.33899999999999997,90.90565866215739
24.4,49,4807,0.755,0,30.389999999999997,16.815829182978558,10.0,66.6,56.599999999999994,54.5,5.642103626603725,49.0,68.0,19.0,5609.2,1166.116899038084,4783.0,7308.0,2525.0,0.7537,0.1037240462852173,0.657,0.98,0.32299999999999995,98.10203881424411
100.0,70,7281,0.747,2,37.78,27.53982167294798,10.0,100.0,90.0,56.1,7.460265112953892,49.0,70.0,21.0,5837.7,1253.2285461514496,4783.0,7308.0,2525.0,0.7623,0.09862392092072725,0.657,0.98,0.32299999999999995,104.01428422836737
100.0,100,7349,0.942,2,43.15,33.889272311127776,10.0,100.0,90.0,59.3,15.578118557058769,49.0,100.0,51.0,5843.1,1260.301943539276,4783.0,7349.0,2566.0,0.7585,0.08962545521347338,0.657,0.942,0.2849999999999999,73.48999926510001
30.8,65,4812,0.942,0,39.57,33.01649587706115,10.0,100.0,90.0,60.0,15.670212364724241,49.0,100.0,51.0,5593.5,1182.722025198171,4783.0,7349.0,2566.0,0.7811,0.10490890228087306,0.657,0.942,0.2849999999999999,74.03076809183435
100.0,85,7322,0.84,2,47.589999999999996,37.16110421753716,10.0,100.0,90.0,63.2,17.267824928976385,49.0,100.0,51.0,5847.4,1259.4369288605783,4807.0,7349.0,2542.0,0.7867,0.10656250122189623,0.657,0.942,0.2849999999999999,86.14117545716265
29.5,57,7295,0.992,1,48.879999999999995,36.17665914186462,10.0,100.0,90.0,63.5,17.115619896587006,49.0,100.0,51.0,6077.3,1296.0519579776799,4807.0,7349.0,2542.0,0.8202,0.11367771207330857,0.668,0.992,0.32399999999999995,127.98245389504467
18.9,55,4783,0.771,0,47.13,37.25465071638696,10.0,100.0,90.0,63.3,17.211430310503943,49.0,100.0,51.0,6056.0,1317.3720473393648,4783.0,7349.0,2566.0,0.8195,0.11398757242202544,0.668,0.992,0.32399999999999995,86.96363478247937
14.1,52,5002,0.845,0,47.54,36.82065241741971,14.1,100.0,85.9,63.6,16.958773540560077,49.0,100.0,51.0,6075.0,1298.6741957345062,4783.0,7349.0,2566.0,0.8362999999999999,0.10244787292407012,0.668,0.992,0.32399999999999995,96.19230584245567
27.1,52,7295,0.885,1,46.45,37.29275324301541,14.1,100.0,85.9,63.8,16.79153225752659,49.0,100.0,51.0,6076.4,1300.1254811235208,4783.0,7349.0,2566.0,0.858,0.08419421991245196,0.747,0.992,0.245,140.28845884060658
21.9,57,7295,0.955,1,46.67,37.12351905014742,14.1,100.0,85.9,64.2,16.551602809261585,49.0,100.0,51.0,6324.1,1269.3304840654348,4783.0,7349.0,2566.0,0.8674,0.08963778964997376,0.747,0.992,0.245,127.98245389504467
29.3,62,4795,0.783,0,47.16,36.82807503944651,14.1,100.0,85.9,65.5,15.7144660884309,52.0,100.0,48.0,6322.9,1270.9287461450351,4783.0,7349.0,2566.0,0.8702,0.08610432948206002,0.747,0.992,0.245,77.33870843002083
100.0,70,7268,0.729,2,47.16,36.82807503944651,14.1,100.0,85.9,65.5,15.7144660884309,52.0,100.0,48.0,6321.6,1269.8460274117278,4783.0,7349.0,2566.0,0.8684000000000001,0.08910193912342851,0.729,0.992,0.263,103.82856994530614
27.3,57,4795,0.873,0,39.89,32.11193789785275,14.1,100.0,85.9,61.2,10.10830241819953,52.0,85.0,33.0,6066.2,1296.8014325854037,4783.0,7322.0,2539.0,0.8615,0.08536229977116282,0.729,0.992,0.263,84.12280554170518
35.0,61,4964,0.744,0,40.309999999999995,32.007132885585854,14.1,100.0,85.9,60.8,10.019980039900316,52.0,85.0,33.0,6081.4,1281.2651039760144,4783.0,7322.0,2539.0,0.8417,0.08755068373360632,0.729,0.992,0.263,81.3770478462779
19.4,54,4789,0.715,0,32.25,24.596307310922384,14.1,100.0,85.9,57.7,5.45791983166572,52.0,70.0,18.0,5828.1,1258.9397170282214,4783.0,7295.0,2512.0,0.8291999999999999,0.09630599381369906,0.715,0.992,0.277,88.68518354286698
100.0,68,7281,0.763,2,39.3,32.54105099716352,14.1,100.0,85.9,58.8,6.3385943061359225,52.0,70.0,18.0,5826.7,1257.1336930582243,4783.0,7295.0,2512.0,0.8063,0.07895716138092378,0.715,0.955,0.24,107.073527837154
11.9,51,4996,0.778,0,38.6,33.09914399698775,11.9,100.0,88.1,58.4,6.719788356455623,51.0,70.0,19.0,5848.0,1239.1610961542533,4789.0,7295.0,2506.0,0.807,0.07863982592950042,0.715,0.955,0.24,97.96078239292584
18.5,49,4824,0.877,0,39.040000000000006,32.764825312791984,11.9,100.0,88.1,58.1,7.09381577306764,49.0,70.0,21.0,5830.2,1253.8551041576573,4789.0,7295.0,2506.0,0.8102,0.08097434435945952,0.715,0.955,0.24,98.44897758267393
100.0,68,7268,0.762,2,46.33,37.57055732588712,11.9,100.0,88.1,59.7,7.364328437361698,49.0,70.0,21.0,5827.5,1250.374632749005,4789.0,7295.0,2506.0,0.7979,0.07762223335559897,0.715,0.955,0.24,106.88235136937719
61.8,71,5021,0.989,0,50.32,36.798574851631166,11.9,100.0,88.1,61.1,8.08908729915397,49.0,71.0,22.0,5600.1,1157.1376994789905,4789.0,7281.0,2492.0,0.8013,0.08560250515544988,0.715,0.989,0.274,70.71830886312242
18.8,54,4812,0.884,0,49.27,37.60594072454204,11.9,100.0,88.1,60.3,8.380532998165101,49.0,71.0,22.0,5601.8,1155.8352247040414,4789.0,7281.0,2492.0,0.8114000000000001,0.08909071531621823,0.715,0.989,0.274,89.11110946090538
51.6,55,7308,0.666,1,44.43,33.208936213682584,11.9,100.0,88.1,58.8,7.771743691090241,49.0,71.0,22.0,5605.8,1162.2933077899522,4789.0,7308.0,2519.0,0.8051,0.09740459719928762,0.666,0.989,0.32299999999999995,132.87272485685955
100.0,67,7281,0.741,2,51.7,36.80513249232731,11.9,100.0,88.1,59.8,8.148619514985398,49.0,71.0,22.0,5854.4,1233.2977652528878,4789.0,7308.0,2519.0,0.7918999999999999,0.09611619125944496,0.666,0.989,0.32299999999999995,108.67164016908
19.6,54,4789,0.822,0,50.160000000000004,37.887793402214385,11.9,100.0,88.1,59.1,8.332666639997923,49.0,71.0,22.0,5836.9,1248.4840985949452,4789.0,7308.0,2519.0,0.7997,0.09495501859067533,0.666,0.989,0.32299999999999995,88.68518354286698
65.2,56,4812,0.724,0,54.74000000000001,36.49904717173357,11.9,100.0,88.1,59.3,8.219894565422818,49.0,71.0,22.0,5839.2,1246.3585002362279,4789.0,7308.0,2519.0,0.8006,0.09410183609024583,0.666,0.989,0.32299999999999995,85.92856989413268
38.2,53,5034,0.664,1,48.56,33.053498722189296,11.9,100.0,88.1,57.8,7.8145164064494566,49.0,71.0,22.0,5614.5,1156.8801195936799,4789.0,7308.0,2519.0,0.7907,0.10325916693231427,0.664,0.989,0.32499999999999996,94.98113028337491
19.3,51,5028,0.676,1,49.3,32.213730681875944,18.5,100.0,81.5,57.8,7.8145164064494566,49.0,71.0,22.0,5617.7,1155.021986322713,4789.0,7308.0,2519.0,0.7805,0.10950215624462498,0.664,0.989,0.32499999999999996,98.58823336101504
34.4,66,4675,0.909,0,50.89,30.88978435952197,18.8,100.0,81.2,59.5,7.531415685130062,51.0,71.0,20.0,5602.8,1167.2943835116116,4675.0,7308.0,2633.0,0.7837,0.11304576261162765,0.664,0.989,0.32499999999999996,70.83333226010103
19.5,51,4789,0.806,0,42.839999999999996,26.901309344424845,18.8,100.0,81.2,57.8,7.315128919650847,51.0,71.0,20.0,5354.9,1029.4562156789198,4675.0,7308.0,2633.0,0.7881,0.1129635634470986,0.664,0.989,0.32499999999999996,93.90195894309885
26.5,63,4996,0.916,0,39.31,26.449173480049904,18.8,100.0,81.2,57.0,6.036923425425036,51.0,67.0,16.0,5352.4,1030.3871117206204,4675.0,7308.0,2633.0,0.7807999999999999,0.10017296153265244,0.664,0.916,0.252,79.30158604283197
100.0,66,7268,0.719,2,47.42999999999999,31.445368851743726,19.3,100.0,80.7,58.2,6.545566777937984,51.0,67.0,16.0,5598.0,1170.4498660296665,4675.0,7308.0,2633.0,0.7643000000000001,0.094726565556988,0.664,0.916,0.252,110.12121045270894
34.8,61,4996,0.876,0,45.75,31.64596691874362,19.3,100.0,80.7,58.8,6.494442068244101,51.0,67.0,16.0,5366.8,1012.880688377882,4675.0,7281.0,2606.0,0.7853,0.09378586721297036,0.664,0.916,0.252,81.9016380016125
86.3,73,4812,0.831,1,44.38,29.24166737912025,19.3,100.0,80.7,59.4,7.530677998102959,51.0,73.0,22.0,5119.9,765.0265717970232,4675.0,7268.0,2593.0,0.7943,0.09337980985678256,0.664,0.916,0.252,65.91780731619443
31.4,63,7281,0.926,1,45.559999999999995,28.355254265205204,19.3,100.0,80.7,60.3,7.349225204816621,51.0,73.0,22.0,5369.1,1011.4479664762063,4675.0,7281.0,2606.0,0.8047000000000001,0.10218398439416322,0.664,0.926,0.262,115.57142673696148
38.1,52,7308,0.977,1,42.85,27.553311960633607,19.3,100.0,80.7,59.9,7.709301740970719,51.0,73.0,22.0,5618.7,1156.2974482756877,4675.0,7308.0,2633.0,0.8300000000000001,0.11092940698179692,0.664,0.977,0.31299999999999994,140.53845883579888
100.0,63,7308,0.704,2,49.03,32.821471630626064,19.3,100.0,80.7,60.9,7.355270219373367,51.0,73.0,22.0,5846.1,1248.4642521469643,4675.0,7308.0,2633.0,0.834,0.10483214095771183,0.676,0.977,0.30099999999999993,115.9999981587302
26.7,46,7268,0.784,1,49.769999999999996,32.15331501830966,19.5,100.0,80.5,60.4,8.221921916437834,46.0,73.0,27.0,6070.1,1285.7647486569583,4675.0,7308.0,2633.0,0.8448,0.09145587885848297,0.704,0.977,0.273,157.9999965652175
14.9,56,4996,1.059,0,47.82,33.741132168319304,14.9,100.0,85.1,59.4,8.071899129421553,46.0,73.0,27.0,6102.2,1250.591042489734,4789.0,7308.0,2519.0,0.8597999999999999,0.11293439590212291,0.704,1.059,0.355,89.2142841211735
100.0,94,7295,0.896,2,55.870000000000005,35.77534998664099,14.9,100.0,85.1,63.7,13.030306553910748,46.0,94.0,48.0,6352.8,1208.5839096507468,4812.0,7308.0,2496.0,0.8688,0.11175051578304859,0.704,1.059,0.355,77.60638215312359
40.0,63,7295,0.944,1,57.220000000000006,34.7849201043592,14.9,100.0,85.1,63.7,13.030306553910748,46.0,94.0,48.0,6582.7,1138.4380186124552,4812.0,7308.0,2496.0,0.8715999999999999,0.11340311577142079,0.704,1.059,0.355,115.79364895565637
100.0,68,7322,0.761,2,57.220000000000006,34.7849201043592,14.9,100.0,85.1,63.9,13.084766375870513,46.0,94.0,48.0,6588.1,1142.1717568834615,4812.0,7322.0,2510.0,0.8757999999999999,0.10776084632184166,0.704,1.059,0.355,107.6764690047578
14.9,56,4990,0.999,0,55.23,36.725166968835914,14.9,100.0,85.1,63.4,13.3016289729241,46.0,94.0,48.0,6587.5,1143.1022361198727,4812.0,7322.0,2510.0,0.8881,0.11458955740671214,0.704,1.059,0.355,89.10714126594391
27.5,54,4812,0.717,0,49.35,35.89568993006746,14.9,100.0,85.1,61.5,13.133925536563723,46.0,94.0,48.0,6587.5,1143.1022361198727,4812.0,7322.0,2510.0,0.8767000000000001,0.12600357137795568,0.704,1.059,0.355,89.11110946090538
42.2,56,7281,0.802,1,50.43,35.45538824432114,14.9,100.0,85.1,60.8,13.231276078544632,46.0,94.0,48.0,6587.5,1143.1022361198727,4812.0,7322.0,2510.0,0.8642999999999998,0.12671231633551155,0.704,1.059,0.355,130.01785482110975
42.6,67,5021,0.823,0,50.88,35.30976572501644,14.9,100.0,85.1,62.3,12.970479302374834,46.0,94.0,48.0,6358.8,1209.7708506618637,4812.0,7322.0,2510.0,0.8489000000000001,0.1207094307279526,0.704,1.059,0.355,74.94029738895078
33.2,61,4777,0.907,0,44.2,31.04584423790789,14.9,100.0,85.1,62.1,12.973905434456613,46.0,94.0,48.0,6105.7,1253.10388413908,4777.0,7322.0,2545.0,0.8692,0.11025001889644409,0.717,1.059,0.34199999999999997,78.31147412604142
48.1,72,7295,0.995,1,46.34,30.437119151164993,14.9,100.0,85.1,64.7,11.954078801814903,54.0,94.0,40.0,6108.4,1255.912435022621,4777.0,7322.0,2545.0,0.8903000000000001,0.1123041999808237,0.717,1.059,0.34199999999999997,101.31944303722996
23.9,60,5034,1.009,0,47.239999999999995,29.523519814246644,14.9,100.0,85.1,65.1,11.694728157023022,54.0,94.0,40.0,6112.2,1252.22475795859,4777.0,7322.0,2545.0,0.8853,0.10482265446404426,0.717,1.009,0.2919999999999999,83.8999986016667
21.7,53,4996,0.911,0,39.41,23.80552923633959,14.9,100.0,85.1,61.0,6.4463598686046195,53.0,72.0,19.0,5882.3,1221.6085979832737,4777.0,7322.0,2545.0,0.8867999999999998,0.10509974098709796,0.717,1.009,0.2919999999999999,94.26414916482737
100.0,68,7295,0.775,2,45.410000000000004,30.57073582511357,14.9,100.0,85.1,61.5,6.802777210652894,53.0,72.0,19.0,5882.3,1221.6085979832737,4777.0,7322.0,2545.0,0.8699,0.1084153023229534,0.717,1.009,0.2919999999999999,107.2794101870675
26.4,54,4990,0.711,0,38.050000000000004,24.154008178998136,14.9,100.0,85.1,60.1,6.756889488185834,53.0,72.0,19.0,5649.1,1135.810474213596,4777.0,7295.0,2518.0,0.8649000000000001,0.11495163234063886,0.711,1.009,0.29799999999999993,92.40740569615916
22.0,53,4812,0.809,0,38.760000000000005,23.493223609278335,21.7,100.0,78.3,59.8,7.0206045956804575,53.0,72.0,19.0,5631.3,1148.6099860265797,4777.0,7295.0,2518.0,0.8459,0.10564978834705492,0.711,1.009,0.29799999999999993,90.79245111712356
17.2,46,7268,0.682,1,37.730000000000004,24.255173560385888,17.2,100.0,82.8,59.0,8.124038404636003,46.0,72.0,26.0,5876.9,1214.6368867553213,4777.0,7295.0,2518.0,0.8423999999999999,0.11084644032774835,0.682,1.009,0.32699999999999985,157.9999965652175
13.7,52,4990,0.702,0,34.88,25.3224889069863,13.7,100.0,86.3,58.6,8.382521498133325,46.0,72.0,26.0,5647.8,1133.740691496753,4777.0,7295.0,2518.0,0.8324,0.11909958484860853,0.682,1.009,0.32699999999999985,95.9615366161243
28.4,56,4807,0.83,0,33.459999999999994,25.239484058822523,13.7,100.0,86.3,57.5,7.863417408057012,46.0,72.0,26.0,5626.4,1148.8060662173389,4777.0,7295.0,2518.0,0.8331,0.11905876233561592,0.682,1.009,0.32699999999999985,85.83928418144136
100.0,62,7295,0.731,2,40.14,32.85416259775916,13.7,100.0,86.3,57.6,7.919034733546245,46.0,72.0,26.0,5878.2,1215.936383569832,4807.0,7295.0,2488.0,0.8154999999999999,0.11992613467371345,0.682,1.009,0.32699999999999985,117.66128842481794
100.0,63,7295,0.714,2,45.33,37.95474059104247,13.7,100.0,86.3,56.7,6.481597882552718,46.0,68.0,22.0,5878.2,1215.936383569832,4807.0,7295.0,2488.0,0.7874,0.10521216659683434,0.682,1.009,0.32699999999999985,115.79364895565637
21.2,48,4812,0.854,0,45.06,38.13331002330281,13.7,100.0,86.3,55.5,6.900080514828208,46.0,68.0,22.0,5856.0,1234.9400345315883,4807.0,7295.0,2488.0,0.7719,0.07641473098239121,0.682,0.911,0.22899999999999998,100.24999791145838
61.3,73,5028,1.001,1,49.02,37.488629387233196,13.7,100.0,86.3,57.5,8.746427842267995,46.0,73.0,27.0,5859.2,1232.5030358312815,4807.0,7295.0,2488.0,0.7808999999999999,0.09711442277597683,0.682,1.001,0.31899999999999984,68.87671138525053
40.0,56,4760,0.665,1,43.02,32.9494157763077,13.7,100.0,86.3,56.3,7.93095202355939,46.0,73.0,27.0,5605.7,1163.1217620409786,4760.0,7295.0,2535.0,0.7699,0.1038529408988183,0.665,1.001,0.33599999999999985,84.99999848214289
100.0,62,7322,0.727,2,50.379999999999995,36.81753205562069,13.7,100.0,86.3,57.1,8.075339690137614,46.0,73.0,27.0,5838.9,1256.0275518917176,4760.0,7322.0,2562.0,0.7715,0.10296412535981266,0.665,1.001,0.33599999999999985,118.09677228876174
35.9,51,4964,0.713,0,51.769999999999996,35.87741629493391,13.7,100.0,86.3,56.9,8.211780156174061,46.0,73.0,27.0,5854.1,1243.0724882769719,4760.0,7322.0,2562.0,0.7619,0.1035529386889202,0.665,1.001,0.33599999999999985,97.33333142483664
23.1,51,4807,0.672,0,52.36,35.28944444007128,13.7,100.0,86.3,57.4,7.604092465391446,48.0,73.0,25.0,5608.0,1173.7270172877038,4760.0,7322.0,2562.0,0.7608999999999999,0.10445461534401831,0.665,1.001,0.33599999999999985,94.25490011264903
46.7,65,4675,0.989,0,55.660000000000004,32.722136577891874,21.2,100.0,78.8,58.7,7.689097620801997,48.0,73.0,25.0,5576.5,1196.1678858383918,4675.0,7322.0,2647.0,0.7895999999999999,0.12406109605978649,0.665,1.001,0.33599999999999985,71.92307581656807
10.1,52,4789,0.667,0,53.830000000000005,34.8580629920187,10.1,100.0,89.9,58.3,7.944949478896826,48.0,73.0,25.0,5574.7,1197.4673319598694,4675.0,7322.0,2647.0,0.7733,0.12878151178557376,0.665,1.001,0.33599999999999985,92.096152075074
25.4,52,5028,0.661,1,46.370000000000005,31.720727538244585,10.1,100.0,89.9,57.3,8.056053624449179,48.0,73.0,25.0,5348.0,1039.8115213825847,4675.0,7322.0,2647.0,0.7663,0.13316410093481618,0.661,1.001,0.33999999999999986,96.69230583284028
44.8,74,4996,0.987,1,40.85,25.554788635835326,10.1,100.0,89.9,58.4,9.535897091167357,48.0,74.0,26.0,5118.1,784.2495988735266,4675.0,7322.0,2647.0,0.7936,0.14836681270119376,0.661,1.001,0.33999999999999986,67.51351260116876
23.8,47,7295,0.674,1,41.11,25.345017042584228,10.1,100.0,89.9,58.3,9.661492868312079,47.0,74.0,27.0,5366.4,1030.8623358894833,4675.0,7322.0,2647.0,0.7756000000000001,0.15111820244798835,0.661,1.001,0.33999999999999986,155.2127626550476
100.0,71,7349,0.774,2,44.98,31.076886730959437,10.1,100.0,89.9,58.1,9.338688939627009,47.0,74.0,27.0,5598.5,1194.504941620391,4675.0,7349.0,2674.0,0.7529000000000001,0.1289163811675364,0.661,0.989,0.32799999999999996,103.50704079567548
41.1,71,4789,0.891,0,45.089999999999996,31.059242675177213,10.1,100.0,89.9,59.6,10.134649037392059,47.0,74.0,27.0,5601.4,1192.2761797875808,4675.0,7349.0,2674.0,0.7755000000000001,0.13157697366940801,0.661,0.989,0.32799999999999996,67.4507032753422
21.1,52,4789,0.849,0,37.2,24.988841954404784,10.1,100.0,89.9,58.6,10.362324921453606,47.0,74.0,27.0,5348.1,1046.2431680382113,4675.0,7349.0,2674.0,0.7877000000000001,0.13223468195262217,0.661,0.989,0.32799999999999996,92.096152075074
8.7,50,4842,0.665,0,34.480000000000004,26.576004214328385,8.7,100.0,91.3,58.5,10.448285345771687,47.0,74.0,27.0,5335.9,1051.9156546246518,4675.0,7349.0,2674.0,0.7829,0.13606326143052414,0.661,0.989,0.32799999999999996,96.83999806320004
31.7,60,5002,0.849,0,35.34,26.304591910074468,8.7,100.0,91.3,59.4,10.11269828812604,47.0,74.0,27.0,5355.4,1042.7895494510917,4675.0,7349.0,2674.0,0.8006,0.13146879646685902,0.661,0.989,0.32799999999999996,83.36666527722225
30.0,56,4996,0.897,0,33.67,26.031948319965103,8.7,100.0,91.3,58.5,9.95824616419314,47.0,74.0,27.0,5387.5,1024.2943641573024,4789.0,7349.0,2560.0,0.7914,0.11949356096087821,0.661,0.987,0.32599999999999996,89.2142841211735
21.3,50,4952,0.687,1,34.790000000000006,25.13052371563757,8.7,100.0,91.3,58.3,10.122033173012044,47.0,74.0,27.0,5403.8,1014.9664252793849,4789.0,7349.0,2560.0,0.7934,0.11732784078053349,0.661,0.987,0.32599999999999996,99.03999801920004
54.7,57,7295,0.661,1,37.72,25.617433300174458,8.7,100.0,91.3,58.8,9.89724989861104,47.0,74.0,27.0,5630.5,1163.9441806012587,4789.0,7349.0,2560.0,0.7934,0.11732784078053349,0.661,0.987,0.32599999999999996,127.98245389504467
40.6,54,4996,0.831,0,37.3,25.522713196070818,8.7,100.0,91.3,56.8,8.390470785361257,47.0,71.0,24.0,5630.5,1163.9441806012587,4789.0,7349.0,2560.0,0.7778,0.09740613715549767,0.661,0.897,0.236,92.51851680521266
22.6,51,4990,0.737,0,37.18,25.595954541467826,8.7,100.0,91.3,57.2,7.955431408094071,50.0,71.0,21.0,5400.0,1016.5995606268159,4789.0,7349.0,2560.0,0.7841,0.09182404671738006,0.661,0.897,0.236,97.84313533640912
19.6,61,5021,0.754,0,29.140000000000004,13.385995999136274,8.7,54.7,46.0,56.2,6.52856969191744,50.0,71.0,21.0,5167.2,753.0938852493471,4789.0,7295.0,2506.0,0.7821,0.09228512580283181,0.661,0.897,0.236,82.31147406046765
17.3,58,4990,0.829,0,26.76,13.136733908311559,8.7,54.7,46.0,54.9,4.094712037087279,50.0,61.0,11.0,5187.3,744.5116296382646,4789.0,7295.0,2506.0,0.7758999999999999,0.0860264171312773,0.661,0.897,0.236,86.03448127526757
27.3,61,4990,0.816,0,27.380000000000003,12.985359277107435,8.7,54.7,46.0,55.8,4.366539438350173,50.0,61.0,11.0,5207.4,735.2189696500574,4842.0,7295.0,2453.0,0.7726000000000001,0.08350675288728372,0.661,0.897,0.236,81.80327734748727
45.7,55,4971,0.705,0,31.080000000000002,12.325925703347671,17.3,54.7,37.400000000000006,56.3,3.8887301554907348,50.0,61.0,11.0,5220.3,729.2024638831747,4952.0,7295.0,2343.0,0.7766,0.0785934687702064,0.661,0.897,0.236,90.38181653851242
32.1,62,7295,1.001,1,31.120000000000005,12.328809981322523,17.3,54.7,37.400000000000006,56.5,4.143267631552111,50.0,62.0,12.0,5449.6,972.771892868789,4952.0,7295.0,2343.0,0.7918000000000001,0.10456024313497195,0.661,1.001,0.33999999999999986,117.66128842481794
23.6,49,4996,0.663,1,30.480000000000008,12.557405960008108,17.3,54.7,37.400000000000006,55.8,4.779586221049394,49.0,62.0,13.0,5449.6,972.771892868789,4952.0,7295.0,2343.0,0.7684,0.10458510622667336,0.661,1.001,0.33999999999999986,101.95918159266976
13.6,53,5002,0.841,0,29.71,13.391245066999842,13.6,54.7,41.1,56.1,4.458450154232809,49.0,62.0,13.0,5454.6,970.0547750857361,4971.0,7295.0,2324.0,0.7837999999999999,0.10258633220636947,0.661,1.001,0.33999999999999986,94.3773567098612
27.4,54,5002,0.832,0,26.98,10.111797290514147,13.6,45.7,32.1,55.8,4.491968140779558,49.0,62.0,13.0,5225.3,727.3273831103718,4971.0,7295.0,2324.0,0.8009000000000001,0.09371048796989334,0.663,1.001,0.33799999999999986,92.62962791426615
41.3,63,4990,0.891,0,27.05,10.218420186658792,13.6,45.7,32.1,56.7,4.967673276069849,49.0,63.0,14.0,5224.7,727.5400027184174,4971.0,7295.0,2324.0,0.8069,0.09768822287711469,0.663,1.001,0.33799999999999986,79.20634794910559
69.3,72,7281,0.995,1,31.72,16.62299611983357,13.6,69.3,55.699999999999996,58.8,6.494442068244087,49.0,72.0,23.0,5453.8,966.7958304511604,4971.0,7295.0,2324.0,0.8327,0.11041643396201817,0.663,1.001,0.33799999999999986,101.12499859548613
59.8,66,7268,0.9,1,35.74,18.156431367424585,13.6,69.3,55.699999999999996,59.3,6.864562784491302,49.0,72.0,23.0,5678.5,1106.1119342594102,4971.0,7295.0,2324.0,0.8473,0.10848968204908187,0.663,1.001,0.33799999999999986,110.12121045270894
43.1,68,5034,0.821,0,38.32,17.04398232025987,13.6,69.3,55.699999999999996,60.3,7.36432843736169,49.0,72.0,23.0,5682.9,1103.1523970472501,4971.0,7295.0,2324.0,0.8465,0.10866896725580957,0.663,1.001,0.33799999999999986,74.02941067603808
38.4,55,4990,0.841,0,39.43,16.60227896003027,13.6,69.3,55.699999999999996,59.7,7.543208866258494,49.0,72.0,23.0,5682.9,1103.1523970472501,4971.0,7295.0,2324.0,0.849,0.10817578287213714,0.663,1.001,0.33799999999999986,90.72727107768598
100.0,62,7295,0.705,2,44.86,25.419336471801547,13.6,100.0,86.4,60.4,7.38165895235547,49.0,72.0,23.0,5915.3,1178.722194204854,4990.0,7295.0,2305.0,0.849,0.10817578287213714,0.663,1.001,0.33799999999999986,117.66128842481794
100.0,64,7377,0.731,2,51.65,30.24317186480998,13.6,100.0,86.4,60.6,7.456540752922949,49.0,72.0,23.0,5923.5,1189.6216251863893,4990.0,7377.0,2387.0,0.8220000000000001,0.09935793878699317,0.663,0.995,0.33199999999999996,115.26562319897464
41.5,62,4789,0.853,0,53.44,28.898335207720294,13.6,100.0,86.4,61.9,6.244108334173072,53.0,72.0,19.0,5902.8,1209.1937442408082,4789.0,7377.0,2588.0,0.841,0.08227190691035709,0.705,0.995,0.29000000000000004,77.24193423803332
18.3,52,4783,0.934,0,53.90999999999999,28.20836952237934,18.3,100.0,81.7,61.8,6.408327915038945,52.0,72.0,20.0,5880.9,1229.1397578975457,4783.0,7377.0,2594.0,0.8503000000000001,0.08737028480362427,0.705,0.995,0.29000000000000004,91.98076746190833
23.9,48,7295,0.684,1,53.55999999999999,28.59293619060464,18.3,100.0,81.7,61.2,7.420691791650385,48.0,72.0,24.0,6110.2,1260.4447892179455,4783.0,7377.0,2594.0,0.8355,0.10210697005265189,0.684,0.995,0.31099999999999994,151.9791635004341
27.5,71,4990,1.002,0,52.17999999999999,29.566828259610848,18.3,100.0,81.7,62.0,8.041558721209922,48.0,72.0,24.0,6110.2,1260.4447892179455,4783.0,7377.0,2594.0,0.8465999999999999,0.11413559187796372,0.684,1.002,0.31799999999999995,70.28168915096212
26.9,54,5034,0.659,1,47.94,29.87749803596146,18.3,100.0,81.7,60.2,7.554248252914875,48.0,71.0,23.0,5885.5,1228.4146286983046,4783.0,7377.0,2594.0,0.8130000000000001,0.11504781614615689,0.659,1.002,0.34299999999999997,93.22222049588481
20.3,50,4996,0.663,1,43.989999999999995,30.734108811619034,18.3,100.0,81.7,58.6,7.876829593462415,48.0,71.0,23.0,5658.3,1152.0381986336622,4783.0,7377.0,2594.0,0.7893000000000001,0.11946087225531221,0.659,1.002,0.34299999999999997,99.91999800160005
100.0,77,7281,0.787,2,49.68,35.45550576270038,18.3,100.0,81.7,59.5,9.431036233863448,48.0,77.0,29.0,5883.0,1233.0284307797224,4783.0,7377.0,2594.0,0.7859,0.11894111521626542,0.659,1.002,0.34299999999999997,94.55844033040987
39.3,53,5034,0.659,1,49.769999999999996,35.42482023791906,18.3,100.0,81.7,59.3,9.557428756964148,48.0,77.0,29.0,5887.4,1229.5613671368944,4783.0,7377.0,2594.0,0.7677,0.12341353248327397,0.659,1.002,0.34299999999999997,94.98113028337491
30.9,50,4789,0.905,0,42.86,31.001440826731397,18.3,100.0,81.7,58.1,9.926955446885279,48.0,77.0,29.0,5636.8,1164.4517832677902,4783.0,7377.0,2594.0,0.7877000000000001,0.12823507060602946,0.659,1.002,0.34299999999999997,95.77999808440005
23.6,49,7281,0.665,1,35.22,23.972382257737976,18.3,100.0,81.7,56.6,10.068653225619535,48.0,77.0,29.0,5627.2,1148.8016751767336,4783.0,7295.0,2512.0,0.7811000000000001,0.13308430911769195,0.659,1.002,0.34299999999999997,148.59183370220748
15.2,47,4789,0.691,0,32.589999999999996,24.64023133008294,15.2,100.0,84.8,55.1,10.289692793168255,47.0,77.0,30.0,5627.2,1148.8016751767336,4783.0,7295.0,2512.0,0.7649000000000001,0.13321949306814473,0.659,1.002,0.34299999999999997,101.89361485332735
16.7,48,5034,0.685,0,32.42999999999999,24.748290625594525,15.2,100.0,84.8,54.7,10.499206319209767,47.0,77.0,30.0,5652.3,1130.910159512625,4789.0,7295.0,2506.0,0.74,0.12079183195343507,0.659,1.002,0.34299999999999997,104.87499781510422
100.0,61,7295,0.679,2,40.04,32.36274263889121,15.2,100.0,84.8,56.0,10.381607668265001,47.0,77.0,30.0,5652.3,1130.910159512625,4789.0,7295.0,2506.0,0.7395,0.1210594436171302,0.659,1.002,0.34299999999999997,119.59016197393177
27.3,56,4990,0.753,0,40.019999999999996,32.371414001313575,15.2,100.0,84.8,54.5,8.959786703810462,47.0,77.0,30.0,5652.3,1130.910159512625,4789.0,7295.0,2506.0,0.7146000000000001,0.07956436946830683,0.659,0.905,0.246,89.10714126594391
41.8,57,4818,0.902,0,41.510000000000005,32.04165517988517,15.2,100.0,84.8,54.8,8.991353871606066,47.0,77.0,30.0,5630.7,1145.9937996729607,4789.0,7295.0,2506.0,0.7389,0.09608844305580734,0.659,0.905,0.246,84.52631430655589
12.6,52,4854,0.809,0,40.739999999999995,32.69387302436543,12.6,100.0,87.4,55.0,8.894442709417609,47.0,77.0,30.0,5616.5,1155.5719363155115,4789.0,7295.0,2506.0,0.7535000000000001,0.09435070511424773,0.659,0.905,0.246,93.34615205103555
34.0,58,4812,0.919,0,34.14,25.206004575629724,12.6,100.0,87.4,53.1,4.724639903973973,47.0,61.0,14.0,5369.6,1015.7199088987579,4789.0,7295.0,2506.0,0.7666999999999999,0.10782913438501833,0.659,0.919,0.26,82.96551581093938
39.7,52,7281,0.659,1,34.17999999999999,25.215418563516515,12.6,100.0,87.4,53.0,4.737556801184068,47.0,61.0,14.0,5594.3,1170.047677091257,4789.0,7295.0,2506.0,0.7666999999999999,0.10782913438501833,0.659,0.919,0.26,140.0192280765533
57.8,78,7295,1.0,1,36.87,26.24064065952317,12.6,100.0,87.4,55.8,9.065195959149403,47.0,78.0,31.0,5844.9,1244.4085118820253,4789.0,7295.0,2506.0,0.7762,0.12429516840524801,0.659,1.0,0.34099999999999997,93.52563982659436
34.8,61,5009,0.735,0,37.989999999999995,25.847391873584932,12.6,100.0,87.4,57.0,8.856886837057663,47.0,78.0,31.0,5617.7,1157.4454678779005,4789.0,7295.0,2506.0,0.7832,0.11920365393355675,0.659,1.0,0.34099999999999997,82.11475275221717
60.5,55,7336,0.656,1,42.519999999999996,25.37473809388638,12.6,100.0,87.4,57.8,8.189424074174417,48.0,78.0,30.0,5872.4,1232.621884890539,4812.0,7336.0,2524.0,0.7797000000000001,0.12267486385654677,0.656,1.0,0.344,133.38181575669427
28.8,62,4996,0.865,0,43.730000000000004,24.271201499353438,12.6,100.0,87.4,59.2,7.495183638696156,52.0,78.0,26.0,5868.6,1235.548838910598,4812.0,7336.0,2524.0,0.7977000000000001,0.12042060547191334,0.656,1.0,0.344,80.58064386160252
48.5,69,4812,0.879,0,38.58,14.503011181590212,12.6,60.5,47.9,60.0,8.110350040397673,52.0,78.0,26.0,5620.3,1164.4973212125014,4812.0,7336.0,2524.0,0.8177,0.11500246374172407,0.656,1.0,0.344,69.7391294240706
21.6,58,4971,0.909,0,38.01,15.09550705784112,12.6,60.5,47.9,60.2,8.024961059095597,52.0,78.0,26.0,5618.4,1165.6549136763238,4812.0,7336.0,2524.0,0.8333,0.11582846512551719,0.656,1.0,0.344,85.70689507401906
40.7,61,7295,0.985,1,37.9,15.068805157970775,12.6,60.5,47.9,60.6,7.947046970765699,52.0,78.0,26.0,5866.1,1237.6302131268603,4812.0,7336.0,2524.0,0.8416,0.12398494532267393,0.656,1.0,0.344,119.59016197393177
24.5,53,4789,1.016,0,39.09,13.2032361352981,21.6,60.5,38.9,60.7,7.832269431298004,52.0,78.0,26.0,5859.6,1243.6921912863568,4789.0,7336.0,2547.0,0.8623,0.13475001546072765,0.656,1.016,0.36,90.3584888611606
100.0,66,7241,0.718,2,45.69,23.135948459293914,21.6,100.0,78.4,61.5,7.933753490274645,52.0,78.0,26.0,6102.5,1253.5163208617078,4789.0,7336.0,2547.0,0.8422000000000001,0.14023218841145724,0.656,1.016,0.36,109.71211954981638
57.9,57,4964,0.813,0,47.510000000000005,23.327449258092518,21.6,100.0,78.4,62.0,7.408703590297665,53.0,78.0,25.0,5870.8,1225.2981315219185,4789.0,7336.0,2547.0,0.8576,0.1255673347473588,0.656,1.016,0.36,87.08771777039092
24.9,48,7281,0.664,1,44.22,24.024561505999433,21.6,100.0,78.4,59.0,6.1824123303305365,48.0,69.0,21.0,5869.4,1223.4967374973503,4789.0,7336.0,2547.0,0.8240000000000001,0.12815702174372687,0.656,1.016,0.36,151.68749683984382
41.2,56,4812,0.92,0,44.86,23.83019559764913,21.6,100.0,78.4,58.5,6.204836822995498,48.0,69.0,21.0,5849.7,1240.3594505894891,4789.0,7336.0,2547.0,0.8425,0.12723141645573668,0.656,1.016,0.36,85.92856989413268
10.5,53,5015,0.951,0,39.86,25.379134036535625,10.5,100.0,89.5,58.3,6.360468186820561,48.0,69.0,21.0,5617.6,1144.8122796142327,4789.0,7295.0,2506.0,0.8719999999999999,0.11253542652081543,0.664,1.016,0.352,94.62263972410115
43.0,55,4818,0.851,0,41.279999999999994,25.087128173627125,10.5,100.0,89.5,57.6,6.292853089020981,48.0,69.0,21.0,5599.8,1156.8713363589181,4789.0,7295.0,2506.0,0.8705999999999999,0.11271911993978499,0.664,1.016,0.352,87.59999840727276
100.0,82,7295,0.821,2,46.42999999999999,31.26048446343853,10.5,100.0,89.5,58.9,9.456919865015998,48.0,82.0,34.0,5848.1,1232.9597136790594,4789.0,7295.0,2506.0,0.8648,0.11372657267909288,0.664,1.016,0.352,88.96341354922667
100.0,94,7349,0.901,2,54.27,34.04820275889903,10.5,100.0,89.5,62.5,14.55449529641389,48.0,94.0,46.0,6085.9,1273.6480806460388,4789.0,7349.0,2560.0,0.8640000000000001,0.1134087984045119,0.664,1.016,0.352,78.18085023211862
100.0,66,7281,0.735,2,60.2,36.49803647686614,10.5,100.0,89.5,63.0,14.583095236151594,48.0,94.0,46.0,6084.5,1272.1782064195622,4789.0,7349.0,2560.0,0.8389999999999999,0.11130738220501421,0.664,1.016,0.352,110.31818014669425
44.3,62,4807,0.926,0,62.17999999999999,34.845812756580244,10.5,100.0,89.5,63.9,14.169215456992221,48.0,94.0,46.0,6086.3,1270.152663615242,4807.0,7349.0,2542.0,0.8299999999999998,0.09828190745672957,0.664,0.951,0.2869999999999999,77.53225681399586
23.0,54,4783,0.885,0,54.48,34.0586030900334,10.5,100.0,89.5,62.7,14.476417604734513,48.0,94.0,46.0,5840.5,1259.659235225496,4783.0,7349.0,2566.0,0.8466999999999999,0.0910592603137574,0.664,0.951,0.2869999999999999,88.57407243381348
17.9,58,5034,0.789,0,50.480000000000004,35.910840207998966,10.5,100.0,89.5,62.8,14.436065946094894,48.0,94.0,46.0,5847.5,1254.4309245408604,4783.0,7349.0,2566.0,0.8442999999999999,0.09235324695007738,0.664,0.951,0.2869999999999999,86.79310195184307
32.4,61,4812,0.917,0,51.23,35.39180853122797,10.5,100.0,89.5,64.1,13.510900948657905,53.0,94.0,41.0,5600.6,1181.8119045676253,4783.0,7349.0,2566.0,0.8695999999999999,0.06923261915856713,0.735,0.951,0.21599999999999997,78.88524460843861
20.5,54,4996,0.802,0,49.16,36.62740928745989,10.5,100.0,89.5,63.9,13.658127413538253,53.0,94.0,41.0,5619.0,1169.5383704692981,4783.0,7349.0,2566.0,0.8577999999999999,0.06974206446295698,0.735,0.951,0.21599999999999997,92.51851680521266
24.5,57,4818,0.655,0,50.56,35.22629068686549,17.9,100.0,82.1,64.3,13.358725820809266,54.0,94.0,40.0,5599.3,1182.4308342468737,4783.0,7349.0,2566.0,0.8282,0.08657405307981422,0.655,0.926,0.271,84.52631430655589
29.9,56,4818,0.795,0,49.25,35.77793391960396,17.9,100.0,82.1,64.4,13.284912076821945,54.0,94.0,40.0,5599.3,1182.4308342468737,4783.0,7349.0,2566.0,0.8225999999999999,0.08674637360335695,0.655,0.926,0.271,86.03571274936228
99.5,80,4789,1.001,0,49.2,35.69939308541055,17.9,100.0,82.1,64.2,13.002563849743916,54.0,94.0,40.0,5348.7,1040.1104695602558,4783.0,7349.0,2566.0,0.8406,0.10344531566645777,0.655,1.001,0.34599999999999986,59.86249925171876
36.6,48,7268,0.706,1,42.86,30.994952994174824,17.9,100.0,82.1,59.6,8.720346578229854,48.0,80.0,32.0,5340.6,1022.9762895047253,4783.0,7281.0,2498.0,0.8211,0.10902339198538932,0.655,1.001,0.34599999999999986,151.41666351215284
100.0,62,7281,0.713,2,42.86,30.994952994174824,17.9,100.0,82.1,59.2,8.482662055956034,48.0,80.0,32.0,5340.6,1022.9762895047253,4783.0,7281.0,2498.0,0.8189,0.1111549968887283,0.655,1.001,0.34599999999999986,117.43548197684707
31.9,61,4996,0.834,0,41.62,31.178439844083083,17.9,100.0,82.1,59.1,8.451824260674972,48.0,80.0,32.0,5359.5,1013.7264862322858,4783.0,7281.0,2498.0,0.8097,0.1049391887396374,0.655,1.001,0.34599999999999986,81.9016380016125
41.6,65,4818,0.79,0,43.480000000000004,30.491448710162,17.9,100.0,82.1,60.2,8.430104783848618,48.0,80.0,32.0,5363.0,1011.5730324598259,4789.0,7281.0,2492.0,0.8002,0.10161233520919898,0.655,1.001,0.34599999999999986,74.12307578272191
18.0,53,4789,0.907,0,43.489999999999995,30.4821423131642,18.0,100.0,82.0,59.7,8.718435129718623,48.0,80.0,32.0,5338.5,1023.3253257015527,4789.0,7281.0,2492.0,0.812,0.1068820741648368,0.655,1.001,0.34599999999999986,90.3584888611606
25.5,51,4996,0.662,1,42.8,30.837098869165082,18.0,100.0,82.0,58.7,9.117138927438964,48.0,80.0,32.0,5356.9,1014.4221617365178,4789.0,7281.0,2492.0,0.7865,0.10943618130114828,0.655,1.001,0.34599999999999986,97.96078239292584
33.0,49,5002,0.757,0,44.05,30.07668901694828,18.0,100.0,82.0,58.2,9.531235200352846,48.0,80.0,32.0,5357.5,1014.1867294646433,4789.0,7281.0,2492.0,0.782,0.10965298800205045,0.655,1.001,0.34599999999999986,102.08163056976265
7.9,54,4731,0.946,0,42.39,31.690392865977476,7.9,100.0,92.1,57.9,9.620002310002068,48.0,80.0,32.0,5348.8,1019.6871851482309,4731.0,7281.0,2550.0,0.8111,0.110811601879546,0.662,1.001,0.33899999999999986,87.61110948868316
100.0,66,7363,0.772,2,49.4,36.070979409430336,7.9,100.0,92.1,58.9,9.915756260730843,48.0,80.0,32.0,5603.3,1177.8232323513773,4731.0,7363.0,2632.0,0.8088,0.11141992640457048,0.662,1.001,0.33899999999999986,111.56060437029387
60.7,57,4990,0.784,0,45.52,31.932526085830048,7.9,100.0,92.1,56.6,6.586180818788571,48.0,66.0,18.0,5623.4,1164.0170101849803,4731.0,7363.0,2632.0,0.7871,0.08862837519039209,0.662,0.946,0.2839999999999999,87.54385811326566
100.0,77,7308,0.8,2,51.86,35.999574071554285,7.9,100.0,92.1,59.5,8.488554385497935,49.0,77.0,28.0,5627.4,1170.3479254762867,4731.0,7363.0,2632.0,0.7965,0.08393151970505461,0.662,0.946,0.2839999999999999,94.90908967650533
100.0,61,7281,0.669,2,51.86,35.999574071554285,7.9,100.0,92.1,59.4,8.46167832052251,49.0,77.0,28.0,5627.4,1170.3479254762867,4731.0,7363.0,2632.0,0.7921,0.08974711385022047,0.662,0.946,0.2839999999999999,119.3606537809729
20.4,55,5021,0.793,0,50.71,36.880933044355224,7.9,100.0,92.1,58.8,8.547904226573163,49.0,77.0,28.0,5629.9,1168.875095503737,4731.0,7363.0,2632.0,0.788,0.08854879383079649,0.662,0.946,0.2839999999999999,91.29090743107442
67.0,67,7322,0.899,1,53.25,37.05804006330236,7.9,100.0,92.1,59.0,8.730533902472567,49.0,77.0,28.0,5880.3,1241.5689044287626,4731.0,7363.0,2632.0,0.7989,0.09527556524803873,0.662,0.946,0.2839999999999999,109.28358045845403
26.9,52,4824,0.852,0,54.14,36.21467474196967,7.9,100.0,92.1,58.9,8.81223896382504,49.0,77.0,28.0,5883.8,1238.1954431977001,4731.0,7363.0,2632.0,0.7934,0.08977032422304763,0.662,0.946,0.2839999999999999,92.76922898520714
10.0,52,4795,0.849,0,52.589999999999996,37.87052357118324,7.9,100.0,92.1,59.0,8.717797887081385,49.0,77.0,28.0,5863.7,1255.7161790079058,4731.0,7363.0,2632.0,0.8121,0.0780718330200527,0.669,0.946,0.2769999999999999,92.21153668823969
51.1,57,4990,0.796,0,54.4,37.25778069373176,7.9,100.0,92.1,59.8,8.0387948239909,52.0,77.0,25.0,5862.5,1256.6365381003695,4731.0,7363.0,2632.0,0.8160000000000001,0.07595905329700758,0.669,0.946,0.2769999999999999,87.54385811326566
18.0,58,4996,0.908,0,55.410000000000004,35.971885626910684,10.0,100.0,90.0,60.2,7.814516406449431,52.0,77.0,25.0,5889.0,1232.6901926725568,4795.0,7363.0,2568.0,0.8122,0.06940028818383887,0.669,0.908,0.239,86.13792954934604
13.7,52,4812,0.753,0,46.78,34.403610921594236,10.0,100.0,90.0,58.8,7.913420387052801,52.0,77.0,25.0,5633.9,1155.2882709042235,4795.0,7322.0,2527.0,0.8103,0.07086771714492592,0.669,0.908,0.239,92.53845975887577
27.8,62,4818,0.961,0,43.489999999999995,34.49751842926928,10.0,100.0,90.0,59.3,7.944949478896823,52.0,77.0,25.0,5616.7,1167.159234114077,4795.0,7322.0,2527.0,0.828,0.08438404272530714,0.669,0.961,0.2919999999999999,77.70967616597297
100.0,64,7308,0.732,2,43.489999999999995,34.49751842926928,10.0,100.0,90.0,58.0,5.374838498865764,52.0,67.0,15.0,5616.7,1167.159234114077,4795.0,7322.0,2527.0,0.8211999999999999,0.08947724726307583,0.669,0.961,0.2919999999999999,114.18749821582034
30.1,67,4996,0.747,0,36.5,28.300019630931548,10.0,100.0,90.0,58.6,6.040603354706349,52.0,67.0,15.0,5388.2,1019.4550614039796,4795.0,7322.0,2527.0,0.829,0.07730746693848037,0.732,0.961,0.22899999999999998,74.56716306616175
21.7,50,7308,0.842,1,36.63,28.22071933881204,10.0,100.0,90.0,58.1,6.556591255285751,50.0,67.0,17.0,5616.9,1172.9050780954967,4795.0,7322.0,2527.0,0.8339000000000001,0.07631870311033992,0.732,0.961,0.22899999999999998,146.15999707680007
57.9,75,7281,0.988,1,35.72,27.26307229772741,10.0,100.0,90.0,58.9,8.07533969013761,50.0,75.0,25.0,5612.8,1166.3357435432763,4795.0,7308.0,2513.0,0.8427999999999999,0.0889054429029938,0.732,0.988,0.256,97.07999870560002
14.0,51,5002,0.859,0,34.43,28.02142236059962,10.0,100.0,90.0,58.8,8.175845182269851,50.0,75.0,25.0,5630.6,1154.255623527313,4795.0,7308.0,2513.0,0.8435,0.08901341971235908,0.732,0.988,0.256,98.07842944944257
39.1,70,5034,0.959,0,37.34,26.681462561944464,13.7,100.0,86.3,60.6,8.4878998842143,50.0,75.0,25.0,5654.5,1137.3823016031079,4812.0,7308.0,2496.0,0.8545,0.0962695867516475,0.732,0.988,0.256,71.9142846869388
12.2,49,4996,0.871,0,33.45,27.28138355891964,12.2,100.0,87.8,59.8,9.211104409594169,49.0,75.0,26.0,5655.1,1136.9943271626216,4812.0,7308.0,2496.0,0.8619999999999999,0.0941027806886329,0.732,0.988,0.256,101.95918159266976
25.2,54,5028,0.659,1,34.17,26.920956314531068,12.2,100.0,87.8,59.4,9.383200117467661,49.0,75.0,26.0,5658.3,1134.9764608425364,4812.0,7308.0,2496.0,0.8371000000000001,0.11184855832776631,0.659,0.988,0.32899999999999996,93.11110938683132
18.3,52,4795,0.847,0,34.63,26.569324417455576,12.2,100.0,87.8,59.4,9.383200117467661,49.0,75.0,26.0,5656.6,1136.3967616990042,4795.0,7308.0,2513.0,0.8465,0.10787467007803146,0.659,0.988,0.32899999999999996,92.21153668823969
50.2,61,7295,0.996,1,36.87,26.872044540335548,12.2,100.0,87.8,59.3,9.357706271660131,49.0,75.0,26.0,5904.3,1201.394102236599,4795.0,7308.0,2513.0,0.85,0.11247221879201848,0.659,0.996,0.33699999999999997,119.59016197393177
29.3,66,7268,1.001,1,29.8,15.169486917273684,12.2,57.9,45.7,59.5,9.489760563657876,49.0,75.0,26.0,5900.3,1196.2568518322269,4795.0,7308.0,2513.0,0.8769,0.11327984031689729,0.659,1.001,0.34199999999999986,110.12121045270894
71.4,74,4789,0.826,0,33.92999999999999,20.08570802004919,12.2,71.4,59.2,60.2,10.325803708294233,49.0,75.0,26.0,5879.6,1215.28315859126,4789.0,7308.0,2519.0,0.8847999999999999,0.10571639208540481,0.659,1.001,0.34199999999999986,64.71621534167276
50.6,75,7295,0.984,1,36.82,20.209227815255307,12.2,71.4,59.2,62.7,10.60450637962731,49.0,75.0,26.0,5878.3,1213.5911859710668,4789.0,7295.0,2506.0,0.8989999999999998,0.10881993281461436,0.659,1.001,0.34199999999999986,97.2666653697778
26.8,49,4818,0.666,0,33.71,18.95910511249591,12.2,71.4,59.2,60.1,10.439774369635083,49.0,75.0,26.0,5632.0,1145.2929756180215,4789.0,7295.0,2506.0,0.8667999999999999,0.12586394771074405,0.659,1.001,0.34199999999999986,98.32652860558106
23.8,61,4812,0.899,0,34.690000000000005,18.0590051405571,12.2,71.4,59.2,61.1,9.938142012804375,49.0,75.0,26.0,5613.0,1158.4066643454626,4789.0,7295.0,2506.0,0.8708,0.1262236111034681,0.659,1.001,0.34199999999999986,78.88524460843861
46.8,51,7281,0.671,1,35.46,18.42831155224665,12.2,71.4,59.2,59.2,9.86351300951591,49.0,75.0,26.0,5837.7,1248.075678795157,4789.0,7295.0,2506.0,0.842,0.13631580979475463,0.659,1.001,0.34199999999999986,142.76470308304505
17.4,51,4983,0.825,0,35.980000000000004,17.760305302681164,17.4,71.4,54.00000000000001,59.4,9.651712571122093,49.0,75.0,26.0,5836.4,1249.0561948038085,4789.0,7295.0,2506.0,0.8373999999999999,0.136004248299659,0.659,1.001,0.34199999999999986,97.7058804371396
17.4,50,4818,0.854,0,35.2,18.44445113788368,17.4,71.4,54.00000000000001,59.0,9.977753031397212,49.0,75.0,26.0,5815.4,1265.8106932361973,4789.0,7295.0,2506.0,0.8568999999999999,0.12070206663056154,0.666,1.001,0.33499999999999985,96.35999807280004
20.5,54,4795,0.747,0,35.42,18.232376574532356,17.4,71.4,54.00000000000001,59.2,9.840957496323472,49.0,75.0,26.0,5815.4,1265.8106932361973,4789.0,7295.0,2506.0,0.8469,0.1256542434177556,0.666,1.001,0.33499999999999985,88.79629465192048
12.3,51,4996,0.724,0,31.630000000000003,18.750469623748472,12.3,71.4,59.10000000000001,58.2,10.141224997230124,49.0,75.0,26.0,5585.5,1172.5636917076579,4789.0,7295.0,2506.0,0.8196999999999999,0.11905932228188629,0.666,1.001,0.33499999999999985,97.96078239292584
57.3,68,4795,0.901,0,34.43,20.383383755729433,12.3,71.4,59.10000000000001,58.4,10.330107023216739,49.0,75.0,26.0,5338.2,1030.461687249389,4789.0,7295.0,2506.0,0.8097,0.10557572321956046,0.666,0.984,0.31799999999999995,70.514704845372
24.7,51,4783,0.81,0,29.759999999999998,15.808380337305058,12.3,57.3,45.0,56.1,8.937436868463937,49.0,75.0,26.0,5337.6,1030.818682191744,4783.0,7295.0,2512.0,0.8080999999999999,0.10542237797440206,0.666,0.984,0.31799999999999995,93.78431188658213
13.4,52,4789,0.664,0,26.04,14.697331579424961,12.3,57.3,45.0,53.8,6.014796569941367,49.0,68.0,19.0,5087.0,774.9428652774355,4783.0,7281.0,2498.0,0.7761,0.0940501639197584,0.664,0.901,0.237,92.096152075074
11.7,49,4996,0.664,0,24.529999999999998,15.370827347066943,11.7,57.3,45.599999999999994,53.8,6.014796569941367,49.0,68.0,19.0,5104.8,770.1067458475857,4783.0,7281.0,2498.0,0.7759,0.09431207063078809,0.664,0.901,0.237,101.95918159266976
15.8,52,4675,0.879,0,23.73,15.619222487406962,11.7,57.3,45.599999999999994,52.9,5.466056876559045,49.0,68.0,19.0,5091.1,777.0813556721655,4675.0,7281.0,2606.0,0.7739,0.0915841446733858,0.664,0.901,0.237,89.90384442492608
19.8,61,4824,0.907,0,21.029999999999998,13.358147742524825,11.7,57.3,45.599999999999994,53.9,5.971227307309293,49.0,68.0,19.0,4845.4,108.88036247771987,4675.0,4996.0,321.0,0.7975,0.09252417101613068,0.664,0.907,0.243,79.08196591668909
93.3,77,4703,0.902,0,28.619999999999997,26.330497737625773,11.7,93.3,81.6,56.5,9.300537618869171,49.0,77.0,28.0,4817.4,105.5137695066413,4675.0,4996.0,321.0,0.8051999999999999,0.09810289382978317,0.664,0.907,0.243,61.07792128470232
33.6,57,4990,0.681,0,30.240000000000002,26.060451091857846,11.7,93.3,81.6,57.2,9.01603509802893,49.0,77.0,28.0,4834.6,118.80441443328084,4675.0,4996.0,321.0,0.7878999999999999,0.10363874221973614,0.664,0.907,0.243,87.54385811326566
100.0,65,7349,0.762,2,38.19,33.75053744428045,11.7,100.0,88.3,58.3,9.25022522248336,49.0,77.0,28.0,5090.0,802.4530446629549,4675.0,7349.0,2674.0,0.7894,0.10308809609045837,0.664,0.907,0.243,113.06153672213021
30.6,58,4789,0.831,0,40.019999999999996,32.66958490366499,11.7,100.0,88.3,59.0,8.894442709417591,49.0,77.0,28.0,5069.3,807.7993493986272,4675.0,7349.0,2674.0,0.8000999999999999,0.10107912192381198,0.664,0.907,0.243,82.56896409363856
17.9,52,4812,0.809,0,36.08,32.72983009087854,11.7,100.0,88.3,57.4,8.527081042837093,49.0,77.0,28.0,5071.0,807.1755970322697,4675.0,7349.0,2674.0,0.7908999999999999,0.0948711992358295,0.664,0.907,0.243,92.53845975887577
28.9,51,4789,0.843,0,36.5,32.594239436508474,11.7,100.0,88.3,57.4,8.527081042837093,49.0,77.0,28.0,5071.6,806.9399261682378,4675.0,7349.0,2674.0,0.7942,0.09617437866246448,0.664,0.907,0.243,93.90195894309885
34.0,56,4990,0.858,0,38.56,31.60812834980547,11.7,100.0,88.3,57.8,8.337332373793895,49.0,77.0,28.0,5091.7,801.6042318029528,4675.0,7349.0,2674.0,0.8135999999999999,0.0860235109981238,0.664,0.907,0.243,89.10714126594391
18.8,49,4818,0.837,0,39.269999999999996,31.011863321423704,15.8,100.0,84.2,57.8,8.337332373793895,49.0,77.0,28.0,5073.9,805.9300286694049,4675.0,7349.0,2674.0,0.8309,0.06812969657612854,0.681,0.907,0.22599999999999998,98.32652860558106
17.4,50,4807,0.845,0,39.43,30.881171897740145,17.4,100.0,82.6,57.6,8.514040691052019,49.0,77.0,28.0,5087.1,799.7277939676736,4703.0,7349.0,2646.0,0.8275,0.06628599651007093,0.681,0.907,0.22599999999999998,96.13999807720005
40.3,54,7268,0.658,1,41.480000000000004,30.103923701441627,17.4,100.0,82.6,56.9,8.49117188614155,49.0,77.0,28.0,5331.5,1045.9376707581955,4703.0,7349.0,2646.0,0.8026,0.07870789879887075,0.658,0.902,0.244,134.59259010013722
100.0,67,7281,0.742,2,42.15,31.430708621417377,17.4,100.0,82.6,55.9,6.118278625016514,49.0,67.0,18.0,5589.3,1182.5960191225167,4789.0,7349.0,2560.0,0.7866000000000001,0.07225448851878442,0.658,0.858,0.19999999999999996,108.67164016908
40.9,69,4996,0.781,0,42.879999999999995,31.294543365328728,17.4,100.0,82.6,57.1,7.400450436741489,49.0,69.0,20.0,5589.9,1182.259649052507,4789.0,7349.0,2560.0,0.7966,0.062241822309797655,0.658,0.858,0.19999999999999996,72.40579605208991
35.6,52,4818,0.798,1,36.44,24.01320007366319,17.4,100.0,82.6,55.8,6.988880056521579,49.0,69.0,20.0,5336.8,1024.1767208619437,4789.0,7281.0,2492.0,0.8002,0.06104788648630191,0.658,0.858,0.19999999999999996,92.65384437204146
17.3,58,5028,0.947,0,35.11,24.73020869750644,17.3,100.0,82.7,55.8,6.988880056521579,49.0,69.0,20.0,5360.7,1012.697283934769,4789.0,7281.0,2492.0,0.8118000000000001,0.07659242782416475,0.658,0.947,0.2889999999999999,86.6896536777646
43.7,51,7268,0.662,1,37.690000000000005,24.07231928077465,17.3,100.0,82.7,55.7,7.056124211554777,49.0,69.0,20.0,5606.3,1152.9445442961264,4789.0,7281.0,2492.0,0.7971,0.09010419894026384,0.658,0.947,0.2889999999999999,142.5098011272588
15.7,52,4990,0.662,0,36.37,24.95364814121486,15.7,100.0,84.3,55.8,6.988880056521579,49.0,69.0,20.0,5626.4,1138.7779219652691,4807.0,7281.0,2474.0,0.779,0.0977172792635302,0.658,0.947,0.2889999999999999,95.9615366161243
20.5,62,4807,0.875,0,35.019999999999996,25.45622822720516,15.7,100.0,84.3,56.4,7.260241808033101,49.0,69.0,20.0,5608.1,1151.539978560103,4807.0,7281.0,2474.0,0.7807,0.0993781218936602,0.658,0.947,0.2889999999999999,77.53225681399586
100.0,62,7308,0.699,2,43.14,31.854083987248206,15.7,100.0,84.3,57.7,6.945022198188711,50.0,69.0,19.0,5857.1,1228.3589278201819,4807.0,7308.0,2501.0,0.7668999999999999,0.10026902701122584,0.658,0.947,0.2889999999999999,117.87096584079087
28.5,50,4789,0.743,0,44.25,31.04048431752736,15.7,100.0,84.3,57.7,6.945022198188711,50.0,69.0,19.0,5855.3,1230.0806703446513,4789.0,7308.0,2519.0,0.7567,0.09656091917080807,0.658,0.947,0.2889999999999999,95.77999808440005
27.4,64,5034,0.742,0,42.959999999999994,31.487711888925748,15.7,100.0,84.3,58.7,7.0718534424231185,50.0,69.0,19.0,5631.9,1144.9222632514707,4789.0,7308.0,2519.0,0.7651,0.0904832090009593,0.662,0.947,0.2849999999999999,78.65624877099611
45.5,68,7322,1.001,1,37.51,24.44756065995586,15.7,100.0,84.3,58.8,7.208020224413648,50.0,69.0,19.0,5636.0,1151.5381983339516,4789.0,7322.0,2533.0,0.791,0.11647221890982323,0.662,1.001,0.33899999999999986,107.6764690047578
15.5,53,4990,0.842,0,34.97,25.358717545561262,15.5,100.0,84.5,57.2,6.425643072011508,50.0,68.0,18.0,5635.4,1151.9102202669862,4789.0,7322.0,2533.0,0.7971,0.11748328486309104,0.662,1.001,0.33899999999999986,94.15094161979356
31.3,64,7281,1.001,1,34.54,25.383292843040614,15.5,100.0,84.5,58.4,6.467010300148195,50.0,68.0,18.0,5881.7,1219.0749726283782,4789.0,7322.0,2533.0,0.8173999999999999,0.13402918421829654,0.662,1.001,0.33899999999999986,113.76562322241215
16.7,54,4812,0.774,0,34.48,25.429239513249772,15.5,100.0,84.5,58.0,6.616477747093116,50.0,68.0,18.0,5860.1,1237.6538243341229,4789.0,7322.0,2533.0,0.8000999999999999,0.126389565321755,0.662,1.001,0.33899999999999986,89.11110946090538
44.1,53,4964,0.677,1,34.519999999999996,25.445663241066818,15.5,100.0,84.5,58.2,6.408327915038937,50.0,68.0,18.0,5629.7,1158.3539134862322,4789.0,7322.0,2533.0,0.8016,0.12464545274051848,0.662,1.001,0.33899999999999986,93.66037559131367
17.9,51,4807,0.661,0,34.739999999999995,25.273798465780526,15.5,100.0,84.5,58.1,6.5226102477800305,50.0,68.0,18.0,5611.4,1170.9599290990002,4789.0,7322.0,2533.0,0.8015000000000001,0.12477023327344967,0.661,1.001,0.33999999999999986,94.25490011264903
14.7,57,4812,0.857,0,34.160000000000004,25.699857327749275,14.7,100.0,85.3,57.6,6.380525927469594,50.0,68.0,18.0,5611.9,1170.5792915380648,4789.0,7322.0,2533.0,0.7997,0.12371746485889153,0.661,1.001,0.33999999999999986,84.42105115050788
58.1,59,7308,0.786,1,29.97,14.933188243342919,14.7,58.1,43.400000000000006,57.3,6.219146064997862,50.0,68.0,18.0,5611.9,1170.5792915380648,4789.0,7322.0,2533.0,0.8084,0.11881096096086564,0.661,1.001,0.33999999999999986,123.86440468026433
17.7,54,4789,0.921,0,28.889999999999997,15.433473721463871,14.7,58.1,43.400000000000006,57.7,5.8128210783482315,51.0,68.0,17.0,5611.9,1170.5792915380648,4789.0,7322.0,2533.0,0.8262,0.12123329209054293,0.661,1.001,0.33999999999999986,88.68518354286698
64.2,54,4777,0.687,0,32.57000000000001,19.011344566395735,14.7,64.2,49.5,56.7,5.457919831665676,51.0,68.0,17.0,5586.2,1187.377483738372,4777.0,7322.0,2545.0,0.8207000000000001,0.12660616976364952,0.661,1.001,0.33999999999999986,88.46296132475997
81.7,62,7349,0.794,1,36.190000000000005,24.423142485947402,14.7,81.7,67.0,56.1,4.2804464979979375,51.0,64.0,13.0,5588.9,1191.7856304255677,4777.0,7349.0,2572.0,0.8,0.10963677404147834,0.661,1.001,0.33999999999999986,118.53225615270556
12.1,50,4670,1.012,0,35.85000000000001,24.764457057107744,12.1,81.7,69.60000000000001,55.8,4.613988392799604,50.0,64.0,14.0,5556.9,1213.7468571878203,4670.0,7349.0,2679.0,0.817,0.12844021523218005,0.661,1.012,0.351,93.39999813200004
27.0,58,5021,0.819,0,35.42,24.889256941723104,12.1,81.7,69.60000000000001,55.2,3.7357135269659176,50.0,62.0,12.0,5330.9,1057.383610616302,4670.0,7349.0,2679.0,0.7988000000000001,0.11120931216004837,0.661,1.012,0.351,86.56896402467304
16.3,49,7281,0.827,1,35.38,24.92298359167922,12.1,81.7,69.60000000000001,54.7,4.217687623436504,49.0,62.0,13.0,5577.8,1201.2298142598047,4670.0,7349.0,2679.0,0.8041,0.11115899523755222,0.661,1.012,0.351,148.59183370220748
37.4,53,5002,0.658,1,34.71,24.751989819002453,12.1,81.7,69.60000000000001,54.7,4.217687623436504,49.0,62.0,13.0,5581.6,1199.1306295256766,4670.0,7349.0,2679.0,0.8022,0.11370605378196279,0.658,1.012,0.354,94.3773567098612
100.0,64,7281,0.754,2,42.92,31.30515754454663,12.1,100.0,87.9,56.0,4.898979485566415,49.0,64.0,15.0,5829.0,1274.4112366108475,4670.0,7349.0,2679.0,0.8115,0.10428726352404316,0.658,1.012,0.354,113.76562322241215
40.3,57,4996,0.765,0,45.48,29.749091489395752,12.1,100.0,87.9,56.0,4.898979485566415,49.0,64.0,15.0,5847.4,1259.3353802700815,4670.0,7349.0,2679.0,0.8023,0.10388460478391906,0.658,1.012,0.354,87.64912126931367
56.2,58,4996,0.881,0,45.290000000000006,29.665484995192553,12.1,100.0,87.9,55.9,4.8407988321488755,49.0,64.0,15.0,5616.2,1170.485445350671,4670.0,7349.0,2679.0,0.8118000000000001,0.10653825603979017,0.658,1.012,0.354,86.13792954934604
14.2,56,5034,0.913,0,44.940000000000005,30.045380491664332,12.1,100.0,87.9,56.1,4.794672969962547,49.0,64.0,15.0,5640.7,1153.6907008957448,4670.0,7349.0,2679.0,0.8110000000000002,0.10565352179017298,0.658,1.012,0.354,89.89285553762758
24.6,55,5002,0.657,0,40.980000000000004,29.833754186975632,12.1,100.0,87.9,56.2,4.7562823951299205,49.0,64.0,15.0,5663.2,1137.0486943545188,4670.0,7349.0,2679.0,0.808,0.10990602045990586,0.657,1.012,0.355,90.94545289190086
35.1,61,5034,0.896,0,36.32,26.182640559475026,12.1,100.0,87.9,56.1,4.629614814791174,49.0,64.0,15.0,5431.7,980.5874713093483,4670.0,7281.0,2611.0,0.8182,0.11314769109442688,0.657,1.012,0.355,82.52458881107232
44.4,58,5002,0.799,0,39.55,24.819627090044822,14.2,100.0,85.8,56.9,4.121757985239974,49.0,64.0,15.0,5464.9,957.2761647275722,4996.0,7281.0,2285.0,0.7969,0.09036647608488438,0.657,0.913,0.256,86.24137782342453
27.6,55,4990,0.797,0,39.61,24.78662049484668,14.2,100.0,85.8,56.6,4.14192655120249,49.0,64.0,15.0,5461.8,958.9221727196152,4990.0,7281.0,2291.0,0.7947,0.09003585705459548,0.657,0.913,0.256,90.72727107768598
100.0,81,7308,0.839,2,47.980000000000004,29.688037246600665,14.2,100.0,85.8,59.8,8.09389344574734,53.0,81.0,28.0,5464.5,964.634559474886,4990.0,7308.0,2318.0,0.7959,0.09059243284562389,0.657,0.913,0.256,90.22222110836765
46.8,53,4830,0.671,0,48.92,29.463793223397143,14.2,100.0,85.8,59.8,8.09389344574734,53.0,81.0,28.0,5447.3,975.2722753729261,4830.0,7308.0,2478.0,0.7972,0.08846191898840478,0.657,0.913,0.256,91.13207375222503
17.6,56,5028,0.892,0,40.68,24.73377358098745,14.2,100.0,85.8,59.0,8.027729719194902,53.0,81.0,28.0,5222.0,735.3124808164274,4830.0,7308.0,2478.0,0.8110000000000002,0.09167939305596975,0.657,0.913,0.256,89.78571268239799
20.6,51,4996,0.904,0,38.709999999999994,25.53883535150163,14.2,100.0,85.8,58.4,8.408989898383261,51.0,81.0,30.0,5222.0,735.3124808164274,4830.0,7308.0,2478.0,0.8249000000000001,0.09442627929883722,0.657,0.913,0.256,97.96078239292584
51.0,55,4812,0.725,0,38.19,25.193758045286597,14.2,100.0,85.8,58.1,8.478076301719533,51.0,81.0,30.0,5203.6,743.8487301416176,4812.0,7308.0,2496.0,0.8093,0.09698000939483414,0.657,0.913,0.256,87.49090750016532
100.0,65,7308,0.713,2,46.769999999999996,30.223833494629773,17.6,100.0,82.4,59.0,8.705043238133765,51.0,81.0,30.0,5431.0,992.3275668850347,4812.0,7308.0,2496.0,0.7893000000000001,0.09378823664689173,0.657,0.904,0.247,112.43076750106512
100.0,63,7281,0.697,2,54.31,33.324547175384595,17.6,100.0,82.4,59.8,8.664102184685225,51.0,81.0,30.0,5658.9,1134.3868093967399,4812.0,7308.0,2496.0,0.7933,0.08820563096159643,0.671,0.904,0.23299999999999998,115.57142673696148
100.0,79,7281,0.79,2,60.8,35.42139968374401,17.6,100.0,82.4,61.6,10.595596569644739,51.0,81.0,30.0,5883.6,1216.4295842067163,4812.0,7308.0,2496.0,0.7827,0.08052749702913815,0.671,0.904,0.23299999999999998,92.16455579538537
100.0,62,7308,0.745,2,66.36,36.89417900488404,17.6,100.0,82.4,62.0,10.519822558706366,51.0,81.0,30.0,6114.2,1248.8768999029132,4812.0,7308.0,2496.0,0.7773,0.08112137682373179,0.671,0.904,0.23299999999999998,117.87096584079087
100.0,89,7295,0.866,2,73.6,35.52113611796628,17.6,100.0,82.4,65.4,13.167299562848054,51.0,89.0,38.0,6344.7,1230.9166457924348,4812.0,7308.0,2496.0,0.7842,0.08578370733679275,0.671,0.904,0.23299999999999998,81.9662912138619
17.5,52,4824,0.684,0,65.35,38.18869087977609,17.5,100.0,82.5,62.5,12.527746981977453,51.0,89.0,38.0,6096.3,1265.0848939454177,4812.0,7308.0,2496.0,0.7687,0.08873437264605558,0.671,0.904,0.23299999999999998,92.76922898520714
25.5,51,7322,0.667,1,63.220000000000006,39.894215676516666,17.5,100.0,82.5,62.3,12.710887721424786,51.0,89.0,38.0,6345.5,1232.9628497602425,4812.0,7322.0,2510.0,0.7683,0.08923134725719153,0.667,0.904,0.237,143.56862463590932
73.1,59,4996,0.791,0,68.77000000000001,36.564009323072845,17.5,100.0,82.5,62.6,12.58040804849618,51.0,89.0,38.0,6342.3,1236.797751363491,4812.0,7322.0,2510.0,0.7582000000000001,0.07877788747837675,0.667,0.904,0.237,84.67796466647518
9.5,51,4795,0.856,0,67.66,38.31536390419765,9.5,100.0,90.5,62.6,12.58040804849618,51.0,89.0,38.0,6322.2,1262.4751526707842,4795.0,7322.0,2527.0,0.7534000000000001,0.0698652671615576,0.667,0.866,0.19899999999999995,94.01960599961558
53.4,70,5002,0.808,0,67.9,38.20677659496753,9.5,100.0,90.5,64.1,12.46729053697451,51.0,89.0,38.0,6341.2,1238.4221861348901,4795.0,7322.0,2527.0,0.7617,0.0710368448999077,0.667,0.866,0.19899999999999995,71.45714183632654
20.8,48,5021,0.665,1,59.98,39.01361016078573,9.5,100.0,90.5,62.4,13.451146171733251,48.0,89.0,41.0,6112.5,1251.1503373562534,4795.0,7322.0,2527.0,0.7569,0.07613212199853779,0.665,0.866,0.20099999999999996,104.60416448741324
47.6,58,4818,0.937,1,54.739999999999995,36.4777618709139,9.5,100.0,90.5,61.9,13.519122259476294,48.0,89.0,41.0,5866.2,1237.923691778559,4795.0,7322.0,2527.0,0.7809,0.09144087342831658,0.665,0.937,0.272,83.06896408501787
11.0,52,4675,0.829,0,45.839999999999996,35.03690752462157,9.5,100.0,90.5,59.2,12.372011423639544,48.0,89.0,41.0,5605.6,1179.9373994694151,4675.0,7322.0,2647.0,0.7847999999999999,0.09269519944420021,0.665,0.937,0.272,89.90384442492608
46.1,65,7308,0.996,1,40.45,29.48541070503245,9.5,100.0,90.5,59.5,12.483322207382697,48.0,89.0,41.0,5605.6,1179.9373994694151,4675.0,7322.0,2647.0,0.8099000000000001,0.1125723964586538,0.665,0.996,0.33099999999999996,112.43076750106512
53.3,63,5002,0.891,0,35.78,21.667528188000087,9.5,73.1,63.599999999999994,56.9,7.279346735036707,48.0,70.0,22.0,5376.3,1028.1994024074716,4675.0,7322.0,2647.0,0.8124,0.1142222006052719,0.665,0.996,0.33099999999999996,79.39682413655835
100.0,66,7308,0.762,2,44.03,28.547739743181772,9.5,100.0,90.5,58.3,7.572611467944538,48.0,70.0,22.0,5624.7,1170.1922966380746,4675.0,7322.0,2647.0,0.8202,0.10690889163727649,0.665,0.996,0.33099999999999996,110.7272710495868
28.7,52,4824,0.736,0,44.35,28.334088225237654,9.5,100.0,90.5,58.4,7.471427053931726,48.0,70.0,22.0,5374.9,1025.2610995362072,4675.0,7308.0,2633.0,0.8271000000000001,0.09775757998459358,0.665,0.996,0.33099999999999996,92.76922898520714
48.2,66,7281,0.995,1,41.86,26.565733986137463,9.5,100.0,90.5,59.1,7.8521051671227795,48.0,70.0,22.0,5603.4,1175.1109829382933,4675.0,7308.0,2633.0,0.8474999999999999,0.10991638236000464,0.665,0.996,0.33099999999999996,110.31818014669425
21.7,60,4824,0.686,0,43.08,25.157318352055388,11.0,100.0,89.0,60.0,7.3181661333667645,48.0,70.0,22.0,5606.3,1172.9280597433556,4675.0,7308.0,2633.0,0.8305,0.12103924983243966,0.665,0.996,0.33099999999999996,80.39999866000002
100.0,91,7363,0.879,2,47.74,30.9340588995365,11.0,100.0,89.0,62.1,12.013418423672046,48.0,91.0,43.0,5842.4,1271.273482247882,4675.0,7363.0,2688.0,0.8375999999999999,0.12165360660498191,0.665,0.996,0.33099999999999996,80.9120870229441
15.6,52,4996,0.661,0,47.22,31.476192061090558,11.0,100.0,89.0,62.5,11.549410759380308,52.0,91.0,39.0,5839.9,1273.0915520888468,4675.0,7363.0,2688.0,0.8371999999999999,0.12228909281788757,0.661,0.996,0.33499999999999996,96.07692122928998
100.0,80,7281,0.833,2,52.46,35.63357343230603,11.0,100.0,89.0,64.7,12.640762986817277,52.0,91.0,39.0,6086.2,1291.5413530610106,4675.0,7363.0,2688.0,0.8267999999999999,0.11717394477157923,0.661,0.996,0.33499999999999996,91.01249886234376
53.9,53,7295,0.686,1,56.75,32.535220232166,15.6,100.0,84.4,64.8,12.53262409340787,52.0,91.0,39.0,6348.2,1238.0981651980094,4824.0,7363.0,2539.0,0.8125,0.1253184831627884,0.661,0.996,0.33499999999999996,137.64150683695271
27.4,51,5002,0.867,0,54.879999999999995,33.730790417987706,15.6,100.0,84.4,63.4,13.26817411871148,51.0,91.0,40.0,6117.6,1254.1158195672717,4824.0,7363.0,2539.0,0.7996000000000001,0.11003857909337449,0.661,0.995,0.33399999999999996,98.07842944944257
100.0,69,7281,0.762,2,59.55,36.5986110847573,15.6,100.0,84.4,64.0,13.383239933256515,51.0,91.0,40.0,6345.5,1235.7998084911153,4824.0,7363.0,2539.0,0.7867000000000001,0.10560518716216348,0.661,0.995,0.33399999999999996,105.52173760113425
35.2,62,4996,0.911,0,53.07000000000001,34.305718668078114,15.6,100.0,84.4,63.6,13.376596477928683,51.0,91.0,40.0,6114.3,1251.88835586707,4824.0,7363.0,2539.0,0.8016,0.11204780725704114,0.661,0.995,0.33399999999999996,80.58064386160252
30.1,47,7322,0.667,1,53.21,34.197902794697015,15.6,100.0,84.4,63.1,13.939950581771189,47.0,91.0,44.0,6364.1,1214.481366217243,4824.0,7363.0,2539.0,0.7947,0.11847648618092009,0.661,0.995,0.33399999999999996,155.78723072793127
26.9,53,4818,0.751,0,51.08,35.19345898822034,15.6,100.0,84.4,61.8,14.242346872775046,47.0,91.0,44.0,6117.8,1256.8818383426326,4818.0,7363.0,2545.0,0.7703,0.09554876590865415,0.661,0.911,0.25,90.90565866215739
100.0,91,7322,0.879,2,58.910000000000004,36.61224597802684,15.6,100.0,84.4,64.9,16.927623709323328,47.0,91.0,44.0,6367.6,1218.831243445955,4818.0,7363.0,2545.0,0.7896,0.09611937022959179,0.661,0.911,0.25,80.46153757734574
29.9,61,4996,0.804,0,51.9,34.52197367861023,15.6,100.0,84.4,61.9,14.231811003679228,47.0,91.0,44.0,6130.9,1233.7901361252652,4818.0,7322.0,2504.0,0.7821,0.09116706276574552,0.661,0.911,0.25,81.9016380016125
28.9,55,4686,0.749,0,53.23,33.198930705671685,26.9,100.0,73.1,62.2,14.030126316054506,47.0,91.0,44.0,6099.9,1268.8696150511287,4686.0,7322.0,2636.0,0.7909,0.08196130523335722,0.667,0.911,0.244,85.19999845090912
100.0,65,7281,0.719,2,53.23,33.198930705671685,26.9,100.0,73.1,60.7,12.649549838279297,47.0,91.0,44.0,6099.9,1268.8696150511287,4686.0,7322.0,2636.0,0.7795,0.08337099149117931,0.667,0.911,0.244,112.01538289207103
50.5,69,7308,0.994,1,52.89,33.208715388851886,26.9,100.0,73.1,62.3,12.579083167438478,47.0,91.0,44.0,6101.2,1270.2360060678136,4686.0,7322.0,2636.0,0.8103,0.10018765725710195,0.667,0.994,0.32699999999999996,105.91304194328926
9.7,53,4783,0.947,0,51.12,35.13414926313765,9.7,100.0,90.3,62.5,12.393994961718832,47.0,91.0,44.0,6079.3,1292.9771889368774,4686.0,7322.0,2636.0,0.8183,0.10809979956811426,0.667,0.994,0.32699999999999996,90.24528131612678
100.0,66,7308,0.719,2,51.12,35.13414926313765,9.7,100.0,90.3,62.2,12.254704312131667,47.0,91.0,44.0,6082.0,1295.7905351989223,4686.0,7322.0,2636.0,0.8139999999999998,0.11139319747832128,0.667,0.994,0.32699999999999996,110.7272710495868
36.6,52,7295,0.659,1,51.260000000000005,35.06638783159091,9.7,100.0,90.3,61.2,12.673682267684592,47.0,91.0,44.0,6311.9,1285.60797982036,4686.0,7322.0,2636.0,0.7888,0.11544195270543745,0.659,0.994,0.33499999999999996,140.28845884060658
53.4,61,4996,0.889,0,53.589999999999996,34.26921034657449,9.7,100.0,90.3,62.6,11.66380917386962,52.0,91.0,39.0,6079.3,1292.9447053571585,4686.0,7322.0,2636.0,0.8109999999999999,0.11066365457748224,0.659,0.994,0.33499999999999996,81.9016380016125
72.2,75,4703,0.735,0,58.120000000000005,33.3302931946965,9.7,100.0,90.3,64.8,11.72651316935737,52.0,91.0,39.0,6067.8,1305.856704747244,4686.0,7322.0,2636.0,0.8093999999999999,0.11173798717436095,0.659,0.994,0.33499999999999996,62.70666583057779
54.2,70,7268,0.909,1,53.54,29.906974288802623,9.7,100.0,90.3,62.7,7.703534542302329,52.0,75.0,23.0,6062.4,1300.1934215082504,4686.0,7308.0,2622.0,0.8124,0.114190094919733,0.659,0.994,0.33499999999999996,103.82856994530614
45.1,49,4824,0.694,0,55.06,28.942709694229283,9.7,100.0,90.3,61.5,8.847472959991372,49.0,75.0,26.0,6045.2,1316.8984437347883,4686.0,7308.0,2622.0,0.8013999999999999,0.12022774684369263,0.659,0.994,0.33499999999999996,98.44897758267393
20.9,54,4990,0.66,0,54.260000000000005,29.842706162663948,9.7,100.0,90.3,61.4,8.934328302800548,49.0,75.0,26.0,6075.6,1285.1620909441729,4703.0,7308.0,2605.0,0.7925,0.12760551189767103,0.659,0.994,0.33499999999999996,92.40740569615916
16.7,50,7295,0.664,1,45.93,27.162067095287192,9.7,100.0,90.3,59.9,9.5038004094269,49.0,75.0,26.0,6077.0,1286.627892334583,4703.0,7308.0,2605.0,0.787,0.13222707740852488,0.659,0.994,0.33499999999999996,145.89999708200006
33.8,51,4789,0.699,0,44.260000000000005,27.362512880053732,9.7,100.0,90.3,58.1,9.290975310602375,49.0,75.0,26.0,5825.1,1265.2513540355828,4703.0,7308.0,2605.0,0.7575000000000001,0.11232319439902087,0.659,0.947,0.2879999999999999,93.90195894309885
100.0,66,7336,0.717,2,53.29,29.506136838140996,16.7,100.0,83.3,59.4,9.40685329368379,49.0,75.0,26.0,6080.4,1288.962304422523,4703.0,7336.0,2633.0,0.7345,0.090669423977683,0.659,0.909,0.25,111.15151346740132
100.0,65,7322,0.724,2,53.29,29.506136838140996,16.7,100.0,83.3,59.3,9.333928552449013,49.0,75.0,26.0,6081.8,1290.450550087922,4703.0,7336.0,2633.0,0.735,0.0905882013411383,0.659,0.909,0.25,112.64615211313613
16.3,56,4990,0.827,0,51.260000000000005,31.41833152087403,16.3,100.0,83.7,59.7,9.068259663978202,49.0,75.0,26.0,5851.3,1255.0446694130892,4703.0,7336.0,2633.0,0.7518,0.09050573953561816,0.66,0.909,0.249,89.10714126594391
37.0,71,4990,0.828,0,49.620000000000005,31.7207888370456,16.3,100.0,83.7,60.7,9.753062197188273,49.0,75.0,26.0,5850.7,1255.50034736045,4703.0,7336.0,2633.0,0.7457,0.08187531170424317,0.66,0.909,0.249,70.28168915096212
13.8,51,4783,0.904,0,43.779999999999994,32.46885002925447,13.8,100.0,86.2,58.3,8.743886753358385,49.0,71.0,22.0,5858.7,1247.6047317426521,4783.0,7336.0,2553.0,0.7626,0.09569651102429184,0.66,0.909,0.249,93.78431188658213
100.0,64,7295,0.714,2,48.36,37.0140874082647,13.8,100.0,86.2,57.7,8.028421735033369,49.0,71.0,22.0,5861.4,1251.0180920620833,4783.0,7336.0,2553.0,0.7430999999999999,0.08134077834777924,0.66,0.904,0.244,113.98437321899418
25.7,51,5034,0.662,1,46.42,37.70587340042507,13.8,100.0,86.2,57.9,7.80953832751268,50.0,71.0,21.0,5882.4,1233.3062339365094,4783.0,7336.0,2553.0,0.7399,0.08407067132941266,0.66,0.904,0.244,98.70588041753176
19.2,49,4783,0.801,0,46.25,37.83731990743758,13.8,100.0,86.2,57.4,8.235424835563911,49.0,71.0,22.0,5861.7,1251.5508645942662,4783.0,7336.0,2553.0,0.7539999999999999,0.08094717070067796,0.662,0.904,0.242,97.6122429058726
35.0,60,7281,1.009,1,48.08,36.6739932074184,13.8,100.0,86.2,58.4,7.83439709089209,49.0,71.0,22.0,5860.3,1249.775984371239,4783.0,7336.0,2553.0,0.7885,0.1074939274770647,0.662,1.009,0.34699999999999986,121.34999797750004
45.8,50,7281,0.879,1,49.279999999999994,36.34971496143773,13.8,100.0,86.2,58.3,7.944949478896822,49.0,71.0,22.0,6109.5,1260.8268230719782,4783.0,7336.0,2553.0,0.8065,0.10590063476884508,0.662,1.009,0.34699999999999986,145.61999708760007
100.0,82,7295,0.834,2,49.279999999999994,36.34971496143773,13.8,100.0,86.2,59.9,10.774970997640814,49.0,82.0,33.0,6105.4,1256.4543764100627,4783.0,7322.0,2539.0,0.8181999999999998,0.10127608031733969,0.662,1.009,0.34699999999999986,88.96341354922667
35.2,50,4996,0.794,1,42.8,31.793675122227913,13.8,100.0,86.2,58.4,11.027239001672207,49.0,82.0,33.0,5872.8,1221.007034286767,4783.0,7295.0,2512.0,0.8252,0.09634059949528474,0.662,1.009,0.34699999999999986,99.91999800160005
100.0,70,7336,0.766,2,51.17,34.90711643458636,13.8,100.0,86.2,59.8,11.564312920936288,49.0,82.0,33.0,6107.4,1257.3769168833626,4783.0,7336.0,2553.0,0.8191,0.09812854381427913,0.662,1.009,0.34699999999999986,104.79999850285716
24.9,52,4818,0.726,0,49.96,35.65458362305365,13.8,100.0,86.2,57.9,11.069979423849219,49.0,82.0,33.0,6090.2,1275.4076298275077,4783.0,7336.0,2553.0,0.8089000000000001,0.10231264720345004,0.662,1.009,0.34699999999999986,92.65384437204146
22.3,48,7349,0.665,1,50.81,34.78752809716584,19.2,100.0,80.8,57.6,11.315672514015466,48.0,82.0,34.0,6346.8,1240.848795515934,4783.0,7349.0,2566.0,0.7849999999999999,0.10549460228424547,0.662,1.009,0.34699999999999986,153.1041634769966
27.3,64,4996,0.916,0,43.540000000000006,30.724734878161744,19.2,100.0,80.8,57.6,11.315672514015466,48.0,82.0,34.0,6116.9,1258.49949896251,4783.0,7349.0,2566.0,0.8051999999999999,0.10964670537685972,0.662,1.009,0.34699999999999986,78.06249878027346
44.6,55,7295,0.658,1,45.43,30.07993240240622,19.2,100.0,80.8,58.0,11.125546178852455,48.0,82.0,34.0,6343.0,1245.3658097121545,4783.0,7349.0,2566.0,0.8048,0.11023288478892662,0.658,1.009,0.35099999999999987,132.63636122479343
22.8,51,4996,0.752,0,45.79,29.750871135705044,22.3,100.0,77.7,58.2,10.962562555250413,48.0,82.0,34.0,6364.3,1217.2234388147524,4818.0,7349.0,2531.0,0.7998999999999999,0.11150231686681035,0.658,1.009,0.35099999999999987,97.96078239292584
45.5,60,7281,0.96,1,46.839999999999996,29.512076624098487,22.3,100.0,77.7,58.2,10.962562555250413,48.0,82.0,34.0,6364.3,1217.2234388147524,4818.0,7349.0,2531.0,0.795,0.10196077677224684,0.658,0.96,0.30199999999999994,121.34999797750004
11.3,47,4783,0.669,0,43.39,31.59052073011769,11.3,100.0,88.7,57.9,11.249197502241886,47.0,82.0,35.0,6114.5,1263.630857665499,4783.0,7349.0,2566.0,0.7739999999999999,0.10433599570618038,0.658,0.96,0.30199999999999994,101.76595528157543
20.1,56,4807,0.902,0,35.4,25.124092023394596,11.3,100.0,88.7,55.3,7.409453421137125,47.0,70.0,23.0,5865.7,1250.2367820181505,4783.0,7349.0,2566.0,0.7807999999999999,0.11070260460651644,0.658,0.96,0.30199999999999994,85.83928418144136
82.3,61,7295,0.766,1,40.11,29.171350100169583,11.3,100.0,88.7,56.4,7.351492667781496,47.0,70.0,23.0,6095.6,1283.4765461216825,4783.0,7349.0,2566.0,0.778,0.1106857413280202,0.658,0.96,0.30199999999999994,119.59016197393177
100.0,71,7228,0.766,2,40.11,29.171350100169583,11.3,100.0,88.7,56.5,7.560864148142547,47.0,71.0,24.0,6084.8,1272.284891226978,4783.0,7349.0,2566.0,0.778,0.1106857413280202,0.658,0.96,0.30199999999999994,101.80281546756598
44.3,61,4824,0.906,0,42.05,28.68852848555783,11.3,100.0,88.7,57.4,7.501111028818819,47.0,71.0,24.0,6085.4,1271.6223408613803,4783.0,7349.0,2566.0,0.796,0.11580731122573083,0.658,0.96,0.30199999999999994,79.08196591668909
35.8,58,4990,0.894,0,43.4,27.96438210772164,11.3,100.0,88.7,58.4,6.736302975503584,47.0,71.0,24.0,5849.5,1229.2698148810807,4783.0,7295.0,2512.0,0.8189,0.10949424135034998,0.658,0.96,0.30199999999999994,86.03448127526757
100.0,94,7322,0.896,2,50.67,32.41035671235683,11.3,100.0,88.7,61.4,13.14195994177093,47.0,94.0,47.0,6082.1,1269.2388313911256,4783.0,7322.0,2539.0,0.8169000000000001,0.10769138003263376,0.658,0.96,0.30199999999999994,77.89361619262111
67.3,72,5028,0.806,0,52.94,32.73133734579805,11.3,100.0,88.7,63.1,13.32041040408793,47.0,94.0,47.0,5855.4,1230.3918255760777,4783.0,7322.0,2539.0,0.8317,0.09252993509610069,0.669,0.96,0.2909999999999999,69.83333236342594
35.0,70,4990,0.917,0,54.160000000000004,31.694030282618602,11.3,100.0,88.7,65.0,12.7453695295368,47.0,94.0,47.0,5854.8,1230.858851010586,4783.0,7322.0,2539.0,0.8482,0.09144372890228813,0.669,0.96,0.2909999999999999,71.28571326734695
100.0,65,7336,0.762,2,59.61,34.59269190643191,11.3,100.0,88.7,65.5,12.62493124293711,47.0,94.0,47.0,5860.3,1238.0417377634867,4783.0,7336.0,2553.0,0.8284,0.0858088314543165,0.669,0.917,0.248,112.86153672520713
23.9,54,4818,0.719,0,60.86999999999999,32.8216747490636,20.1,100.0,79.9,66.2,11.640923980127685,54.0,94.0,40.0,5863.8,1234.7027352542934,4807.0,7336.0,2529.0,0.8333999999999999,0.0764332679168185,0.719,0.917,0.19800000000000006,89.22222056995888
18.1,49,5021,0.666,0,60.67,33.10260312019765,18.1,100.0,81.9,65.5,12.501111061732813,49.0,94.0,45.0,5885.2,1216.0648557265865,4818.0,7336.0,2518.0,0.8098000000000001,0.08839658113046805,0.666,0.917,0.251,102.4693856638901
27.4,53,5034,0.667,1,55.17999999999999,33.6644817772875,18.1,100.0,81.9,64.7,13.06437054655824,49.0,94.0,45.0,5659.1,1132.1129164334868,4818.0,7336.0,2518.0,0.7999,0.09878084609657625,0.666,0.917,0.251,94.98113028337491
100.0,67,7295,0.737,2,55.17999999999999,33.6644817772875,18.1,100.0,81.9,64.3,12.910374811669044,49.0,94.0,45.0,5665.8,1142.5794210177748,4818.0,7336.0,2518.0,0.797,0.10030065913154394,0.666,0.917,0.251,108.88059538984186
100.0,93,7349,0.904,2,60.75,36.1783928762887,18.1,100.0,81.9,67.5,15.671984912930197,49.0,94.0,45.0,5918.3,1212.7270509063414,4818.0,7349.0,2531.0,0.7968,0.10006087036288325,0.666,0.917,0.251,79.02150452665049
14.2,56,5002,0.741,0,58.59000000000001,38.40953151381956,14.2,100.0,85.8,67.3,15.818765227834122,49.0,94.0,45.0,5919.5,1211.7119432164254,4818.0,7349.0,2531.0,0.7815,0.09512243572248257,0.666,0.917,0.251,89.32142697640309
16.1,47,7201,0.667,1,50.2,37.51195365035868,14.2,100.0,85.8,62.6,13.866025626208375,47.0,93.0,46.0,5907.4,1196.6612998951116,4818.0,7349.0,2531.0,0.7586,0.09200869524126619,0.666,0.917,0.251,153.2127626976008
18.6,48,7228,0.666,1,45.33,38.20020506053155,14.2,100.0,85.8,60.2,14.132704388521471,47.0,93.0,46.0,6127.4,1219.0444527488653,4818.0,7349.0,2531.0,0.7445999999999999,0.09460937233347247,0.666,0.917,0.251,150.58333019618064
100.0,61,7268,0.686,2,51.83,41.62384599668255,14.2,100.0,85.8,59.3,13.719815353470835,47.0,93.0,46.0,6355.2,1195.5001556763748,4818.0,7349.0,2531.0,0.7215,0.0737371457724471,0.666,0.904,0.238,119.14753903036822
21.1,52,4777,0.874,0,43.94,38.86495708075442,14.2,100.0,85.8,58.0,13.735598518691038,47.0,93.0,46.0,6099.3,1235.4434246680648,4777.0,7349.0,2572.0,0.7327000000000001,0.08774717469335999,0.666,0.904,0.238,91.86538284874264
100.0,65,7322,0.74,2,51.55,41.84145339519425,14.2,100.0,85.8,59.1,13.819872969347063,47.0,93.0,46.0,6349.7,1200.145736520737,4777.0,7349.0,2572.0,0.7348,0.0876340877360727,0.666,0.904,0.238,112.64615211313613
52.4,67,7281,0.945,1,54.98,40.16706223871591,14.2,100.0,85.8,60.9,13.52733857375092,47.0,93.0,46.0,6575.7,1133.052126877774,4777.0,7349.0,2572.0,0.7626999999999999,0.10582170539796408,0.666,0.945,0.2789999999999999,108.67164016908
15.1,47,5028,0.667,0,53.75,41.27841109129821,14.2,100.0,85.8,60.3,14.040022158893587,47.0,93.0,46.0,6575.1,1133.9604588442435,4777.0,7349.0,2572.0,0.7626999999999999,0.10582170539796408,0.666,0.945,0.2789999999999999,106.97872112811233
31.1,66,4795,0.961,0,46.86,38.34695989688526,14.2,100.0,85.8,60.2,13.99047294887968,47.0,93.0,46.0,6325.1,1229.1956222578203,4777.0,7349.0,2572.0,0.7851,0.1222151563614123,0.666,0.961,0.29499999999999993,72.65151405073463
47.2,68,5028,0.949,0,41.58,33.552406769112636,14.2,100.0,85.8,57.7,8.718435129718628,47.0,68.0,21.0,6093.0,1233.499538350587,4777.0,7322.0,2545.0,0.7896,0.1277812366681604,0.666,0.961,0.29499999999999993,73.94117538321801
12.0,57,4783,0.903,0,41.36,33.75846231358552,12.0,100.0,88.0,57.8,8.70249006510976,47.0,68.0,21.0,6071.1,1256.7468099997086,4777.0,7322.0,2545.0,0.8058,0.13115961438051082,0.666,0.961,0.29499999999999993,83.91227922960914
8.5,47,4854,0.913,0,40.6,34.46840743508623,8.5,100.0,91.5,57.8,8.70249006510976,47.0,68.0,21.0,5836.4,1241.3491943132717,4777.0,7322.0,2545.0,0.8304,0.12516673324454386,0.666,0.961,0.29499999999999993,103.27659354730653
38.9,62,4996,0.896,0,42.63,33.61600313342831,8.5,100.0,91.5,59.2,8.052604823561452,47.0,68.0,21.0,5613.2,1161.4200886079925,4777.0,7322.0,2545.0,0.8534,0.11204483229691575,0.667,0.961,0.29399999999999993,80.58064386160252
100.0,70,7281,0.774,2,42.629999999999995,33.61600313342831,8.5,100.0,91.5,60.1,8.748968193132558,47.0,70.0,23.0,5614.5,1163.483586285398,4777.0,7322.0,2545.0,0.8622,0.10027384726060887,0.667,0.961,0.29399999999999993,104.01428422836737
37.6,50,7281,0.662,1,44.28,32.8377425127448,8.5,100.0,91.5,59.9,8.974655672751194,47.0,70.0,23.0,5864.9,1230.7206967193335,4783.0,7322.0,2539.0,0.841,0.1182934204989143,0.662,0.961,0.29899999999999993,145.61999708760007
30.0,59,4958,0.844,0,37.28,26.48701149200822,8.5,100.0,91.5,59.3,8.79456903119449,47.0,70.0,23.0,5628.5,1143.704434429328,4783.0,7281.0,2498.0,0.8514000000000002,0.11287475852071915,0.662,0.961,0.29899999999999993,84.03389688078141
100.0,64,7308,0.768,2,42.040000000000006,32.9859633446982,8.5,100.0,91.5,59.0,8.550503558920482,47.0,70.0,23.0,5631.2,1148.0625999192332,4783.0,7308.0,2525.0,0.8337,0.11041744024886099,0.662,0.961,0.29899999999999993,114.18749821582034
6.0,53,4675,0.964,0,41.13,33.92393615788769,6.0,100.0,94.0,59.6,7.791733511299769,47.0,70.0,23.0,5595.9,1173.8084691388951,4675.0,7308.0,2633.0,0.8634000000000001,0.10005354122224049,0.662,0.964,0.30199999999999994,88.20754550551801
13.2,54,4996,0.797,0,39.339999999999996,34.968150588150245,6.0,100.0,94.0,58.4,7.618690467819597,47.0,70.0,23.0,5616.0,1160.2124326557032,4675.0,7308.0,2633.0,0.8470000000000001,0.09562077877393027,0.662,0.964,0.30199999999999994,92.51851680521266
100.0,67,7281,0.756,2,44.62,39.92216872309856,6.0,100.0,94.0,58.3,7.484057129065214,47.0,70.0,23.0,5841.3,1248.7200602572525,4675.0,7308.0,2633.0,0.8277000000000001,0.09216054832012659,0.662,0.964,0.30199999999999994,108.67164016908
13.5,54,5002,0.696,0,44.769999999999996,39.78858155579582,6.0,100.0,94.0,58.0,7.601169500660969,47.0,70.0,23.0,5863.2,1229.875585396972,4675.0,7308.0,2633.0,0.807,0.09651252077666678,0.662,0.964,0.30199999999999994,92.62962791426615
14.8,49,4783,0.698,0,45.4,39.195946502440975,6.0,100.0,94.0,58.2,7.29992389610259,49.0,70.0,21.0,5856.1,1236.5358825723083,4675.0,7308.0,2633.0,0.7855000000000001,0.0941951284420922,0.662,0.964,0.30199999999999994,97.6122429058726
41.1,51,7254,0.727,1,45.620000000000005,39.161568462517394,6.0,100.0,94.0,57.1,7.489993324429652,49.0,70.0,21.0,6081.9,1267.7926968642087,4675.0,7308.0,2633.0,0.7686,0.08705706940469268,0.662,0.964,0.30199999999999994,142.2352913287198
14.7,59,5028,0.996,0,37.09,35.077547424717864,6.0,100.0,94.0,56.0,6.055300708195047,49.0,67.0,18.0,5856.6,1230.6704767004896,4675.0,7308.0,2633.0,0.7908000000000001,0.11302094201223646,0.662,0.996,0.33399999999999996,85.22033753863835
27.0,61,5021,0.999,1,36.03,35.220292446258846,6.0,100.0,94.0,57.1,5.839520528262636,49.0,67.0,18.0,5630.6,1144.5280638275608,4675.0,7308.0,2633.0,0.8245000000000001,0.12035341476021436,0.696,0.999,0.30300000000000005,82.31147406046765
29.0,61,4783,0.892,0,35.93,35.240729277357445,6.0,100.0,94.0,57.3,5.945119380167666,49.0,67.0,18.0,5613.1,1157.222388115409,4675.0,7308.0,2633.0,0.8292999999999999,0.12216114130296978,0.696,0.999,0.30300000000000005,78.40983478016665
100.0,61,7349,0.704,2,35.93,35.240729277357445,6.0,100.0,94.0,57.0,5.637178175095986,49.0,67.0,18.0,5617.2,1163.9476696904173,4675.0,7349.0,2674.0,0.8229000000000001,0.12729794447148945,0.696,0.999,0.30300000000000005,120.4754078610589
44.3,58,4789,0.829,0,39.760000000000005,33.67284431770563,13.2,100.0,86.8,57.5,5.461989869391378,49.0,67.0,18.0,5628.6,1154.2117271588809,4783.0,7349.0,2566.0,0.8093999999999999,0.11744899602238631,0.696,0.999,0.30300000000000005,82.56896409363856
14.1,49,7281,0.666,1,39.85,33.595080658400576,13.5,100.0,86.5,57.0,6.018490028422658,49.0,67.0,18.0,5857.1,1238.1869765463039,4783.0,7349.0,2566.0,0.7963,0.12598152421861067,0.666,0.999,0.33299999999999996,148.59183370220748
100.0,69,7295,0.797,2,39.85,33.595080658400576,13.5,100.0,86.5,57.2,6.408327915038945,49.0,69.0,20.0,5858.5,1239.9824595533553,4783.0,7349.0,2566.0,0.8004,0.12518892389770983,0.666,0.999,0.33299999999999996,105.72463614891832
29.5,54,4789,0.781,0,41.45,32.565941650066726,14.1,100.0,85.9,57.2,6.408327915038945,49.0,69.0,20.0,5837.2,1258.027980610919,4783.0,7349.0,2566.0,0.8089000000000001,0.12009482364642747,0.666,0.999,0.33299999999999996,88.68518354286698
25.8,67,4789,0.996,0,42.55,31.741079236710046,14.1,100.0,85.9,59.0,6.377042156569713,49.0,69.0,20.0,5837.8,1257.4706358400529,4783.0,7349.0,2566.0,0.8387,0.1263294194644377,0.666,0.999,0.33299999999999996,71.47761087346849
100.0,64,7308,0.709,2,48.44,36.54364817888621,14.1,100.0,85.9,60.3,5.8698854806168175,49.0,69.0,20.0,5843.2,1264.3252746030141,4783.0,7349.0,2566.0,0.8369,0.12821202058396033,0.666,0.999,0.33299999999999996,114.18749821582034
48.3,72,7308,0.982,1,51.8,34.58914409014594,14.1,100.0,85.9,61.6,6.899275324264173,49.0,72.0,23.0,6071.2,1305.8804437364597,4783.0,7349.0,2566.0,0.8355,0.12634454655601127,0.666,0.999,0.33299999999999996,101.4999985902778
16.2,57,5034,0.999,0,50.72,35.603270761109556,14.1,100.0,85.9,61.2,7.052186422190911,49.0,72.0,23.0,6072.5,1304.7247687624474,4783.0,7349.0,2566.0,0.8355,0.12634454655601127,0.666,0.999,0.33299999999999996,88.31578792428442
38.1,48,7295,0.666,1,51.629999999999995,35.09916269973134,14.1,100.0,85.9,59.9,8.198238293140284,48.0,72.0,24.0,6323.7,1270.2336661680324,4789.0,7349.0,2560.0,0.8129,0.13502958523556496,0.666,0.999,0.33299999999999996,151.9791635004341
26.1,53,5028,0.751,1,44.239999999999995,31.364459716904527,14.1,100.0,85.9,59.1,8.464960458003109,48.0,72.0,24.0,6091.6,1274.1156584514263,4789.0,7308.0,2519.0,0.8176,0.1315921308015364,0.666,0.999,0.33299999999999996,94.86792273834108
29.1,52,7308,0.93,1,42.72,31.727443430989847,14.1,100.0,85.9,58.5,8.759122228980646,48.0,72.0,24.0,6343.5,1236.4223702998067,4789.0,7308.0,2519.0,0.8277000000000001,0.13635415488922684,0.666,0.999,0.33299999999999996,140.53845883579888
50.0,63,5028,0.882,0,46.31,30.11955621629673,16.2,100.0,83.8,59.9,8.171087238958304,48.0,72.0,24.0,6118.2,1251.785196340722,4789.0,7308.0,2519.0,0.8493,0.12448476033456912,0.666,0.999,0.33299999999999996,79.80952254270599
11.6,50,4812,0.671,0,37.47,25.17803495994955,11.6,100.0,88.4,58.0,8.027729719194905,48.0,72.0,24.0,5869.9,1238.6133330821517,4789.0,7308.0,2519.0,0.8367000000000001,0.13619271476681563,0.666,0.999,0.33299999999999996,96.23999807520005
41.7,61,7308,0.736,1,38.690000000000005,25.044158777824528,11.6,100.0,88.4,58.7,7.94494947889682,48.0,72.0,24.0,6121.8,1250.4540330971352,4789.0,7308.0,2519.0,0.8321999999999999,0.1389530696154469,0.666,0.999,0.33299999999999996,119.80327672453645
13.2,51,4789,0.797,0,37.43,26.061041592555085,11.6,100.0,88.4,57.1,7.694875639743104,48.0,72.0,24.0,6121.8,1250.4540330971352,4789.0,7308.0,2519.0,0.8123000000000001,0.1265877385671905,0.666,0.999,0.33299999999999996,93.90195894309885
44.4,68,4795,0.835,0,31.869999999999997,14.670609318558588,11.6,50.0,38.4,57.5,8.181958472422428,48.0,72.0,24.0,5870.5,1238.0328706819046,4789.0,7308.0,2519.0,0.8249000000000001,0.12132458759688937,0.666,0.999,0.33299999999999996,70.514704845372
100.0,70,7295,0.777,2,37.04,25.909037462287547,11.6,100.0,88.4,57.3,7.803845206050716,48.0,70.0,22.0,5869.2,1236.361399879137,4789.0,7308.0,2519.0,0.8044,0.10846832614997638,0.666,0.999,0.33299999999999996,104.21428422551023
13.6,49,4812,0.703,0,36.78,26.153300195407628,11.6,100.0,88.4,56.5,8.236099400403939,48.0,70.0,22.0,5847.0,1254.8789228890164,4789.0,7308.0,2519.0,0.7748,0.08790120717158725,0.666,0.93,0.264,98.20407962848817
100.0,67,7349,0.767,2,42.970000000000006,32.944095744828665,11.6,100.0,88.4,58.4,8.248905651324005,49.0,70.0,21.0,5852.4,1261.8988513787856,4789.0,7349.0,2560.0,0.7849,0.07940256083191949,0.671,0.93,0.259,109.6865655270662
21.1,57,4990,0.719,0,42.47,33.26496488633173,11.6,100.0,88.4,58.8,8.052604823561445,49.0,70.0,21.0,5848.6,1264.7113153250027,4789.0,7349.0,2560.0,0.7817000000000001,0.0815366993036471,0.671,0.93,0.259,87.54385811326566
27.6,49,4795,0.754,0,42.32,33.335259944322466,11.6,100.0,88.4,58.5,8.383184226639566,49.0,70.0,21.0,5597.3,1189.9654570149771,4789.0,7349.0,2560.0,0.7641,0.06281445339693492,0.671,0.882,0.21099999999999997,97.85714086005835
68.7,61,7308,0.815,1,44.19,34.32379964721586,11.6,100.0,88.4,58.3,8.287205667640839,49.0,70.0,21.0,5825.3,1283.5156623725093,4789.0,7349.0,2560.0,0.7574,0.05137271216857987,0.671,0.835,0.16399999999999992,119.80327672453645
35.8,52,7295,0.668,1,46.61,32.5795249266228,13.2,100.0,86.8,58.5,8.086339647138843,49.0,70.0,21.0,6073.6,1305.6894475078411,4789.0,7349.0,2560.0,0.7571000000000001,0.05193895990059636,0.668,0.835,0.16699999999999993,140.28845884060658
100.0,68,7281,0.782,2,52.44,36.57461779248903,13.2,100.0,86.8,59.2,8.612652191849985,49.0,70.0,21.0,6070.9,1302.8781344904562,4789.0,7349.0,2560.0,0.7617,0.05189958252883,0.668,0.835,0.16699999999999993,107.073527837154
23.6,49,4818,0.71,0,53.48,35.46590851319975,13.6,100.0,86.4,59.0,8.844332774281101,49.0,70.0,21.0,6073.8,1299.7362809431759,4795.0,7349.0,2554.0,0.753,0.052611785751865814,0.668,0.835,0.16699999999999993,98.32652860558106
20.3,65,5028,0.892,0,51.07,36.93968206564724,13.6,100.0,86.4,58.7,8.551153268549387,49.0,70.0,21.0,6097.1,1276.1386593069647,4795.0,7349.0,2554.0,0.7586999999999999,0.06427726399487503,0.668,0.892,0.22399999999999998,77.353844963787
100.0,63,7322,0.693,2,51.07000000000001,36.93968206564724,13.6,100.0,86.4,58.0,7.774602526460446,49.0,68.0,19.0,6099.8,1278.98013189329,4795.0,7349.0,2554.0,0.7503,0.06704898706667327,0.668,0.892,0.22399999999999998,116.22222037742507
21.6,46,7281,0.687,1,51.870000000000005,36.11546452390951,20.3,100.0,79.7,57.7,8.206366092518977,46.0,68.0,22.0,6346.7,1240.489155311104,4795.0,7349.0,2554.0,0.7487,0.068478788281078,0.668,0.892,0.22399999999999998,158.28260525472598
11.7,51,4789,0.797,0,43.04,33.757935692548145,11.7,100.0,88.3,56.1,7.738073260042106,46.0,68.0,22.0,6090.7,1274.3531736183302,4789.0,7322.0,2533.0,0.7517,0.07000960251597409,0.668,0.892,0.22399999999999998,93.90195894309885
100.0,67,7268,0.741,2,50.93,37.11385036463986,11.7,100.0,88.3,57.1,8.478076301719547,46.0,68.0,22.0,6318.5,1259.2480339913664,4789.0,7322.0,2533.0,0.7539,0.06920894290319715,0.668,0.892,0.22399999999999998,108.4776103212297
15.9,51,4990,0.766,0,49.760000000000005,38.1022950606506,11.7,100.0,88.3,57.3,8.287205667640846,46.0,68.0,22.0,6338.0,1234.2972809569778,4789.0,7322.0,2533.0,0.7551,0.06931482124657512,0.668,0.892,0.22399999999999998,97.84313533640912
100.0,68,7308,0.761,2,52.89,41.006000915854976,11.7,100.0,88.3,58.0,8.906926143924963,46.0,68.0,22.0,6338.0,1234.2972809569778,4789.0,7322.0,2533.0,0.7497,0.06616150273720134,0.668,0.892,0.22399999999999998,107.47058665484431
31.8,67,4818,1.001,0,52.489999999999995,41.210232008837444,11.7,100.0,88.3,59.5,9.046177830074637,46.0,68.0,22.0,6090.3,1268.9630981413302,4789.0,7322.0,2533.0,0.783,0.09705897405415156,0.687,1.001,0.31399999999999983,71.91044668790379
94.5,61,7295,0.79,1,51.94,40.53690225516046,11.7,100.0,88.3,58.8,8.573862088412183,46.0,68.0,22.0,6091.7,1270.4295905104082,4789.0,7322.0,2533.0,0.7837999999999999,0.09708278254493266,0.687,1.001,0.31399999999999983,119.59016197393177
39.1,55,7281,0.963,1,53.489999999999995,39.61880726232021,11.7,100.0,88.3,59.4,8.002777295692102,46.0,68.0,22.0,6338.0,1234.2972809569778,4789.0,7322.0,2533.0,0.8090999999999999,0.10805908877399678,0.687,1.001,0.31399999999999983,132.3818157748761
18.6,50,4818,0.825,0,53.32000000000001,39.780363665171805,11.7,100.0,88.3,57.9,8.238797107453157,46.0,68.0,22.0,6317.0,1260.5685666044194,4789.0,7322.0,2533.0,0.8024000000000001,0.10436176396447921,0.687,1.001,0.31399999999999983,96.35999807280004
18.1,47,7295,0.706,1,45.13,37.465481891113136,11.7,100.0,88.3,56.3,8.68011776673827,46.0,68.0,22.0,6314.3,1258.2034855742218,4789.0,7308.0,2519.0,0.8036999999999999,0.10291857623059707,0.687,1.001,0.31399999999999983,155.2127626550476
16.2,59,4996,0.841,0,44.59,37.87894313907565,11.7,100.0,88.3,57.6,7.904991390816922,47.0,68.0,21.0,6085.8,1270.5627624534463,4789.0,7308.0,2519.0,0.8191,0.0947106118658294,0.706,1.001,0.29499999999999993,84.67796466647518
23.6,48,4996,0.691,0,45.78,36.905278153071116,15.9,100.0,84.1,57.3,8.233400809440148,47.0,68.0,21.0,6106.5,1248.5839312330322,4818.0,7308.0,2490.0,0.8084999999999999,0.10302561709486448,0.691,1.001,0.30999999999999994,104.08333116493061
16.8,49,5002,0.664,1,37.46,32.43078784118569,15.9,100.0,84.1,55.5,7.835106182362172,47.0,68.0,21.0,5879.9,1219.6547280093432,4818.0,7308.0,2490.0,0.8008,0.11118533076704713,0.664,1.001,0.33699999999999986,102.08163056976265
36.8,62,4812,1.001,0,39.55,31.548419576545736,16.2,100.0,83.8,56.6,7.904991390816929,47.0,68.0,21.0,5862.1,1235.2839934381216,4812.0,7308.0,2496.0,0.8243,0.12675702917173545,0.664,1.001,0.33699999999999986,77.61290197398546
29.1,67,5034,0.751,0,32.459999999999994,23.35723537674022,16.2,94.5,78.3,56.5,7.7495519583751715,47.0,67.0,20.0,5634.7,1145.588354417832,4812.0,7295.0,2483.0,0.8233,0.12734995528507603,0.664,1.001,0.33699999999999986,75.13432723680108
16.8,52,4807,0.883,0,30.959999999999997,23.880126558384188,16.2,94.5,78.3,55.0,6.896053621859148,47.0,67.0,20.0,5633.6,1146.4646333644723,4807.0,7295.0,2488.0,0.8115,0.11380123998543275,0.664,1.001,0.33699999999999986,92.44230591457105
43.5,64,7308,0.921,1,25.860000000000003,10.499544963685269,16.2,43.5,27.3,55.3,7.24262076568673,47.0,67.0,20.0,5634.9,1148.5633006306332,4807.0,7308.0,2501.0,0.8245999999999999,0.11849444431420861,0.664,1.001,0.33699999999999986,114.18749821582034
100.0,75,7268,0.815,2,31.95,25.696357286155923,16.2,100.0,83.8,57.3,9.54579604968716,47.0,75.0,28.0,5633.6,1146.49865048134,4807.0,7308.0,2501.0,0.8098000000000001,0.1080717868414831,0.664,1.001,0.33699999999999986,96.9066653745778
41.4,57,4983,0.819,0,34.230000000000004,25.389895190366133,16.2,100.0,83.8,58.0,9.20144916122821,47.0,75.0,28.0,5650.1,1134.5820033043894,4807.0,7308.0,2501.0,0.8092,0.10799465007325268,0.664,1.001,0.33699999999999986,87.4210510978763
16.8,56,5002,0.893,0,34.1,25.484810290750747,16.2,100.0,83.8,58.9,8.412292592787486,48.0,75.0,27.0,5420.8,987.3668461564114,4807.0,7308.0,2501.0,0.8279,0.10426510015873404,0.664,1.001,0.33699999999999986,89.32142697640309
32.5,48,7295,0.702,1,35.73,24.72259650153633,16.8,100.0,83.2,57.8,9.089676684141352,48.0,75.0,27.0,5650.7,1134.1991839570633,4807.0,7308.0,2501.0,0.8140000000000001,0.11134930025225342,0.664,1.001,0.33699999999999986,151.9791635004341
32.4,58,4789,1.004,0,36.61,24.397333643021057,16.8,100.0,83.2,58.8,8.41691418777957,48.0,75.0,27.0,5630.0,1149.2644990988226,4789.0,7308.0,2519.0,0.8452999999999999,0.1167914095014396,0.664,1.004,0.33999999999999997,82.56896409363856
100.0,95,7349,0.847,2,44.93,30.35109553212196,16.8,100.0,83.2,63.4,13.500617269838687,48.0,95.0,47.0,5864.7,1242.6233942751876,4789.0,7349.0,2560.0,0.8635999999999999,0.09806256506264853,0.702,1.004,0.30200000000000005,77.35789392254848
19.3,55,5021,0.902,0,43.18,31.3596981277987,16.8,100.0,83.2,62.7,13.760248705762717,48.0,95.0,47.0,5885.6,1224.5770426287286,4789.0,7349.0,2560.0,0.8537000000000001,0.08702624125323488,0.702,1.004,0.30200000000000005,91.29090743107442
10.9,58,4996,0.881,0,41.36,32.764316633258815,10.9,100.0,89.1,61.8,13.742068419435432,48.0,95.0,47.0,5881.8,1227.5685814740502,4789.0,7349.0,2560.0,0.8667,0.07935160853931868,0.702,1.004,0.30200000000000005,86.13792954934604
13.4,48,4783,0.848,0,41.02,33.06377003441811,10.9,100.0,89.1,61.4,14.112248423109472,48.0,95.0,47.0,5879.4,1229.9245866673607,4783.0,7349.0,2566.0,0.8632,0.07932464938466174,0.702,1.004,0.30200000000000005,99.64583125737852
13.0,51,4795,0.753,0,37.970000000000006,34.19691506554353,10.9,100.0,89.1,60.1,14.441067981435614,48.0,95.0,47.0,5628.1,1160.3610022555627,4783.0,7349.0,2566.0,0.8464,0.08340823300689779,0.702,1.004,0.30200000000000005,94.01960599961558
17.2,61,5034,0.936,0,29.690000000000005,26.71443430057995,10.9,100.0,89.1,58.7,13.482910994621657,48.0,95.0,47.0,5404.7,1015.5757042737284,4783.0,7349.0,2566.0,0.8585,0.08704436927350193,0.702,1.004,0.30200000000000005,82.52458881107232
54.2,56,5028,0.718,1,30.970000000000006,27.62885166713315,10.9,100.0,89.1,58.6,13.500617269838713,48.0,95.0,47.0,5409.2,1013.5973121072686,4783.0,7349.0,2566.0,0.8484,0.0973826359151229,0.702,1.004,0.30200000000000005,89.78571268239799
30.1,56,4996,0.766,0,32.3,27.187537994864915,10.9,100.0,89.1,58.6,13.500617269838713,48.0,95.0,47.0,5408.6,1013.8668770822002,4783.0,7349.0,2566.0,0.8356999999999999,0.09918450819894381,0.702,1.004,0.30200000000000005,89.2142841211735
40.1,62,7295,0.945,1,33.06,27.299743588539446,10.9,100.0,89.1,60.0,12.995725793078636,48.0,95.0,47.0,5408.6,1013.8668770822002,4783.0,7349.0,2566.0,0.86,0.09231828998993753,0.718,1.004,0.28600000000000003,117.66128842481794
17.9,54,4812,0.786,0,31.610000000000003,27.72052789300139,10.9,100.0,89.1,59.6,13.125039682479713,48.0,95.0,47.0,5410.9,1012.3300351169914,4783.0,7349.0,2566.0,0.8382,0.07936665966680426,0.718,0.945,0.22699999999999998,89.11110946090538
16.3,59,5028,0.897,0,23.240000000000002,14.033626283561663,10.9,54.2,43.300000000000004,56.0,4.320493798938682,48.0,62.0,14.0,5178.8,750.9242897182427,4783.0,7295.0,2512.0,0.8432000000000001,0.08152818190321726,0.718,0.945,0.22699999999999998,85.22033753863835
39.0,50,7391,0.687,1,25.21,14.78185449198534,10.9,54.2,43.300000000000004,55.5,4.719934086168872,48.0,62.0,14.0,5415.8,1021.0138534265136,4783.0,7391.0,2608.0,0.8217000000000001,0.09197831870126175,0.687,0.945,0.2579999999999999,147.81999704360007
40.6,54,7308,0.662,1,28.18,14.569359018921373,13.0,54.2,41.2,55.1,4.653553003411115,48.0,62.0,14.0,5647.0,1166.7560918108625,4783.0,7391.0,2608.0,0.7998000000000001,0.10183406982821457,0.662,0.945,0.2829999999999999,135.33333082716055
100.0,62,7295,0.696,2,36.839999999999996,26.034387516001445,13.0,100.0,87.0,56.5,4.377975178854665,50.0,62.0,12.0,5898.2,1228.8328518467308,4795.0,7391.0,2596.0,0.7846,0.10513081797878722,0.662,0.945,0.2829999999999999,117.66128842481794
28.3,61,4818,0.829,0,38.37,24.902657154073555,16.3,100.0,83.7,57.5,4.11636301174291,50.0,62.0,12.0,5900.5,1226.5579888452041,4812.0,7391.0,2579.0,0.7922,0.10533945129912133,0.662,0.945,0.2829999999999999,78.98360526256386
42.7,61,7254,1.001,1,40.92,23.774019432986,16.3,100.0,83.7,57.5,4.11636301174291,50.0,62.0,12.0,6122.5,1252.9210536449089,4812.0,7391.0,2579.0,0.7987,0.1166019344226802,0.662,1.001,0.33899999999999986,118.91803083740933
100.0,68,7281,0.782,2,45.5,30.168342494888282,16.3,100.0,83.7,58.7,5.2291915670058415,50.0,68.0,18.0,6347.8,1236.7022277007559,4812.0,7391.0,2579.0,0.8051,0.11339258255184788,0.662,1.001,0.33899999999999986,107.073527837154
10.0,50,4996,0.867,0,43.489999999999995,31.92673731460122,10.0,100.0,90.0,58.1,5.877452206904373,50.0,68.0,18.0,6347.8,1236.7022277007559,4812.0,7391.0,2579.0,0.8152000000000001,0.11401929661245849,0.662,1.001,0.33899999999999986,99.91999800160005
45.9,63,7295,0.858,1,44.07,31.91098905114375,10.0,100.0,90.0,58.2,5.9591199946897975,50.0,68.0,18.0,6347.8,1236.7022277007559,4812.0,7391.0,2579.0,0.8065,0.10605580292154307,0.662,1.001,0.33899999999999986,115.79364895565637
25.3,62,7295,1.033,1,44.809999999999995,31.316962035151253,10.0,100.0,90.0,59.0,5.868938953886381,50.0,68.0,18.0,6596.1,1139.5354267809812,4818.0,7391.0,2573.0,0.8312000000000002,0.12737154749437093,0.662,1.033,0.3709999999999999,117.66128842481794
13.6,52,4783,0.773,0,44.540000000000006,31.60042897036534,10.0,100.0,90.0,58.3,6.272515001532085,50.0,68.0,18.0,6571.6,1178.9477605993598,4783.0,7391.0,2608.0,0.8188000000000001,0.1262852151106982,0.662,1.033,0.3709999999999999,91.98076746190833
100.0,63,7308,0.728,2,50.64,35.99429584438795,10.0,100.0,90.0,59.6,5.680375574437584,50.0,68.0,18.0,6563.3,1172.8142838678539,4783.0,7308.0,2525.0,0.8229,0.12212784740226468,0.662,1.033,0.3709999999999999,115.9999981587302
73.8,59,7336,0.817,1,53.96,36.49301911933888,10.0,100.0,90.0,60.1,5.342700108039458,50.0,68.0,18.0,6566.1,1174.8214474265253,4783.0,7336.0,2553.0,0.8384,0.10851543668989973,0.696,1.033,0.33699999999999997,124.33898094340711
15.2,52,4807,0.846,0,45.480000000000004,34.39834621347683,10.0,100.0,90.0,59.1,5.85851706682013,50.0,68.0,18.0,6317.3,1263.4156569483512,4783.0,7336.0,2553.0,0.8534,0.09632722010591228,0.728,1.033,0.30499999999999994,92.44230591457105
51.5,54,7308,0.987,1,47.8,33.889493619376644,10.0,100.0,90.0,58.4,6.0221812216726995,50.0,68.0,18.0,6566.3,1177.5467954843996,4783.0,7336.0,2553.0,0.8692,0.1044922112993196,0.728,1.033,0.30499999999999994,135.33333082716055
44.2,62,4990,0.826,0,47.95,33.867724721004954,10.0,100.0,90.0,58.5,6.078194176270206,50.0,68.0,18.0,6339.9,1246.273061750296,4783.0,7336.0,2553.0,0.8516999999999999,0.0941040204596287,0.728,1.033,0.30499999999999994,80.483869669615
12.8,51,4795,0.663,0,39.230000000000004,29.97988399651408,10.0,100.0,90.0,56.8,5.473166867139752,50.0,63.0,13.0,6091.3,1285.0333372242833,4783.0,7336.0,2553.0,0.8398,0.11006745406542333,0.663,1.033,0.3699999999999999,94.01960599961558
15.7,50,4789,0.97,0,39.8,29.411184569441843,12.8,100.0,87.2,56.8,5.473166867139752,50.0,63.0,13.0,6070.6,1306.131455014302,4783.0,7336.0,2553.0,0.8501,0.11746625993118953,0.663,1.033,0.3699999999999999,95.77999808440005
15.4,56,4990,0.909,0,36.75,30.277026494246943,12.8,100.0,87.2,56.1,5.021066730398233,50.0,63.0,13.0,5840.1,1268.903853287899,4783.0,7336.0,2553.0,0.8552,0.11894517878230745,0.663,1.033,0.3699999999999999,89.10714126594391
20.6,59,4996,0.909,0,36.28,30.510100331238185,12.8,100.0,87.2,55.8,4.709328803319928,50.0,63.0,13.0,5610.2,1181.255621973679,4783.0,7336.0,2553.0,0.8428000000000001,0.10385652496486385,0.663,0.987,0.32399999999999995,84.67796466647518
36.5,55,4983,0.694,0,38.57,29.45999358829223,12.8,100.0,87.2,56.1,4.532597979574776,50.0,63.0,13.0,5630.2,1167.304758835489,4789.0,7336.0,2547.0,0.8349,0.11240843187036825,0.663,0.987,0.32399999999999995,90.59999835272731
33.5,55,4996,0.902,0,31.919999999999998,20.057849668729045,12.8,73.8,61.0,55.3,3.831158803518689,50.0,62.0,12.0,5399.0,1017.4077080720461,4789.0,7336.0,2547.0,0.8523,0.10737685453061308,0.663,0.987,0.32399999999999995,90.83636198479343
21.7,51,7308,0.661,1,26.71,13.743398415239344,12.8,51.5,38.7,54.5,3.8078865529320938,50.0,62.0,12.0,5396.2,1011.5060059139388,4789.0,7308.0,2519.0,0.8367000000000001,0.12323604270756944,0.661,0.987,0.32599999999999996,143.2941148373703
32.1,48,7295,0.674,1,28.4,13.199074041596932,12.8,51.5,38.7,54.1,4.280446497997999,48.0,62.0,14.0,5645.0,1147.3433081108058,4789.0,7308.0,2519.0,0.8195,0.13337936705336145,0.661,0.987,0.32599999999999996,151.9791635004341
100.0,64,7281,0.743,2,33.25,25.659447036563787,12.8,100.0,87.2,55.1,5.300943312279522,48.0,64.0,16.0,5642.3,1143.0186204374131,4789.0,7308.0,2519.0,0.7951,0.1210844058222745,0.661,0.97,0.30899999999999994,113.76562322241215
44.1,59,7308,0.897,1,33.239999999999995,25.654724494503714,12.8,100.0,87.2,54.8,4.939635614091491,48.0,64.0,16.0,5874.1,1227.9238530498865,4789.0,7308.0,2519.0,0.8022,0.12511221629667724,0.661,0.97,0.30899999999999994,123.86440468026433
52.5,67,7308,1.001,1,37.21,25.208087326623268,15.4,100.0,84.6,56.4,6.040603354706359,48.0,67.0,19.0,6125.4,1239.6356274683665,4789.0,7308.0,2519.0,0.836,0.12892633555639305,0.661,1.001,0.33999999999999986,109.07462523769216
61.4,76,7295,0.959,1,41.779999999999994,25.017007548199327,15.4,100.0,84.6,59.0,8.192137151629703,48.0,76.0,28.0,6376.0,1191.8363049419959,4983.0,7308.0,2325.0,0.8349,0.1276970807984431,0.661,1.001,0.33999999999999986,95.98684084227841
47.0,52,7295,0.94,1,44.94,23.247805153270665,20.6,100.0,79.4,58.6,8.448537019968509,48.0,76.0,28.0,6606.5,1114.377080605035,4983.0,7308.0,2325.0,0.8379999999999999,0.1300504175737654,0.661,1.001,0.33999999999999986,140.28845884060658
25.8,51,4990,0.669,1,45.459999999999994,22.694453556369574,21.7,100.0,78.3,57.8,8.778762251403517,48.0,76.0,28.0,6605.9,1115.3417463320977,4983.0,7308.0,2325.0,0.8140000000000001,0.13742796092660417,0.661,1.001,0.33999999999999986,97.84313533640912
100.0,70,7295,0.752,2,51.81,28.139432593189525,21.7,100.0,78.3,59.3,9.499122766515539,48.0,76.0,28.0,6837.1,971.9627850672,4990.0,7308.0,2318.0,0.8198000000000001,0.13295178741851324,0.661,1.001,0.33999999999999986,104.21428422551023
9.8,53,4783,0.926,0,49.440000000000005,30.73156900214053,9.8,100.0,90.2,59.1,9.620002310002059,48.0,76.0,28.0,6815.8,1018.0343587303856,4783.0,7308.0,2525.0,0.8221999999999999,0.13480422017792143,0.661,1.001,0.33999999999999986,90.24528131612678
35.6,52,7295,0.996,1,50.83,29.632154082272624,9.8,100.0,90.2,59.2,9.531235200352835,48.0,76.0,28.0,6814.5,1017.344063945171,4783.0,7308.0,2525.0,0.8557,0.13188719927776485,0.669,1.001,0.33199999999999985,140.28845884060658
100.0,100,7281,0.924,2,57.620000000000005,32.503702353219,9.8,100.0,90.2,64.4,15.225709251861536,51.0,100.0,49.0,6813.1,1016.6187365751169,4783.0,7308.0,2525.0,0.8807,0.11640356046482536,0.669,1.001,0.33199999999999985,72.80999927190001
22.6,57,5034,0.792,0,49.88,30.440608841918028,9.8,100.0,90.2,63.7,15.405987292103168,51.0,100.0,49.0,6588.4,1142.2681335347281,4783.0,7308.0,2525.0,0.8855999999999999,0.11086247737123785,0.669,1.001,0.33199999999999985,88.31578792428442
40.5,52,7308,0.659,1,49.519999999999996,30.53769255635825,9.8,100.0,90.2,63.0,15.797327481430377,51.0,100.0,49.0,6588.4,1142.2681335347281,4783.0,7308.0,2525.0,0.8618,0.13172682170140995,0.659,1.001,0.34199999999999986,140.53845883579888
41.7,54,5028,0.699,1,48.44,30.611479328295438,9.8,100.0,90.2,61.7,15.96558799418299,51.0,100.0,49.0,6360.4,1208.3125239587519,4783.0,7308.0,2525.0,0.8316000000000001,0.1308834935692373,0.659,0.996,0.33699999999999997,93.11110938683132
100.0,70,7308,0.791,2,52.3,34.60096337772486,9.8,100.0,90.2,61.1,15.473633488399983,51.0,100.0,49.0,6361.7,1209.436236893506,4783.0,7308.0,2525.0,0.8148,0.12327458060047104,0.659,0.996,0.33699999999999997,104.39999850857146
27.5,48,7308,0.666,1,50.35,35.47137343455035,9.8,100.0,90.2,60.7,15.783606122246663,48.0,100.0,52.0,6363.0,1210.5573555644214,4783.0,7308.0,2525.0,0.7874000000000001,0.12280445160226615,0.659,0.996,0.33699999999999997,152.24999682812506
66.5,55,7295,0.67,1,54.42,34.66736537757392,9.8,100.0,90.2,61.1,15.559562975867932,48.0,100.0,52.0,6593.5,1137.3084454096095,4783.0,7308.0,2525.0,0.7875000000000001,0.12269768629530964,0.659,0.996,0.33699999999999997,132.63636122479343
18.6,50,7377,0.663,1,46.28,32.24795600757759,9.8,100.0,90.2,59.1,15.573838462127595,48.0,100.0,52.0,6601.7,1143.2085500419037,4783.0,7377.0,2594.0,0.7786,0.12864265751815523,0.659,0.996,0.33699999999999997,147.53999704920005
100.0,100,7433,0.921,2,55.3,33.500945260295595,18.6,100.0,81.4,63.8,19.99333222185169,48.0,100.0,52.0,6866.7,968.5884402916957,5028.0,7433.0,2405.0,0.7781,0.12801427871747592,0.659,0.996,0.33699999999999997,74.3299992567
100.0,61,7295,0.674,2,61.739999999999995,35.427679072223036,18.6,100.0,81.4,64.7,19.60187065902979,48.0,100.0,52.0,6866.7,968.5884402916957,5028.0,7433.0,2405.0,0.7459,0.10566030475065015,0.659,0.924,0.265,119.59016197393177
97.7,67,4812,0.823,0,61.510000000000005,35.158133245855346,18.6,100.0,81.4,61.4,15.305772331596561,48.0,100.0,52.0,6619.8,1149.1070736300817,4812.0,7433.0,2621.0,0.7358,0.09048118281966018,0.659,0.921,0.262,71.82089445043441
22.0,61,4818,0.932,0,61.45,35.232347826015214,18.6,100.0,81.4,61.8,15.230087181482437,48.0,100.0,52.0,6598.2,1183.736062923948,4812.0,7433.0,2621.0,0.7498,0.10906552566640444,0.659,0.932,0.273,78.98360526256386
49.5,54,5028,0.666,1,62.35,34.74936450258218,18.6,100.0,81.4,62.0,15.099668870541501,48.0,100.0,52.0,6370.2,1249.5755546051146,4812.0,7433.0,2621.0,0.7505000000000001,0.10843866674044216,0.663,0.932,0.269,93.11110938683132
71.2,56,7295,0.662,1,65.3,34.046602049413025,18.6,100.0,81.4,62.2,14.994813918300036,48.0,100.0,52.0,6596.9,1182.8767616845619,4812.0,7433.0,2621.0,0.7468000000000001,0.11099229202466784,0.662,0.932,0.27,130.26785481664547
44.1,56,5021,0.726,1,59.71,32.25834775682082,18.6,100.0,81.4,60.8,14.838388651662216,48.0,100.0,52.0,6368.2,1249.3348274626478,4812.0,7433.0,2621.0,0.7403000000000001,0.11001520096988752,0.662,0.932,0.27,89.66071268463014
29.7,56,7268,0.681,1,59.93000000000001,32.02089769024091,18.6,100.0,81.4,61.6,14.27663203357929,50.0,100.0,50.0,6364.2,1246.0512563026234,4812.0,7433.0,2621.0,0.7418,0.10898705325761433,0.662,0.932,0.27,129.78571196811228
12.7,50,4996,0.664,0,54.55,35.1601178736488,12.7,100.0,87.3,61.1,14.616961228502857,50.0,100.0,50.0,6134.3,1267.1418450811098,4812.0,7433.0,2621.0,0.7412,0.1094418160992927,0.662,0.932,0.27,99.91999800160005
49.4,68,4812,0.736,0,57.629999999999995,32.939947041716664,12.7,100.0,87.3,62.9,14.200547720266126,50.0,100.0,50.0,5877.8,1247.089393570304,4812.0,7433.0,2621.0,0.7485,0.10602751215290103,0.662,0.932,0.27,70.76470484169552
33.9,58,7281,0.87,1,51.019999999999996,29.993214047328763,12.7,100.0,87.3,58.7,5.638163609624103,50.0,68.0,18.0,5862.6,1226.7889612951153,4812.0,7295.0,2483.0,0.7434000000000001,0.09770840973700068,0.662,0.932,0.27,125.5344805942331
40.7,48,7268,0.782,1,45.089999999999996,24.6128895770758,12.7,97.7,85.0,57.4,6.4841687550869045,48.0,68.0,20.0,5859.9,1223.310939849533,4812.0,7295.0,2483.0,0.7542,0.09511957387064734,0.662,0.932,0.27,151.41666351215284
15.9,56,5002,0.97,0,36.910000000000004,17.848961999075506,12.7,71.2,58.5,56.3,5.53875236653335,48.0,68.0,20.0,5878.9,1206.5881604295982,4812.0,7295.0,2483.0,0.7689,0.11600043103368239,0.662,0.97,0.30799999999999994,89.32142697640309
45.4,52,7295,0.693,1,39.25,17.19911173416931,12.7,71.2,58.5,55.4,5.420127099780867,48.0,68.0,20.0,6126.6,1218.786846736451,4812.0,7295.0,2483.0,0.745,0.10249769645108149,0.662,0.97,0.30799999999999994,140.28845884060658
22.1,54,5028,0.751,1,36.510000000000005,17.563437400842997,12.7,71.2,58.5,55.4,5.420127099780867,48.0,68.0,20.0,6126.6,1218.786846736451,4812.0,7295.0,2483.0,0.7535000000000001,0.09867145258663097,0.662,0.97,0.30799999999999994,93.11110938683132
53.9,58,7322,0.751,1,34.779999999999994,14.31920233656727,12.7,53.9,41.2,55.6,5.481281277625295,48.0,68.0,20.0,6129.3,1221.6892721874008,4812.0,7322.0,2510.0,0.7624,0.0933728487778382,0.664,0.97,0.30599999999999994,126.24137713376936
14.6,51,4996,0.881,0,31.830000000000002,15.197591183400647,12.7,53.9,41.2,55.1,5.665686189686227,48.0,68.0,20.0,6126.8,1224.2321675237924,4812.0,7322.0,2510.0,0.7779,0.09933383668776297,0.664,0.97,0.30599999999999994,97.96078239292584
21.0,51,4812,0.662,0,30.96,15.577348226761108,12.7,53.9,41.2,54.6,5.796550698475891,48.0,68.0,20.0,5881.2,1216.1810720447813,4812.0,7322.0,2510.0,0.776,0.1015502065209348,0.662,0.97,0.30799999999999994,94.35293932641297
19.6,51,4812,0.803,0,31.65,14.812701006606137,14.6,53.9,39.3,54.7,5.716448003592712,48.0,68.0,20.0,5862.8,1232.3460733269842,4812.0,7322.0,2510.0,0.7899,0.09372827155607247,0.662,0.97,0.30799999999999994,94.35293932641297
100.0,67,7322,0.775,2,36.71,25.981551146919557,14.6,100.0,85.4,54.6,5.460972644339428,48.0,67.0,19.0,6113.8,1250.0295818721886,4812.0,7322.0,2510.0,0.7938000000000001,0.09203236145810616,0.662,0.97,0.30799999999999994,109.28358045845403
22.9,52,4964,0.757,1,35.61,26.34406743251479,14.6,100.0,85.4,54.0,5.374838498865835,48.0,67.0,19.0,5882.1,1224.1096946125529,4812.0,7322.0,2510.0,0.7825,0.08850643416661248,0.662,0.97,0.30799999999999994,95.46153662573968
40.3,50,7281,0.684,1,35.57,26.335782586519848,14.6,100.0,85.4,54.2,5.159672685570631,50.0,67.0,17.0,5883.4,1225.750853785364,4812.0,7322.0,2510.0,0.7727,0.09383324452334506,0.662,0.97,0.30799999999999994,145.61999708760007
42.3,55,7308,0.89,1,38.209999999999994,25.453332023747056,14.6,100.0,85.4,54.1,5.130518708885454,50.0,67.0,17.0,6114.0,1257.9984984976034,4812.0,7322.0,2510.0,0.7647,0.07705272365220041,0.662,0.89,0.22799999999999998,132.87272485685955
49.5,61,7295,0.88,1,38.62,25.614527128174668,14.6,100.0,85.4,55.0,5.49747416749033,50.0,67.0,17.0,6114.0,1257.9984984976034,4812.0,7322.0,2510.0,0.7834,0.08033983376189488,0.662,0.89,0.22799999999999998,119.59016197393177
100.0,62,7322,0.732,2,46.410000000000004,31.256446446204293,14.6,100.0,85.4,55.8,5.90291829898107,50.0,67.0,17.0,6343.4,1247.0706297381748,4812.0,7322.0,2510.0,0.7815000000000001,0.08140877648564016,0.662,0.89,0.22799999999999998,118.09677228876174
49.5,56,7281,0.889,1,45.970000000000006,31.17014419101846,14.6,100.0,85.4,55.6,5.85377371160415,50.0,67.0,17.0,6339.3,1243.558250433905,4812.0,7322.0,2510.0,0.7953,0.08715764771697025,0.662,0.89,0.22799999999999998,130.01785482110975
62.2,62,7405,0.951,1,50.730000000000004,29.43346734586312,19.6,100.0,80.4,56.7,5.926400443964546,50.0,67.0,17.0,6580.2,1186.445091673263,4812.0,7405.0,2593.0,0.8023,0.09705445207030201,0.662,0.951,0.2889999999999999,119.435481944589
19.6,46,7281,0.802,1,50.589999999999996,29.593484643301544,19.6,100.0,80.4,56.2,6.629898608241049,46.0,67.0,21.0,6827.1,1023.2769202691849,4812.0,7405.0,2593.0,0.8163,0.08375367321961208,0.684,0.951,0.2669999999999999,158.28260525472598
100.0,68,7281,0.757,2,58.629999999999995,31.120770127574296,19.6,100.0,80.4,57.9,7.294594650226414,46.0,68.0,22.0,7074.0,742.343286866392,4964.0,7405.0,2441.0,0.8117000000000001,0.08580345758378945,0.684,0.951,0.2669999999999999,107.073527837154
100.0,67,7281,0.762,2,58.629999999999995,31.120770127574296,19.6,100.0,80.4,57.9,7.294594650226414,46.0,68.0,22.0,7069.9,740.9332628516838,4964.0,7405.0,2441.0,0.8103999999999999,0.08651679348863657,0.684,0.951,0.2669999999999999,108.67164016908
41.1,50,7308,0.718,1,60.45,29.27658336167866,19.6,100.0,80.4,57.7,7.498888806572216,46.0,68.0,22.0,7304.3,38.415997825658096,7281.0,7405.0,124.0,0.8065,0.09000030864144531,0.684,0.951,0.2669999999999999,146.15999707680007
43.8,65,4996,0.775,0,60.8,29.02879796187051,19.6,100.0,80.4,59.2,7.284687135812156,46.0,68.0,22.0,7075.8,731.7304907622437,4996.0,7405.0,2409.0,0.8156000000000001,0.0803177024903796,0.718,0.951,0.23299999999999998,76.86153727905328
47.9,59,4807,0.867,0,61.36,28.684227179564644,19.6,100.0,80.4,59.6,7.136759301905431,46.0,68.0,22.0,6825.7,1015.8139648140027,4807.0,7405.0,2598.0,0.8133000000000001,0.0782532214459346,0.718,0.951,0.23299999999999998,81.47457489026145
15.4,47,7391,0.669,1,57.95,32.077068652439564,15.4,100.0,84.6,58.2,8.134972512416892,46.0,68.0,22.0,6835.3,1021.1813474816694,4807.0,7405.0,2598.0,0.7922,0.08630282601269638,0.669,0.951,0.2819999999999999,157.2553158030784
58.6,56,7308,0.671,1,53.81,28.52147144404234,15.4,100.0,84.6,57.6,8.04432166879917,46.0,68.0,22.0,6833.9,1020.4492964702852,4807.0,7405.0,2598.0,0.7861,0.09293181490868578,0.669,0.951,0.2819999999999999,130.4999976696429
47.9,60,7268,0.833,1,53.65,28.552806828362204,15.4,100.0,84.6,58.0,8.055363982396422,46.0,68.0,22.0,6832.6,1019.8245164951065,4807.0,7405.0,2598.0,0.7805,0.08757504718176828,0.669,0.951,0.2819999999999999,121.13333131444449
11.9,48,4795,0.742,0,48.62,31.18816727186401,11.9,100.0,88.1,56.6,8.487899884214317,46.0,68.0,22.0,6571.6,1178.668759424999,4795.0,7391.0,2596.0,0.7596,0.0641771852850475,0.669,0.867,0.19799999999999995,99.89583125217018
15.3,55,4990,0.709,0,48.190000000000005,31.65882183531143,11.9,100.0,88.1,57.5,7.677528537520732,47.0,68.0,21.0,6342.5,1246.1800520880738,4795.0,7391.0,2596.0,0.7503,0.06408856718982503,0.669,0.867,0.19799999999999995,90.72727107768598
14.5,49,4812,0.664,0,39.64,27.366329677178037,11.9,100.0,88.1,55.6,7.121173436387595,47.0,67.0,20.0,6095.6,1283.6031924062656,4795.0,7391.0,2596.0,0.741,0.06952537506391547,0.664,0.867,0.20299999999999996,98.20407962848817
40.5,62,7281,0.996,1,33.69,17.459887361225,11.9,58.6,46.7,55.1,6.367451958550277,47.0,65.0,18.0,6095.6,1283.6031924062656,4795.0,7391.0,2596.0,0.7644,0.10677723436097203,0.664,0.996,0.33199999999999996,117.43548197684707
91.6,60,7322,0.787,1,38.739999999999995,25.358023056487053,11.9,91.6,79.69999999999999,56.1,6.261877602693317,47.0,65.0,18.0,6097.0,1285.0792452867129,4795.0,7391.0,2596.0,0.7713,0.10566934802065937,0.664,0.996,0.33199999999999996,122.03333129944448
100.0,79,7268,0.813,2,44.36,31.969784345708444,11.9,100.0,88.1,57.5,9.300537618869178,47.0,79.0,32.0,6324.2,1269.5449578490757,4795.0,7391.0,2596.0,0.7751,0.10649720914444494,0.664,0.996,0.33199999999999996,91.99999883544305
23.7,62,5034,0.774,0,41.940000000000005,32.582108246363866,11.9,100.0,88.1,57.8,9.402127418834565,47.0,79.0,32.0,6346.9,1241.1136083731017,4795.0,7391.0,2596.0,0.7658,0.10152481907833695,0.664,0.996,0.33199999999999996,81.19354707752343
45.5,68,4990,0.859,0,44.95,31.219732008245362,11.9,100.0,88.1,59.9,9.06090503205945,48.0,79.0,31.0,6106.8,1248.902611628839,4795.0,7322.0,2527.0,0.7847999999999999,0.09914725300167321,0.664,0.996,0.33199999999999996,73.38235186202424
25.6,58,4783,1.001,0,41.65,31.36035182625765,11.9,100.0,88.1,60.1,8.987027688099491,48.0,79.0,31.0,5854.3,1234.2258977458932,4783.0,7322.0,2539.0,0.8177999999999999,0.111242278134009,0.664,1.001,0.33699999999999986,82.46551581956008
24.9,55,4818,0.851,0,39.35,31.69269982538909,11.9,100.0,88.1,59.6,9.131143289740782,48.0,79.0,31.0,5609.3,1163.564547223545,4783.0,7322.0,2539.0,0.8196,0.11166039783398679,0.664,1.001,0.33699999999999986,87.59999840727276
54.0,71,7308,1.001,1,43.56,30.411481749862435,14.5,100.0,85.5,61.9,8.774331250237177,49.0,79.0,30.0,5860.6,1237.1976577913629,4783.0,7322.0,2539.0,0.8455,0.12128410173362744,0.664,1.001,0.33699999999999986,102.92957601507639
100.0,93,7281,0.888,2,52.029999999999994,33.32193305050313,14.5,100.0,85.5,65.7,12.771931029496722,49.0,93.0,44.0,6089.7,1269.7613992837835,4783.0,7322.0,2539.0,0.8634000000000001,0.11173301511489829,0.664,1.001,0.33699999999999986,78.29032173881374
18.9,52,4996,0.661,0,52.470000000000006,32.79620743656517,18.9,100.0,81.1,66.0,12.364824660660895,52.0,93.0,41.0,6108.1,1250.3742950723913,4783.0,7322.0,2539.0,0.8631,0.11233031647778541,0.661,1.001,0.33999999999999986,96.07692122928998
34.3,56,5002,0.701,0,51.85,33.10479152965946,18.9,100.0,81.1,65.4,12.720936373640948,52.0,93.0,41.0,5880.2,1220.168549377044,4783.0,7322.0,2539.0,0.8335999999999999,0.11228653822549842,0.661,1.001,0.33999999999999986,89.32142697640309
10.1,50,4789,0.729,0,43.699999999999996,32.25268292027114,10.1,100.0,89.9,64.4,13.55810540681188,50.0,93.0,43.0,5626.9,1148.4106360047642,4783.0,7308.0,2525.0,0.8277999999999999,0.11638422955404475,0.661,1.001,0.33999999999999986,95.77999808440005
61.5,64,4842,0.919,0,39.85,26.585386545577503,10.1,100.0,89.9,62.9,12.556096350201969,50.0,93.0,43.0,5384.3,1011.2662084952759,4783.0,7308.0,2525.0,0.8384,0.11966731661847475,0.661,1.001,0.33999999999999986,75.65624881787112
20.7,51,4789,0.704,0,39.55,26.803907260778978,10.1,100.0,89.9,61.8,13.113182510571392,50.0,93.0,43.0,5359.8,1023.5886543594056,4783.0,7308.0,2525.0,0.8314,0.12574595200022987,0.661,1.001,0.33999999999999986,93.90195894309885
100.0,70,7295,0.762,2,45.0,32.977803983217996,10.1,100.0,89.9,62.0,13.232955494186132,50.0,93.0,43.0,5590.3,1178.8199419570117,4783.0,7308.0,2525.0,0.8217000000000001,0.12711416565871347,0.661,1.001,0.33999999999999986,104.21428422551023
16.1,54,4996,0.658,0,44.05,33.727082754236314,10.1,100.0,89.9,61.6,13.426342266852375,50.0,93.0,43.0,5611.6,1164.4488634352017,4789.0,7308.0,2519.0,0.7874000000000001,0.11939960915625583,0.658,1.001,0.34299999999999986,92.51851680521266
43.6,63,7295,0.986,1,45.92,33.05913220612748,10.1,100.0,89.9,62.4,13.226236552146384,50.0,93.0,43.0,5859.3,1238.0070050062052,4789.0,7308.0,2519.0,0.8009000000000001,0.13411475186073513,0.658,1.001,0.34299999999999986,115.79364895565637
19.9,51,5002,0.662,0,42.51,33.88154036902354,10.1,100.0,89.9,60.4,13.293273152655495,50.0,93.0,43.0,5628.7,1149.8028864887044,4789.0,7295.0,2506.0,0.767,0.12001944286934013,0.658,0.986,0.32799999999999996,98.07842944944257
42.2,71,7363,1.001,1,36.730000000000004,27.26931731207555,10.1,100.0,89.9,58.2,8.1076095942845,50.0,71.0,21.0,5636.9,1163.1111965566897,4789.0,7363.0,2574.0,0.7783,0.13682109161642864,0.658,1.001,0.34299999999999986,103.7042238914898
100.0,91,7349,0.862,2,44.839999999999996,32.863360212316046,10.1,100.0,89.9,62.1,12.810152223919893,50.0,91.0,41.0,5872.2,1253.5426066419348,4789.0,7363.0,2574.0,0.7983999999999999,0.1323658230477604,0.658,1.001,0.34299999999999986,80.75824087078857
20.7,53,4818,0.786,0,43.480000000000004,33.62068807544933,10.1,100.0,89.9,61.8,13.002563849743884,50.0,91.0,41.0,5853.8,1268.9902197329052,4789.0,7363.0,2574.0,0.8069,0.12807588896171357,0.658,1.001,0.34299999999999986,90.90565866215739
52.0,57,7295,0.68,1,47.67,31.54531308733153,16.1,100.0,83.9,62.5,12.474418267442806,51.0,91.0,40.0,6104.4,1282.7176185306298,4789.0,7363.0,2574.0,0.8019999999999999,0.13225648482315588,0.658,1.001,0.34299999999999986,127.98245389504467
46.8,55,4818,0.701,0,46.2,31.16950076240828,16.1,100.0,83.9,61.6,12.677188612271692,51.0,91.0,40.0,6102.0,1285.3617735442774,4789.0,7363.0,2574.0,0.7802,0.12874850592444873,0.658,1.001,0.34299999999999986,87.59999840727276
33.9,54,4812,0.747,0,47.519999999999996,30.235108363916435,16.1,100.0,83.9,61.9,12.431590583849047,51.0,91.0,40.0,6104.3,1282.7692309998713,4812.0,7363.0,2551.0,0.7845,0.12662126379263655,0.658,1.001,0.34299999999999986,89.11110946090538
100.0,94,7308,0.907,2,47.519999999999996,30.235108363916435,16.1,100.0,83.9,64.3,15.979500757046312,51.0,94.0,43.0,6105.6,1284.1158826211915,4812.0,7363.0,2551.0,0.799,0.13194864320804647,0.658,1.001,0.34299999999999986,77.74468002399277
38.1,54,4990,0.657,0,49.720000000000006,28.44209712536823,19.9,100.0,80.1,64.3,15.979500757046312,51.0,94.0,43.0,6105.0,1284.6932188918365,4812.0,7363.0,2551.0,0.7988999999999999,0.13206770149350552,0.657,1.001,0.34399999999999986,92.40740569615916
100.0,70,7349,0.766,2,55.36,32.40902480619985,19.9,100.0,80.1,65.0,16.069294390925233,51.0,94.0,43.0,6110.4,1290.3519933206862,4812.0,7363.0,2551.0,0.7769,0.11460700967509242,0.657,1.001,0.34399999999999986,104.9857127859184
53.3,65,7295,0.777,1,58.7,29.978473758496715,20.7,100.0,79.3,66.4,15.30577233159651,53.0,94.0,41.0,6339.7,1275.1477517875728,4812.0,7363.0,2551.0,0.7884,0.10733561074188433,0.657,1.001,0.34399999999999986,112.23076750414204
12.7,51,4783,0.677,0,55.75,33.074167496031464,12.7,100.0,87.3,64.4,15.93179908931259,51.0,94.0,43.0,6081.7,1305.7372587503542,4783.0,7349.0,2566.0,0.756,0.08192272781916847,0.657,0.907,0.25,93.78431188658213
16.0,51,4789,0.904,0,47.349999999999994,31.20097042650352,12.7,100.0,87.3,60.4,13.318324886327792,51.0,94.0,43.0,5825.7,1280.3737345009808,4783.0,7349.0,2566.0,0.7602,0.08875284033013739,0.657,0.907,0.25,93.90195894309885
71.0,76,7281,1.0,1,52.379999999999995,30.473296142323814,12.7,100.0,87.3,62.7,13.872835166452289,51.0,94.0,43.0,6072.0,1301.708876823078,4783.0,7349.0,2566.0,0.7816,0.11697692080064358,0.657,1.0,0.34299999999999997,95.80263031838645
10.6,51,4789,0.672,0,48.239999999999995,33.21917786125613,10.6,100.0,89.4,62.1,14.270793795565664,51.0,94.0,43.0,5821.4,1281.1613828432687,4783.0,7349.0,2566.0,0.7808,0.11777360579613017,0.657,1.0,0.34299999999999997,93.90195894309885
21.4,53,7405,1.001,1,45.7,34.295156768525935,10.6,100.0,89.4,61.9,14.39482931858211,51.0,94.0,43.0,6080.1,1316.7337915379014,4783.0,7405.0,2622.0,0.8108000000000001,0.13247876140054315,0.657,1.001,0.34399999999999986,139.71697849590606
18.1,51,4789,0.652,0,44.12,35.2498636719191,10.6,100.0,89.4,61.6,14.607456239119044,51.0,94.0,43.0,6077.8,1319.212711346346,4783.0,7405.0,2622.0,0.8013,0.1407125122763111,0.652,1.001,0.34899999999999987,93.90195894309885
38.3,53,7295,0.697,1,37.95,29.275672494410703,10.6,100.0,89.4,57.5,9.288583195395251,51.0,76.0,25.0,6076.5,1317.8714530130267,4783.0,7405.0,2622.0,0.7803,0.13884287682284782,0.652,1.001,0.34899999999999987,137.64150683695271
100.0,61,7308,0.717,2,44.14,35.24612508252966,10.6,100.0,89.4,58.2,9.25922962958228,51.0,76.0,25.0,6308.3,1309.3621899399934,4783.0,7405.0,2622.0,0.7863,0.13413927256566008,0.652,1.001,0.34899999999999987,119.80327672453645
16.0,48,4996,0.802,0,35.739999999999995,30.086032196574706,10.6,100.0,89.4,56.0,8.7432513657361,48.0,76.0,28.0,6073.0,1312.9812556840927,4783.0,7405.0,2622.0,0.7899,0.13401695580949607,0.652,1.001,0.34899999999999987,104.08333116493061
19.6,48,7214,0.674,1,32.370000000000005,29.78646411450077,10.6,100.0,89.4,54.3,8.446564061465862,48.0,76.0,28.0,6064.9,1304.8294439419187,4783.0,7405.0,2622.0,0.7796,0.1389845714858709,0.652,1.001,0.34899999999999987,150.29166353559035
55.5,75,4795,0.778,0,36.650000000000006,29.720933513079377,10.6,100.0,89.4,56.7,10.551987701113283,48.0,76.0,28.0,6066.1,1303.5244062838933,4789.0,7405.0,2616.0,0.7897000000000001,0.13429077075924126,0.652,1.001,0.34899999999999987,63.9333324808889
100.0,67,7322,0.752,2,45.05,34.69102509615729,10.6,100.0,89.4,58.3,10.801748829600644,48.0,76.0,28.0,6319.4,1273.5459857334517,4789.0,7405.0,2616.0,0.7745,0.12838851627428055,0.652,1.001,0.34899999999999987,109.28358045845403
22.4,52,4783,0.767,0,40.190000000000005,34.05001060531724,10.6,100.0,89.4,55.9,8.937436868464,48.0,75.0,27.0,6069.6,1308.4819193757828,4783.0,7405.0,2622.0,0.7512000000000001,0.10117619395007148,0.652,1.001,0.34899999999999987,91.98076746190833
35.1,70,4812,0.852,0,42.64,32.531939860867574,16.0,100.0,84.0,57.8,9.76160278278573,48.0,75.0,27.0,6071.9,1305.9986770454416,4783.0,7405.0,2622.0,0.7691999999999999,0.10153138540482125,0.652,1.001,0.34899999999999987,68.74285616081634
21.0,53,4789,0.701,0,42.6,32.56119025943469,16.0,100.0,84.0,57.8,9.76160278278573,48.0,75.0,27.0,5810.3,1270.8275562710169,4783.0,7322.0,2539.0,0.7392000000000001,0.06209097268435438,0.652,0.852,0.19999999999999996,90.3584888611606
24.7,65,4818,0.893,0,43.260000000000005,32.072632847612795,16.0,100.0,84.0,59.2,9.681597664297673,48.0,75.0,27.0,5813.2,1268.2685309770377,4783.0,7322.0,2539.0,0.7633,0.07066360056241558,0.674,0.893,0.21899999999999997,74.12307578272191
44.4,58,4818,0.858,0,43.87,32.02578995469457,16.0,100.0,84.0,59.7,9.452219022242614,48.0,75.0,27.0,5565.5,1185.921324915301,4783.0,7322.0,2539.0,0.7794,0.07220372412679164,0.674,0.893,0.21899999999999997,83.06896408501787
18.6,57,4990,0.656,0,35.730000000000004,25.94066091850563,16.0,100.0,84.0,59.3,9.475699915514932,48.0,75.0,27.0,5333.7,1022.8101865828968,4783.0,7322.0,2539.0,0.7733000000000001,0.08019566350149204,0.656,0.893,0.237,87.54385811326566
37.8,57,4818,0.811,0,37.91,24.997219845414723,18.6,100.0,81.4,60.2,8.6769170152128,48.0,75.0,27.0,5315.9,1030.8574047310572,4783.0,7322.0,2539.0,0.7742,0.08060300518246535,0.656,0.893,0.237,84.52631430655589
17.2,52,4807,0.824,0,37.67,25.203220693659947,17.2,100.0,82.8,60.6,8.126773310757773,52.0,75.0,23.0,5075.2,791.6813051277885,4783.0,7322.0,2539.0,0.7892,0.07353124808164505,0.656,0.893,0.237,92.44230591457105
13.3,52,4996,0.661,0,33.449999999999996,25.418114712849043,13.3,100.0,86.7,58.3,6.733828364641136,52.0,70.0,18.0,5095.3,786.3102370494992,4783.0,7322.0,2539.0,0.7775,0.08406512026069143,0.656,0.893,0.237,96.07692122928998
29.9,52,5028,0.67,1,26.439999999999998,10.038946381191849,13.3,44.4,31.099999999999998,56.8,6.2325311426775825,52.0,70.0,18.0,4865.9,96.9804676780342,4783.0,5028.0,245.0,0.7693,0.09057599632966362,0.656,0.893,0.237,96.69230583284028
14.7,49,4766,0.862,0,25.669999999999998,10.6593777179221,13.3,44.4,31.099999999999998,56.5,6.553201083779286,49.0,70.0,21.0,4864.2,98.72835909113415,4766.0,5028.0,262.0,0.7787999999999999,0.09517329223871378,0.656,0.893,0.237,97.26530413744278
68.4,65,4812,0.788,0,29.0,17.154979840656555,13.3,68.4,55.10000000000001,56.0,5.517648452415771,49.0,65.0,16.0,4864.2,98.72835909113415,4766.0,5028.0,262.0,0.7724,0.09179590888971575,0.656,0.893,0.237,74.03076809183435
52.1,61,5002,0.745,0,32.11,18.32281213254239,13.3,68.4,55.10000000000001,56.8,5.613475849339035,49.0,65.0,16.0,4885.5,103.56023475331786,4766.0,5028.0,262.0,0.7767999999999999,0.08900536812774626,0.656,0.893,0.237,81.99999865573773
100.0,63,7336,0.712,2,39.64,27.905921315097974,13.3,100.0,86.7,56.6,5.3166405433006485,49.0,65.0,16.0,5137.3,779.0937826874084,4766.0,7336.0,2570.0,0.7586999999999999,0.08077272642008279,0.656,0.862,0.20599999999999996,116.44444259611997
16.6,54,4996,0.76,0,36.86,28.750969065793562,13.3,100.0,86.7,56.2,5.349974039397189,49.0,65.0,16.0,5155.1,772.9976929676354,4766.0,7336.0,2570.0,0.7489000000000001,0.0729527244179426,0.656,0.862,0.20599999999999996,92.51851680521266
19.5,62,4996,0.821,0,36.95,28.688799595351117,13.3,100.0,86.7,56.7,5.657836257007853,49.0,65.0,16.0,5155.7,772.8576194875441,4766.0,7336.0,2570.0,0.7654,0.06810482117050765,0.661,0.862,0.20099999999999996,80.58064386160252
47.8,54,7268,0.664,1,37.95,28.895261049367715,13.3,100.0,86.7,56.4,5.719362823874065,49.0,65.0,16.0,5400.7,1006.8267036144186,4766.0,7336.0,2570.0,0.7506999999999999,0.07286677340645,0.661,0.862,0.20099999999999996,134.59259010013722
26.1,58,5009,0.824,0,38.839999999999996,28.316394936895087,13.3,100.0,86.7,57.0,5.517648452415748,49.0,65.0,16.0,5420.9,995.555060143709,4766.0,7336.0,2570.0,0.7506999999999999,0.07286677340645,0.661,0.862,0.20099999999999996,86.36206747651609
48.1,65,7281,1.022,1,42.32,26.933490098553563,14.7,100.0,85.3,58.3,5.73585215988009,49.0,65.0,16.0,5649.4,1139.0775215058795,4766.0,7336.0,2570.0,0.7868,0.10557335522438105,0.664,1.022,0.358,112.01538289207103
29.7,50,5002,0.751,0,42.3,26.943809843614968,14.7,100.0,85.3,58.1,6.008327554320017,49.0,65.0,16.0,5646.8,1140.6820376910862,4766.0,7336.0,2570.0,0.7949,0.09848570116180973,0.664,1.022,0.358,100.03999799920004
42.7,56,4990,0.739,0,45.1,25.152247524933994,16.6,100.0,83.4,58.8,5.181162460726878,50.0,65.0,15.0,5669.2,1123.5340869081022,4812.0,7336.0,2524.0,0.7826000000000001,0.09684145118009493,0.664,1.022,0.358,89.10714126594391
27.5,50,7281,0.663,1,41.010000000000005,24.2517101344305,16.6,100.0,83.4,57.3,5.3551636555551845,50.0,65.0,15.0,5916.1,1183.895214019285,4990.0,7336.0,2346.0,0.7701,0.1038786150594375,0.663,1.022,0.359,145.61999708760007
100.0,68,7241,0.739,2,45.8,30.588124057112847,16.6,100.0,83.4,58.0,6.271629240742355,50.0,68.0,18.0,6140.0,1203.3721138718677,4990.0,7336.0,2346.0,0.7695000000000001,0.10405687547362485,0.663,1.022,0.359,106.48529255168688
100.0,75,4703,0.922,0,45.8,30.588124057112847,16.6,100.0,83.4,59.2,8.189424074174418,50.0,75.0,25.0,5876.7,1200.6583425585918,4703.0,7281.0,2578.0,0.7905,0.11204686519488166,0.663,1.022,0.359,62.70666583057779
18.3,52,4818,0.817,0,45.97,30.412024303262264,18.3,100.0,81.7,59.0,8.353309390761165,50.0,75.0,25.0,5858.9,1216.382108275735,4703.0,7281.0,2578.0,0.7962,0.11177238776489751,0.663,1.022,0.359,92.65384437204146
36.2,47,7268,0.675,1,47.64,29.23263777203663,18.3,100.0,81.7,57.5,9.070709882791924,47.0,75.0,28.0,6086.1,1249.045720184458,4703.0,7281.0,2578.0,0.7816,0.1175586851085214,0.663,1.022,0.359,154.63829458216395
41.0,54,7281,0.704,1,46.96,29.307496196934416,18.3,100.0,81.7,57.5,9.070709882791924,47.0,75.0,28.0,6087.4,1250.4185254901213,4703.0,7281.0,2578.0,0.7856,0.11373087140750804,0.663,1.022,0.359,134.8333308364198
22.8,49,7308,0.946,1,46.629999999999995,29.58573417487994,18.3,100.0,81.7,56.6,9.453982112199036,47.0,75.0,28.0,6317.3,1241.4282142400034,4703.0,7308.0,2605.0,0.7978,0.12435504725493737,0.663,1.022,0.359,149.14285409912543
100.0,64,7322,0.755,2,51.82000000000001,34.08270333566069,18.3,100.0,81.7,56.5,9.360080721399399,47.0,75.0,28.0,6321.4,1245.0271036764227,4703.0,7322.0,2619.0,0.7711,0.0963874703706066,0.663,0.946,0.2829999999999999,114.40624821240237
17.8,57,5021,0.894,0,50.63,35.13241776163104,17.8,100.0,82.2,57.2,9.07744457432825,47.0,75.0,28.0,6323.3,1242.8023933389018,4703.0,7322.0,2619.0,0.7853999999999999,0.10342490566160131,0.663,0.946,0.2829999999999999,88.08771775284706
100.0,67,7281,0.727,2,56.36,38.231406519305985,17.8,100.0,82.2,58.3,9.569047322835631,47.0,75.0,28.0,6552.4,1179.2489323482425,4703.0,7322.0,2619.0,0.7842,0.10409055886315757,0.663,0.946,0.2829999999999999,108.67164016908
33.1,53,4812,0.676,0,56.92,37.800288064745814,17.8,100.0,82.2,58.6,9.323804659758503,47.0,75.0,28.0,6305.5,1265.095099631298,4703.0,7322.0,2619.0,0.7855000000000001,0.10247736877531122,0.675,0.946,0.2709999999999999,90.79245111712356
18.3,49,5054,0.664,1,48.75,36.25202676326436,17.8,100.0,82.2,56.7,9.129317852087636,47.0,75.0,28.0,6086.8,1274.4055520559818,4703.0,7322.0,2619.0,0.7779999999999999,0.10880767946754119,0.664,0.946,0.2819999999999999,103.14285503790093
100.0,68,7281,0.758,2,48.75,36.25202676326436,17.8,100.0,82.2,56.0,7.731609003162249,47.0,68.0,21.0,6344.6,1223.0920924716509,4812.0,7322.0,2510.0,0.7615999999999999,0.09633644746985069,0.664,0.946,0.2819999999999999,107.073527837154
11.1,50,4789,0.795,0,48.03,36.98801757927067,11.1,100.0,88.9,55.8,7.871185143011018,47.0,68.0,21.0,6341.7,1227.1415792627881,4789.0,7322.0,2533.0,0.7594,0.09517492667014182,0.664,0.946,0.2819999999999999,95.77999808440005
42.2,53,7308,0.853,1,48.63,36.823092090576836,11.1,100.0,88.9,56.4,7.336363010526665,49.0,68.0,19.0,6345.7,1230.556879357207,4789.0,7322.0,2533.0,0.7772,0.0942771328466127,0.664,0.946,0.2819999999999999,137.88678985119265
33.7,52,5028,0.662,1,47.9,37.062739600124786,11.1,100.0,88.9,56.2,7.435649863252746,49.0,68.0,19.0,6120.4,1246.4339533244442,4789.0,7322.0,2533.0,0.773,0.09873083498977352,0.662,0.946,0.2839999999999999,96.69230583284028
100.0,87,7308,0.867,2,55.620000000000005,39.230424701017576,11.1,100.0,88.9,60.0,11.78511301977582,49.0,87.0,38.0,6120.4,1246.4339533244442,4789.0,7322.0,2533.0,0.7651000000000001,0.08564325231252508,0.662,0.894,0.23199999999999998,83.99999903448277
20.8,47,4789,0.69,0,47.7,37.218304934832986,11.1,100.0,88.9,58.3,12.356284950492965,47.0,87.0,40.0,5867.1,1232.4119486239579,4789.0,7308.0,2519.0,0.7585999999999999,0.0888996937877503,0.662,0.894,0.23199999999999998,101.89361485332735
22.6,61,5009,0.868,0,48.18,36.818648656474075,11.1,100.0,88.9,58.7,12.37425643108398,47.0,87.0,40.0,5865.9,1233.3328333332277,4789.0,7308.0,2519.0,0.756,0.08478469463555717,0.662,0.868,0.20599999999999996,82.11475275221717
87.4,61,7308,0.787,1,46.92,35.01989275952856,11.1,100.0,88.9,58.1,12.068784344562493,47.0,87.0,40.0,5868.6,1236.799651430161,4789.0,7308.0,2519.0,0.762,0.08462728743010713,0.662,0.868,0.20599999999999996,119.80327672453645
13.1,50,4990,0.717,0,44.92,36.43919745426762,11.1,100.0,88.9,57.8,12.245634142646791,47.0,87.0,40.0,5886.4,1221.0845088599594,4789.0,7308.0,2519.0,0.7661,0.08090934570383315,0.662,0.868,0.20599999999999996,99.79999800400005
100.0,66,7363,0.762,2,53.09000000000001,38.88448562373188,11.1,100.0,88.9,59.5,12.066942906598667,47.0,87.0,40.0,6117.3,1263.7570133886072,4789.0,7363.0,2574.0,0.7759,0.07268570087101867,0.662,0.868,0.20599999999999996,111.56060437029387
51.3,61,4958,0.76,0,48.220000000000006,35.23495108238082,11.1,100.0,88.9,58.8,11.717034133640212,47.0,87.0,40.0,5885.0,1239.3493812839379,4789.0,7363.0,2574.0,0.7761,0.07263370812202587,0.662,0.868,0.20599999999999996,81.27868719215267
9.7,49,4789,0.714,0,48.08,35.40121780705027,9.7,100.0,90.3,58.7,11.804424782446853,47.0,87.0,40.0,5885.0,1239.3493812839379,4789.0,7363.0,2574.0,0.768,0.07477670463156091,0.662,0.868,0.20599999999999996,97.73469188296548
18.8,49,4818,0.951,0,45.74,36.586585276877294,9.7,100.0,90.3,58.3,12.083505745896437,47.0,87.0,40.0,5636.0,1169.8733074805718,4789.0,7363.0,2574.0,0.7777999999999999,0.09166824241069937,0.662,0.951,0.2889999999999999,98.32652860558106
12.1,59,4675,0.79,0,43.58,37.98718497364888,9.7,100.0,90.3,59.0,11.879019787470344,47.0,87.0,40.0,5600.7,1195.3069387306982,4675.0,7363.0,2688.0,0.7906,0.08214377639237183,0.69,0.951,0.261,79.23728679258836
10.8,48,4789,0.709,0,34.66,33.4711882735651,9.7,100.0,90.3,55.1,7.109461614246649,47.0,66.0,19.0,5348.8,1052.4192024938252,4675.0,7363.0,2688.0,0.7747999999999999,0.08100315494541685,0.69,0.951,0.261,99.77083125477435
11.2,48,4789,0.667,0,33.7,34.04562298511282,9.7,100.0,90.3,55.2,6.988880056521684,48.0,66.0,18.0,5348.8,1052.4192024938252,4675.0,7363.0,2688.0,0.7725000000000001,0.08395137481502879,0.667,0.951,0.2839999999999999,99.77083125477435
18.7,51,4996,0.762,0,33.31,34.20885038180094,9.7,100.0,90.3,54.2,6.779052703406129,48.0,66.0,18.0,5347.5,1052.8934999429828,4675.0,7363.0,2688.0,0.7619,0.0769537379064719,0.667,0.951,0.2839999999999999,97.96078239292584
26.0,54,4983,0.779,1,27.169999999999998,28.446677212715816,9.7,100.0,90.3,53.5,6.346477588220129,48.0,66.0,18.0,5115.0,797.635394288751,4675.0,7363.0,2688.0,0.7611,0.07670499042145663,0.667,0.951,0.2839999999999999,92.27777606893008
35.4,51,7268,0.66,1,29.399999999999995,28.093020090011283,9.7,100.0,90.3,53.6,6.292853089021114,48.0,66.0,18.0,5342.8,1044.927195762655,4675.0,7363.0,2688.0,0.7554000000000001,0.08226272275797704,0.66,0.951,0.2909999999999999,142.5098011272588
29.2,58,4824,0.943,0,22.32,13.405537827496797,9.7,51.3,41.599999999999994,52.8,4.894441291460996,48.0,61.0,13.0,5088.9,772.4527241916225,4675.0,7268.0,2593.0,0.7735000000000001,0.10153187786218834,0.66,0.951,0.2909999999999999,83.17241235909634
27.8,50,7268,0.671,1,19.97,9.142945064061614,9.7,35.4,25.7,51.7,4.001388647846431,48.0,59.0,11.0,5319.9,1031.0663789386876,4675.0,7268.0,2593.0,0.7646,0.10661998978719889,0.66,0.951,0.2909999999999999,145.35999709280006
86.7,69,5021,0.878,0,27.669999999999998,22.377719574016787,10.8,86.7,75.9,53.7,6.634087059355918,48.0,69.0,21.0,5343.1,1020.347702174751,4675.0,7268.0,2593.0,0.7809999999999999,0.1105139508538781,0.66,0.951,0.2909999999999999,72.76811488741863
100.0,68,7254,0.732,2,35.79,31.623600539962368,10.8,100.0,89.2,55.6,7.76316086827193,48.0,69.0,21.0,5586.7,1162.008993080507,4675.0,7268.0,2593.0,0.7591,0.09346710651346932,0.66,0.943,0.2829999999999999,106.6764690194637
53.4,59,7295,0.969,1,39.92,30.873930030942784,10.8,100.0,89.2,55.6,7.76316086827193,48.0,69.0,21.0,5848.7,1227.1482795489662,4789.0,7295.0,2506.0,0.777,0.11475771578997823,0.66,0.969,0.30899999999999994,123.64406570094805
35.2,57,4996,0.837,0,42.36,29.237654564695138,11.2,100.0,88.8,56.5,7.291547618075898,48.0,69.0,21.0,5869.4,1208.896852506445,4789.0,7295.0,2506.0,0.7898,0.11346149616108143,0.66,0.969,0.30899999999999994,87.64912126931367
26.6,53,5028,1.001,1,43.9,27.783448310099903,18.7,100.0,81.3,57.0,6.798692684790488,50.0,69.0,19.0,5893.3,1187.3341802355164,4824.0,7295.0,2471.0,0.8231999999999999,0.12212543642592216,0.66,1.001,0.34099999999999986,94.86792273834108
37.0,57,4812,0.797,0,45.73,26.51280822545949,26.0,100.0,74.0,57.6,6.467010300148246,50.0,69.0,19.0,5874.9,1204.0920461308367,4812.0,7295.0,2483.0,0.8267,0.12066947510543802,0.66,1.001,0.34099999999999986,84.42105115050788
28.3,61,7295,1.012,1,45.959999999999994,26.33199152699564,26.6,100.0,73.4,58.3,6.4126610874287815,50.0,69.0,19.0,6106.1,1235.3678219686465,4812.0,7295.0,2483.0,0.85,0.13236397630103802,0.66,1.012,0.352,119.59016197393177
42.7,56,4990,0.733,0,46.69,26.10693607283519,26.6,100.0,73.4,58.8,5.9591199946898215,50.0,69.0,19.0,5878.3,1207.0138588912496,4812.0,7295.0,2483.0,0.8573000000000001,0.12235562921255187,0.671,1.012,0.34099999999999997,89.10714126594391
35.7,53,5015,0.739,0,47.339999999999996,25.700851693626216,26.6,100.0,73.4,58.3,6.236986451805156,50.0,69.0,19.0,5897.4,1189.8661175854068,4812.0,7295.0,2483.0,0.8369,0.12348049778541131,0.671,1.012,0.34099999999999997,94.62263972410115
23.8,51,4996,0.675,1,46.94,26.067271945231603,23.8,100.0,76.2,58.4,6.095535707020064,51.0,69.0,18.0,5670.2,1113.5434731821863,4812.0,7295.0,2483.0,0.8373000000000002,0.12288843178536499,0.675,1.012,0.33699999999999997,97.96078239292584
48.0,52,4818,0.784,0,43.07,22.075680434964188,23.8,100.0,76.2,56.7,5.10010893129869,51.0,68.0,17.0,5649.9,1128.4441058377588,4812.0,7295.0,2483.0,0.8279,0.12302434266798014,0.675,1.012,0.33699999999999997,92.65384437204146
