Date,Time,Virtual Memory Committed [MB],Virtual Memory Available [MB],Virtual Memory Load [%],Physical Memory Used [MB],Physical Memory Available [MB],Physical Memory Load [%],Page File Usage [%],Page File Total [MB],Page File Used [MB],Core VIDs (avg) [V],Core 0 VID [V],Core 1 VID [V],Core 2 VID [V],Core 3 VID [V],Uncore VID [V],SA VID [V],Core Clocks (avg) [MHz],Core 0 Clock [MHz],Core 1 Clock [MHz],Core 2 Clock [MHz],Core 3 Clock [MHz],Bus Clock [MHz],Ring/LLC Clock [MHz],Core Effective Clocks (avg) [MHz],Core 0 T0 Effective Clock [MHz],Core 0 T1 Effective Clock [MHz],Core 1 T0 Effective Clock [MHz],Core 1 T1 Effective Clock [MHz],Core 2 T0 Effective Clock [MHz],Core 2 T1 Effective Clock [MHz],Core 3 T0 Effective Clock [MHz],Core 3 T1 Effective Clock [MHz],Average Effective Clock [MHz],Core Usage (avg) [%],Core 0 T0 Usage [%],Core 0 T1 Usage [%],Core 1 T0 Usage [%],Core 1 T1 Usage [%],Core 2 T0 Usage [%],Core 2 T1 Usage [%],Core 3 T0 Usage [%],Core 3 T1 Usage [%],Max CPU/Thread Usage [%],Total CPU Usage [%],On-Demand Clock Modulation [%],Core Utility (avg) [%],Core 0 T0 Utility [%],Core 0 T1 Utility [%],Core 1 T0 Utility [%],Core 1 T1 Utility [%],Core 2 T0 Utility [%],Core 2 T1 Utility [%],Core 3 T0 Utility [%],Core 3 T1 Utility [%],Total CPU Utility [%],Core Ratios (avg) [x],Core 0 Ratio [x],Core 1 Ratio [x],Core 2 Ratio [x],Core 3 Ratio [x],Uncore Ratio [x],Core Temperatures (avg) [°C],Core 0 [°C],Core 1 [°C],Core 2 [°C],Core 3 [°C],Core Distance to TjMAX (avg) [°C],Core 0 Distance to TjMAX [°C],Core 1 Distance to TjMAX [°C],Core 2 Distance to TjMAX [°C],Core 3 Distance to TjMAX [°C],CPU Package [°C],Core Max [°C],Core Thermal Throttling (avg) [Yes/No],Core 0 Thermal Throttling [Yes/No],Core 1 Thermal Throttling [Yes/No],Core 2 Thermal Throttling [Yes/No],Core 3 Thermal Throttling [Yes/No],Core Critical Temperature (avg) [Yes/No],Core 0 Critical Temperature [Yes/No],Core 1 Critical Temperature [Yes/No],Core 2 Critical Temperature [Yes/No],Core 3 Critical Temperature [Yes/No],Core Power Limit Exceeded (avg) [Yes/No],Core 0 Power Limit Exceeded [Yes/No],Core 1 Power Limit Exceeded [Yes/No],Core 2 Power Limit Exceeded [Yes/No],Core 3 Power Limit Exceeded [Yes/No],Package/Ring Thermal Throttling [Yes/No],Package/Ring Critical Temperature [Yes/No],Package/Ring Power Limit Exceeded [Yes/No],CPU Package [°C],CPU IA Cores [°C],CPU GT Cores (Graphics) [°C],VR VCC Current (SVID IOUT) [A],CPU Package Power [W],IA Cores Power [W],GT Cores Power [W],Total System Power [W],System Agent Power [W],Rest-of-Chip Power [W],PCH Power [W],PL1 Power Limit (Static) [W],PL1 Power Limit (Dynamic) [W],PL2 Power Limit (Static) [W],PL2 Power Limit (Dynamic) [W],Current cTDP Level [],Package C2 Residency [%],Package C3 Residency [%],Package C6 Residency [%],Package C7 Residency [%],Package C8 Residency [%],Package C9 Residency [%],Package C10 Residency [%],Core C0 Residency (avg) [%],Core 0 T0 C0 Residency [%],Core 0 T1 C0 Residency [%],Core 1 T0 C0 Residency [%],Core 1 T1 C0 Residency [%],Core 2 T0 C0 Residency [%],Core 2 T1 C0 Residency [%],Core 3 T0 C0 Residency [%],Core 3 T1 C0 Residency [%],Core C7 Residency (avg) [%],Core 0 C7 Residency [%],Core 1 C7 Residency [%],Core 2 C7 Residency [%],Core 3 C7 Residency [%],Memory Clock [MHz],Memory Clock Ratio [x],Tcas [T],Trcd [T],Trp [T],Tras [T],Trc [T],Trfc [T],Command Rate [T],Gear Mode [],IA Limit Reasons (avg) [Yes/No],IA: PROCHOT [Yes/No],IA: Thermal Event [Yes/No],IA: Residency State Regulation [Yes/No],IA: Running Average Thermal Limit [Yes/No],IA: VR Thermal Alert [Yes/No],IA: VR TDC [Yes/No],IA: Electrical Design Point/Other (ICCmax PL4 SVID DDR RAPL) [Yes/No],IA: Package-Level RAPL/PBM PL1 [Yes/No],IA: Package-Level RAPL/PBM PL2 PL3 [Yes/No],IA: Max Turbo Limit [Yes/No],IA: Turbo Attenuation (MCT) [Yes/No],GT Limit Reasons (avg) [Yes/No],GT: PROCHOT [Yes/No],GT: Thermal Event [Yes/No],GT: DDR RAPL [Yes/No],GT: Residency State Regulation [Yes/No],GT: Running Average Thermal Limit [Yes/No],GT: VR Thermal Alert [Yes/No],GT: VR TDC [Yes/No],GT: Max VR Voltage  ICCmax  PL4 [Yes/No],GT: Domain-Level PBM PLGT [Yes/No],GT: Package-Level RAPL/PBM PL1 [Yes/No],GT: Package-Level RAPL/PBM PL2 PL3 [Yes/No],GT: Inefficient Operation [Yes/No],GT: Fuses limit [Yes/No],Ring Limit Reasons (avg) [Yes/No],RING: PROCHOT [Yes/No],RING: Thermal Event [Yes/No],RING: DDR RAPL [Yes/No],RING: Residency State Regulation [Yes/No],RING: Running Average Thermal Limit [Yes/No],RING: VR Thermal Alert [Yes/No],RING: VR TDC [Yes/No],RING: Max VR Voltage  ICCmax  PL4 [Yes/No],RING: Package-Level RAPL/PBM PL1 [Yes/No],RING: Package-Level RAPL/PBM PL2 PL3 [Yes/No],PCH Temperature [°C],Temp0 [°C],Temp1 [°C],Temp2 [°C],Temp3 [°C],Temp4 [°C],Temp5 [°C],Temp6 [°C],Other (Docking) [RPM],Other (Docking) [RPM],AC Adapter Rating [W],Drive Temperature [°C],Drive Remaining Life [%],Drive Available Spare [%],Drive Failure [Yes/No],Drive Warning [Yes/No],Total Host Writes [GB],Total Host Reads [GB],Read Activity [%],Write Activity [%],Total Activity [%],Read Rate [MB/s],Write Rate [MB/s],Read Total [MB],Write Total [MB],GPU Core Temperature [°C],iGPU VID [V],IGPU Power [W],GPU Clock [MHz],GPU Memory Clock [MHz],GPU Total Usage [%],GPU Computing Usage [%],GPU Media Engine Usage [%],GPU D3D Utilizations (avg) [%],GPU D3D Usage [%],GPU Video Decode 0 Usage [%],GPU Video Decode 1 Usage [%],GPU Video Processing 0 Usage [%],GPU Copy Engine Usage [%],GPU Memory Usage [%],GPU Memory Allocated [MB],GPU Memory Available [MB],GPU D3D Memory Dynamic [MB],GPU Throttle Reasons (avg) [Yes/No],Avg. Power (PL1) [Yes/No],Burst Power (PL2) [Yes/No],Current (PL4) [Yes/No],Thermal [Yes/No],Power Supply [Yes/No],Software Limit [Yes/No],Hardware Limit [Yes/No],Battery Voltage [V],Remaining Capacity [Wh],Charge Level [%],Charge Rate [W],Wear Level [%],Estimated Remaining Time [mins],Framerate Presented (avg) [FPS],Framerate Presented (99%) [FPS],Framerate Presented (1%) [FPS],Framerate Presented (0.1%) [FPS],Framerate Presented (1% low) [FPS],Framerate Presented (0.1% low) [FPS],Framerate Displayed (avg) [FPS],Framerate Displayed (99%) [FPS],Framerate Displayed (1%) [FPS],Framerate Displayed (0.1%) [FPS],Framerate Displayed (1% low) [FPS],Framerate Displayed (0.1% low) [FPS],Frame Time Presented (avg) [ms],Frame Time Presented (99%) [ms],Frame Time Presented (1%) [ms],Frame Time Presented (0.1%) [ms],Frame Time Displayed (1% high) [ms],Frame Time Displayed (0.1% high) [ms],GPU Busy (avg) [ms],GPU Wait (avg) [ms],CPU Busy (avg) [ms],CPU Wait (avg) [ms],Animation Error (avg) [ms],Total DL [MB],Total UP [MB],Current DL rate [KB/s],Current UP rate [KB/s],Total Errors []
1.7.2026,38:28.2,18609,4616,80.1,6830,1084,86.2,19.8,15311,3029,0.674,0.667,0.672,0.68,0.677,0.656,0.711,1302.1,1277.5,1277.5,1375.8,1277.5,98.3,1080.9,317.5,424.1,356.3,357,308,267.7,224.3,287.8,315.2,317.5,19.4,26.5,22.5,21.4,18.5,16.1,13.6,17.8,19,26.5,19.4,100,14.4,19.3,16.6,16.1,13.7,12.3,10.2,13.1,14.2,14.4,13.2,13,13,14,13,11,47,48,47,46,46,53,52,53,54,54,50,48,No,No,No,No,No,No,No,No,No,No,No,No,No,No,No,No,No,No,64,64,53,16.504,5.709,2.315,0.271,3.878,1.455,0.813,0.473,64,61,64,64,0,20.6,0,0,0,0,0,0,20.3,27.3,23.4,22.3,19.4,17.1,14.5,18.8,19.9,57.3,47.2,57,66.4,58.8,2096.4,21.33,36,39,39,90,129,598,1,2,Yes,No,No,No,No,No,No,No,No,No,Yes,No,Yes,No,No,No,No,No,No,No,No,No,No,No,No,Yes,No,No,No,No,No,No,No,No,No,No,No,52,54,48,48,42,48,54,51,4812,5215,65,53,55,100,No,No,34667,80106,2.8,3.5,6.3,1.601,0.131,491529,181862,52,0.755,0.271,600,2096,6.4,5,0,2.6,7,0,2,4.2,0,31.8,1256,2700,1257,No,No,No,No,No,No,No,No,8.168,27.086,92.3,6.902,43.5,59.6,23.3,45.6,15.3,15.1,15.1,15.1,23.6,60,15,15,15,15,42.99,65.22,21.94,21.76,66.53,66.53,4.39,16.57,42.61,0.38,19.82,818,43,177,9.9,0
1.7.2026,38:30.2,18626,4599,80.1,6859,1055,86.6,19.8,15311,3026,0.929,1.02,0.927,0.802,0.967,0.893,0.763,3341.1,3734.2,3439.4,2555,3635.9,98.3,3439.4,1249.6,1497.5,1181.8,1231.5,1058.3,1330.3,1175.7,1393.6,1127.8,1249.6,37.8,45.4,35.8,37.7,32.3,40,35.2,41.7,34.4,45.4,37.8,100,55,65.7,52.4,54.2,46.6,58.6,51.9,61.4,49.6,55,34,38,35,26,37,35,59,59,61,56,59,41,41,39,44,41,61,61,No,No,No,No,No,No,No,No,No,No,No,No,No,No,No,No,No,No,53,51,51,3.809,16.394,12.408,0.469,7.378,1.646,1.131,0.485,64,61,64,64,0,3.3,0,0,0,0,0,0,37.9,45.4,35.7,37.8,32.4,40,35.2,41.8,34.6,24.9,21.3,30.1,24.4,23.7,2096.4,21.33,36,39,39,90,129,598,1,2,Yes,No,No,No,No,No,No,No,No,No,Yes,No,Yes,No,No,No,No,No,No,No,No,No,No,No,No,Yes,No,No,No,No,No,No,No,No,No,No,No,53,55,48,48,42,48,54,51,4818,5194,65,52,55,100,No,No,34668,80106,47,26.7,73.7,78.565,59.496,491679,181976,51,0.745,0.469,700,2096,7.3,5.6,0,2.8,7.9,0,1.9,4.2,0,31.9,1261,2696,1261,No,No,No,No,No,No,No,No,8.167,27.086,92.3,6.877,43.5,59.6,37,83.9,14.9,14.9,14.9,14.9,37,62.1,15,15,15,15,27.02,67.08,11.92,10.14,67.19,67.19,0.52,0,27.02,0,5.76,819,43,405.6,12.1,0
1.7.2026,38:32.2,18664,4561,80.3,7057,857,89.1,19.8,15311,3026,1.001,1.02,0.987,1.007,0.987,0.893,0.763,3734.2,3734.2,3734.2,3734.2,3734.2,98.3,3439.4,921.4,1013.4,872.8,954.1,884.4,943.5,904.6,940.4,857.9,921.4,41.1,44.9,40.6,43.5,39.2,42,40,41.4,37,44.9,41.1,100,40.8,45,38.8,42.4,39,41.7,39.9,41.7,37.8,40.8,38,38,38,38,38,35,64,64,63,63,65,36,36,37,37,35,64,65,No,No,No,No,No,No,No,No,No,No,No,No,No,No,No,No,No,No,75,75,53,15.489,10.645,6.815,0.506,5.971,1.614,1.123,0.49,64,60,64,64,0,4.4,0,0,0,0,0,0,41,44.7,40.4,43.5,39.1,41.9,39.9,41.5,36.9,32.3,29.8,32.2,32.5,34.8,2096.4,21.33,36,39,39,90,129,598,1,2,Yes,No,No,No,No,No,No,No,No,No,Yes,No,No,No,No,No,No,No,No,No,No,No,No,No,No,No,No,No,No,No,No,No,No,No,No,No,No,53,55,48,48,42,48,54,51,4807,5187,65,53,55,100,No,No,34668,80107,79.3,0.1,79.5,142.332,0.332,491951,181977,52,0.777,0.506,900,2096,9.7,8.1,0,3.3,10.4,0,2,4.1,0,33,1304,2653,1304,No,No,No,No,No,No,No,No,8.167,27.094,92.3,6.885,43.5,59.6,47.4,81.3,15,14.9,14.9,14.9,46.3,61.4,15,15,15,15,21.1,66.87,12.3,10.94,67.06,67.06,0.87,0.4,21.1,0,5.44,820,43,461.2,14.4,0
1.7.2026,38:34.2,18697,4528,80.5,7273,641,91.8,19.8,15311,3026,0.831,1.02,0.977,0.66,0.665,0.891,0.761,2505.8,3734.2,3734.2,1277.5,1277.5,98.3,3439.4,3039.6,3216.3,3051.8,3175.6,2881.3,2941,3141,3015.1,2894.6,3039.6,86.3,88,83.7,86.8,85.2,83.7,90,87.9,85.1,90,86.3,100,134.3,138.2,131.3,133.6,131.3,132.6,142,135.3,130,134.3,25.5,38,38,13,13,35,62,64,69,56,59,38,36,31,44,41,73,69,No,No,No,No,No,No,No,No,No,No,No,No,No,No,No,No,No,No,57,57,54,4.063,27.401,23.234,0.283,11.04,1.938,1.481,0.489,64,60,64,64,0,0,0,0,0,0,0,0,82.9,86.9,82.5,86.9,79.2,78.9,84.2,83.9,80.8,0.8,0.3,0.1,1.5,1.4,2096.4,21.33,36,39,39,90,129,598,1,2,Yes,No,No,No,No,No,No,No,No,No,Yes,No,No,No,No,No,No,No,No,No,No,No,No,No,No,No,No,No,No,No,No,No,No,No,No,No,No,56,57,48,48,42,48,54,51,4812,5180,65,53,55,100,No,No,34668,80107,100,75,100,271.281,0.563,492527,181978,54,0.722,0.283,600,2096,5.2,4.1,0,1.9,5.4,0,2.2,1.9,0,33,1307,2650,1307,No,No,No,No,No,No,No,No,8.167,27.094,92.3,6.836,43.5,59.6,46.1,62.6,19.9,19.9,19.9,19.9,45,62.3,20,20,20,20,21.69,50.18,15.97,15.96,50.19,50.19,0.39,0,21.69,0,5.47,820,43,178.2,22.6,0
1.7.2026,38:36.2,18703,4522,80.5,7190,724,90.8,19,15311,2907,0.978,1.01,0.987,1.007,0.907,0.891,0.763,3635.9,3734.2,3734.2,3734.2,3341.1,98.3,3439.4,901.1,1064,817.2,1582.7,723.5,828.3,669.8,867.3,656.1,901.1,41.1,47.1,38.8,64.1,30.9,38.9,32,42.9,33.9,64.1,41.1,100,41.4,47,36.6,76.3,31.2,38.3,31.2,40.3,30.6,41.4,37,38,38,38,34,35,58,58,59,55,59,42,42,41,45,41,59,59,No,No,No,No,No,No,No,No,No,No,No,No,No,No,No,No,No,No,56,56,54,4.824,11.213,7.627,0.226,6.206,1.649,1.124,0.492,64,60,64,64,0,1.5,0,0,0,0,0,0,41.1,47.2,38.9,60.3,32.9,39.7,32.6,42.8,33.9,25.5,23.9,18.6,30.7,28.9,2096.4,21.33,36,39,39,90,129,598,1,2,Yes,No,No,No,No,No,No,No,No,No,Yes,No,No,No,No,No,No,No,No,No,No,No,No,No,No,No,No,No,No,No,No,No,No,No,No,No,No,56,57,48,48,42,48,54,51,4812,5201,65,53,55,100,No,No,34668,80107,19.9,0.3,20.2,40.91,1.187,492597,181980,53,0.722,0.226,600,2096,5.4,4.5,0,1.6,5.7,0,2.4,0,0,33.5,1324,2632,1325,No,No,No,No,No,No,No,No,8.168,27.102,92.3,6.869,43.5,59.6,31.7,214.6,18,17.9,17.9,17.9,31.7,60.4,19.9,19.8,19.8,19.8,31.53,55.97,4.68,4.47,56.33,56.33,2.3,5.02,31.04,0.48,15.47,822,43,1061.9,12.1,0
1.7.2026,38:38.2,18688,4537,80.4,7205,709,91,18.3,15311,2808,0.747,0.712,0.667,0.802,0.805,0.658,0.708,2039.1,1768.8,1277.5,2555,2555,98.3,1179.2,658.4,768.3,679.4,659.1,591.2,711.1,578.4,721.6,557.7,658.4,32.7,37.6,34.4,32.9,31,33.5,29,35.6,27.7,37.6,32.7,100,29.3,34.2,30.8,29.3,26.3,31.5,25.7,32.1,24.7,29.3,20.8,18,13,26,26,12,51,53,51,50,49,49,47,49,50,51,53,53,No,No,No,No,No,No,No,No,No,No,No,No,No,No,No,No,No,No,55,52,52,1.016,8.306,4.789,0.288,5.309,1.54,0.964,0.489,64,60,64,64,0,6.7,0,0,0,0,0,0,32.7,37.6,34.3,32.8,31,33.5,28.9,35.6,27.7,35,29.4,37.2,36.8,36.6,2096.4,21.33,36,39,39,90,129,598,1,2,Yes,No,No,No,No,No,No,No,No,No,Yes,No,No,No,No,No,No,No,No,No,No,No,No,No,No,No,No,No,No,No,No,No,No,No,No,No,No,55,57,48,48,42,48,54,51,4812,5208,65,53,55,100,No,No,34668,80107,21.4,0.2,21.6,47.398,0.397,492688,181981,52,0.725,0.288,600,2096,7.3,6.6,0,2,7.6,0,2.5,0,0,33.3,1316,2641,1317,No,No,No,No,No,No,No,No,8.171,27.102,92.3,6.88,43.5,59.6,38.1,115.4,19.1,18.6,18.5,18.5,38.3,62.2,20,20,20,20,26.24,52.22,8.67,7.23,53.84,53.84,3.07,2.43,25.85,0.39,13.38,823,43,257.2,17.3,0
1.7.2026,38:40.2,18739,4486,80.6,7206,708,91,18.3,15311,2809,0.684,0.675,0.685,0.677,0.7,0.656,0.763,1449.5,1375.8,1474,1375.8,1572.3,98.3,1179.2,570.9,764.8,622.3,644.9,479.1,615.3,437.1,569.5,434.2,570.9,31,39.6,32.6,36,26.2,33.8,24.3,30.2,25,39.6,31,100,25.4,33.8,27.9,28.6,21.3,27.3,19.4,25.4,19.3,25.4,14.8,14,15,14,16,12,50,53,51,50,48,50,47,49,50,52,53,53,No,No,No,No,No,No,No,No,No,No,No,No,No,No,No,No,No,No,56,56,53,5.586,8.122,4.177,0.511,5.129,1.575,1.045,0.487,64,59,64,64,0,9.8,0,0,0,0,0,0,31.4,39.9,32.9,36.4,26.7,34.3,24.7,30.7,25.4,42,35,42.1,45.4,45.6,2096.4,21.33,36,39,39,90,129,598,1,2,Yes,No,No,No,No,No,No,No,No,No,Yes,No,Yes,No,No,No,No,No,No,No,No,No,No,No,No,Yes,No,No,No,No,No,No,No,No,No,No,No,56,57,48,48,42,48,54,51,4812,5194,65,53,55,100,No,No,34668,80107,5.9,1.3,7.2,2.679,0.817,492693,181982,53,0.725,0.511,600,2096,11.4,10.5,0,2.8,11.9,0,2.3,0,0,34.1,1349,2608,1349,No,No,No,No,No,No,No,No,8.171,27.109,92.3,6.872,43.5,59.6,44.8,128.9,19.1,17.7,17.6,17.6,45,62.5,20,20,20,20,22.33,52.48,7.64,7.62,56.9,56.9,4.06,6.24,21.84,0.49,9.21,823,43,49.4,10.7,0
1.7.2026,38:42.2,18693,4532,80.4,7013,901,88.6,19,15311,2915,0.937,0.955,0.987,1.007,0.797,0.893,0.761,3365.7,3439.4,3734.2,3734.2,2555,98.3,3439.4,1026.3,1170.1,1049.6,1000,1013.5,1103.4,910.1,1029.3,934.1,1026.3,47.6,52.8,47.3,46.8,47,50.5,42.4,49.5,44.3,52.8,47.6,100,45.2,51.6,46.6,44,44.6,48.6,40.1,45.3,40.7,45.2,34.2,35,38,38,26,35,55,58,55,55,53,45,42,45,45,47,58,58,No,No,No,No,No,No,No,No,No,No,No,No,No,No,No,No,No,No,56,54,53,3.555,11.616,7.705,0.532,6.164,1.698,1.26,0.484,64,59,64,64,0,1.7,0,0,0,0,0,0,47.7,52.8,47.2,47.1,47.2,50.6,42.5,49.9,44.6,19.8,16.5,21,21.2,20.4,2096.4,21.33,36,39,39,90,129,598,1,2,Yes,No,No,No,No,No,No,No,No,No,Yes,No,No,No,No,No,No,No,No,No,No,No,No,No,No,No,No,No,No,No,No,No,No,No,No,No,No,56,57,48,48,42,48,54,51,4818,5208,65,54,55,100,No,No,34668,80107,27,76.7,100,39.637,59.29,492769,182095,54,0.722,0.532,600,2096,11.2,10,0,3.2,11.6,0,2.7,1.6,0,33.6,1330,2627,1330,No,No,No,No,No,No,No,No,8.168,27.109,92.3,6.853,43.5,59.6,41.5,213,19.3,18.9,18.9,18.9,40,62.4,20,20,20,20,24.07,51.6,4.66,3.64,52.84,52.84,3.55,4.73,23.56,0.51,13.98,823,43,0.2,0.7,0
1.7.2026,38:44.2,18699,4526,80.5,6920,994,87.4,19.7,15311,3019,0.894,0.667,0.91,1.007,0.99,0.891,0.703,3046.3,1375.8,3341.1,3734.2,3734.2,98.3,3439.4,839.7,1015,882.5,927.3,695.7,821.6,734,910.3,730.7,839.7,35.5,43.7,36.7,40.1,28.9,35.2,30.1,39.3,30.2,43.7,35.5,100,37.8,45.5,40,41.5,31.7,37.1,33,40.9,33,37.9,31,14,34,38,38,35,60,62,61,56,59,40,38,39,44,41,62,62,No,No,No,No,No,No,No,No,No,No,No,No,No,No,No,No,No,No,55,52,53,2.031,10.474,6.881,0.306,6.013,1.591,1.023,0.491,64,59,64,64,0,4.4,0,0,0,0,0,0,35.9,43.9,36.9,40.6,29.2,35.7,30.5,39.5,30.7,28.1,21.1,28.8,30.7,31.8,1048.2,10.67,20,20,20,45,129,299,1,2,Yes,No,No,No,No,No,No,No,No,No,Yes,No,No,No,No,No,No,No,No,No,No,No,No,No,No,No,No,No,No,No,No,No,No,No,No,No,No,56,57,49,48,42,49,55,52,4812,5208,65,54,55,100,No,No,34668,80107,19.6,25.3,44.9,8.372,54.599,492785,182199,53,0.725,0.306,600,1048,6.2,4.9,0,2.3,6.8,0,2.1,2.7,0,33.8,1335,2621,1336,No,No,No,No,No,No,No,No,8.169,27.117,92.4,6.846,43.5,59.6,34.8,63.9,4.9,4.1,4,4,33.7,62.5,4.9,4.1,4,4,28.75,202.38,15.66,15.56,250.6,250.6,0.36,0,28.75,0,15.06,824,43,881.3,12.3,0
1.7.2026,38:46.2,18707,4518,80.5,6949,966,87.7,19.7,15311,3019,0.986,1.02,0.947,0.985,0.99,0.893,0.763,3660.5,3734.2,3537.6,3635.9,3734.2,98.3,3439.4,587.1,713.7,638.6,578.6,516.1,575.7,479.2,627.6,567.2,587.1,26.6,32.4,29.3,26,23.2,26.1,21.6,28.6,25.6,32.4,26.6,100,26.6,32.1,29.1,26.3,23.6,25.9,21.7,28.3,25.5,26.6,37.2,38,36,37,38,35,60,61,61,58,60,40,39,39,42,40,62,61,No,No,No,No,No,No,No,No,No,No,No,No,No,No,No,No,No,No,58,58,53,3.047,8.592,5.195,0.247,5.249,1.47,0.845,0.484,64,59,64,64,0,13,0,0,0,0,0,0,26.7,32.6,29.3,26.1,23.4,26.3,21.8,28.7,25.6,42.8,33.5,46.3,46.3,45.3,2096.4,21.33,36,39,39,90,129,598,1,2,Yes,No,No,No,No,No,No,No,No,No,Yes,No,No,No,No,No,No,No,No,No,No,No,No,No,No,No,No,No,No,No,No,No,No,No,No,No,No,56,56,49,48,42,49,55,52,4818,5221,65,54,55,100,No,No,34668,80107,13.4,0.5,13.9,12.049,0.565,492808,182200,52,0.725,0.247,600,2096,5.8,4.9,0,1.7,6.1,0,2.3,0,0,33.4,1322,2634,1323,No,No,No,No,No,No,No,No,8.172,27.117,92.4,6.848,43.5,59.6,27.6,75.2,19.6,19.6,19.6,19.6,23.1,30.1,20,20,20,20,36.2,51.05,13.29,12.65,51.09,51.09,0.35,0,36.2,0,20.6,824,43,0,0,0
1.7.2026,38:48.2,18682,4543,80.4,6938,977,87.6,19.7,15311,3019,0.669,0.665,0.67,0.667,0.675,0.653,0.708,1277.5,1277.5,1277.5,1277.5,1277.5,98.3,1080.9,449.8,621.5,496.7,487.4,367.5,462,358.6,473.9,330.5,449.8,27,37.2,30.2,29.8,22.7,27.4,21.2,27.8,20,37.2,27,100,20.4,27.9,22.7,22,16.7,20.9,16.2,21.4,15,20.4,13,13,13,13,13,11,50,52,49,49,48,50,48,51,51,52,52,52,No,No,No,No,No,No,No,No,No,No,No,No,No,No,No,No,No,No,54,52,52,1.523,6.709,3.254,0.263,4.769,1.479,0.886,0.491,64,58,64,64,0,15.3,0,0,0,0,0,0,27.2,37.3,30.3,30,22.8,27.7,21.4,28.2,20.1,46.2,36.9,47.6,51.1,49.3,2096.4,21.33,36,39,39,90,129,598,1,2,Yes,No,No,No,No,No,No,No,No,No,Yes,No,No,No,No,No,No,No,No,No,No,No,No,No,No,No,No,No,No,No,No,No,No,No,No,No,No,54,56,49,48,42,49,55,52,4812,5194,65,55,55,100,No,No,34668,80107,2.2,0.1,2.3,0.679,0.113,492809,182201,51,0.725,0.263,600,2096,7.7,6.9,0,2.1,8.2,0,2.5,0,0,33.2,1313,2643,1314,No,No,No,No,No,No,No,No,8.169,27.124,92.4,6.837,43.5,59.6,45.6,86.6,20.9,18.9,18.6,18.6,46.1,62,23.2,20.3,20,20,21.93,47.67,11.58,11.3,53.6,53.6,2.74,1.76,21.4,0.53,8.2,826,43,807.4,10.4,0
1.7.2026,38:50.3,18705,4520,80.5,7010,904,88.5,19.7,15311,3019,0.798,0.78,0.805,0.805,0.802,0.723,0.766,2505.8,2358.4,2555,2555,2555,98.3,2161.9,713.6,834.5,665.4,739.1,667.9,785.3,636,740.1,640.3,713.6,35.6,42.4,33.2,37,33.5,39.5,30.6,36.2,32.1,42.4,35.6,100,31.5,36.9,29.8,32.5,29.3,34.5,28.1,32.8,28,31.5,25.5,24,26,26,26,22,51,52,51,51,50,49,48,49,49,50,52,52,No,No,No,No,No,No,No,No,No,No,No,No,No,No,No,No,No,No,54,52,51,1.016,8.276,4.633,0.402,5.401,1.536,1.017,0.486,64,58,64,64,0,6.9,0,0,0,0,0,0,36,42.7,33.8,37.5,33.9,40,31.1,36.6,32.6,34.2,30,36.3,34.6,36,2096.4,21.33,36,39,39,90,129,598,1,2,Yes,No,No,No,No,No,No,No,No,No,Yes,No,Yes,No,No,No,No,No,No,No,No,No,No,No,No,Yes,No,No,No,No,No,No,No,No,No,No,No,54,56,49,48,42,49,55,52,4818,5201,65,54,55,100,No,No,34668,80107,21.5,0.1,21.7,25.267,0.146,492857,182201,52,0.725,0.402,600,2096,10.6,9.4,0,3.1,11.3,0,2.2,2,0,33,1307,2650,1307,No,No,No,No,No,No,No,No,8.168,27.124,92.4,6.837,43.5,59.6,42.3,137.5,18.6,18.3,18.2,18.2,42.4,62.1,20,20,20,20,23.66,54.01,7.19,7.05,55.05,55.05,3.11,2.5,23.27,0.39,13.2,826,43,58,8.6,0
1.7.2026,38:52.3,19162,4063,82.5,7484,430,94.5,19.1,15311,2929,0.997,1.02,0.975,1.007,0.987,0.891,0.761,3734.2,3734.2,3734.2,3734.2,3734.2,98.3,3439.4,2224.3,2157.6,1990,2265.3,2123,2202.2,2335,2434.2,2287.2,2224.3,63,64.9,60.2,65.2,61.6,63.7,62,66.9,59.1,66.9,63,100,91.4,94,86.7,93.1,89.5,92.3,91.1,97.7,87,91.4,38,38,38,38,38,35,75,74,76,70,79,25,26,24,30,21,82,79,No,No,No,No,No,No,No,No,No,No,No,No,No,No,No,No,No,No,78,78,57,16.504,20.858,16.916,0.424,9.249,1.801,1.4,0.491,64,58,64,64,0,0.7,0,0,0,0,0,0,65,64.4,59.6,67.4,62.3,64.8,66.7,70.1,64.9,8.3,8.7,8,8.2,8.3,2096.4,21.33,36,39,39,90,129,598,1,2,Yes,No,No,No,No,No,No,Yes,No,No,Yes,No,Yes,No,No,No,No,No,No,No,Yes,No,No,No,No,Yes,Yes,No,No,No,No,No,No,No,Yes,No,No,56,57,49,48,42,49,55,52,4818,5215,65,54,55,100,No,No,34668,80108,100,10.4,100,161.244,24.5,493240,182259,57,0.815,0.424,1000,2096,8.8,7.9,0,2.4,9.1,0,1.7,1.1,0,35.7,1411,2545,1412,No,No,No,No,No,No,No,No,8.167,27.132,92.4,6.762,43.5,59.6,19.2,62.9,5.5,5.5,5.5,5.5,19.2,60.1,5.5,5.5,5.5,5.5,52.05,183.19,15.89,15.87,183.26,183.26,0.71,0,52.05,0,42.85,827,43,286.2,66.3,0
1.7.2026,38:54.2,19200,4025,82.6,7029,885,88.8,19.5,15311,2991,0.767,0.792,0.787,0.705,0.785,0.731,0.758,2284.7,2456.7,2456.7,1768.8,2456.7,98.3,2260.2,2473.5,2549.2,2337.8,2421.6,2235.5,2735.5,2673.5,2444.2,2390.6,2473.5,72.1,72.5,66.2,73,65.6,75.2,77.2,73.7,73.5,77.2,72.1,100,110.6,110.5,101.2,109.1,98.6,118.7,121.4,112.6,112.5,110.6,23.2,25,25,18,25,23,58,60,57,58,58,42,40,43,42,42,60,60,No,No,No,No,No,No,No,No,No,No,No,No,No,No,No,No,No,No,70,70,56,8.125,25.789,21.387,0.495,10.44,1.917,1.466,0.494,64,58,64,64,0,0,0,0,0,0,0,0,69.4,71.7,65.4,69.9,64.5,74,72.6,69.5,67.6,8.1,9.8,10.1,4,8.5,2096.4,21.33,36,39,39,90,129,598,1,2,Yes,No,No,No,No,No,No,Yes,No,No,Yes,No,Yes,No,No,No,No,No,No,No,Yes,No,No,No,No,Yes,Yes,No,No,No,No,No,No,No,Yes,No,No,57,59,49,48,42,49,55,52,4812,5208,65,54,55,100,No,No,34668,80108,52.2,46,98.2,85.426,73.506,493364,182366,55,0.857,0.495,900,2096,5.2,4.3,0,1.5,5.2,0,2.5,0,0,35.7,1413,2544,1413,No,No,No,No,No,No,No,No,8.168,27.132,92.4,6.747,43.5,59.6,28.6,91.6,20.3,20.2,20.2,20.2,0,0,0,0,0,0,34.93,49.36,10.92,10.29,49.45,49.45,0,0,34.93,0,0,829,43,1201.9,41.2,0
1.7.2026,38:56.3,19258,3967,82.9,7077,837,89.4,19.5,15311,2991,0.98,1.02,0.927,0.985,0.987,0.891,0.761,3635.9,3734.2,3439.4,3635.9,3734.2,98.3,3439.4,758,735.5,611.6,792.7,907.7,824.7,722.3,803.2,666.4,758,27.2,28.4,22,28.5,31.9,30,25.2,28.9,22.5,31.9,27.2,100,33.1,32.7,26.9,34.6,39.4,36,31.5,35,28.5,33.1,37,38,35,37,38,35,66,66,66,63,68,34,34,34,37,32,67,68,No,No,No,No,No,No,No,No,No,No,No,No,No,No,No,No,No,No,59,59,55,2.285,11.409,7.886,0.262,5.949,1.547,0.922,0.483,64,57,64,64,0,11.1,0,0,0,0,0,0,27.8,29.2,22.6,29.1,32.4,30.5,25.7,29.7,23.4,42.9,46.8,39.3,41.9,43.6,2096.4,21.33,36,39,39,90,129,598,1,2,Yes,No,No,No,No,No,No,No,No,No,Yes,No,No,No,No,No,No,No,No,No,No,No,No,No,No,No,No,No,No,No,No,No,No,No,No,No,No,56,60,49,48,42,49,55,52,4795,5187,65,54,55,100,No,No,34668,80108,23,0.3,23.3,39.552,0.895,493440,182368,55,0.795,0.262,950,2096,5.5,4.6,0,1.6,5.8,0,2.4,0,0,35.7,1411,2546,1411,No,No,No,No,No,No,No,No,8.17,27.132,92.4,6.789,43.5,59.6,25.1,48.7,18.6,18.5,18.5,18.5,25.1,60.1,19.9,19.9,19.9,19.9,39.9,53.97,20.62,19.97,54.18,54.18,2.96,6.97,39.44,0.45,18.96,829,43,58.3,12.1,0
1.7.2026,38:58.3,19157,4068,82.4,6991,923,88.3,21.2,15311,3241,0.665,0.67,0.665,0.662,0.662,0.653,0.761,1277.5,1375.8,1277.5,1277.5,1179.2,98.3,1179.2,1066.7,1080.6,909,1269.5,1073,1225.8,1029.7,1121.7,824.1,1066.7,40,42.7,35.4,44.6,40.3,44.8,37.4,42.4,32.5,44.8,40,100,46.7,47.4,40,55,46.5,53.2,45.1,49.3,36.9,46.7,13,14,13,13,12,12,54,56,54,52,52,46,44,46,48,48,56,56,No,No,No,No,No,No,No,No,No,No,No,No,No,No,No,No,No,No,57,57,55,2.285,13.927,10.17,0.206,6.765,1.712,1.186,0.491,64,57,64,64,0,2.1,0,0,0,0,0,0,39.9,42.6,35.3,44.5,40.3,44.7,37.3,42.3,32,25,25.2,23.9,23.3,27.8,2096.4,21.33,36,39,39,90,129,598,1,2,Yes,No,No,No,No,No,No,Yes,No,No,Yes,No,Yes,No,No,No,No,No,No,No,Yes,No,No,No,No,No,Yes,No,No,No,No,No,No,No,Yes,No,No,56,60,49,48,42,49,55,52,4760,5221,65,55,55,100,No,No,34668,80108,48.7,79.7,100,36.944,133.25,493511,182622,55,0.722,0.206,600,2096,5,4.3,0,1.5,5.4,0,2,0,0,35.2,1394,2563,1394,No,No,No,No,No,No,No,No,8.168,27.14,92.4,6.788,43.5,59.6,39.1,226.3,4.8,3.8,3.7,3.7,40.9,61.9,5.8,4.7,4.6,4.6,25.29,198.98,4.41,2.53,254.93,254.93,1.97,7.87,24.85,0.43,18.22,830,43,725.7,22.2,0
1.7.2026,39:00.3,19205,4020,82.6,7187,727,90.8,20.9,15311,3195,0.926,0.722,0.987,1.007,0.987,0.891,0.761,3292,1965.4,3734.2,3734.2,3734.2,98.3,3439.4,1492,1575.9,1402.3,1472.7,1599.9,1513.2,1504.2,1489.8,1378,1492,55.7,59.6,51.5,54.9,58.4,56.9,56.6,56.4,51,59.6,55.7,100,64.6,68.6,61.4,63.8,68.9,65.3,64.6,64.5,59.4,64.5,33.5,20,38,38,38,35,66,63,67,65,68,34,37,33,35,32,71,68,No,No,No,No,No,No,No,No,No,No,No,No,No,No,No,No,No,No,57,56,55,4.57,15.227,11.418,0.18,7.131,1.735,1.212,0.491,64,57,64,64,0,1.7,0,0,0,0,0,0,55.5,59.3,51.1,54.7,58,56.9,56.4,56.3,50.8,19.7,17.9,20.1,19.1,21.5,2096.4,21.33,36,39,39,90,129,598,1,2,Yes,No,No,No,No,No,No,No,No,No,Yes,No,No,No,No,No,No,No,No,No,No,No,No,No,No,No,No,No,No,No,No,No,No,No,No,No,No,57,60,49,49,42,50,55,52,4909,5431,65,54,55,100,No,No,34668,80108,27,0.1,27.1,48.216,0.304,493603,182623,55,0.722,0.18,600,2096,4.7,3.6,0,1.6,5.4,0,2.4,0,0,34.5,1364,2593,1364,No,No,No,No,No,No,No,No,8.172,27.14,92.4,6.783,43.5,59.6,48,80.1,19.1,19.1,19.1,19.1,48.7,61.8,19.9,19.8,19.8,19.8,20.83,52.27,12.42,11.24,52.36,52.36,1.18,1.43,20.39,0.44,6.37,831,43,248.2,37.4,0
1.7.2026,39:02.3,18749,4476,80.7,7107,807,89.7,20.5,15311,3140,0.921,0.702,0.987,1.007,0.987,0.838,0.758,3242.8,1768.8,3734.2,3734.2,3734.2,98.3,2948,1787.8,1785.3,1644.5,1755.8,1552.2,1992.2,1827,1908.5,1836.6,1787.8,59.4,58.6,54.8,59,52.1,64.6,59.7,64.2,62.3,64.6,59.4,100,77.4,77.8,71.8,76.2,67.2,86.1,78.8,82.2,79,77.4,33,18,38,38,38,30,64,63,62,65,68,36,37,38,35,32,67,68,No,No,No,No,No,No,No,No,No,No,No,No,No,No,No,No,No,No,58,57,56,3.301,19.311,15.331,0.246,8.21,1.794,1.303,0.502,64,57,64,64,0,0.8,0,0,0,0,0,0,59.1,58.4,54.5,58.8,52.1,63.9,59.4,63.8,62,15.8,18,19.7,13.7,11.9,2096.4,21.33,36,39,39,90,129,598,1,2,Yes,No,No,No,No,No,No,No,No,No,Yes,No,No,No,No,No,No,No,No,No,No,No,No,No,No,No,No,No,No,No,No,No,No,No,No,No,No,58,61,49,49,42,50,55,52,4996,5791,65,55,55,100,No,No,34668,80108,18.2,8.9,27.1,31.447,2.482,493663,182628,55,0.72,0.246,600,2096,4.9,3.8,0,1.6,5.4,0,2.5,0,0,35.2,1394,2562,1395,No,No,No,No,No,No,No,No,8.171,27.147,92.5,6.757,43.5,59.6,36.7,235.4,18.1,17.3,17.2,17.2,36.8,61.1,20,19.9,19.9,19.9,27.21,55.3,4.27,2.27,58.23,58.23,1.63,4.64,26.92,0.29,6.05,833,43,1086.8,55.9,0
1.7.2026,39:04.3,18729,4496,80.6,7083,831,89.4,20.1,15311,3078,0.886,1.02,0.655,1.007,0.862,0.891,0.758,2948,3734.2,1277.5,3734.2,3046.3,98.3,3439.4,1410.7,1384.5,1276.2,1398.5,1182.4,1549,1423.4,1554.6,1517,1410.7,58.6,56.5,52.6,59,50.7,63.2,59.3,63.5,63.8,63.8,58.6,100,61.2,60.6,56,60.8,51.3,66.8,61.5,67,65.4,61.2,30,38,13,38,31,35,66,64,64,68,67,34,36,36,32,33,68,68,No,No,No,No,No,No,No,No,No,No,No,No,No,No,No,No,No,No,59,59,57,4.063,13.606,9.808,0.252,6.806,1.749,1.259,0.495,64,56,64,64,0,0,0,0,0,0,0,0,58,55.9,51.9,58.5,50.3,62.5,58.7,62.9,63.1,18.6,22.6,21.6,18.2,12,2096.4,21.33,36,39,39,90,129,598,1,2,Yes,No,No,No,No,No,No,No,No,No,Yes,No,No,No,No,No,No,No,No,No,No,No,No,No,No,No,No,No,No,No,No,No,No,No,No,No,No,58,61,49,49,42,50,55,52,5015,5791,65,54,55,100,No,No,34668,80108,14.2,0.2,14.4,19.125,0.831,493700,182629,57,0.722,0.252,600,2096,5.8,4.8,0,1.7,6.3,0,2.3,0,0,35,1386,2570,1387,No,No,No,No,No,No,No,No,8.17,27.147,92.5,6.773,43.5,59.6,49.8,77.6,27.9,26.8,26.7,26.7,49.7,61.3,29.7,29.5,29.5,29.5,20.09,35.53,12.93,12.24,37.08,37.08,1.58,0.61,19.67,0.42,2.2,835,43,1109.7,34.4,0
1.7.2026,39:06.3,18725,4500,80.6,7124,790,90,19.6,15311,2999,0.718,0.657,0.74,0.737,0.737,0.688,0.758,1867.1,1277.5,2063.6,2063.6,2063.6,98.3,1867.1,1193.7,1188.6,1090.5,1097,1047.2,1359.4,1262.7,1276,1228,1193.7,54.2,51.9,48.8,51.8,48.9,59.2,56.6,58.4,57.6,59.2,54.2,100,51.8,51.9,47.8,47.9,45.4,58.8,54.6,55.2,52.9,51.8,19,13,21,21,21,19,55,56,55,54,54,45,44,45,46,46,56,56,No,No,No,No,No,No,No,No,No,No,No,No,No,No,No,No,No,No,58,57,55,12.949,11.596,7.919,0.224,6.221,1.71,1.21,0.488,64,56,64,64,0,0,0,0,0,0,0,0,54.1,52,48.7,51.9,48.9,59,56.3,58.3,57.5,22.3,26,27.6,18.1,17.3,2096.4,21.33,36,39,39,90,129,598,1,2,Yes,No,No,No,No,No,No,No,No,No,Yes,No,No,No,No,No,No,No,No,No,No,No,No,No,No,No,No,No,No,No,No,No,No,No,No,No,No,57,61,49,49,42,50,55,52,5028,5791,65,54,55,100,No,No,34668,80108,15.8,7.2,23.1,24.119,1.284,493746,182632,57,0.72,0.224,600,2096,4.7,3.7,0,1.5,5.2,0,2.4,0,0,34.7,1371,2585,1370,No,No,No,No,No,No,No,No,8.169,27.155,92.5,6.764,43.5,59.6,48.8,98.9,23.2,20.2,19.9,19.9,48.6,60.5,23.6,20.3,20,20,20.48,43.07,10.23,9.71,50.31,50.31,1.61,1.16,20.04,0.45,4.84,835,43,65.3,20.2,0
1.7.2026,39:08.3,18776,4449,80.8,7183,731,90.7,19.6,15311,2997,0.664,0.66,0.665,0.662,0.67,0.651,0.703,1277.5,1277.5,1277.5,1277.5,1277.5,98.3,1080.9,1254.2,1282.6,1176.1,1206.7,1106.5,1237,1151.3,1428.8,1444.6,1254.2,57,57,53.2,55,49.7,58.1,53.3,66,63.8,66,57,100,54.4,56,51.7,52.6,48,53.6,50,61.4,62.2,54.4,13,13,13,13,13,11,54,56,54,52,53,46,44,46,48,47,56,56,No,No,No,No,No,No,No,No,No,No,No,No,No,No,No,No,No,No,59,59,57,3.047,12.508,8.879,0.151,6.334,1.682,1.136,0.498,64,56,64,64,0,0.2,0,0,0,0,0,0,56.8,56.7,52.8,54.8,49.7,58.1,53.2,65.6,63.3,20,22.5,25.9,21.9,9.5,2096.4,21.33,36,39,39,90,129,598,1,2,Yes,No,No,No,No,No,No,No,No,No,Yes,No,No,No,No,No,No,No,No,No,No,No,No,No,No,No,No,No,No,No,No,No,No,No,No,No,No,58,61,49,49,42,50,55,52,5034,5842,65,55,55,100,No,No,34668,80108,16.2,0.5,16.7,21.593,1.541,493787,182635,55,0.72,0.151,600,2096,3.6,2.8,0,1.3,4.1,0,2.3,0,0,34.6,1369,2587,1370,No,No,No,No,No,No,No,No,8.169,27.155,92.5,6.756,43.5,59.6,30.1,64.3,19.4,19.2,19.2,19.2,30,60.6,19.9,19.9,19.9,19.9,33.21,51.71,15.47,15.45,52.16,52.16,1.26,3.57,32.86,0.35,23.28,838,43,1553.8,43.5,0
1.7.2026,39:10.3,18763,4462,80.7,7083,831,89.4,19.6,15311,3000,0.996,1.02,0.987,0.985,0.99,0.891,0.761,3709.6,3734.2,3734.2,3635.9,3734.2,98.3,3439.4,946,998.8,861.5,872.2,801.7,1096.8,949.7,1033.4,954,946,46.3,50.1,41.9,45.1,41.4,52.4,42.8,50.7,45.9,52.4,46.3,100,41.3,43.9,38,38.1,35.1,47.6,41.2,44.9,41.3,41.3,37.8,38,38,37,38,35,56,57,58,54,53,44,43,42,46,47,57,58,No,No,No,No,No,No,No,No,No,No,No,No,No,No,No,No,No,No,57,55,55,1.016,9.84,6.133,0.21,5.599,1.654,1.124,0.487,64,56,64,64,0,2.2,0,0,0,0,0,0,46.1,49.7,41.7,45,41.2,52.1,42.5,50.6,45.7,28.7,28.5,33.2,26.8,26.3,1048.2,10.67,20,20,20,45,129,299,1,2,Yes,No,No,No,No,No,No,No,No,No,Yes,No,No,No,No,No,No,No,No,No,No,No,No,No,No,No,No,No,No,No,No,No,No,No,No,No,No,57,61,49,49,42,50,55,52,5028,5816,65,55,55,100,No,No,34668,80108,16,2.9,19,17.186,7.811,493820,182650,56,0.722,0.21,600,1048,5.4,4.5,0,1.6,5.8,0,2.3,0,0,34.8,1376,2580,1377,No,No,No,No,No,No,No,No,8.17,27.162,92.5,6.757,43.5,59.6,54.4,78.6,19.5,16.2,15.9,15.9,54.5,62,18.9,15.2,14.8,14.8,18.4,51.13,12.64,11.57,62.79,62.79,1.61,0.54,17.89,0.52,3.74,838,43,41.5,7,0
1.7.2026,39:12.3,18715,4510,80.5,7033,882,88.8,20,15311,3057,0.656,0.65,0.657,0.655,0.662,0.646,0.761,1179.2,1179.2,1179.2,1179.2,1179.2,98.3,982.7,793.8,975.3,777.6,869.6,679.3,816.1,689.2,825.8,717.2,793.8,36,43.6,35.9,41,30.8,36.8,30.3,36.8,32.8,43.6,36,100,35.2,43.1,34.4,38.3,30,36.1,30.7,36.7,32,35.2,12,12,12,12,12,10,52,54,53,50,50,48,46,47,50,50,54,54,No,No,No,No,No,No,No,No,No,No,No,No,No,No,No,No,No,No,57,57,55,6.856,9.923,6.444,0.156,5.672,1.589,1.002,0.485,64,55,64,64,0,4.3,0,0,0,0,0,0,36.6,44,36.3,41.4,31.5,37.4,30.9,37.5,33.3,31.6,26.1,32.7,35.4,32.3,2096.4,21.33,36,39,39,90,129,598,1,2,Yes,No,No,No,No,No,No,No,No,No,Yes,No,No,No,No,No,No,No,No,No,No,No,No,No,No,No,No,No,No,No,No,No,No,No,No,No,No,57,61,49,49,42,50,55,52,5021,5791,65,55,55,100,No,No,34668,80108,38.7,33.5,72.2,47.142,60.336,493911,182766,55,0.777,0.156,900,2096,2.4,1.9,0,0.9,2.5,0,2.2,0,0,34.8,1376,2580,1377,No,No,No,No,No,No,No,No,8.169,27.162,92.5,6.764,43.5,59.6,60,63.1,57.6,57.6,57.6,57.6,60,60.3,59.7,59.6,59.6,59.6,16.67,17.57,15.76,15.73,17.61,17.61,1.87,0.18,16.14,0.53,0.46,838,43,2.7,2.7,0
1.7.2026,39:14.4,18702,4523,80.5,7031,883,88.8,20,15311,3057,0.918,0.935,0.91,0.917,0.91,0.841,0.761,3341.1,3341.1,3341.1,3341.1,3341.1,98.3,3144.6,520.6,845.3,505.9,563.3,469.8,544.6,387,448.1,400.8,520.6,23.7,35.4,22.2,26.3,21.7,26.3,17,22.5,17.8,35.4,23.7,100,23.5,37.6,23.4,25.3,21,24.6,17.6,20.4,18.1,23.5,34,34,34,34,34,32,53,56,54,52,50,47,44,46,48,50,56,56,No,No,No,No,No,No,No,No,No,No,No,No,No,No,No,No,No,No,56,55,54,2.031,7.88,4.432,0.165,5.099,1.502,0.841,0.491,64,55,64,64,0,12.7,0,0,0,0,0,0,23.9,35.7,22,26.4,22.2,26.7,17.6,22.4,18.3,49.4,39.8,49.7,52.7,55.4,2096.4,21.33,36,39,39,90,129,598,1,2,Yes,No,No,No,No,No,No,No,No,No,Yes,No,No,No,No,No,No,No,No,No,No,No,No,No,No,No,No,No,No,No,No,No,No,No,No,No,No,56,60,49,49,42,50,55,52,5028,5816,65,55,55,100,No,No,34668,80108,7.5,0.5,8,5.566,0.465,493922,182767,54,0.722,0.165,600,2096,4,3.3,0,1.3,4.2,0,2.3,0,0,34.4,1361,2595,1362,No,No,No,No,No,No,No,No,8.169,27.17,92.5,6.756,43.5,59.6,22.8,104.2,2.5,2.2,2.2,2.2,22.6,62,2.5,2.2,2.1,2.1,43.91,394.63,9.46,9.16,460.36,460.36,2.12,12.09,43.54,0.36,55.48,840,43,946.6,9.6,0
1.7.2026,39:16.4,18519,4706,79.7,6904,1010,87.2,20,15311,3057,0.659,0.655,0.66,0.657,0.662,0.646,0.763,1179.2,1179.2,1179.2,1179.2,1179.2,98.3,982.7,484.1,610.6,460.9,603.7,436.9,513.6,364.7,485.7,396.6,484.1,26.9,33.8,25.4,34.9,23.9,29.7,19,26.6,22.1,34.9,26.9,100,21.7,27.2,21.2,26.8,19.5,22.8,16.3,21.7,17.9,21.7,12,12,12,12,12,10,51,52,51,50,50,49,48,49,50,50,54,52,No,No,No,No,No,No,No,No,No,No,No,No,No,No,No,No,No,No,56,53,53,4.316,6.882,3.379,0.21,4.878,1.534,0.939,0.485,64,55,64,64,0,13.8,0,0,0,0,0,0,27.1,33.8,26.1,35.4,23.8,29.7,18.9,27.1,22.1,47.7,43,44.2,52.2,51.3,1048.2,10.67,20,39,39,90,129,299,1,2,Yes,No,No,No,No,No,No,No,No,No,Yes,No,No,No,No,No,No,No,No,No,No,No,No,No,No,No,No,No,No,No,No,No,No,No,No,No,No,56,60,50,49,42,50,56,54,5034,5834,65,55,55,100,No,No,34668,80108,5.4,0.1,5.5,5.256,0.26,493932,182768,54,0.725,0.21,600,1048,5.3,4.4,0,1.6,5.7,0,2.4,0,0,34.4,1362,2594,1363,No,No,No,No,No,No,No,No,8.173,27.17,92.5,6.751,43.5,59.6,54.9,94,17.8,11.3,10.8,10.8,54.8,60.5,17.6,10.4,10,10,18.23,56.03,10.69,9.83,92.03,92.03,1.7,1.89,17.68,0.56,4.36,840,43,57.5,3.3,0
1.7.2026,39:18.4,18532,4693,79.7,6924,990,87.4,20,15311,3057,0.659,0.655,0.66,0.657,0.665,0.648,0.706,1179.2,1179.2,1179.2,1179.2,1179.2,98.3,982.7,427.7,532.4,405.6,534.2,399.7,444.2,345.2,408.2,351.8,427.7,25.2,30.6,23.7,32.6,22.7,27.1,20.8,24.1,19.9,32.6,25.2,100,19,23.7,18.4,23.5,17.6,19.7,15.3,18.1,15.6,19,12,12,12,12,12,10,50,52,50,50,48,50,48,50,50,52,54,52,No,No,No,No,No,No,No,No,No,No,No,No,No,No,No,No,No,No,56,53,53,2.793,5.999,2.595,0.172,4.619,1.506,0.902,0.485,64,55,64,64,0,17.8,0,0,0,0,0,0,25.3,30.7,23.9,32.7,22.8,27.3,20.8,24.3,20.1,52.3,47.9,49.5,54.5,57.1,1048.2,10.67,20,20,20,45,129,299,1,2,Yes,No,No,No,No,No,No,No,No,No,Yes,No,No,No,No,No,No,No,No,No,No,No,No,No,No,No,No,No,No,No,No,No,No,No,No,No,No,56,59,50,49,42,50,56,54,5028,5808,65,56,55,100,No,No,34668,80108,1.9,0,1.9,0.859,0.077,493933,182768,53,0.732,0.172,650,1048,4.4,3.7,0,1.4,4.8,0,2.4,0,0,34.7,1374,2583,1374,No,No,No,No,No,No,No,No,8.173,27.17,92.5,6.751,43.5,59.6,50.3,77.1,12.8,12.8,12.8,12.8,50,62.4,12,12,12,12,19.86,77.63,12.98,11.89,77.68,77.68,1.67,1.25,19.37,0.49,7.08,840,43,107.1,3.2,0
1.7.2026,39:20.4,18511,4714,79.7,6937,978,87.6,19.8,15311,3038,0.708,0.74,0.697,0.695,0.7,0.691,0.763,1695.1,2063.6,1572.3,1572.3,1572.3,98.3,1867.1,626.3,848.5,575.3,768.6,569.1,640.2,424.4,672.7,511.5,626.3,26.1,35.1,25.6,32.6,23.4,26.6,17.8,27,20.5,35.1,26.1,100,27.7,37.5,25.9,33.7,25,28.3,19,29.7,22.6,27.7,17.2,21,16,16,16,19,50,52,51,50,49,50,48,49,50,51,52,52,No,No,No,No,No,No,No,No,No,No,No,No,No,No,No,No,No,No,56,52,54,4.824,9.04,5.488,0.235,5.476,1.552,0.965,0.49,64,54,64,64,0,11.7,0,0,0,0,0,0,26.5,35.5,26,33,23.8,27.1,18.2,27.4,21,47.2,39.6,45.1,52.2,52.1,1048.2,10.67,20,20,20,45,129,299,1,2,Yes,No,No,No,No,No,No,No,No,No,Yes,No,No,No,No,No,No,No,No,No,No,No,No,No,No,No,No,No,No,No,No,No,No,No,No,No,No,56,59,50,49,42,50,56,54,5028,5799,65,57,55,100,No,No,34668,80108,8.6,0.1,8.8,3.027,0.171,493939,182768,52,0.725,0.235,600,1048,5.4,4.6,0,1.6,5.8,0,2.3,0,0,34.7,1374,2583,1374,No,No,No,No,No,No,No,No,8.169,27.178,92.6,6.731,43.5,59.6,44.7,89.3,7.3,7,6.9,6.9,44.6,62,7,6.7,6.7,6.7,22.4,137.41,11.13,10.69,144.6,144.6,1.66,3.04,22.01,0.39,12.03,842,44,769.9,8.7,0
1.7.2026,39:22.4,18481,4744,79.5,6922,992,87.4,19.8,15311,3038,0.779,0.917,0.762,0.765,0.672,0.823,0.706,2260.2,3242.8,2260.2,2260.2,1277.5,98.3,3046.3,462,562.8,463.4,545.9,384.8,424.5,373.3,490.9,450.3,462,26,31.8,25.2,31.7,21,24.8,22,26.8,24.4,31.8,26,100,20.6,25.3,21.2,24.2,17.1,19,16.6,21.7,19.9,20.6,23,33,23,23,13,31,52,54,52,51,52,48,46,48,49,48,54,54,No,No,No,No,No,No,No,No,No,No,No,No,No,No,No,No,No,No,56,51,52,1.777,6.572,3.113,0.157,4.763,1.502,0.896,0.485,64,54,64,64,0,13.9,0,0,0,0,0,0,26.1,31.9,25.2,31.8,21.1,25,22.1,26.9,24.7,49.9,44.6,50.2,55,50,1048.2,10.67,20,20,20,45,129,299,1,2,Yes,No,No,No,No,No,No,No,No,No,Yes,No,No,No,No,No,No,No,No,No,No,No,No,No,No,No,No,No,No,No,No,No,No,No,No,No,No,55,59,50,49,42,50,56,54,4983,5808,65,57,55,100,No,No,34668,80108,5.1,0,5.2,1.02,0.064,493941,182768,52,0.725,0.157,600,1048,4.1,3.4,0,1.4,4.6,0,2.3,0,0,34.4,1359,2597,1360,No,No,No,No,No,No,No,No,8.173,27.178,92.6,6.735,43.5,59.6,28.7,87.3,3.3,2.9,2.9,2.9,28.6,62.3,3.3,2.9,2.9,2.9,34.85,304.54,11.49,11.47,349.21,349.21,1.97,15.8,34.38,0.47,37.3,842,44,0.5,0.9,0
1.7.2026,39:24.5,18479,4746,79.5,6925,989,87.4,19.8,15311,3038,0.66,0.655,0.662,0.657,0.665,0.648,0.763,1179.2,1179.2,1179.2,1179.2,1179.2,98.3,982.7,364.3,445.2,346.8,483.4,356.3,411.4,282.4,347.3,241.5,364.3,27.7,33.7,26.7,36.9,26.8,31.6,21.4,26.3,18.4,36.9,27.7,100,16.5,20.2,16.1,21.5,15.9,18.5,12.6,15.7,11.3,16.5,12,12,12,12,12,10,49,51,48,49,48,51,49,52,51,52,52,51,No,No,No,No,No,No,No,No,No,No,No,No,No,No,No,No,No,No,54,52,52,2.031,5.354,1.882,0.183,4.484,1.532,0.963,0.485,64,54,64,64,0,12.3,0,0,0,0,0,0,28.2,34.2,27.1,37.4,27.2,32.2,21.9,26.8,18.9,45.5,40.7,40.2,48,53.2,1048.2,10.67,20,20,20,45,129,299,1,2,No,No,No,No,No,No,No,No,No,No,No,No,No,No,No,No,No,No,No,No,No,No,No,No,No,No,No,No,No,No,No,No,No,No,No,No,No,54,58,50,49,42,50,56,54,4990,5808,65,57,55,100,No,No,34668,80108,1.7,1.7,3.4,1.26,1.439,493944,182771,52,0.725,0.183,600,1048,5.8,4.9,0,1.8,6.6,0,2.4,0,0,34.4,1361,2596,1361,No,No,No,No,No,No,No,No,8.169,27.185,92.6,6.723,43.5,59.6,44.5,82.2,8,5.3,5.1,5.1,44.5,62.6,7.7,5.2,5,5,22.48,125.54,12.37,11.93,194.36,194.36,1.78,0.71,21.88,0.59,11.06,842,44,0.1,0.1,0
1.7.2026,39:26.5,18472,4753,79.5,6965,949,87.9,19.5,15311,2981,0.682,0.672,0.697,0.695,0.665,0.658,0.766,1424.9,1375.8,1572.3,1572.3,1179.2,98.3,1179.2,478.2,651.6,454.1,620,444.1,456.9,380.8,433,384.9,478.2,27.3,36,26.4,36.1,25.3,27.1,21,24.8,21.7,36.1,27.3,100,21.5,29.1,21.1,27.5,19.8,20.6,17.1,19.6,17.4,21.5,14.5,14,16,16,12,12,50,52,50,49,49,50,48,50,51,51,52,52,No,No,No,No,No,No,No,No,No,No,No,No,No,No,No,No,No,No,54,52,52,8.633,6.982,3.615,0.149,4.874,1.488,0.88,0.491,64,53,64,64,0,12.5,0,0,0,0,0,0,27.3,35.9,26.4,36.1,25.4,27.2,21,24.9,21.8,44.8,38.5,40.8,50.6,49.5,2096.4,21.33,36,39,39,90,129,598,1,2,Yes,No,No,No,No,No,No,No,No,No,Yes,No,No,No,No,No,No,No,No,No,No,No,No,No,No,No,No,No,No,No,No,No,No,No,No,No,No,54,58,50,49,42,50,56,54,4971,5834,65,57,55,100,No,No,34668,80108,5.9,0.1,6,11.171,0.108,493965,182771,51,0.725,0.149,600,2096,4.2,3.5,0,1.3,4.5,0,2.2,0,0,34.3,1356,2601,1357,No,No,No,No,No,No,No,No,8.17,27.185,92.6,6.724,43.5,59.6,25.5,86.1,3,2.5,2.4,2.4,25.6,62.5,2.9,2.4,2.4,2.4,39.14,332.72,11.67,11.63,408.6,408.6,1.97,9.16,38.72,0.41,43.84,844,44,916.3,8.8,0
1.7.2026,39:28.5,18461,4764,79.4,6955,959,87.8,19.5,15311,2981,0.662,0.655,0.665,0.66,0.67,0.648,0.766,1179.2,1179.2,1179.2,1179.2,1179.2,98.3,982.7,539.5,691,535.2,615.3,402.5,600.7,433.7,582.3,455.7,539.5,25.7,33.8,25.6,30.8,18.5,28.4,20.1,27.2,21.6,33.8,25.7,100,24,30.6,24.5,27.1,17.9,26.6,19.3,25.8,20.3,24,12,12,12,12,12,10,48,49,47,49,47,52,51,53,51,53,51,49,No,No,No,No,No,No,No,No,No,No,No,No,No,No,No,No,No,No,54,52,53,3.047,7.185,3.86,0.145,4.97,1.473,0.832,0.485,64,53,64,64,0,15.8,0,0,0,0,0,0,26.1,34,25.9,31.2,18.8,28.7,20.3,27.6,21.9,49.4,42.6,49.1,55.3,50.5,2096.4,21.33,36,39,39,90,129,598,1,2,Yes,No,No,No,No,No,No,No,No,No,Yes,No,No,No,No,No,No,No,No,No,No,No,No,No,No,No,No,No,No,No,No,No,No,No,No,No,No,54,57,50,49,42,50,56,54,5034,5799,65,57,55,100,No,No,34668,80108,2.5,1,3.5,1.43,1.063,493968,182773,52,0.735,0.145,650,2096,2.4,1.9,0,0.9,2.5,0,2.1,0,0,34.3,1356,2601,1357,No,No,No,No,No,No,No,No,8.17,27.193,92.6,6.716,43.5,59.6,25.5,86.1,3,2.5,2.4,2.4,25.6,62.5,2.9,2.4,2.4,2.4,39.14,332.72,11.67,11.63,408.6,408.6,1.97,9.16,38.72,0.41,43.84,844,44,0,0,0
1.7.2026,39:30.5,18495,4730,79.6,6868,1046,86.7,20,15311,3066,0.662,0.655,0.662,0.66,0.67,0.648,0.766,1179.2,1179.2,1179.2,1179.2,1179.2,98.3,982.7,397.5,508.8,373.2,519.2,389.5,356.5,301.7,401.1,330.2,397.5,25.5,33.9,24.3,32.1,24,23.4,18.8,26.8,21,33.9,25.5,100,17.9,22.9,17.3,23.1,17.3,16.2,13.7,17.9,14.8,17.9,12,12,12,12,12,10,48,49,48,47,47,52,51,52,53,53,51,49,No,No,No,No,No,No,No,No,No,No,No,No,No,No,No,No,No,No,54,51,51,1.016,5.635,2.308,0.086,4.526,1.484,0.86,0.491,64,53,64,64,0,15.5,0,0,0,0,0,0,26.3,34.5,25,32.8,24.7,24.4,19.7,27.6,21.8,50,43.2,46.7,56.7,53.6,2096.4,21.33,36,39,39,90,129,598,1,2,Yes,No,No,No,No,No,No,No,No,No,Yes,No,No,No,No,No,No,No,No,No,No,No,No,No,No,No,No,No,No,No,No,No,No,No,No,No,No,54,57,50,49,42,50,56,54,4996,5782,65,57,55,100,No,No,34668,80108,3.5,29.4,32.9,1.111,44.395,493970,182858,51,0.735,0.086,650,2096,1,0.6,0,0.6,0.9,0,2,0,0,34.3,1356,2601,1357,No,No,No,No,No,No,No,No,8.169,27.193,92.6,6.707,43.5,59.6,4.3,4.3,4.3,4.3,4.3,4.3,4.3,4.3,4.3,4.3,4.3,4.3,230.63,230.63,230.63,230.63,230.63,230.63,7.78,21.04,229.81,0.82,211.08,845,44,624.6,10.6,0
1.7.2026,39:32.5,18481,4744,79.5,6873,1041,86.8,20,15311,3066,0.716,0.712,0.715,0.762,0.675,0.798,0.766,1768.8,1768.8,1768.8,2260.2,1277.5,98.3,2849.8,404.6,481.1,388.3,495.7,312.9,440.2,365.4,444.2,308.8,404.6,29.4,35.2,28.3,36.7,22.6,31,26.2,32.7,22.4,36.7,29.4,100,18.1,21.7,17.8,22.2,14,19.6,16.1,19.7,13.8,18.1,18,18,18,23,13,29,52,56,50,54,50,48,44,50,46,50,56,56,No,No,No,No,No,No,No,No,No,No,No,No,No,No,No,No,No,No,54,50,51,1.777,5.377,2.014,0.097,4.521,1.492,0.929,0.489,64,53,64,64,0,10,0,0,0,0,0,0,29.5,35.2,28.2,36.7,22.6,31.2,26.3,32.9,22.5,45,40.6,45.2,47,47,2096.4,21.33,36,39,39,90,129,598,1,2,Yes,No,No,No,No,No,No,No,No,No,Yes,No,No,No,No,No,No,No,No,No,No,No,No,No,No,No,No,No,No,No,No,No,No,No,No,No,No,54,56,50,50,42,49,56,53,5002,5799,65,57,55,100,No,No,34668,80108,9.6,2.6,12.2,2.704,0.164,493975,182859,51,0.735,0.097,650,2096,3.2,2.6,0,1.1,3.4,0,2.1,0,0,33.5,1325,2631,1326,No,No,No,No,No,No,No,No,8.17,27.2,92.6,6.691,43.5,59.6,36.9,62,8.6,7.8,7.8,7.8,36.5,61.9,8.3,7.6,7.5,7.5,27.08,115.76,16.07,16.05,128.74,128.74,2.1,8.8,26.44,0.63,19.76,846,44,473.7,10.2,0
1.7.2026,39:34.5,18476,4749,79.5,6879,1035,86.9,20,15311,3066,0.663,0.657,0.665,0.66,0.67,0.651,0.766,1179.2,1179.2,1179.2,1179.2,1179.2,98.3,982.7,338.7,455.2,344.5,405.5,329.2,330.2,259.4,320.2,265.8,338.7,23,31.5,23.6,27.5,22.1,22.2,17.8,21.4,18.3,31.5,23,100,15.4,20.5,16.1,18.1,14.8,15,11.7,14.5,12.2,15.4,12,12,12,12,12,10,47,49,47,47,46,53,51,53,53,54,51,49,No,No,No,No,No,No,No,No,No,No,No,No,No,No,No,No,No,No,53,50,50,3.047,5.348,2.121,0.062,4.353,1.419,0.797,0.486,64,52,64,64,0,16.8,0,0,0,0,0,0,23.3,31.6,23.9,27.8,22.3,22.6,17.9,21.6,18.5,54.1,45.3,51,60.2,59.9,1048.2,10.67,20,20,20,45,129,299,1,2,Yes,No,No,No,No,No,No,No,No,No,Yes,No,No,No,No,No,No,No,No,No,No,No,No,No,No,No,No,No,No,No,No,No,No,No,No,No,No,53,56,50,50,42,49,56,53,4990,5774,65,57,55,100,No,No,34668,80108,6.2,0.1,6.3,5.444,0.193,493985,182859,50,0.78,0.062,900,1048,0.5,0.2,0,0.5,0.3,0,2.1,0,0,33.5,1325,2631,1326,No,No,No,No,No,No,No,No,8.173,27.2,92.6,6.694,43.5,59.6,0.9,0.9,0.9,0.9,0.9,0.9,0.9,0.9,0.9,0.9,0.9,0.9,1131.25,1131.25,1131.25,1131.25,1131.25,1131.25,21.83,935.66,1130.71,0.54,1113.19,846,44,20.3,3.1,0
1.7.2026,39:36.5,18449,4776,79.4,6857,1057,86.6,20,15311,3066,0.808,0.812,0.807,0.807,0.805,0.746,0.766,2555,2555,2555,2555,2555,98.3,2358.4,282.6,410.2,309.4,386.7,226,257.5,183.5,234,253.5,282.6,19.7,28.2,21.4,26.6,16.3,18.1,12.9,16.6,17.8,28.2,19.7,100,12.9,18.6,14.5,17.2,10.3,11.8,8.4,10.7,11.5,12.9,26,26,26,26,26,24,48,51,48,48,47,52,49,52,52,53,51,51,No,No,No,No,No,No,No,No,No,No,No,No,No,No,No,No,No,No,52,49,51,1.777,4.985,1.706,0.079,4.297,1.413,0.783,0.487,64,52,64,64,0,19.8,0,0,0,0,0,0,19.8,28.3,21.5,26.8,16.2,18.3,12.9,16.7,17.9,57.6,47.1,54.9,65.7,62.7,2096.4,21.33,36,39,39,90,129,598,1,2,Yes,No,No,No,No,No,No,No,No,No,Yes,No,No,No,No,No,No,No,No,No,No,No,No,No,No,No,No,No,No,No,No,No,No,No,No,No,No,52,55,50,50,42,49,56,53,4990,5774,65,57,55,100,No,No,34668,80108,4.7,0.1,4.7,1.888,0.11,493989,182859,51,0.727,0.079,600,2096,1,0.7,0,0.6,0.9,0,2,0,0,33.5,1325,2631,1326,No,No,No,No,No,No,No,No,8.169,27.208,92.7,6.682,43.5,59.6,4.5,78.9,0.5,0.5,0.5,0.5,4.4,60.4,0.5,0.5,0.5,0.5,224.27,1907.72,12.76,12.52,2094.44,2094.44,5.48,201.07,223.89,0.38,416.85,846,44,297.8,5.7,0
1.7.2026,39:38.5,18451,4774,79.4,6854,1060,86.5,20,15311,3066,0.664,0.657,0.665,0.662,0.67,0.651,0.766,1179.2,1179.2,1179.2,1179.2,1179.2,98.3,982.7,231.3,359.3,186,199.5,177.8,259.3,223.5,224.8,220.4,231.3,14.8,22.1,11.5,13.2,11.8,16.2,14.9,14.2,14.5,22.1,14.8,100,10.5,16.5,8.7,9.2,8,11.7,10.1,10.3,9.9,10.5,12,12,12,12,12,10,47,49,47,45,46,53,51,53,55,54,49,49,No,No,No,No,No,No,No,No,No,No,No,No,No,No,No,No,No,No,52,48,51,1.27,4.694,1.55,0.066,4.181,1.337,0.668,0.488,64,52,64,64,0,30.3,0,0,0,0,0,0,15.4,22.8,12.1,13.9,12.3,16.8,15.3,14.8,15.1,66,60.8,70.8,65,67.5,2096.4,21.33,36,39,39,90,129,598,1,2,Yes,No,No,No,No,No,No,No,No,No,Yes,No,No,No,No,No,No,No,No,No,No,No,No,No,No,No,No,No,No,No,No,No,No,No,No,No,No,53,55,50,50,42,49,56,53,5073,5799,65,57,55,100,No,No,34668,80108,0.8,0,0.9,0.178,0.064,493989,182859,49,0.78,0.066,900,2096,0.2,0,0,0.4,0.1,0,1.8,0,0,33.5,1325,2631,1326,No,No,No,No,No,No,No,No,8.173,27.208,92.7,6.677,43.5,59.6,4.5,78.9,0.5,0.5,0.5,0.5,4.4,60.4,0.5,0.5,0.5,0.5,224.27,1907.72,12.76,12.52,2094.44,2094.44,5.48,201.07,223.89,0.38,416.85,848,44,666.4,5.5,0
1.7.2026,39:40.5,18445,4780,79.4,6861,1053,86.6,20,15311,3066,0.664,0.66,0.665,0.66,0.67,0.651,0.768,1179.2,1179.2,1179.2,1179.2,1179.2,98.3,982.7,280.4,336.1,303,285.7,283.6,297,228.9,280.8,227.9,280.4,16.8,20.4,18.5,17,17.2,18.2,13.3,16.8,13,20.4,16.8,100,12.5,15.3,13.5,12.9,12.6,13.2,10.2,12.5,10.1,12.5,12,12,12,12,12,10,46,48,47,46,45,54,52,53,54,55,49,48,No,No,No,No,No,No,No,No,No,No,No,No,No,No,No,No,No,No,52,48,50,1.523,4.942,1.869,0.051,4.238,1.33,0.653,0.481,64,52,64,64,0,32.4,0,0,0,0,0,0,17.3,21,18.9,17.5,17.8,18.6,13.7,17.2,13.3,66.1,60.5,64.7,67.9,71.4,2096.4,21.33,36,39,39,90,129,598,1,2,Yes,No,No,No,No,No,No,No,No,No,Yes,No,No,No,No,No,No,No,No,No,No,No,No,No,No,No,No,No,No,No,No,No,No,No,No,No,No,52,54,50,50,42,49,56,53,5002,5799,65,58,55,100,No,No,34668,80108,1.8,0.1,1.8,0.273,0.236,493990,182860,49,0.78,0.051,900,2096,0.2,0,0,0.4,0.1,0,1.7,0,0,33.5,1325,2631,1326,No,No,No,No,No,No,No,No,8.169,27.208,92.7,6.674,43.5,59.6,4.5,78.9,0.5,0.5,0.5,0.5,4.4,60.4,0.5,0.5,0.5,0.5,224.27,1907.72,12.76,12.52,2094.44,2094.44,5.48,201.07,223.89,0.38,416.85,848,44,0.6,0.9,0
1.7.2026,39:42.5,18440,4785,79.3,7056,858,89.1,20,15311,3066,0.7,0.797,0.662,0.665,0.675,0.766,0.766,1547.7,2456.7,1179.2,1277.5,1277.5,98.3,2555,446.5,515.4,467.8,466.3,406.8,514.7,479.1,375.2,347,446.5,28.4,31.5,27.8,31,27.8,29.3,27.2,27.5,25.2,31.5,28.4,100,19.6,22.9,20.6,20.4,17.8,22.5,20.7,16.5,15.1,19.5,15.8,25,12,13,13,26,50,52,50,49,48,50,48,50,51,52,52,52,No,No,No,No,No,No,No,No,No,No,No,No,No,No,No,No,No,No,54,54,51,5.332,5.852,2.732,0.044,4.424,1.35,0.718,0.481,64,51,64,64,0,26.1,0,0,0,0,0,0,28.3,31.4,27.6,30.9,27.6,29.3,27.1,27.4,25.1,55.3,51.7,54.2,55,60.3,1048.2,10.67,20,20,20,45,129,299,1,2,Yes,No,No,No,No,No,No,No,No,No,Yes,No,No,No,No,No,No,No,No,No,No,No,No,No,No,No,No,No,No,No,No,No,No,No,No,No,No,52,54,50,50,42,49,56,53,4971,5808,65,57,55,100,No,No,34668,80108,6.5,0,6.6,4.604,0.048,493999,182860,51,0.735,0.044,650,1048,1.2,0.9,0,0.6,1.3,0,1.8,0,0,33.5,1325,2632,1326,No,No,No,No,No,No,No,No,8.169,27.216,92.7,6.666,43.5,59.6,4.5,78.9,0.5,0.5,0.5,0.5,4.4,60.4,0.5,0.5,0.5,0.5,224.27,1907.72,12.76,12.52,2094.44,2094.44,5.48,201.07,223.89,0.38,416.85,848,44,0.1,0.1,0
1.7.2026,39:44.5,18397,4828,79.2,7106,808,89.7,19,15311,2911,0.672,0.667,0.672,0.67,0.677,0.656,0.711,1277.5,1277.5,1277.5,1277.5,1277.5,98.3,1080.9,997.2,1017,849.6,922,967.6,982.6,889.7,1460,888.7,997.2,45.1,47,38.5,42.7,45.8,47.8,42.3,58.1,39,58.1,45.1,100,43.7,45,37.4,40.5,42.4,43.1,39.2,63.4,38.9,43.7,13,13,13,13,13,11,47,49,47,47,46,53,51,53,53,54,50,49,No,No,No,No,No,No,No,No,No,No,No,No,No,No,No,No,No,No,63,63,50,5.078,11.107,7.609,0.129,6.066,1.589,1.115,0.492,64,51,64,64,0,3.2,0,0,0,0,0,0,45,46.8,38.7,42.8,45.9,47.8,42,57.5,38.6,27.6,29.9,28.3,29.6,22.9,1048.2,10.67,20,20,20,45,129,299,1,2,Yes,No,No,No,No,No,No,No,No,No,Yes,No,No,No,No,No,No,No,No,No,No,No,No,No,No,No,No,No,No,No,No,No,No,No,No,No,No,52,54,50,50,42,49,56,53,4964,5816,65,57,55,100,No,No,34668,80109,22.9,0,23,41.931,0.06,494079,182860,50,0.78,0.129,900,1048,1.9,1.4,0,0.8,2,0,1.8,0,0,33.5,1325,2632,1326,No,No,No,No,No,No,No,No,8.169,27.216,92.7,6.658,43.5,59.6,4.5,78.9,0.5,0.5,0.5,0.5,4.4,60.4,0.5,0.5,0.5,0.5,224.27,1907.72,12.76,12.52,2094.44,2094.44,5.48,201.07,223.89,0.38,416.85,850,44,1160.4,13.3,0
1.7.2026,39:46.5,18379,4846,79.1,7088,826,89.5,19,15311,2911,0.687,0.697,0.7,0.67,0.68,0.668,0.766,1424.9,1572.3,1572.3,1277.5,1277.5,98.3,1179.2,463.9,395.8,354.6,599.7,441.9,380.7,318.8,562.8,657.2,463.9,21.3,20.9,17.4,26,20.4,20.5,16.8,23.8,24.8,26,21.3,100,20.4,17.8,15.8,26.1,19.3,17.1,14.3,24.7,28.4,20.4,14.5,16,16,13,13,12,48,49,48,46,47,52,51,52,54,53,50,49,No,No,No,No,No,No,No,No,No,No,No,No,No,No,No,No,No,No,59,59,50,9.649,7.508,4.33,0.041,4.965,1.371,0.729,0.483,64,51,64,64,0,16.3,0,0,0,0,0,0,21.3,20.9,17.4,26,20.3,20.5,16.8,23.8,24.7,58.5,60.1,55.2,62.8,56,2096.4,21.33,36,39,39,90,129,598,1,2,Yes,No,No,No,No,No,No,No,No,No,Yes,No,No,No,No,No,No,No,No,No,No,No,No,No,No,No,No,No,No,No,No,No,No,No,No,No,No,52,54,50,50,42,49,56,52,4952,5816,65,57,55,100,No,No,34668,80109,2.8,0.8,3.6,0.501,0.102,494080,182860,50,0.735,0.041,650,2096,1,0.6,0,0.5,1,0,1.8,0,0,33.9,1340,2617,1340,No,No,No,No,No,No,No,No,8.169,27.223,92.7,6.658,43.5,59.6,4.5,78.9,0.5,0.5,0.5,0.5,4.4,60.4,0.5,0.5,0.5,0.5,224.27,1907.72,12.76,12.52,2094.44,2094.44,5.48,201.07,223.89,0.38,416.85,850,44,214.2,1.9,0
1.7.2026,39:48.5,18357,4868,79,7119,795,89.9,19,15311,2910,1.009,1.02,0.987,1.007,1.022,0.893,0.766,3783.3,3734.2,3734.2,3734.2,3930.7,98.3,3439.4,689.8,841,595.9,778.4,758.8,724.4,557.7,718.8,543.3,689.8,27.3,34.4,23.8,29.8,29.4,28.4,22.4,28.5,21.8,34.4,27.3,100,31.4,37.8,27.9,35.3,34.1,32.8,25.5,32.6,25,31.4,38.5,38,38,38,40,35,52,51,52,50,53,48,49,48,50,47,52,53,No,No,No,No,No,No,No,No,No,No,No,No,No,No,No,No,No,No,53,49,50,1.777,10.139,6.834,0.107,5.69,1.439,0.821,0.485,64,51,64,64,0,9.9,0,0,0,0,0,0,27.6,34.6,24.2,30.1,29.7,28.7,22.7,28.6,22.3,35.6,32.7,33,38.1,38.5,2096.4,21.33,36,39,39,90,129,598,1,2,Yes,No,No,No,No,No,No,No,No,No,Yes,No,No,No,No,No,No,No,No,No,No,No,No,No,No,No,No,No,No,No,No,No,No,No,No,No,No,52,54,50,50,42,49,56,52,4964,5799,65,57,55,100,No,No,34668,80109,14,0,14,17.463,0,494114,182860,50,0.78,0.107,900,2096,2.5,1.7,0,1.2,3,0,2.1,0.8,0,33.9,1342,2614,1343,No,No,No,No,No,No,No,No,8.169,27.223,92.7,6.65,43.5,59.6,27.1,62.4,4,3.6,3.5,3.5,27.1,62.2,4,3.6,3.5,3.5,36.94,250.32,16.02,15.99,282.66,282.66,0.39,0,36.94,0,26.48,850,44,0.1,0.1,0
1.7.2026,39:50.5,18450,4775,79.4,7224,690,91.2,18.7,15311,2870,0.666,0.667,0.665,0.66,0.67,0.653,0.766,1203.8,1277.5,1179.2,1179.2,1179.2,98.3,1080.9,801.3,937,746.3,820.1,650.6,1183.1,668.2,707.8,697.4,801.3,32.3,38,31.1,32.8,27.2,43.1,27.5,29.9,29,43.1,32.3,100,35.8,41.6,34.1,36.5,29.2,51.9,29.7,32,31,35.8,12.2,13,12,12,12,11,48,49,47,47,47,52,51,53,53,53,50,49,No,No,No,No,No,No,No,No,No,No,No,No,No,No,No,No,No,No,53,51,51,0.762,9.46,5.886,0.398,5.885,1.535,1.021,0.485,64,50,64,64,0,9.3,0,0,0,0,0,0,32.8,38.6,31.6,33.4,27.7,43.2,28,30.5,29.4,38,33.8,43.1,33.5,41.6,1048.2,10.67,20,20,20,45,129,299,1,2,Yes,No,No,No,No,No,No,No,No,No,Yes,No,No,No,No,No,No,No,No,No,No,No,No,No,No,No,No,No,No,No,No,No,No,No,No,No,No,53,54,50,50,42,49,56,52,5034,5808,65,57,55,100,No,No,34668,80109,7.4,0,7.5,8.521,0.1,494130,182860,49,0.78,0.398,900,1048,6.5,5.4,0,2.2,6.8,0,2,2.3,0,34.4,1361,2596,1361,No,No,No,No,No,No,No,No,8.17,27.231,92.8,6.634,43.5,59.6,34.6,64.9,5.3,5,5,5,31.8,61.2,5.3,5,5,5,28.88,187.37,15.4,15.4,200.59,200.59,0.5,0,28.88,0,17.9,850,44,3.8,7.1,0
1.7.2026,39:52.5,18440,4785,79.3,7230,684,91.3,18.7,15311,2870,0.671,0.667,0.672,0.667,0.675,0.653,0.766,1277.5,1277.5,1277.5,1277.5,1277.5,98.3,1080.9,536.5,735.5,437.4,600.3,491.9,488.4,514.5,481.6,542.4,536.5,22.5,30.6,18.8,25.4,20.9,19.8,21.3,21,22,30.6,22.5,100,24.4,33,20.5,27.4,22.4,22.4,23.1,22,24.3,24.4,13,13,13,13,13,11,48,49,47,49,47,52,51,53,51,53,51,49,No,No,No,No,No,No,No,No,No,No,No,No,No,No,No,No,No,No,53,49,50,5.078,8.313,4.953,0.226,4.96,1.408,0.756,0.481,64,50,64,64,0,14.1,0,0,0,0,0,0,22.6,30.6,19.1,25.7,20.9,20.1,21.3,21.1,22.1,44.1,40.5,44.4,45.3,46.1,1048.2,10.67,20,20,20,45,129,299,1,2,Yes,No,No,No,No,No,No,No,No,No,Yes,No,No,No,No,No,No,No,No,No,No,No,No,No,No,No,No,No,No,No,No,No,No,No,No,No,No,53,54,50,50,42,49,56,52,5028,5791,65,57,55,100,No,No,34668,80109,3.7,1.5,5.2,2.207,0.163,494134,182861,50,0.727,0.226,600,1048,4.2,3.6,0,1.3,4.5,0,2.1,0,0,34.9,1381,2575,1382,No,No,No,No,No,No,No,No,8.169,27.231,92.8,6.625,43.5,59.6,45.4,63.2,7.5,5.6,5.4,5.4,45.4,61.8,7.5,5.6,5.5,5.5,22.04,133.73,15.83,15.79,183.51,183.51,0.5,0,22.04,0,8.46,852,44,884.8,13.3,0
1.7.2026,39:54.5,18555,4670,79.8,7252,663,91.6,18.6,15311,2846,0.932,1.02,0.987,0.65,1.072,0.893,0.766,3193.7,3734.2,3734.2,1179.2,4127.3,98.3,3439.4,819.7,836.2,598.8,824.3,665.4,1646.7,596.7,752.1,637.6,819.7,30.4,33.4,24.4,32,25.5,51.2,21.3,29.5,26.2,51.2,30.4,100,36,36.9,26.9,36.4,29.6,70.6,26.4,32.9,28.1,36,32.5,38,38,12,42,35,60,61,58,57,66,40,39,42,43,34,66,66,No,No,No,No,No,No,No,No,No,No,No,No,No,No,No,No,No,No,64,64,53,3.809,11.138,7.633,0.158,5.743,1.511,0.934,0.482,64,50,64,64,0,7.2,0,0,0,0,0,0,30.9,33.8,24.9,32.4,25.8,51.4,21.8,30.1,26.6,40.9,41.8,42.3,32.6,47.1,2096.4,21.33,36,39,39,90,129,598,1,2,Yes,No,No,No,No,No,No,No,No,No,Yes,No,No,No,No,No,No,No,No,No,No,No,No,No,No,No,No,No,No,No,No,No,No,No,No,No,No,53,55,50,50,42,49,56,52,5028,5808,65,56,55,100,No,No,34668,80109,17.5,11.5,29,31.592,7,494195,182874,52,0.732,0.158,650,2096,3,2.2,0,1.1,3.3,0,2.2,0,0,32.8,1298,2658,1299,No,No,No,No,No,No,No,No,8.169,27.238,92.8,6.625,43.5,59.6,30,154.8,11.1,9.5,9.4,9.4,30,60.4,10.3,8.7,8.6,8.6,33.32,90.07,6.38,3.2,106.21,106.21,1.7,4.38,33.07,0.26,32.72,853,44,198.9,26.9,0
1.7.2026,39:56.6,18665,4560,80.3,7027,887,88.7,19.8,15311,3024,0.661,0.655,0.662,0.66,0.665,0.651,0.766,1179.2,1179.2,1179.2,1179.2,1179.2,98.3,982.7,1248.2,1372,1032.7,1075.5,1103.3,1404.1,1281.7,1445,1271.4,1248.2,43.3,47.5,36.3,39.4,40.6,47.4,42.6,50,42.3,50,43.3,100,54.3,59.7,44.9,47.4,48.3,61.1,55.4,62.6,54.9,54.3,12,12,12,12,12,10,49,51,50,48,47,51,49,50,52,53,51,51,No,No,No,No,No,No,No,No,No,No,No,No,No,No,No,No,No,No,54,54,52,1.523,15.649,12.167,0.092,7.079,1.62,1.094,0.486,64,50,64,64,0,6.4,0,0,0,0,0,0,43.1,47.3,36.2,39.4,40.6,47.3,42.4,49.7,42.1,26.2,26.7,30.4,24.6,22.9,2096.4,21.33,36,39,39,90,129,598,1,2,Yes,No,No,No,No,No,No,No,No,No,Yes,No,No,No,No,No,No,No,No,No,No,No,No,No,No,No,No,No,No,No,No,No,No,No,No,No,No,54,55,50,50,42,49,56,52,5028,5816,65,56,55,100,No,No,34669,80109,12.9,49.9,62.8,22.578,93.291,494238,183053,51,0.777,0.092,900,2096,2.3,1.4,0,1.1,2.4,0,2.6,0.4,0,33.5,1326,2630,1327,No,No,No,No,No,No,No,No,8.173,27.238,92.8,6.612,43.5,59.6,21.3,66.1,1.9,1.5,1.5,1.5,21.3,60.4,1.9,1.5,1.5,1.5,46.94,530.19,15,14.97,661.45,661.45,1.83,29.51,46.58,0.35,61.24,854,44,529.3,19.7,0
1.7.2026,39:58.6,18721,4504,80.6,7091,823,89.5,19.7,15311,3021,0.714,0.702,0.705,0.705,0.745,0.668,0.766,1768.8,1670.6,1670.6,1670.6,2063.6,98.3,1474,808.1,861.8,699.6,797.4,740.5,838.3,808.4,919.3,799.4,808.1,46.2,49.1,39.3,45.4,40.9,47.9,47.3,53.8,46,53.8,46.2,100,35.5,38.1,31.3,35.1,32.6,36.8,35.3,40.2,34.8,35.5,18,17,17,17,21,15,50,52,51,50,48,50,48,49,50,52,52,52,No,No,No,No,No,No,No,No,No,No,No,No,No,No,No,No,No,No,54,51,51,3.555,7.809,4.279,0.287,5.243,1.57,1.106,0.491,64,49,64,64,0,1.3,0,0,0,0,0,0,46.5,49.2,39.6,45.9,41.4,48.3,47.6,54,46.1,28.2,28.6,31.6,28.1,24.5,2096.4,21.33,36,39,39,90,129,598,1,2,Yes,No,No,No,No,No,No,No,No,No,Yes,No,No,No,No,No,No,No,No,No,No,No,No,No,No,No,No,No,No,No,No,No,No,No,No,No,No,54,55,50,50,42,49,56,52,5021,5791,65,56,55,100,No,No,34669,80109,7.4,0.2,7.6,2.985,0.162,494244,183054,51,0.725,0.287,600,2096,6.2,5.1,0,2.1,6.7,0,1.9,2.1,0,33.6,1329,2628,1329,No,No,No,No,No,No,No,No,8.169,27.246,92.8,6.609,43.5,59.6,31.3,62.6,6,6,6,6,30,61.1,5.6,5.5,5.5,5.5,31.91,166.58,15.96,15.94,166.87,166.87,0.57,0,31.91,0,14.09,857,44,1631.4,22.6,0
1.7.2026,40:00.6,18716,4509,80.5,7103,812,89.7,19.7,15311,3019,0.68,0.685,0.69,0.667,0.677,0.661,0.708,1375.8,1474,1474,1277.5,1277.5,98.3,1277.5,617.3,640,511.2,656.4,570.8,663.4,623.8,685.5,587.3,617.3,36.5,37.7,29.7,38.9,34.1,39.1,36.1,41.3,35.5,41.3,36.5,100,27.2,28.3,22.6,28.8,25.1,29.2,27.5,30.2,25.7,27.2,14,15,15,13,13,13,49,51,50,47,48,51,49,50,53,52,51,51,No,No,No,No,No,No,No,No,No,No,No,No,No,No,No,No,No,No,53,52,50,6.348,6.761,3.542,0.069,4.825,1.45,0.912,0.481,64,49,64,64,0,2.5,0,0,0,0,0,0,36.8,38.1,30.1,39.2,34.3,39.4,36.2,41.6,35.7,40,42.4,41.5,37.7,38.4,1048.2,10.67,20,20,20,45,129,299,1,2,Yes,No,No,No,No,No,No,No,No,No,Yes,No,No,No,No,No,No,No,No,No,No,No,No,No,No,No,No,No,No,No,No,No,No,No,No,No,No,52,55,50,50,42,49,56,52,5034,5799,65,56,55,100,No,No,34669,80109,7.7,0.3,8,5.576,0.324,494254,183054,51,0.78,0.069,900,1048,1,0.5,0,0.6,1,0,2,0,0,33.5,1325,2632,1325,No,No,No,No,No,No,No,No,8.169,27.246,92.8,6.601,43.5,59.6,60.1,63.5,57.8,57.7,57.7,57.7,60,60.3,59.7,59.7,59.7,59.7,16.65,17.3,15.76,15.72,17.33,17.33,0.29,0,16.65,0,7.94,857,44,8,5.3,0
1.7.2026,40:02.6,18776,4449,80.8,7172,742,90.6,19.6,15311,3007,0.669,0.665,0.67,0.667,0.675,0.653,0.766,1277.5,1277.5,1277.5,1277.5,1277.5,98.3,1080.9,773.5,843.3,712.2,823.1,676.1,883.3,723.1,771.4,755.8,773.5,37.9,41.4,33.9,40.8,33.1,43.4,35.2,38.5,37.2,43.4,37.9,100,33.8,37.2,31.3,36,29.6,38.4,31.4,33.8,32.8,33.8,13,13,13,13,13,11,49,51,48,49,48,51,49,52,51,52,51,51,No,No,No,No,No,No,No,No,No,No,No,No,No,No,No,No,No,No,52,51,51,1.016,9.244,5.665,0.298,5.51,1.53,1.034,0.492,64,49,64,64,0,6,0,0,0,0,0,0,37.8,41.2,33.7,40.6,33,43.2,34.9,38.4,37,36.7,36.3,38.2,35.9,36.2,2096.4,21.33,36,39,39,90,129,598,1,2,Yes,No,No,No,No,No,No,No,No,No,Yes,No,No,No,No,No,No,No,No,No,No,No,No,No,No,No,No,No,No,No,No,No,No,No,No,No,No,53,55,50,50,42,50,55,52,5028,5799,65,56,55,100,No,No,34669,80109,8.5,3,11.5,4.84,0.548,494264,183055,51,0.78,0.298,900,2096,8.3,6.8,0,2.9,8.5,0,2.2,3.7,0,33.1,1310,2646,1311,No,No,No,No,No,No,No,No,8.169,27.254,92.8,6.592,43.5,59.6,39.3,74.3,14.9,14.8,14.8,14.8,39.3,61.1,15,15,15,15,25.44,67.33,13.47,13.02,67.53,67.53,0.68,0,25.44,0,7.85,861,44,1963.4,20.2,0
1.7.2026,40:04.6,18766,4459,80.8,7196,718,90.9,19.6,15311,3007,0.663,0.657,0.662,0.662,0.67,0.651,0.768,1179.2,1179.2,1179.2,1179.2,1179.2,98.3,982.7,451.1,487.9,437.7,412,412.3,589.9,365.9,487.7,415.7,451.1,26.7,30.4,24.8,25.6,24.9,32.5,22.4,28,24.6,32.5,26.7,100,20.3,22.2,19.7,18.6,18.5,26.1,16.5,21.9,18.6,20.3,12,12,12,12,12,10,48,51,48,47,46,52,49,52,53,54,51,51,No,No,No,No,No,No,No,No,No,No,No,No,No,No,No,No,No,No,53,49,51,7.871,6.334,2.926,0.264,4.637,1.436,0.862,0.482,64,49,64,64,0,17,0,0,0,0,0,0,27.1,30.5,25.2,25.8,25.5,33.2,23.2,28.3,24.7,51.2,48.1,54.2,50.2,52.2,1048.2,10.67,20,20,20,45,129,299,1,2,Yes,No,No,No,No,No,No,No,No,No,Yes,No,No,No,No,No,No,No,No,No,No,No,No,No,No,No,No,No,No,No,No,No,No,No,No,No,No,53,55,50,50,42,50,55,52,5028,5799,65,56,55,100,No,No,34669,80109,9,0.4,9.4,4.045,0.161,494271,183056,51,0.78,0.264,900,1048,5.6,4.2,0,2.4,5.6,0,2,4.5,0,33.2,1313,2644,1313,No,No,No,No,No,No,No,No,8.169,27.254,92.8,6.601,43.5,59.6,30.7,71,3,2.4,2.3,2.3,30.6,61.2,3,2.4,2.3,2.3,32.57,329.01,14.08,13.97,432.63,432.63,0.72,0,32.57,0,31.49,861,44,7.5,8.1,0
1.7.2026,40:06.6,18743,4482,80.7,7188,726,90.8,19.6,15311,3007,0.702,0.702,0.697,0.695,0.715,0.668,0.766,1646,1670.6,1572.3,1572.3,1768.8,98.3,1474,452.3,515.5,401.1,539.8,361.5,511,387.7,528.8,373.4,452.3,20.9,24.4,19.3,24,17.8,23.2,18.2,22.8,17.2,24.4,20.9,100,20.2,23.3,18.1,24.1,16.4,22.6,17,23.4,16.5,20.2,16.8,17,16,16,18,15,50,52,49,51,49,50,48,51,49,51,52,52,No,No,No,No,No,No,No,No,No,No,No,No,No,No,No,No,No,No,52,49,51,7.871,7.375,4.035,0.212,4.684,1.394,0.758,0.485,64,48,64,64,0,21.6,0,0,0,0,0,0,21.4,25.1,19.9,24.7,18,23.2,18.6,23.8,18,57.5,53.7,56,60.3,60.1,2096.4,21.33,36,39,39,90,129,598,1,2,Yes,No,No,No,No,No,No,No,No,No,Yes,No,No,No,No,No,No,No,No,No,No,No,No,No,No,No,No,No,No,No,No,No,No,No,No,No,No,53,54,50,50,42,50,55,52,5028,5791,65,56,55,100,No,No,34669,80109,2.4,3.8,6.2,0.827,0.386,494273,183057,50,0.78,0.212,900,2096,4.7,3.3,0,2.2,5.1,0,2.1,3.9,0,33.3,1316,2640,1317,No,No,No,No,No,No,No,No,8.17,27.254,92.8,6.585,43.5,59.6,25.7,67.2,2.9,2.5,2.5,2.5,25.7,60.5,3,2.5,2.5,2.5,38.89,339.73,14.89,14.56,401.68,401.68,0.36,0,38.89,0,44.75,862,44,452.4,7.8,0
1.7.2026,40:08.6,18668,4557,80.3,7149,765,90.3,19.6,15311,3006,1.001,1.02,0.987,1.007,0.99,0.893,0.766,3734.2,3734.2,3734.2,3734.2,3734.2,98.3,3439.4,462.6,511.3,468.3,485.4,450.5,448.7,389.6,500.2,447,462.6,26.6,28.9,26.6,27.7,24.2,25.6,23.9,29,26.6,29,26.6,100,20.7,23.1,21.1,21.8,20,20.2,17.7,22.3,19.8,20.8,38,38,38,38,38,35,52,53,52,52,52,48,47,48,48,48,53,53,No,No,No,No,No,No,No,No,No,No,No,No,No,No,No,No,No,No,53,50,51,2.793,6.494,3.221,0.193,4.405,1.412,0.819,0.483,64,48,64,64,0,13.6,0,0,0,0,0,0,26.8,29.2,26.8,28,24.5,26,23.7,29,26.7,51.4,47.8,52.4,53.4,51.9,2096.4,21.33,36,39,39,90,129,598,1,2,Yes,No,No,No,No,No,No,No,No,No,Yes,No,No,No,No,No,No,No,No,No,No,No,No,No,No,No,No,No,No,No,No,No,No,No,No,No,No,53,54,50,50,42,50,55,52,5028,5782,65,57,55,100,No,No,34669,80109,6.3,0,6.4,4.625,0.126,494282,183057,51,0.727,0.193,600,2096,3.7,2.4,0,2,3.9,0,2,4,0,32.8,1299,2658,1299,No,No,No,No,No,No,No,No,8.169,27.261,92.9,6.568,43.5,59.6,23.8,31.2,19.5,19.5,19.5,19.5,23.8,30.1,19.9,19.9,19.9,19.9,42.04,51.47,31.73,31.67,51.47,51.47,3.09,3.81,41.63,0.41,16.94,862,44,118.5,11,0
1.7.2026,40:10.6,18629,4596,80.2,7119,795,89.9,19.6,15311,3003,0.698,0.695,0.7,0.695,0.702,0.668,0.766,1572.3,1572.3,1572.3,1572.3,1572.3,98.3,1375.8,594.3,672.3,572.7,571.5,661.8,597.4,516.4,601.5,560.5,594.3,27.4,32.1,26.8,26.3,29,27.9,23.7,28.1,25.3,32.1,27.4,100,26.2,29.9,25.4,25.4,29,26.4,22.8,26.4,24.6,26.2,16,16,16,16,16,14,48,51,48,48,47,52,49,52,52,53,51,51,No,No,No,No,No,No,No,No,No,No,No,No,No,No,No,No,No,No,53,49,50,4.824,7.966,4.401,0.316,4.884,1.457,0.905,0.481,64,48,64,64,0,14.6,0,0,0,0,0,0,27.3,32,26.7,26.3,28.8,27.9,23.6,28.1,25.3,52,46.4,51.5,55.3,54.7,2096.4,21.33,36,39,39,90,129,598,1,2,Yes,No,No,No,No,No,No,No,No,No,Yes,No,No,No,No,No,No,No,No,No,No,No,No,No,No,No,No,No,No,No,No,No,No,No,No,No,No,53,54,50,50,42,50,55,52,5028,5791,65,57,55,100,No,No,34669,80109,11.9,1,12.9,7.403,0.399,494296,183058,49,0.735,0.316,650,2096,5.9,4.6,0,2.4,6.1,0,1.9,4,0,32.6,1290,2667,1290,No,No,No,No,No,No,No,No,8.173,27.261,92.9,6.571,43.5,59.6,23.7,41.7,16.8,16.6,16.5,16.5,23.8,30.2,19.9,19.9,19.9,19.9,42.15,59.59,24.18,23.99,60.5,60.5,4.34,16.79,41.68,0.48,18.64,862,44,37.8,2.5,0
1.7.2026,40:12.6,18619,4606,80.1,7127,788,90,19.5,15311,2981,0.684,0.688,0.692,0.66,0.695,0.663,0.766,1400.3,1474,1474,1179.2,1474,98.3,1277.5,527.6,608.3,445.3,625.4,510.4,594.4,432.8,565.5,438.3,527.6,30.4,35.4,26.4,34.8,28.7,34.7,25.3,33.3,24.6,35.4,30.4,100,23.6,27.3,20.1,27.7,22.7,26.5,19.6,25.3,19.7,23.6,14.2,15,15,12,15,13,48,49,47,47,47,52,51,53,53,53,50,49,No,No,No,No,No,No,No,No,No,No,No,No,No,No,No,No,No,No,53,48,50,8.125,6.861,3.442,0.304,4.654,1.457,0.933,0.484,64,47,64,64,0,10.9,0,0,0,0,0,0,30.7,35.7,26.7,35.1,29,35,25.6,33.7,25,43.7,40.6,44,43.9,46.2,1048.2,10.67,20,20,20,45,129,299,1,2,Yes,No,No,No,No,No,No,No,No,No,Yes,No,No,No,No,No,No,No,No,No,No,No,No,No,No,No,No,No,No,No,No,No,No,No,No,No,No,53,54,50,50,42,50,55,52,5028,5791,65,56,55,100,No,No,34669,80109,11.9,0,12,16.067,0.107,494327,183058,51,0.735,0.304,650,1048,6.8,5.3,0,2.7,7.3,0,2,4,0,32.6,1289,2667,1290,No,No,No,No,No,No,No,No,8.173,27.269,92.9,6.563,43.5,59.6,31.1,63.2,14.8,14.8,14.8,14.8,31.2,60.3,15,15,15,15,32.11,67.42,15.82,15.72,67.47,67.47,0.52,0,32.11,0,5.94,863,44,389.6,6.5,0
1.7.2026,40:14.6,18604,4621,80.1,7130,784,90,19.5,15311,2981,0.664,0.657,0.665,0.662,0.67,0.651,0.766,1179.2,1179.2,1179.2,1179.2,1179.2,98.3,982.7,421.4,482.9,391.5,488.5,449.3,355.5,293.1,482.7,427.3,421.4,20.6,23.5,19.3,23.6,22.8,18.3,15.5,22.2,19.6,23.6,20.6,100,19,21.7,17.8,22,20.2,16.3,13.4,21.8,19.2,19.1,12,12,12,12,12,10,47,49,46,46,46,53,51,54,54,54,51,49,No,No,No,No,No,No,No,No,No,No,No,No,No,No,No,No,No,No,52,49,50,7.617,6.681,3.398,0.243,4.429,1.363,0.743,0.477,64,47,64,64,0,19.1,0,0,0,0,0,0,21.5,24.3,20.2,24.5,23.7,19.3,16.3,23,20.4,57.1,54.7,52.2,63.5,58.2,1048.2,10.67,20,20,20,45,129,299,1,2,Yes,No,No,No,No,No,No,No,No,No,Yes,No,No,No,No,No,No,No,No,No,No,No,No,No,No,No,No,No,No,No,No,No,No,No,No,No,No,52,54,50,50,42,50,55,52,5028,5825,65,57,55,100,No,No,34669,80109,7.5,1,8.5,1.528,0.102,494330,183058,50,0.78,0.243,900,1048,3.7,2.5,0,1.9,3.7,0,2,3.9,0,32.6,1289,2667,1290,No,No,No,No,No,No,No,No,8.169,27.269,92.9,6.552,43.5,59.6,24,30.9,19.5,19.5,19.5,19.5,24,30.1,19.9,19.9,19.9,19.9,41.72,51.3,31.58,31.39,51.38,51.38,3.2,4.83,41.25,0.48,16.78,863,44,0.2,0,0
1.7.2026,40:16.6,18535,4690,79.8,7075,839,89.3,19.5,15311,2981,0.67,0.657,0.675,0.67,0.677,0.663,0.766,1252.9,1179.2,1277.5,1277.5,1277.5,98.3,1277.5,432,458.2,391.5,385.9,370.5,533.2,454.8,442.2,419.3,432,25.1,27.6,22.8,23,23,29.6,25,26.1,24.1,29.6,25.1,100,19.3,20.9,17.6,17.6,16.6,23.5,20.1,19.8,18.5,19.3,12.8,12,13,13,13,13,48,50,47,48,46,52,50,53,52,54,50,50,No,No,No,No,No,No,No,No,No,No,No,No,No,No,No,No,No,No,53,48,49,8.887,6.125,2.965,0.15,3.86,1.38,0.74,0.471,64,47,64,64,0,20.1,0,0,0,0,0,0,25.4,27.8,23.1,23.4,23.2,29.7,25.1,26.3,24.4,55,52,56.7,54.6,56.6,1048.2,10.67,20,20,20,45,129,299,1,2,Yes,No,No,No,No,No,No,No,No,No,Yes,No,No,No,No,No,No,No,No,No,No,No,No,No,No,No,No,No,No,No,No,No,No,No,No,No,No,52,53,50,50,42,50,55,52,5028,5816,65,56,55,100,No,No,34669,80109,2.8,3,5.8,1.35,0.019,494332,183058,49,0.78,0.15,900,1048,2.4,1.5,0,1.5,2.3,0,1.9,3.6,0,32.5,1287,2670,1287,No,No,No,No,No,No,No,No,8.173,27.276,92.9,6.555,43.5,59.6,24,30.8,19.7,19.6,19.6,19.6,24,30.1,20,20,20,20,41.63,50.97,32.33,32.14,51.18,51.18,2.91,4.26,41.21,0.42,16.53,863,44,167.1,3.8,0
1.7.2026,40:18.6,18523,4702,79.7,7102,812,89.7,19.2,15311,2935,0.665,0.66,0.665,0.662,0.672,0.651,0.766,1179.2,1179.2,1179.2,1179.2,1179.2,98.3,982.7,363,409,298.9,388.3,346.1,374.2,368.6,403.3,315.6,363,20.8,23.5,17.3,22.4,20.3,21.1,21,21.8,18.7,23.5,20.8,100,16.6,18.9,13.9,17.8,15.7,17,16.7,18.4,14.5,16.6,12,12,12,12,12,10,46,48,46,45,45,54,52,54,55,55,48,48,No,No,No,No,No,No,No,No,No,No,No,No,No,No,No,No,No,No,52,52,49,7.871,6.319,3.175,0.133,3.954,1.358,0.703,0.477,64,47,64,64,0,23.3,0,0,0,0,0,0,20.7,23.3,17.8,22.3,20,20.9,20.7,21.6,19.1,55.3,51.4,56.4,55.8,57.7,2096.4,21.33,36,39,39,90,129,598,1,2,Yes,No,No,No,No,No,No,No,No,No,Yes,No,No,No,No,No,No,No,No,No,No,No,No,No,No,No,No,No,No,No,No,No,No,No,No,No,No,52,53,49,50,42,49,55,52,5021,5816,65,55,55,100,No,No,34669,80109,31.7,1.6,33.3,22.707,0.206,494376,183058,49,0.78,0.133,900,2096,2.5,1.6,0,1.5,2.3,0,1.7,3.7,0,32.5,1287,2670,1287,No,No,No,No,No,No,No,No,8.169,27.276,92.9,6.543,43.5,59.6,24,30.4,19.8,19.7,19.7,19.7,24,30.2,20,20,20,20,41.71,50.66,32.96,32.94,50.74,50.74,2.85,3.4,41.31,0.41,16.54,864,44,343.8,9.5,0
1.7.2026,40:20.6,18533,4692,79.7,7131,783,90,19.2,15311,2935,0.664,0.66,0.665,0.66,0.67,0.651,0.768,1179.2,1179.2,1179.2,1179.2,1179.2,98.3,982.7,369.6,392.4,347.2,361.4,364.3,413.3,324.5,405.3,348.6,369.6,20.7,22.2,20.3,20,20.1,23.8,17.8,22.7,18.9,23.8,20.7,100,16.7,18,15.8,16.3,16.3,18.5,14.6,18.2,15.6,16.7,12,12,12,12,12,10,46,48,46,46,46,54,52,54,54,54,49,48,No,No,No,No,No,No,No,No,No,No,No,No,No,No,No,No,No,No,61,61,49,6.094,5.752,2.389,0.28,3.969,1.416,0.824,0.473,64,46,64,64,0,18.9,0,0,0,0,0,0,21.4,23.1,20.4,20.8,20.9,24.6,18.6,23.6,19.1,58.3,55.5,59.2,58.5,60,1048.2,10.67,20,20,20,45,129,299,1,2,Yes,No,No,No,No,No,No,No,No,No,Yes,No,No,No,No,No,No,No,No,No,No,No,No,No,No,No,No,No,No,No,No,No,No,No,No,No,No,52,53,49,50,42,49,55,52,5015,5799,65,55,55,100,No,No,34669,80109,7.6,0.5,8.2,4.921,0.146,494385,183059,49,0.78,0.28,900,1048,5.6,4.4,0,2.2,5.7,0,1.7,3.7,0,32.8,1297,2659,1298,No,No,No,No,No,No,No,No,8.17,27.284,92.9,6.536,43.5,59.6,24,42.7,17,16.9,16.9,16.9,23.8,30.1,20,20,20,20,41.73,59.03,23.29,22.42,59.25,59.25,3.92,16.52,41.34,0.39,17.74,864,44,6.5,2.6,0
1.7.2026,40:22.6,18579,4646,79.9,7188,726,90.8,19.2,15311,2935,1.001,1.02,0.987,1.007,0.99,0.893,0.766,3734.2,3734.2,3734.2,3734.2,3734.2,98.3,3439.4,872.2,978.5,806.3,878.1,846.7,906.5,785,977.7,799,872.2,37.9,41.8,34.8,37.5,35.8,39.7,34.9,42.7,35.5,42.7,37.9,100,38.9,43.6,36,39.1,37.7,40.5,35.2,43.3,35.4,38.9,38,38,38,38,38,35,56,58,57,57,53,44,42,43,43,47,58,58,No,No,No,No,No,No,No,No,No,No,No,No,No,No,No,No,No,No,66,66,51,16.758,10.93,7.18,0.499,5.606,1.556,1.084,0.481,64,46,64,64,0,3.5,0,0,0,0,0,0,38.2,42,35.1,37.9,36.2,40.2,35.3,43,35.8,28.7,30.6,25.1,30.3,28.6,2096.4,21.33,36,39,39,90,129,598,1,2,Yes,No,No,No,No,No,No,No,No,No,Yes,No,No,No,No,No,No,No,No,No,No,No,No,No,No,No,No,No,No,No,No,No,No,No,No,No,No,52,53,49,50,42,49,55,52,5028,5808,65,54,55,100,No,No,34669,80109,11.1,1.1,12.3,16.663,0.337,494417,183059,51,0.777,0.499,900,2096,10.2,8.7,0,3.2,10.5,0,1.8,3.8,0,32.8,1296,2660,1297,No,No,No,No,No,No,No,No,8.17,27.284,92.9,6.511,43.5,59.6,42.2,72,13.1,12.2,12.1,12.1,42.1,60.7,13,12.1,12,12,23.72,76.52,13.89,13.58,82.54,82.54,0.57,0,23.72,0,8.79,865,44,553.7,15.2,0
1.7.2026,40:24.6,18950,4275,81.5,7493,421,94.6,19.1,15311,2918,1.001,1.02,0.987,1.007,0.987,0.893,0.763,3734.2,3734.2,3734.2,3734.2,3734.2,98.3,3439.4,2195.2,2123.3,1912.3,2303.6,2163.3,2247.4,2440,2102.8,2269.1,2195.2,61.3,59.9,54.3,64.1,60.3,62.1,67.3,58.9,63.5,67.3,61.3,100,96,93.2,84.2,100.6,95.2,98.3,106.2,92.5,98.1,96,38,38,38,38,38,35,70,67,72,69,73,30,33,28,31,27,73,73,No,No,No,No,No,No,No,No,No,No,No,No,No,No,No,No,No,No,71,71,53,15.489,24.531,20.421,0.509,9.452,1.8,1.409,0.485,64,46,64,64,0,0,0,0,0,0,0,0,60.6,59.3,53.4,63.4,59.5,61.6,66.5,58.2,63,8.6,16,5.6,5.4,7.4,2096.4,21.33,36,39,39,90,129,598,1,2,Yes,No,No,No,No,No,No,No,No,No,Yes,No,No,No,No,No,No,No,No,No,No,No,No,No,No,No,No,No,No,No,No,No,No,No,No,No,No,54,55,49,50,42,49,55,52,5028,5799,65,54,55,100,No,No,34669,80109,14.6,0,14.6,29.722,0.214,494474,183060,52,0.777,0.509,900,2096,8.5,7.1,0,3,8.4,3,3.8,0,0,41.5,1643,2313,1644,No,No,No,No,No,No,No,No,8.169,27.292,93,6.486,43.5,59.6,56.1,92.5,28.5,28,28,28,50.3,60.4,21.8,20.2,20,20,17.82,35.11,10.81,8.98,35.74,35.74,0.88,0,17.82,0,2.94,865,44,33.7,81.4,0
1.7.2026,40:26.7,18914,4311,81.4,7037,877,88.9,20.3,15311,3115,0.996,1.02,0.987,1.007,0.967,0.891,0.761,3709.6,3734.2,3734.2,3734.2,3635.9,98.3,3439.4,1989.5,1956,1816.3,1885.8,2004.6,1945.3,2048.8,1784.7,2474.6,1989.5,60.8,60.8,56.2,57.8,61.9,59.1,62.8,53.8,73.9,73.9,60.8,100,87.1,85.9,79.5,83.2,87.9,86.2,90,77.9,106.4,87.1,37.8,38,38,38,37,35,66,65,64,67,68,34,35,36,33,32,68,68,No,No,No,No,No,No,No,No,No,No,No,No,No,No,No,No,No,No,56,56,53,6.348,21.749,18.013,0.177,8.678,1.732,1.246,0.483,64,46,64,64,0,0,0,0,0,0,0,0,61,60.9,56.4,58.2,62.2,59.5,62.9,54.3,73.4,9.8,13.5,9.7,6.9,8.9,2096.4,21.33,36,39,39,90,129,598,1,2,Yes,No,No,No,No,No,No,No,No,No,Yes,No,No,No,No,No,No,No,No,No,No,No,No,No,No,No,No,No,No,No,No,No,No,No,No,No,No,56,57,49,50,42,49,55,52,5028,5765,65,54,55,100,No,No,34669,80109,20.3,50.7,71.1,35.038,105.276,494542,183263,53,0.722,0.177,600,2096,3.4,2.1,0,1.6,3.3,0,4.5,0,0,41.7,1652,2305,1652,No,No,No,No,No,No,No,No,8.17,27.292,93,6.479,43.5,59.6,56.1,92.5,28.5,28,28,28,50.3,60.4,21.8,20.2,20,20,17.82,35.11,10.81,8.98,35.74,35.74,0.88,0,17.82,0,2.94,865,44,161,11.1,0
1.7.2026,40:28.6,19062,4163,82,7181,733,90.7,20.4,15311,3122,0.726,0.777,0.672,0.725,0.73,0.721,0.703,1916.2,2358.4,1375.8,1965.4,1965.4,98.3,1768.8,1385.4,1288.3,1153.1,1425.8,1432.2,1565.3,1428.5,1406.2,1384.1,1385.4,44.1,42.7,37.3,44.8,45,48.9,45.6,45,43.3,48.9,44.1,100,61.5,57.3,51.3,63.3,64.1,69.5,63.3,62.8,60.5,61.5,19.5,24,14,20,20,18,55,56,55,54,55,45,44,45,46,45,56,56,No,No,No,No,No,No,No,No,No,No,No,No,No,No,No,No,No,No,71,71,52,12.949,16.293,12.754,0.161,7.366,1.605,1.038,0.484,64,45,64,64,0,0,0,0,0,0,0,0,43.9,42.4,37,44.6,44.9,49,45.5,44.8,43.3,21.5,30.7,13.9,18.3,23.2,2096.4,21.33,36,39,39,90,129,598,1,2,Yes,No,No,No,No,No,No,No,No,No,Yes,No,No,No,No,No,No,No,No,No,No,No,No,No,No,No,No,No,No,No,No,No,No,No,No,No,No,57,57,49,50,42,49,55,52,5021,5825,65,54,55,100,No,No,34669,80109,6.4,6,12.5,7.477,8.113,494556,183278,53,0.732,0.161,650,2096,2.6,1.5,0,1.3,2.5,0,4,0,0,44.6,1763,2194,1763,No,No,No,No,No,No,No,No,8.169,27.292,93,6.494,43.5,59.6,42,142.8,22.6,22.1,22,22,42.4,60.3,30,30,30,30,23.84,44.19,6.97,4.52,45.42,45.42,1.72,3,23.59,0.25,2.81,866,44,194.4,49.6,0
1.7.2026,40:30.6,19113,4112,82.2,7264,650,91.7,20.3,15311,3113,0.666,0.66,0.667,0.665,0.67,0.651,0.761,1277.5,1277.5,1277.5,1277.5,1277.5,98.3,1080.9,1131.7,1090.5,909.3,1309.3,1097.5,1155.9,1255,1168.4,1067.5,1131.7,42.1,41,34.5,47.4,39.5,42.6,44.3,45,42.7,47.4,42.1,100,49.9,48.5,40.4,57.2,48.4,51.1,55.1,51.6,47,49.9,13,13,13,13,13,11,52,54,53,51,51,48,46,47,49,49,54,54,No,No,No,No,No,No,No,No,No,No,No,No,No,No,No,No,No,No,56,53,53,4.316,14.078,10.487,0.128,6.457,1.624,1.044,0.492,64,45,64,64,0,1.9,0,0,0,0,0,0,42.1,41,34.5,47.3,39.5,42.7,44.2,45,42.7,25.8,30.1,19.9,27.6,25.7,2096.4,21.33,36,39,39,90,129,598,1,2,Yes,No,No,No,No,No,No,No,No,No,Yes,No,No,No,No,No,No,No,No,No,No,No,No,No,No,No,No,No,No,No,No,No,No,No,No,No,No,56,58,49,50,42,49,55,52,5021,5799,65,54,55,100,No,No,34669,80109,28.7,0.4,29.1,32.124,0.897,494617,183280,53,0.777,0.128,900,2096,2.8,2,0,1.1,3,0,2.5,0,0,44.4,1756,2201,1756,No,No,No,No,No,No,No,No,8.169,27.299,93,6.503,43.5,59.6,39.4,91.7,7.8,7,6.9,6.9,39,60.4,8.2,7.6,7.5,7.5,25.41,128.13,10.89,10.71,145.35,145.35,1.28,1.96,25.03,0.38,14.12,869,44,1733.5,34.5,0
1.7.2026,40:32.7,19079,4146,82.1,7260,654,91.7,20.1,15311,3079,0.667,0.662,0.67,0.665,0.672,0.653,0.763,1277.5,1277.5,1277.5,1277.5,1277.5,98.3,1080.9,587.7,903.1,412.9,527.3,445.8,591.8,505.8,617.5,697.1,587.7,27.4,36.5,20.7,25.7,23.3,28.9,24.5,28.8,30.4,36.5,27.4,100,26.1,39.7,18.7,23.7,20,26.4,22.5,27.5,30.6,26.1,13,13,13,13,13,11,51,53,51,51,49,49,47,49,49,51,53,53,No,No,No,No,No,No,No,No,No,No,No,No,No,No,No,No,No,No,56,54,52,3.809,8.45,5.161,0.113,4.96,1.491,0.853,0.482,64,45,64,64,0,12.8,0,0,0,0,0,0,27.7,36.6,21.4,26.6,23.6,29,24.6,29.4,30.8,47.4,43.2,52,49.6,44.9,2096.4,21.33,36,39,39,90,129,598,1,2,Yes,No,No,No,No,No,No,No,No,No,Yes,No,No,No,No,No,No,No,No,No,No,No,No,No,No,No,No,No,No,No,No,No,No,No,No,No,No,56,58,49,50,42,49,55,52,5034,5825,65,54,55,100,No,No,34669,80109,9.5,0.5,10,13.214,1.713,494643,183283,52,0.725,0.113,600,2096,2.3,1.6,0,0.9,2.5,0,1.9,0,0,44.5,1759,2197,1760,No,No,No,No,No,No,No,No,8.173,27.299,93,6.506,43.5,59.6,20.7,117.9,1.9,1.5,1.5,1.5,20.4,60.7,1.8,1.5,1.5,1.5,48.38,539.7,8.4,8.08,660.56,660.56,2.16,33.67,48.02,0.36,68.14,869,44,3.7,5.4,0
1.7.2026,40:34.7,19097,4128,82.2,7264,650,91.7,20.1,15311,3079,0.661,0.655,0.662,0.66,0.665,0.648,0.763,1179.2,1179.2,1179.2,1179.2,1179.2,98.3,982.7,510.1,569.5,441.2,508.7,467.6,647.1,455.4,529.6,461.7,510.1,32.8,37.1,29.1,33.5,30.7,38.2,29.8,34.2,30.3,38.2,32.8,100,22.4,25.3,19.5,22.6,20.5,28.1,20.1,23.2,20.1,22.4,12,12,12,12,12,10,49,51,49,48,47,51,49,51,52,53,51,51,No,No,No,No,No,No,No,No,No,No,No,No,No,No,No,No,No,No,55,52,52,3.809,6.079,2.802,0.096,4.337,1.445,0.806,0.486,64,45,64,64,0,17.7,0,0,0,0,0,0,33.1,37.6,29.1,33.6,31.1,38.6,30.3,34.3,30.3,45.5,44.5,48.1,42.1,47.3,2096.4,21.33,36,39,39,90,129,598,1,2,Yes,No,No,No,No,No,No,No,No,No,Yes,No,No,No,No,No,No,No,No,No,No,No,No,No,No,No,No,No,No,No,No,No,No,No,No,No,No,56,58,50,49,42,50,55,52,5021,5816,65,55,55,100,No,No,34669,80109,6.3,0.5,6.8,2.766,0.333,494648,183284,52,0.725,0.096,600,2096,2.7,2,0,0.6,3.2,0,0,0,0,44.2,1757,2200,1748,No,No,No,No,No,No,No,No,8.173,27.307,93,6.514,43.5,59.6,36.7,80.4,4.9,4.1,4,4,36.7,60.5,5,4.1,4,4,27.26,203.17,12.39,11.76,251.13,251.13,1.05,0.54,26.83,0.43,22.22,870,44,421.3,20.9,0
1.7.2026,40:36.7,19108,4117,82.2,7303,611,92.2,20.1,15311,3078,1.036,1.02,1.045,1.007,1.072,0.908,0.763,3906.2,3734.2,4029,3734.2,4127.3,98.3,3537.6,816.3,900.2,720.3,883.7,782.2,921.8,726.4,925.9,670.1,816.3,34.3,38.8,29.8,37.7,33.2,39.6,29.5,38.6,27.4,39.6,34.3,100,35.8,39.7,31.8,38.6,34.5,40.2,32.2,40.5,29.3,35.8,39.8,38,41,38,42,36,64,66,62,63,63,36,34,38,37,37,66,66,No,No,No,No,No,No,No,No,No,No,No,No,No,No,No,No,No,No,69,69,53,13.203,10.135,6.626,0.199,5.41,1.55,0.981,0.491,64,44,64,64,0,11.5,0,0,0,0,0,0,34.1,38.7,29.5,37.5,32.9,39.5,29.1,38.5,27.2,41.3,39.4,41.5,41.2,43.2,2096.4,21.33,36,39,39,90,129,598,1,2,Yes,No,No,No,No,No,No,No,No,No,Yes,No,Yes,No,No,No,No,No,No,No,No,No,No,No,No,Yes,No,No,No,No,No,No,No,No,No,No,No,55,58,50,49,42,50,55,52,5015,5816,65,56,55,100,No,No,34669,80109,14,1.2,15.2,7.643,0.38,494663,183285,53,0.722,0.199,600,2096,4.5,3.4,0,1.4,4.9,0,1,1.3,0,45.2,1788,2168,1789,No,No,No,No,No,No,No,No,8.169,27.307,93,6.494,43.5,59.6,16.9,77.7,2.2,2.1,2.1,2.1,13.5,60.7,1.9,1.9,1.9,1.9,59.12,460.1,12.88,12.44,473.3,473.3,0.57,0,59.12,0,44.96,877,45,3472.4,71.5,0
1.7.2026,40:38.7,19262,3963,82.9,7484,431,94.5,19.9,15311,3052,0.956,0.975,0.947,0.962,0.938,0.876,0.758,3537.6,3537.6,3537.6,3537.6,3537.6,98.3,3341.1,2017.1,2202.9,2010.9,1903.4,1730.9,2158.3,2059.5,2209.3,1861.2,2017.1,58.1,62.5,56.7,55.8,51.1,61.5,59,64.4,53.6,64.4,58.1,100,88.1,96.4,87.8,83.8,76,94,89.7,96,80.8,88.1,36,36,36,36,36,34,63,62,61,61,67,37,38,39,39,33,62,67,No,No,No,No,No,No,No,No,No,No,No,No,No,No,No,No,No,No,77,77,56,17.52,22.599,17.877,0.866,9.124,1.874,1.522,0.508,64,44,64,64,0,0.5,0,0,0,0,0,0,57.7,62,56.1,55.5,50.7,61,58.5,64.2,53.3,13.3,9.2,19.7,13,11.4,2096.4,21.33,36,39,39,90,129,598,1,2,Yes,No,No,No,No,No,No,No,No,No,Yes,No,No,No,No,No,No,No,No,No,No,No,No,No,No,No,No,No,No,No,No,No,No,No,No,No,No,55,58,50,49,42,50,55,52,5041,5834,65,55,55,100,No,No,34669,80109,48.9,2.3,51.2,97.03,2.812,494850,183290,56,0.72,0.866,600,2096,19.8,18.1,0,4.9,20.1,0,2.4,1.9,0,45.6,1804,2153,1804,No,No,No,No,No,No,No,No,8.171,27.307,93,6.463,43.5,59.6,53.7,63.4,19.9,19.8,19.8,19.8,52.7,60.4,14.9,12.3,12,12,18.62,50.24,15.77,15.76,50.54,50.54,0.71,0,18.62,0,1.52,885,45,4257.6,92.8,0
1.7.2026,40:40.7,19284,3941,83,7331,583,92.6,19.8,15311,3025,0.755,0.657,0.662,1.007,0.692,0.806,0.761,1965.4,1277.5,1277.5,3734.2,1572.3,98.3,2948,1437.1,1442.8,1444.8,1413.2,1307.9,1632.7,1360.5,1552.3,1342.3,1437.1,51.6,53.3,50,51,47,58.7,48.9,55.6,47.9,58.7,51.6,100,62.6,63.3,62.6,61.6,56.9,70.8,59.4,67.5,58.4,62.6,20,13,13,38,16,30,58,58,55,62,55,42,42,45,38,45,62,62,No,No,No,No,No,No,No,No,No,No,No,No,No,No,No,No,No,No,58,58,54,10.664,15.589,11.223,0.885,7.277,1.799,1.412,0.485,64,44,64,64,0,2.5,0,0,0,0,0,0,51.6,53.3,50.1,51.1,47.2,58.8,49,55.5,47.7,18.6,16.8,22.9,16.8,17.8,2096.4,21.33,36,39,39,90,129,598,1,2,Yes,No,No,No,No,No,No,No,No,No,Yes,No,No,No,No,No,No,No,No,No,No,No,No,No,No,No,No,No,No,No,No,No,No,No,No,No,No,56,59,50,49,42,50,55,52,5028,5816,65,55,55,100,No,No,34669,80109,28.5,5.9,34.4,41.548,14.557,494929,183318,54,0.775,0.885,900,2096,17.6,15.4,0,5,18.2,0,1.9,4.8,0,45.4,1796,2161,1796,No,No,No,No,No,No,No,No,8.169,27.314,93,6.47,43.5,59.6,60,63.5,56.8,55.9,55.8,55.8,60,60.7,59.4,59.4,59.4,59.4,16.66,17.61,15.74,15.39,17.91,17.91,0.56,0,16.66,0,0.31,886,45,504.6,6.9,0
1.7.2026,40:42.7,19253,3972,82.8,7113,801,89.8,20.9,15311,3202,0.691,0.697,0.702,0.66,0.702,0.666,0.761,1572.3,1670.6,1670.6,1277.5,1670.6,98.3,1474,1003.4,1127.1,804.9,1007.3,785.7,1220.6,902.4,1163,1016.2,1003.4,35.5,40.8,28.9,36,28.8,41.8,31.3,40.8,35.5,41.8,35.5,100,44.6,50.1,36.1,44.9,35,54.2,40.2,51.4,44.7,44.6,16,17,17,13,17,15,55,57,54,55,54,45,43,46,45,46,57,57,No,No,No,No,No,No,No,No,No,No,No,No,No,No,No,No,No,No,56,55,54,6.602,14.209,10.167,0.587,6.612,1.68,1.195,0.481,64,44,64,64,0,0.1,0,0,0,0,0,0,36.1,41.3,29.4,36.6,29.4,42.4,31.8,41.3,36.1,19.2,18.6,25.5,17.3,15.2,2096.4,21.33,36,39,39,90,129,598,1,2,Yes,No,No,No,No,No,No,No,No,No,Yes,No,No,No,No,No,No,No,No,No,No,No,No,No,No,No,No,No,No,No,No,No,No,No,No,No,No,56,59,50,49,42,50,55,52,5021,5808,65,55,55,100,No,No,34669,80109,45.7,100,100,21.147,102.709,494969,183515,53,0.767,0.587,850,2096,11.2,9.6,0,3.5,11.5,0,1.9,4.3,0,42.9,1696,2261,1696,No,No,No,No,No,No,No,No,8.169,27.314,93,6.47,43.5,59.6,32.2,146.2,14.9,14.9,14.9,14.9,32.2,60.5,15,15,15,15,31.09,66.94,6.84,3.92,67.01,67.01,0.62,0,31.09,0,9.58,886,45,0.5,3.1,0
1.7.2026,40:44.7,19222,4003,82.7,7127,787,90,20.9,15311,3202,0.699,0.71,0.695,0.692,0.7,0.663,0.763,1621.4,1768.8,1572.3,1572.3,1572.3,98.3,1375.8,622.4,709.7,519.4,626.3,503.4,702.4,644.9,713.4,559.7,622.4,41.7,47.9,34.7,42.1,33.9,46.6,43,48,37.4,48,41.7,100,27.6,31.8,23.4,28,22.7,30.9,28.2,31.3,24.6,27.6,16.5,18,16,16,16,14,52,53,53,51,51,48,47,47,49,49,54,53,No,No,No,No,No,No,No,No,No,No,No,No,No,No,No,No,No,No,56,56,53,6.856,7.498,3.336,0.655,4.807,1.671,1.261,0.482,64,43,64,64,0,4.4,0,0,0,0,0,0,41.8,48,35,42.4,33.8,46.7,43.1,48,37.3,29.7,28.5,35,27,28.4,2096.4,21.33,36,39,39,90,129,598,1,2,Yes,No,No,No,No,No,No,No,No,No,Yes,No,No,No,No,No,No,No,No,No,No,No,No,No,No,No,No,No,No,No,No,No,No,No,No,No,No,57,59,50,49,42,50,55,52,5028,5816,65,55,55,100,No,No,34669,80109,5.2,0.1,5.3,2.245,0.311,494974,183515,53,0.722,0.655,600,2096,19.1,17.4,0,4.7,20.1,0,2.2,1.3,0,43.2,1709,2247,1710,No,No,No,No,No,No,No,No,8.17,27.322,93.1,6.479,43.5,59.6,51.9,72.3,27.5,26.3,26.1,26.1,52.5,60.7,29.9,29.9,29.8,29.8,19.25,36.33,13.84,12.39,38.26,38.26,0.71,0,19.25,0,5.07,886,45,0.2,1.3,0
1.7.2026,40:46.7,19021,4204,81.8,6990,924,88.3,20.8,15311,3181,0.666,0.67,0.657,0.672,0.662,0.656,0.761,1277.5,1375.8,1179.2,1375.8,1179.2,98.3,1179.2,979.7,1083.6,871.4,915.6,822.6,1102.6,1009.9,1056.8,975.5,979.7,49.5,54.4,41.6,48,42,56.8,49.4,54.1,49.3,56.8,49.5,100,42.8,47.5,38.2,40.2,36.1,48,43.9,45.8,42.2,42.8,13,14,12,14,12,12,53,54,53,52,52,47,46,47,48,48,54,54,No,No,No,No,No,No,No,No,No,No,No,No,No,No,No,No,No,No,56,54,54,1.523,10.185,6.232,0.561,5.589,1.713,1.34,0.493,64,43,64,64,0,1.5,0,0,0,0,0,0,49.6,54.5,41.9,48.3,42.3,56.8,49.5,54.3,49.3,23.2,23.2,27.7,20.8,21.3,2096.4,21.33,36,39,39,90,129,598,1,2,Yes,No,No,No,No,No,No,No,No,No,Yes,No,No,No,No,No,No,No,No,No,No,No,No,No,No,No,No,No,No,No,No,No,No,No,No,No,No,56,59,50,49,42,50,55,52,5028,5816,65,55,55,100,No,No,34669,80109,12.4,1.6,14,21.478,0.169,495015,183516,54,0.775,0.561,900,2096,15.5,14.4,0,3.8,16.1,0,2.3,0.9,0,38.9,1538,2419,1538,No,No,No,No,No,No,No,No,8.169,27.322,93.1,6.462,43.5,59.6,53.5,106.9,13.1,8.1,7.7,7.7,54.6,60.7,16.9,10.4,10,10,18.69,75.98,9.39,5.63,129.15,129.15,3.08,13.41,18.31,0.38,5.13,889,45,1541.2,18.3,0
1.7.2026,40:48.7,18988,4237,81.7,7042,872,88.9,20.3,15311,3104,0.734,0.65,0.777,0.777,0.732,0.646,0.763,1965.4,1179.2,2358.4,2358.4,1965.4,98.3,982.7,1143.5,1146.3,1010.9,1151.1,1049.4,1205.4,1170.3,1285.9,1129,1143.5,50.7,50.9,43.7,52.6,46.3,52.7,50.3,58.3,51.1,58.3,50.7,100,49.8,50.6,44.3,50.2,46,52.7,50.7,55.6,48.7,49.8,20,12,24,24,20,10,52,54,52,52,52,48,46,48,48,48,54,54,No,No,No,No,No,No,No,No,No,No,No,No,No,No,No,No,No,No,55,54,53,5.078,11.901,7.887,0.511,6.06,1.703,1.278,0.483,64,43,64,64,0,2.7,0,0,0,0,0,0,50.5,50.7,43.5,52.4,46.1,52.6,50,57.9,50.8,23.3,26.2,24.9,23.1,18.9,2096.4,21.33,36,39,39,90,129,598,1,2,Yes,No,No,No,No,No,No,No,No,No,Yes,No,No,No,No,No,No,No,No,No,No,No,No,No,No,No,No,No,No,No,No,No,No,No,No,No,No,56,58,50,49,42,50,55,53,5028,5816,65,56,55,100,No,No,34669,80110,12.2,0.1,12.2,19.584,0.131,495052,183516,53,0.74,0.511,700,2096,9,7.2,0,3.4,9,0,3.3,4.7,0,38.9,1542,2414,1540,No,No,No,No,No,No,No,No,8.171,27.33,93.1,6.455,43.5,59.6,35.9,74.7,9.4,8.5,8.5,8.5,31.6,60.8,5.7,5.1,5,5,27.89,106.83,13.39,13.3,118.22,118.22,0.53,0,27.89,0,15.37,889,45,6.6,27,0
1.7.2026,40:50.7,18841,4384,81.1,6922,992,87.4,20.2,15311,3094,0.659,0.655,0.657,0.657,0.665,0.661,0.763,1179.2,1179.2,1179.2,1179.2,1179.2,98.3,1277.5,529.4,559.9,461.9,539.7,427.6,540.2,497.8,717.9,489.8,529.4,29.2,32,26.9,32.4,24.7,30.9,26.6,35.6,24.2,35.6,29.2,100,23.5,25.3,20.7,24.2,19,24.2,22,31.3,21.5,23.5,12,12,12,12,12,13,50,52,51,51,48,50,48,49,49,52,53,52,No,No,No,No,No,No,No,No,No,No,No,No,No,No,No,No,No,No,57,57,52,1.016,7.4,3.953,0.153,4.719,1.522,0.95,0.488,64,43,64,64,0,11.5,0,0,0,0,0,0,29.4,32.4,27,32.7,24.9,31.3,26.8,35.8,24.4,46.5,44.8,47.4,47.2,46.5,2096.4,21.33,36,39,39,90,129,598,1,2,Yes,No,No,No,No,No,No,No,No,No,Yes,No,No,No,No,No,No,No,No,No,No,No,No,No,No,No,No,No,No,No,No,No,No,No,No,No,No,56,58,50,49,42,50,55,53,5015,5799,65,56,55,100,No,No,34669,80110,4.4,0,4.5,5.576,0.044,495063,183516,53,0.775,0.153,900,2096,2,0.7,0,2.1,1.2,0,4.8,4.5,0,38.8,1536,2421,1536,No,No,No,No,No,No,No,No,8.173,27.33,93.1,6.457,43.5,59.6,30,43,23.3,22.7,22.7,22.7,30,30.2,29.9,29.9,29.9,29.9,33.36,42.45,23.34,21.67,43.84,43.84,3.2,15.93,32.97,0.4,1.95,891,45,1142.3,46.3,0
1.7.2026,40:52.8,18781,4444,80.8,6956,958,87.8,19.9,15311,3053,0.659,0.655,0.657,0.657,0.665,0.646,0.763,1179.2,1179.2,1179.2,1179.2,1179.2,98.3,982.7,863.5,1033.8,646.7,900.1,766.3,942.6,845.5,985.1,788.2,863.5,39.3,47.4,29.5,40.8,35.9,42.2,37.9,45.1,35.6,47.4,39.3,100,38.7,46.1,29.6,40.3,34.4,42.2,37.8,44.1,35.3,38.7,12,12,12,12,12,10,51,52,51,50,50,49,48,49,50,50,53,52,No,No,No,No,No,No,No,No,No,No,No,No,No,No,No,No,No,No,56,56,53,12.949,9.902,6.34,0.186,5.647,1.607,1.084,0.498,64,42,64,64,0,3.5,0,0,0,0,0,0,39.7,47.6,30,41.2,36.3,42.7,38.2,45.5,35.9,24.3,21.7,26,23.9,25.5,1048.2,10.67,20,20,20,45,129,299,1,2,Yes,No,No,No,No,No,No,No,No,No,Yes,No,No,No,No,No,No,No,No,No,No,No,No,No,No,No,No,No,No,No,No,No,No,No,No,No,No,56,58,50,49,42,50,55,53,5034,5799,65,55,55,100,No,No,34669,80110,24.3,0.8,25.1,42.099,2.503,495143,183521,52,0.777,0.186,900,1048,3.8,2.2,0,2.5,3.1,0,4.8,4.7,0,39.1,1546,2411,1546,No,No,No,No,No,No,No,No,8.169,27.337,93.1,6.437,43.5,59.6,30,63.1,4.1,3.6,3.5,3.5,7.9,60.2,2.4,2.4,2.4,2.4,33.35,245.62,15.84,15.8,284.06,284.06,0.17,0,33.35,0,87.35,895,45,1763.1,68.7,0
1.7.2026,40:54.8,18768,4457,80.8,6978,936,88.1,19.7,15311,3022,0.922,0.887,0.987,0.927,0.885,0.893,0.763,3316.5,3046.3,3734.2,3439.4,3046.3,98.3,3439.4,541.9,589.9,440.8,588.6,502.4,545.6,514.1,614.5,539.2,541.9,27.2,29.4,22.3,30.5,25.8,28,25.8,30.7,25.2,30.7,27.2,100,24.7,27,20.2,26.7,22.9,25.2,23.5,27.9,24.3,24.7,33.8,31,38,35,31,35,56,58,54,55,55,44,42,46,45,45,58,58,No,No,No,No,No,No,No,No,No,No,No,No,No,No,No,No,No,No,56,53,52,4.824,7.721,4.422,0.101,4.819,1.458,0.826,0.483,64,42,64,64,0,12.9,0,0,0,0,0,0,27.8,30.1,22.9,31.1,26.5,28.6,26.5,31.3,25.6,41.6,41.1,44.3,39.4,41.5,2096.4,21.33,36,39,39,90,129,598,1,2,Yes,No,No,No,No,No,No,No,No,No,Yes,No,No,No,No,No,No,No,No,No,No,No,No,No,No,No,No,No,No,No,No,No,No,No,No,No,No,55,58,50,49,42,50,55,53,5021,5774,65,56,55,100,No,No,34669,80110,12.2,0.1,12.3,15.933,0.163,495174,183521,53,0.777,0.101,900,2096,1.2,0.1,0,1.9,0.2,0,4.8,4.4,0,38.5,1525,2432,1525,No,No,No,No,No,No,No,No,8.169,27.337,93.1,6.445,43.5,59.6,30,41.7,23.7,23.1,23,23,30,30.1,29.8,29.8,29.8,29.8,33.3,42.11,23.97,22.74,43.45,43.45,2.99,14.66,32.9,0.41,2.04,895,45,13.3,14.1,0
1.7.2026,40:56.8,18749,4476,80.7,6849,1065,86.5,20.3,15311,3113,0.673,0.655,0.66,0.685,0.692,0.661,0.763,1326.6,1179.2,1179.2,1474,1474,98.3,1277.5,590.1,680.9,503.6,645,474.1,652.5,547.9,649,567.4,590.1,28.7,34.1,24.8,31.3,22.8,31.9,25.3,32.7,27,34.1,28.7,100,26.8,31.1,23,29.3,21.8,29.7,25,29.3,25.5,26.8,13.5,12,12,15,15,13,50,50,51,49,48,50,50,49,51,52,52,51,No,No,No,No,No,No,No,No,No,No,No,No,No,No,No,No,No,No,55,50,51,1.016,8.271,4.939,0.096,4.975,1.493,0.873,0.49,64,42,64,64,0,10.6,0,0,0,0,0,0,28.8,34.2,24.8,31.3,22.9,32.1,25.3,32.9,26.8,37,32.4,42.1,37.1,36.5,1048.2,10.67,20,20,20,45,129,299,1,2,Yes,No,No,No,No,No,No,No,No,No,Yes,No,No,No,No,No,No,No,No,No,No,No,No,No,No,No,No,No,No,No,No,No,No,No,No,No,No,55,57,50,49,42,50,55,53,5034,5816,65,56,55,100,No,No,34669,80110,10,24.8,34.8,14.11,50.755,495201,183619,51,0.777,0.096,900,1048,1.3,0.1,0,1.9,0.3,0,5,4.4,0,38.5,1521,2435,1523,No,No,No,No,No,No,No,No,8.17,27.345,93.1,6.438,43.5,59.6,30,40,23.9,23.9,23.9,23.9,30,30.1,29.9,29.9,29.9,29.9,33.33,41.84,25.05,25,41.93,41.93,2.92,12.25,32.99,0.34,2.46,897,45,1229.2,31.3,0
1.7.2026,40:58.8,18768,4457,80.8,6875,1040,86.8,20.3,15311,3113,1.041,1.02,1.065,1.007,1.072,0.908,0.763,3930.7,3734.2,4127.3,3734.2,4127.3,98.3,3537.6,653.2,742.4,577.4,647.7,575,736.1,643.7,722.5,580.5,653.2,35.6,41.3,30.9,35.9,31,39.7,33.6,40.8,31.1,41.3,35.6,100,28.8,33.1,25.6,28.8,25.3,32.4,28.1,31.7,25.4,28.8,40,38,42,38,42,36,65,65,65,63,68,35,35,35,37,32,68,68,No,No,No,No,No,No,No,No,No,No,No,No,No,No,No,No,No,No,55,51,52,1.777,7.095,3.581,0.198,4.789,1.548,1.003,0.489,64,41,64,64,0,11.2,0,0,0,0,0,0,35.9,41.5,31.3,36.3,31.4,40.1,33.9,41.1,31.5,40.3,37.7,44,39.5,40,1048.2,10.67,20,20,20,45,129,299,1,2,Yes,No,No,No,No,No,No,No,No,No,Yes,No,No,No,No,No,No,No,No,No,No,No,No,No,No,No,No,No,No,No,No,No,No,No,No,No,No,55,57,50,49,42,50,55,53,5034,5825,65,56,55,100,No,No,34669,80110,7.3,0,7.3,4.072,0.204,495209,183619,52,0.725,0.198,600,1048,4,2.7,0,2.1,3.8,0,3,3.8,0,38.9,1538,2419,1539,No,No,No,No,No,No,No,No,8.17,27.345,93.1,6.446,43.5,59.6,39.1,69.6,5.6,3.9,3.7,3.7,17.3,60.8,2.4,2.2,2.1,2.1,25.57,177.9,14.37,13.53,268.45,268.45,0.29,0.01,25.57,0,7.03,898,45,580.3,63.7,0
1.7.2026,41:00.8,18960,4265,81.6,7098,816,89.6,20.1,15311,3082,0.69,0.695,0.695,0.695,0.675,0.666,0.766,1498.6,1572.3,1572.3,1572.3,1277.5,98.3,1375.8,784.6,827.5,614,764.8,779.4,858.1,813.2,907.2,712.9,784.6,36.5,39.3,29,36.9,36.4,40.3,36.9,40.4,32.8,40.4,36.5,100,34.7,36.9,27.5,34.1,34.4,38,35.7,40,31.3,34.7,15.2,16,16,16,13,14,50,52,50,49,49,50,48,50,51,51,52,52,No,No,No,No,No,No,No,No,No,No,No,No,No,No,No,No,No,No,72,72,52,15.742,9.703,6.084,0.175,5.422,1.587,1.03,0.488,64,41,64,64,0,8.2,0,0,0,0,0,0,36.7,39.5,29.3,37.1,36.6,40.5,37.1,40.6,33,34.5,35.1,36.1,33.1,33.7,2096.4,21.33,36,39,39,90,129,598,1,2,Yes,No,No,No,No,No,No,No,No,No,Yes,No,No,No,No,No,No,No,No,No,No,No,No,No,No,No,No,No,No,No,No,No,No,No,No,No,No,56,57,50,49,42,50,55,53,5034,5799,65,57,55,100,No,No,34669,80110,23.7,1.4,25.2,16.192,2.091,495240,183623,52,0.725,0.175,600,2096,3.9,3.3,0,1,4.3,0.6,0,0,0,42.5,1682,2274,1683,No,No,No,No,No,No,No,No,8.171,27.345,93.1,6.422,43.5,59.6,40.4,64.1,7.1,5.6,5.4,5.4,40.4,60.5,7.1,5.6,5.5,5.5,24.74,141.14,15.59,15.56,184.03,184.03,0.65,0,24.74,0,14.5,900,45,880.3,31.4,0
1.7.2026,41:02.8,18973,4252,81.6,7153,761,90.3,20,15311,3065,0.883,0.737,0.885,0.962,0.947,0.691,0.763,3070.9,2063.6,3144.6,3537.6,3537.6,98.3,1867.1,879.1,889.7,741.3,863.3,784.9,833.4,1094.7,1038.4,787.1,879.1,42.9,45.9,37.3,44,39.6,42.2,48,48.1,38.4,48.1,42.9,100,39,39.9,33.3,38.5,35,37.2,47.8,45.7,34.9,39,31.2,21,32,36,36,19,54,56,54,52,55,46,44,46,48,45,56,56,No,No,No,No,No,No,No,No,No,No,No,No,No,No,No,No,No,No,68,68,52,9.395,9.845,6.311,0.151,5.384,1.568,1.017,0.483,64,41,64,64,0,5.7,0,0,0,0,0,0,42.7,45.6,37,43.9,39.5,41.9,47.5,47.8,38.1,30.5,30.7,33.4,27.4,30.3,1048.2,10.67,20,20,20,45,129,299,1,2,Yes,No,No,No,No,No,No,No,No,No,Yes,No,No,No,No,No,No,No,No,No,No,No,No,No,No,No,No,No,No,No,No,No,No,No,No,No,No,54,57,50,49,42,50,55,53,5028,5765,65,56,55,100,No,No,34669,80110,10.2,3.2,13.4,14.38,3.831,495267,183630,52,0.722,0.151,600,1048,5.2,4.3,0,1.2,5.9,0,0,0.1,0,42,1662,2295,1662,No,No,No,No,No,No,No,No,8.17,27.352,93.2,6.422,43.5,59.6,2348,2348,2348,2348,2348,2348,0,0,0,0,0,0,0.25,0.25,0.25,0.25,0.25,0.25,0,0,0.01,0.25,0,900,45,95.2,24.3,0
1.7.2026,41:04.8,18980,4245,81.7,7198,716,90.9,19.7,15311,3023,0.679,0.675,0.677,0.677,0.685,0.656,0.706,1375.8,1375.8,1375.8,1375.8,1375.8,98.3,1179.2,913.5,924.6,703.3,1155.5,822.6,1224.7,840.6,869,767.9,913.5,38.5,41.4,29.8,46.5,34.7,46.6,36.1,38.8,34.2,46.6,38.5,100,39.9,40.9,31,50,35.9,53.3,36.7,38.2,33.4,39.9,14,14,14,14,14,12,50,51,51,49,48,50,49,49,51,52,52,51,No,No,No,No,No,No,No,No,No,No,No,No,No,No,No,No,No,No,57,57,52,5.84,10.905,7.256,0.246,5.674,1.593,1.05,0.492,64,41,64,64,0,9.3,0,0,0,0,0,0,38.9,41.8,30.2,46.7,35.3,46.9,36.4,39.3,34.7,35,36.5,34.6,31.6,37.4,1048.2,10.67,20,20,20,45,129,299,1,2,Yes,No,No,No,No,No,No,Yes,No,No,Yes,No,Yes,No,No,No,No,No,No,No,Yes,No,No,No,No,Yes,Yes,No,No,No,No,No,No,No,Yes,No,No,55,57,50,49,42,50,56,53,5015,5808,65,56,55,100,No,No,34669,80110,10.1,0.1,10.2,15.177,0.394,495296,183631,52,0.777,0.246,900,1048,4,2.6,0,2.4,3.7,0,6.2,2.1,0,41.9,1658,2299,1658,No,No,No,No,No,No,No,No,8.173,27.352,93.2,6.408,43.5,59.6,14.1,30.5,6.1,6,6,6,5,5,5,5,5,5,70.89,163.99,32.84,32.82,167.52,167.52,0.2,0,70.89,0,15.73,903,45,1290.7,32.2,0
1.7.2026,41:06.9,18983,4242,81.7,7201,713,90.9,19.7,15311,3023,0.662,0.662,0.662,0.66,0.665,0.653,0.763,1203.8,1277.5,1179.2,1179.2,1179.2,98.3,1080.9,539.7,555.5,420.7,579,486.7,667.9,638,551.7,417.8,539.7,33.7,36.4,26.7,37.6,32.1,39.6,34.3,35.6,27.4,39.6,33.7,100,24.1,25.3,19.1,26,21.7,29.7,28,24.7,18.7,24.1,12.2,13,12,12,12,11,50,52,50,49,48,50,48,50,51,52,52,52,No,No,No,No,No,No,No,No,No,No,No,No,No,No,No,No,No,No,60,60,52,3.047,7.029,3.504,0.254,4.638,1.526,0.982,0.481,64,40,64,64,0,10.5,0,0,0,0,0,0,34,36.6,27.1,37.9,32.3,40,34.5,35.9,27.7,39.3,39.7,39.7,34.4,43.4,1048.2,10.67,20,20,20,45,129,299,1,2,Yes,No,No,No,No,No,No,No,No,No,Yes,No,No,No,No,No,No,No,No,No,No,No,No,No,No,No,No,No,No,No,No,No,No,No,No,No,No,54,57,50,49,42,50,56,53,5028,5825,65,57,55,100,No,No,34669,80110,4.3,1.3,5.7,3.206,0.148,495302,183631,52,0.725,0.254,600,1048,6.1,4.8,0,2,6.8,0,1.9,1.4,0,42.3,1675,2281,1676,No,No,No,No,No,No,No,No,8.174,27.36,93.2,6.408,43.5,59.6,44.9,87,12.9,11.9,11.8,11.8,38.8,60.9,6.1,4.4,4.3,4.3,22.28,77.29,11.49,10.9,84.49,84.49,0.63,0,22.28,0,10.02,903,45,0.3,0.3,0
1.7.2026,41:08.9,19021,4204,81.8,7233,681,91.3,19.7,15311,3023,0.669,0.665,0.67,0.667,0.675,0.653,0.766,1277.5,1277.5,1277.5,1277.5,1277.5,98.3,1080.9,917.1,971.1,807.8,809.3,802.1,918.1,993.4,1056.7,978.5,917.1,43.4,46.3,37.8,38.9,38.8,43.9,46.3,49.5,45.9,49.5,43.4,100,40.1,42.7,35.5,35.8,35.2,40.3,43.1,46.1,42.4,40.1,13,13,13,13,13,11,50,52,50,49,48,50,48,50,51,52,52,52,No,No,No,No,No,No,No,No,No,No,No,No,No,No,No,No,No,No,68,68,53,13.203,10.293,6.639,0.24,5.593,1.6,1.118,0.482,64,40,64,64,0,2.6,0,0,0,0,0,0,43.4,46.3,37.8,39,38.9,43.7,46.2,49.4,45.8,30.2,31.1,36.1,28.4,25.3,2096.4,21.33,36,39,39,90,129,598,1,2,Yes,No,No,No,No,No,No,No,No,No,Yes,No,No,No,No,No,No,No,No,No,No,No,No,No,No,No,No,No,No,No,No,No,No,No,No,No,No,54,57,50,49,42,50,56,53,5021,5799,65,56,55,100,No,No,34669,80110,5.5,0.1,5.5,3.809,0.108,495310,183632,53,0.752,0.24,600,2096,6.5,5.2,0,2.2,7,0,2.4,1.6,0,42.4,1678,2279,1678,No,No,No,No,No,No,No,No,8.171,27.36,93.2,6.398,43.5,59.6,60.1,74.8,41,38.9,38.7,38.7,60,60.4,59.6,59.5,59.5,59.5,16.62,24.17,13.33,13.05,25.52,25.52,1.15,8.61,16.2,0.41,1.36,903,45,18.5,7.2,0
1.7.2026,41:10.8,19408,3817,83.5,7640,274,96.5,19.6,15311,3002,0.93,1.02,0.867,1.007,0.825,0.891,0.761,3316.5,3734.2,3046.3,3734.2,2751.5,98.3,3439.4,1465.7,1431.5,1201.9,1442.3,1269.3,1476,1374.1,1850.9,1679.4,1465.7,51,49.5,41.1,53.7,44.7,50.8,47.6,60.8,59.9,60.8,51,100,63.7,62.8,52.5,62.8,55.4,64.3,59.7,80.2,71.9,63.7,33.8,38,31,38,28,35,63,62,62,64,63,37,38,38,36,37,64,64,No,No,No,No,No,No,No,No,No,No,No,No,No,No,No,No,No,No,68,68,53,10.664,15.933,11.999,0.392,7.211,1.703,1.273,0.493,64,40,64,64,0,0,0,0,0,0,0,0,50.6,48.9,40.8,53.4,44.3,50.6,47.2,59.9,59.4,24.8,32.5,26.2,27.3,13,2096.4,21.33,36,39,39,90,129,598,1,2,Yes,No,No,No,No,No,No,Yes,No,No,Yes,No,Yes,No,No,No,No,No,No,No,Yes,No,No,No,No,Yes,Yes,No,No,No,No,No,No,No,Yes,No,No,56,57,50,49,42,50,56,53,5028,5834,65,56,55,100,No,No,34669,80110,13.7,1.5,15.2,24.207,0.303,495356,183632,54,0.75,0.392,750,2096,6.4,5.3,0,2.3,6.5,2,2.9,0,0,51.9,2055,1902,2055,No,No,No,No,No,No,No,No,8.17,27.36,93.2,6.381,43.5,59.6,19.6,70.4,3.1,2.8,2.7,2.7,19.7,60.3,3.1,2.8,2.7,2.7,50.9,325.67,14.2,14.14,367.75,367.75,0.82,0,50.9,0,61.02,907,46,2192.5,118.9,0
1.7.2026,41:12.9,19417,3808,83.6,7054,860,89.1,21.2,15311,3250,0.654,0.65,0.655,0.652,0.66,0.646,0.761,1179.2,1179.2,1179.2,1179.2,1179.2,98.3,982.7,2339,2588.7,2065.8,2182.9,2335.2,2462.2,2432.6,2357.3,2287.5,2339,67,74.8,58.2,62.9,67,69.7,69.1,68.1,65.8,74.8,67,100,101.1,112.3,89.6,95,100.9,106,104.9,102,98.6,101.1,12,12,12,12,12,10,54,55,54,52,53,46,45,46,48,47,55,55,No,No,No,No,No,No,No,No,No,No,No,No,No,No,No,No,No,No,56,52,53,1.016,23.89,19.839,0.301,9.619,1.878,1.429,0.512,64,40,64,64,0,1.7,0,0,0,0,0,0,66.5,73.8,58.1,62.8,66.6,69.2,68.6,67.6,65.5,8.3,7.6,11,5.5,9,2096.4,21.33,36,39,39,90,129,598,1,2,Yes,No,No,No,No,No,No,No,No,No,Yes,No,No,No,No,No,No,No,No,No,No,No,No,No,No,No,No,No,No,No,No,No,No,No,No,No,No,56,59,50,49,42,50,56,53,5034,5816,65,56,55,100,No,No,34669,80110,31.9,60.9,92.8,45.57,130.408,495444,183885,53,0.725,0.301,600,2096,5.1,4,0,1.9,5.3,2.1,2.2,0,0,45,1781,2176,1782,No,No,No,No,No,No,No,No,8.173,27.368,93.2,6.342,43.5,59.6,42.1,209,7.6,6.2,6.1,6.1,41.4,60.6,8.1,6.8,6.7,6.7,23.77,131.1,4.72,2.68,164.47,164.47,2.37,4.16,23.41,0.36,14.69,922,46,7593.5,152.5,0
1.7.2026,41:14.9,19310,3915,83.1,6968,946,88,21.2,15311,3250,0.667,0.662,0.667,0.665,0.672,0.651,0.763,1277.5,1277.5,1277.5,1277.5,1277.5,98.3,1080.9,639.6,686,555.7,711,621.4,682.5,579.2,690.3,590.5,639.6,42.1,45.7,36.7,47,40.2,45.7,37.8,45.6,37.9,47,42.1,100,28.7,31,25.1,32,27.7,30.7,25.8,30.9,26.3,28.7,13,13,13,13,13,11,52,53,53,50,50,48,47,47,50,50,54,53,No,No,No,No,No,No,No,No,No,No,No,No,No,No,No,No,No,No,56,54,53,1.016,7.696,3.885,0.255,4.664,1.601,1.072,0.482,64,39,64,64,0,5.7,0,0,0,0,0,0,42.1,45.7,36.7,47.2,40.6,45.9,37.7,45.4,37.8,29.2,28.9,28,29.4,30.5,1572.3,16,28,29,29,68,129,448,1,2,Yes,No,No,No,No,No,No,No,No,No,Yes,No,No,No,No,No,No,No,No,No,No,No,No,No,No,No,No,No,No,No,No,No,No,No,No,No,No,55,58,50,49,42,50,56,53,5021,5799,65,56,55,100,No,No,34669,80110,9.1,1.3,10.3,8.472,2.242,495460,183889,53,0.777,0.255,900,1572,9.1,7.3,0,3,9.8,0,2.7,2.5,0,42.9,1697,2259,1698,No,No,No,No,No,No,No,No,8.171,27.375,93.2,6.39,43.5,59.6,60.9,73.3,52.8,52.6,52.6,52.6,60.1,60.5,59.5,59.4,59.4,59.4,16.39,19.07,13.51,13.44,19.14,19.14,2.1,2.38,15.91,0.47,1.39,922,46,3,33.5,0
1.7.2026,41:16.9,19338,3887,83.2,7012,902,88.5,21.2,15311,3242,0.661,0.655,0.657,0.657,0.672,0.648,0.763,1203.8,1179.2,1179.2,1179.2,1277.5,98.3,982.7,711.8,777.1,617.1,790.9,620.5,727.3,693.3,837.3,630.9,711.8,39.5,43.9,35.6,44.6,34.7,40.2,38.1,44.6,34.7,44.6,39.5,100,31.8,35,27.7,35.3,28.1,32.7,30.6,37.1,27.9,31.8,12.2,12,12,12,13,10,51,52,51,50,50,49,48,49,50,50,52,52,No,No,No,No,No,No,No,No,No,No,No,No,No,No,No,No,No,No,56,54,52,2.031,9.18,5.549,0.338,5.172,1.634,1.146,0.484,64,39,64,64,0,3.7,0,0,0,0,0,0,39.8,44.3,35.8,44.8,34.7,40.6,38.4,45,35.1,27.9,26.3,28.8,28.2,28.5,2096.4,21.33,36,39,39,90,129,598,1,2,Yes,No,No,No,No,No,No,No,No,No,Yes,No,Yes,No,No,No,No,No,No,No,No,No,No,No,No,Yes,No,No,No,No,No,No,No,No,No,No,No,56,58,50,49,42,50,56,53,5028,5816,65,56,55,100,No,No,34669,80110,29,18.7,47.7,55.89,7.914,495566,183904,53,0.777,0.338,900,2096,6.3,4.9,0,2.5,6.5,0,1.8,3.9,0,42.8,1693,2264,1695,No,No,No,No,No,No,No,No,8.171,27.375,93.2,6.373,43.5,59.6,26,61.3,4.3,3.8,3.8,3.8,22.2,60.7,4.1,3.8,3.8,3.8,38.47,231.09,16.32,16.3,265.65,265.65,0.14,0,38.47,0,25.28,923,46,400.1,7.4,0
1.7.2026,41:18.9,19044,4181,81.9,6804,1110,85.9,21.1,15311,3232,0.951,1.02,0.895,0.962,0.927,0.891,0.761,3488.5,3734.2,3242.8,3537.6,3439.4,98.3,3439.4,866,948.7,778,914.7,760.4,928,866.9,907,824.4,866,45,49.9,39.1,46.5,38.3,49.1,45.4,48.7,42.7,49.9,45,100,38.2,42.2,34.4,40.4,33.7,41.1,38.1,39.9,36.1,38.2,35.5,38,33,36,35,35,62,63,63,61,62,38,37,37,39,38,63,63,No,No,No,No,No,No,No,No,No,No,No,No,No,No,No,No,No,No,56,54,53,0.762,9.343,5.694,0.23,5.168,1.598,1.08,0.485,64,39,64,64,0,2.4,0,0,0,0,0,0,45.2,50.1,39.3,46.8,38.6,49.3,45.5,48.9,42.8,27.5,26.4,31.6,25,26.8,2096.4,21.33,36,39,39,90,129,598,1,2,Yes,No,No,No,No,No,No,No,No,No,Yes,No,No,No,No,No,No,No,No,No,No,No,No,No,No,No,No,No,No,No,No,No,No,No,No,No,No,56,58,50,49,42,50,56,53,5028,5782,65,56,55,100,No,No,34669,80110,13.6,1,14.6,16.735,1.579,495598,183907,53,0.775,0.23,900,2096,4.3,3,0,2,4.4,0,1.9,3.9,0,36.8,1457,2500,1457,No,No,No,No,No,No,No,No,8.171,27.375,93.2,6.382,43.5,59.6,35.1,63.1,6.1,5.1,5,5,35.1,60.8,6,5.1,5,5,28.48,164.79,15.86,15.82,198.76,198.76,0.57,0,28.48,0,20.99,924,46,433.6,10.4,0
1.7.2026,41:20.9,19229,3996,82.7,7027,887,88.7,20.9,15311,3201,0.838,0.997,0.987,0.702,0.665,0.891,0.761,2604.1,3635.9,3734.2,1768.8,1277.5,98.3,3439.4,1636.2,1767.4,1605.5,1556.6,1558.4,1725.1,1695.4,1642.5,1538.3,1636.2,60.2,63.2,56.6,56,57.4,63,59.6,64.9,60.9,64.9,60.2,100,70.8,76.9,69.5,67.6,67.7,74.6,72.9,70.9,66.1,70.8,26.5,37,38,18,13,35,60,63,63,59,57,40,37,37,41,43,63,63,No,No,No,No,No,No,No,No,No,No,No,No,No,No,No,No,No,No,57,57,54,6.602,15.026,11.092,0.427,7.218,1.763,1.345,0.496,64,39,64,64,0,1.2,0,0,0,0,0,0,60,62.7,56.5,56,57,62.9,59.5,64.7,60.8,17.4,16.6,22.1,13.6,17.2,2096.4,21.33,36,39,39,90,129,598,1,2,Yes,No,No,No,No,No,No,No,No,No,Yes,No,No,No,No,No,No,No,No,No,No,No,No,No,No,No,No,No,No,No,No,No,No,No,No,No,No,56,58,50,49,42,50,55,53,5034,5782,65,56,55,100,No,No,34669,80110,42.3,0,42.4,49.28,0.076,495693,183907,54,0.722,0.427,600,2096,9.1,7.6,0,3.1,9.1,0.8,3.3,2.1,0,38.2,1512,2444,1513,No,No,No,No,No,No,No,No,8.172,27.383,93.3,6.358,43.5,59.6,34.8,63.1,9.1,8.7,8.7,8.7,33.7,60.6,9,8.6,8.6,8.6,28.76,110.39,15.84,15.64,115.36,115.36,0.72,0,28.76,0,17.84,932,46,4187.2,79.2,0
1.7.2026,41:22.9,19036,4189,81.9,6919,995,87.4,20.4,15311,3130,0.67,0.672,0.667,0.667,0.672,0.656,0.763,1302.1,1375.8,1277.5,1277.5,1277.5,98.3,1179.2,625.5,634.4,619.1,652,526.9,661.2,607.3,685.6,617.8,625.5,29.9,29.7,30.1,32.1,26.4,30.7,28.8,33.3,28.5,33.3,29.9,100,27.7,28.5,27.3,29,23.4,29.3,26.8,30.5,27.1,27.7,13.2,14,13,13,13,12,51,52,51,50,50,49,48,49,50,50,52,52,No,No,No,No,No,No,No,No,No,No,No,No,No,No,No,No,No,No,55,55,53,6.602,9.07,5.592,0.105,5.079,1.523,0.918,0.481,64,38,64,64,0,12.6,0,0,0,0,0,0,29.9,29.7,29.9,32,26.3,30.8,28.7,33.1,28.4,41.3,40.7,42.5,40.7,41.5,1048.2,10.67,20,20,20,45,129,299,1,2,Yes,No,No,No,No,No,No,No,No,No,Yes,No,No,No,No,No,No,No,No,No,No,No,No,No,No,No,No,No,No,No,No,No,No,No,No,No,No,56,58,50,49,42,50,55,53,5028,5774,65,56,55,100,No,No,34669,80110,24.7,2.4,27.1,20.684,5.832,495733,183918,52,0.722,0.105,600,1048,1.3,0.7,0,0.7,1.4,0,2,0,0,37.4,1480,2476,1481,No,No,No,No,No,No,No,No,8.172,27.383,93.3,6.358,43.5,59.6,18.9,63.8,4.5,4.3,4.3,4.3,18.8,60.4,4.5,4.3,4.3,4.3,53.03,220.59,15.66,15.61,233.1,233.1,0.31,0,53.03,0,34.66,932,46,1.6,4.2,0
1.7.2026,41:25.0,19052,4173,82,6917,997,87.3,20.7,15311,3164,0.664,0.662,0.667,0.655,0.672,0.653,0.763,1252.9,1277.5,1277.5,1179.2,1277.5,98.3,1080.9,924.7,950.7,776.4,774.4,712.8,1200.7,1003.9,1077.7,901,924.7,38.2,41,31.2,34.6,31.9,45.7,38.6,44,39,45.7,38.2,100,40.3,41.8,33.9,34.1,31.2,52.1,43.5,46.6,39,40.3,12.8,13,13,12,13,11,51,53,52,50,50,49,47,48,50,50,53,53,No,No,No,No,No,No,No,No,No,No,No,No,No,No,No,No,No,No,56,55,53,5.078,11.021,7.502,0.165,6.201,1.61,1.059,0.489,64,38,64,64,0,5.8,0,0,0,0,0,0,38.2,40.8,31.2,34.7,32,45.3,38.5,44.2,38.6,34.8,36.7,42.1,29.3,31.2,2096.4,21.33,36,39,39,90,129,598,1,2,Yes,No,No,No,No,No,No,No,No,No,Yes,No,No,No,No,No,No,No,No,No,No,No,No,No,No,No,No,No,No,No,No,No,No,No,No,No,No,56,58,50,49,42,50,55,53,5034,5782,65,56,55,100,No,No,34670,80110,14.7,15.1,29.8,14.878,29.169,495761,183974,53,0.775,0.165,900,2096,3.8,2.9,0,1.3,4.2,0,2.2,0,0,37.4,1481,2475,1482,No,No,No,No,No,No,No,No,8.171,27.39,93.3,6.349,43.5,59.6,48.3,456,8.3,4.7,4.5,4.5,48.4,60.8,8.4,4.8,4.6,4.6,20.69,120.85,2.12,1.61,220.84,220.84,1.62,3.98,20.28,0.42,10,933,46,644.9,43.1,0
1.7.2026,41:27.0,18998,4227,81.7,6912,1002,87.3,20.3,15311,3110,0.661,0.662,0.66,0.657,0.665,0.653,0.763,1203.8,1277.5,1179.2,1179.2,1179.2,98.3,1080.9,481.3,591.8,423.7,417.5,386.7,518.5,519.2,505.4,487.7,481.3,25.4,30.8,23.1,22.8,20.7,26.4,26.9,26.7,25.5,30.8,25.4,100,21.4,26.7,19,18.7,17.3,23.1,22.7,22.7,21.2,21.4,12.2,13,12,12,12,11,50,52,51,49,49,50,48,49,51,51,52,52,No,No,No,No,No,No,No,No,No,No,No,No,No,No,No,No,No,No,56,52,53,0.762,7.065,3.738,0.096,4.832,1.482,0.84,0.484,64,38,64,64,0,15.4,0,0,0,0,0,0,26,31.4,23.8,23.5,21.3,27.2,27.4,27.1,26.1,47,44.8,52.5,44.5,46.3,2096.4,21.33,36,39,39,90,129,598,1,2,Yes,No,No,No,No,No,No,No,No,No,Yes,No,No,No,No,No,No,No,No,No,No,No,No,No,No,No,No,No,No,No,No,No,No,No,No,No,No,56,58,50,49,42,50,55,53,5028,5782,65,56,55,100,No,No,34670,80110,23.8,0.9,24.7,21.027,0.927,495801,183976,53,0.735,0.096,650,2096,2.2,0.8,0,1.1,3,0,2.3,0,0,36.7,1451,2506,1451,No,No,No,No,No,No,No,No,8.171,27.39,93.3,6.349,43.5,59.6,59.1,88.1,34.8,25,24.3,24.3,59,60.8,41.2,30.8,30,30,16.92,28.74,11.21,7.55,41.04,41.04,0.85,0.85,16.53,0.39,1.55,934,46,241.7,8.3,0
1.7.2026,41:29.0,18796,4429,80.9,6611,1303,83.5,21,15311,3214,0.66,0.655,0.662,0.657,0.665,0.648,0.763,1179.2,1179.2,1179.2,1179.2,1179.2,98.3,982.7,534.2,675.7,596.4,518.3,394.3,547.8,409.6,593.4,538.1,534.2,28.1,34.8,28.1,28.4,21.8,29.7,22,32.2,27.9,34.8,28.1,100,23.5,29.9,26.1,23,17.6,24.4,18.2,25.9,23.3,23.5,12,12,12,12,12,10,50,51,50,50,49,50,49,50,50,51,53,51,No,No,No,No,No,No,No,No,No,No,No,No,No,No,No,No,No,No,56,51,52,5.586,7.333,3.874,0.091,5.023,1.509,0.894,0.486,64,38,64,64,0,14.4,0,0,0,0,0,0,28.5,35.2,28.4,28.8,22.2,30.3,22.5,32.6,27.6,46.9,41.5,53.1,48.8,44.3,2096.4,21.33,36,39,39,90,129,598,1,2,Yes,No,No,No,No,No,No,No,No,No,Yes,No,No,No,No,No,No,No,No,No,No,No,No,No,No,No,No,No,No,No,No,No,No,No,No,No,No,56,58,50,49,42,50,55,53,4996,5825,65,56,55,100,No,No,34670,80110,3.6,23.1,26.7,1.123,54.38,495804,184080,53,0.735,0.091,650,2096,2,0.8,0,1,2.7,0,2.2,0,0,36.6,1447,2509,1448,No,No,No,No,No,No,No,No,8.175,27.398,93.3,6.352,43.5,59.6,49.6,90.2,9.1,5.5,5.3,5.3,49.7,60.8,9.5,5.7,5.5,5.5,20.15,109.16,11.05,9.05,189.2,189.2,1.03,1.64,19.64,0.51,7.78,934,46,366.2,13.5,0
1.7.2026,41:31.0,18777,4448,80.8,6615,1299,83.5,21,15311,3214,0.658,0.652,0.66,0.655,0.665,0.648,0.763,1179.2,1179.2,1179.2,1179.2,1179.2,98.3,982.7,758.8,801.5,706.2,666.7,559,862,771.3,845.2,858.7,758.8,37.4,38.6,34.6,36,30.2,40.2,38.1,40.8,40.3,40.8,37.4,100,33,35.4,31,29.2,24.5,37.6,33.2,36.7,36.8,33,12,12,12,12,12,10,51,52,51,52,49,49,48,49,48,51,53,52,No,No,No,No,No,No,No,No,No,No,No,No,No,No,No,No,No,No,64,64,53,7.109,9.822,6.368,0.055,5.67,1.564,1.02,0.491,64,37,64,64,0,4.2,0,0,0,0,0,0,37.4,38.6,34.7,36,30.2,40.1,38,40.8,40.5,36.3,35.3,44.1,33.5,32.1,1048.2,10.67,20,20,20,45,129,299,1,2,Yes,No,No,No,No,No,No,No,No,No,Yes,No,No,No,No,No,No,No,No,No,No,No,No,No,No,No,No,No,No,No,No,No,No,No,No,No,No,56,59,50,49,42,50,55,53,5002,5816,65,56,55,100,No,No,34670,80110,12.7,0.1,12.8,12.247,0.101,495827,184080,52,0.725,0.055,600,1048,1.8,1.1,0,0.6,2.2,0,0.9,0,0,36.7,1453,2504,1452,No,No,No,No,No,No,No,No,8.171,27.398,93.3,6.341,43.5,59.6,41.9,190.9,6.3,5.8,5.7,5.7,41.8,60.7,6.3,6,6,6,23.86,159.06,5.29,3.19,174.37,174.37,0.63,2.09,23.55,0.31,12.93,936,46,1035.6,12.5,0
1.7.2026,41:33.0,18779,4446,80.8,6639,1275,83.8,21,15311,3213,1.041,1.02,1.065,1.007,1.072,0.893,0.763,3930.7,3734.2,4127.3,3734.2,4127.3,98.3,3439.4,843,1090.6,915,842.4,694.8,869,632.1,947.2,752.6,843,24.3,31.2,25.7,24.7,20.5,25.1,18.3,26.9,22.2,31.2,24.3,100,36.3,47.2,39.3,36.5,30.2,37.6,26.7,41.2,31.7,36.3,40,38,42,38,42,35,64,67,54,71,63,36,33,46,29,37,71,71,No,No,No,No,No,No,No,No,No,No,No,No,No,No,No,No,No,No,70,70,53,16.25,14.72,11.063,0.234,6.892,1.57,0.985,0.482,64,37,64,64,0,7.4,0,0,0,0,0,0,24.4,31.2,25.6,24.7,20.5,25.3,18.4,26.9,22.4,50.5,43.9,54.3,55.1,48.6,2096.4,21.33,36,39,39,90,129,598,1,2,Yes,No,No,No,No,No,No,No,No,No,Yes,No,No,No,No,No,No,No,No,No,No,No,No,No,No,No,No,No,No,No,No,No,No,No,No,No,No,56,59,50,49,42,50,55,53,5028,5816,65,56,55,100,No,No,34670,80110,18.8,0.4,19.2,7.817,0.153,495842,184081,53,0.722,0.234,600,2096,4.3,3.5,0,1,4.9,0,0,0,0,36.8,1458,2499,1458,No,No,No,No,No,No,No,No,8.171,27.398,93.3,6.316,43.5,59.6,59.6,265.3,32.2,31.5,31.4,31.4,60,60.7,59.5,59.4,59.4,59.4,16.77,31.28,3.69,3.17,32.17,32.17,0.92,2.29,16.49,0.27,2.41,936,46,2.8,5.1,0
1.7.2026,41:35.0,18812,4413,80.9,6707,1207,84.7,20.5,15311,3143,0.827,0.657,0.885,0.887,0.88,0.806,0.761,2677.8,1277.5,3144.6,3144.6,3144.6,98.3,2948,962.1,1007.5,984,773.5,653,947.3,1052,1225.7,1053.7,962.1,26.1,28.1,26.5,21.6,18.1,25.8,28.1,33.1,27.7,33.1,26.1,100,41.3,43.5,42,33.8,28.4,41,45.5,52.2,44,41.3,27.2,13,32,32,32,30,56,57,52,56,57,44,43,48,44,43,57,57,No,No,No,No,No,No,No,No,No,No,No,No,No,No,No,No,No,No,56,56,54,1.016,16.715,13.189,0.209,7.204,1.582,1.024,0.482,64,37,64,64,0,2.7,0,0,0,0,0,0,26.6,28.7,26.9,22.1,18.6,26.1,28.2,33.7,28.8,46.8,45.1,57.6,45,39.3,2096.4,21.33,36,39,39,90,129,598,1,2,Yes,No,No,No,No,No,No,No,No,No,Yes,No,No,No,No,No,No,No,No,No,No,No,No,No,No,No,No,No,No,No,No,No,No,No,No,No,No,56,60,50,49,42,50,55,53,5034,5816,65,57,55,100,No,No,34670,80110,12.1,0.1,12.2,15.505,0.175,495872,184081,53,0.722,0.209,600,2096,3.7,3.4,0,0.8,4,0,0,0,0,37,1464,2493,1464,No,No,No,No,No,No,No,No,8.17,27.406,93.3,6.307,43.5,59.6,20.3,195.7,7.9,7.5,7.5,7.5,20.4,60.2,7.8,7.5,7.5,7.5,49.19,126.27,5.11,4.24,133.81,133.81,1.58,1.44,48.89,0.3,45.83,936,46,7.1,4.6,0
1.7.2026,41:37.0,18857,4368,81.1,6779,1135,85.6,20.5,15311,3143,0.751,0.765,0.657,0.79,0.79,0.711,0.761,2088.2,2260.2,1179.2,2456.7,2456.7,98.3,2063.6,615.2,676.1,489.8,468.1,544.6,769.4,627.5,519.7,826.7,615.2,22.1,25,17.5,17.8,20.5,26.4,20.7,19.4,29.4,29.4,22.1,100,27,29.8,21.5,20.7,23.7,32.9,27.1,22.8,37.2,27,21.2,23,12,25,25,21,52,52,52,51,51,48,48,48,49,49,54,52,No,No,No,No,No,No,No,No,No,No,No,No,No,No,No,No,No,No,56,55,54,6.856,10.422,6.895,0.177,5.698,1.515,0.907,0.489,64,37,64,64,0,12.3,0,0,0,0,0,0,22.2,25.3,17.6,18.3,20.7,27,20.8,19.8,28.4,54.2,54.4,59.1,52.3,51.2,2096.4,21.33,36,39,39,90,129,598,1,2,Yes,No,No,No,No,No,No,No,No,No,Yes,No,No,No,No,No,No,No,No,No,No,No,No,No,No,No,No,No,No,No,No,No,No,No,No,No,No,56,60,50,50,42,50,56,53,5028,5808,65,57,55,100,No,No,34670,80110,9.9,0,9.9,5.165,0.079,495882,184081,53,0.725,0.177,600,2096,2.5,2.3,0,0.6,2.8,0,0,0,0,37,1465,2492,1465,No,No,No,No,No,No,No,No,8.171,27.406,93.3,6.308,43.5,59.6,24.9,84.9,6.4,6.2,6.2,6.2,25.1,60.4,6.3,6,6,6,40.08,155.38,11.77,10.99,160.8,160.8,1.38,0.27,39.69,0.39,36.57,937,46,537.6,18.7,0
1.7.2026,41:39.0,18970,4255,81.6,6917,997,87.3,20.5,15311,3141,0.989,1.02,0.987,0.962,0.987,0.891,0.761,3685.1,3734.2,3734.2,3537.6,3734.2,98.3,3439.4,1033.4,1121.8,934.8,1216.2,950.4,1068.1,855.2,1167.8,952.9,1033.4,43.1,47.4,38.6,48.9,38.8,45.8,36.8,49.6,39.3,49.6,43.1,100,44.7,48.9,40.6,52.7,41.1,46.7,37,50.1,40.2,44.7,37.5,38,38,36,38,35,67,70,67,61,71,33,30,33,39,29,71,71,No,No,No,No,No,No,No,No,No,No,No,No,No,No,No,No,No,No,76,76,54,14.219,11.905,8.466,0.031,5.907,1.583,1.042,0.494,64,36,64,64,0,3.9,0,0,0,0,0,0,42.9,47,38.4,48.4,38.7,45.3,36.7,49.5,39.4,31,30.3,31.1,32,30.4,2096.4,21.33,36,39,39,90,129,598,1,2,Yes,No,No,No,No,No,No,No,No,No,Yes,No,No,No,No,No,No,No,No,No,No,No,No,No,No,No,No,No,No,No,No,No,No,No,No,No,No,56,60,50,50,42,50,56,53,4996,5834,65,56,55,100,No,No,34670,80110,25,0.3,25.3,20.956,1.089,495922,184083,55,0.722,0.031,600,2096,1.1,0.9,0,0.3,1.3,0,0,0,0,37,1465,2492,1465,No,No,No,No,No,No,No,No,8.172,27.413,93.4,6.301,43.5,59.6,10.2,261.1,1.3,1.2,1.2,1.2,10,60.4,1.3,1.2,1.2,1.2,98.07,764.22,3.8,3.14,837.75,837.75,0.48,0.7,97.78,0.28,142.05,939,47,957.3,34.3,0
1.7.2026,41:41.0,18990,4235,81.7,6944,970,87.7,20.5,15311,3141,0.77,0.71,0.667,0.712,0.99,0.673,0.763,2137.3,1768.8,1277.5,1768.8,3734.2,98.3,1572.3,873,916,729.4,798.2,958.2,920.4,842,983.2,836.6,873,34.1,39,30.1,31.7,34.7,37.2,29.1,38.8,31.7,39,34.1,100,37.5,40.1,32,34.9,41.4,40.1,32.3,42.6,36.6,37.5,21.8,18,13,18,38,16,52,53,52,52,53,48,47,48,48,47,54,53,No,No,No,No,No,No,No,No,No,No,No,No,No,No,No,No,No,No,56,52,53,1.777,11.373,7.97,0.1,5.737,1.552,0.955,0.487,64,36,64,64,0,7.9,0,0,0,0,0,0,34.4,39,30.1,31.8,34.7,37.3,31.6,38.8,31.6,40.5,39.5,42.8,40.9,38.9,2096.4,21.33,36,39,39,90,129,598,1,2,Yes,No,No,No,No,No,No,No,No,No,Yes,No,No,No,No,No,No,No,No,No,No,No,No,No,No,No,No,No,No,No,No,No,No,No,No,No,No,55,60,50,50,42,50,56,53,4996,5834,65,57,55,100,No,No,34670,80110,17.6,1.3,18.9,4.461,2.822,495931,184089,53,0.725,0.1,600,2096,1.6,1.4,0,0.4,1.8,0,0,0,0,37.1,1466,2491,1466,No,No,No,No,No,No,No,No,8.171,27.413,93.4,6.292,43.5,59.6,15.6,63.1,2.2,2,2,2,15.6,60.3,2.2,2,2,2,63.92,456.63,15.86,15.84,498.43,498.43,1.16,0,63.56,0.36,60.54,940,47,541.3,16.9,0
1.7.2026,41:43.0,18969,4256,81.6,6944,970,87.7,20.5,15311,3141,0.854,0.655,0.662,1.03,1.07,0.648,0.763,2579.5,1179.2,1179.2,3832.5,4127.3,98.3,982.7,399.4,490.6,370.7,483.3,385.8,522.6,292,331.4,319,399.4,23.1,27.5,19.7,27.1,21.7,25.2,21.2,21.4,21.3,27.5,23.1,100,18.6,22.2,16.8,21.6,17.4,21.2,18.5,16,15.5,18.7,26.2,12,12,39,42,10,53,52,51,58,52,47,48,49,42,48,52,58,No,No,No,No,No,No,No,No,No,No,No,No,No,No,No,No,No,No,56,52,52,3.047,6.417,3.242,0.033,4.3,1.389,0.699,0.486,64,36,64,64,0,18.9,0,0,0,0,0,0,23.3,28.2,20.4,27.7,22.3,27.3,18.4,21.1,20.8,54.5,50.7,53.6,52.8,60.8,2096.4,21.33,36,39,39,90,129,598,1,2,Yes,No,No,No,No,No,No,No,No,No,Yes,No,No,No,No,No,No,No,No,No,No,No,No,No,No,No,No,No,No,No,No,No,No,No,No,No,No,56,59,50,50,42,50,56,53,4996,5825,65,57,55,100,No,No,34670,80110,3.4,0.2,3.6,0.941,0.542,495932,184090,53,0.725,0.033,600,2096,0.1,0,0,0,0.1,0,0,0,0,36.8,1457,2500,1457,No,No,No,No,No,No,No,No,8.171,27.413,93.4,6.3,43.5,59.6,15.6,63.1,2.2,2,2,2,15.6,60.3,2.2,2,2,2,63.92,456.63,15.86,15.84,498.43,498.43,1.16,0,63.56,0.36,60.54,941,47,419.8,12.3,0
1.7.2026,41:45.1,18989,4236,81.7,6978,936,88.1,20.5,15311,3141,0.959,0.675,1.065,1.097,1,0.893,0.763,3365.7,1375.8,4127.3,4127.3,3832.5,98.3,3439.4,437.4,474.2,393.4,461.6,403.7,541.1,350.9,483.3,390.9,437.4,22.6,25.6,20.3,24.3,20,29.8,17.1,24.6,19.3,29.8,22.6,100,19.6,21.3,17.5,20.6,17.9,25.9,15.3,20.8,17.1,19.6,34.2,14,42,42,39,35,53,52,51,50,59,47,48,49,50,41,59,59,No,No,No,No,No,No,No,No,No,No,No,No,No,No,No,No,No,No,55,51,52,3.809,6.348,3.156,0.035,4.414,1.382,0.701,0.481,64,35,64,64,0,22,0,0,0,0,0,0,22.4,25.4,20.1,24.4,19.9,28.1,17.2,24.9,19.3,57.8,56.3,58.7,55.8,60.5,1048.2,10.67,20,20,20,45,129,299,1,2,Yes,No,No,No,No,No,No,No,No,No,Yes,No,No,No,No,No,No,No,No,No,No,No,No,No,No,No,No,No,No,No,No,No,No,No,No,No,No,54,59,50,50,42,50,56,53,5060,5799,65,57,55,100,No,No,34670,80110,3.5,1.4,4.9,3.365,0.212,495939,184090,52,0.725,0.035,600,1048,0.2,0.1,0,0,0.2,0,0,0,0,36.7,1450,2506,1451,No,No,No,No,No,No,No,No,8.171,27.421,93.4,6.3,43.5,59.6,4.3,4.3,4.3,4.3,4.3,4.3,0,0,0,0,0,0,232.02,232.02,232.02,232.02,232.02,232.02,0,0,232.02,0,0,941,47,1.1,7.5,0
1.7.2026,41:47.1,18940,4285,81.5,6993,922,88.3,20.2,15311,3091,0.969,1.02,0.987,0.887,0.98,0.891,0.761,3586.8,3734.2,3734.2,3144.6,3734.2,98.3,3439.4,565.8,569.4,496.6,690.3,475.9,577,444.9,576.2,695.9,565.8,25.4,26.4,22.4,30.7,20.2,27.5,21.8,26.3,28.2,30.7,25.4,100,25,25.3,21.8,30.1,21.1,25.7,19.8,25.7,30.2,25,36.5,38,38,32,38,35,59,57,58,57,63,41,43,42,43,37,63,63,No,No,No,No,No,No,No,No,No,No,No,No,No,No,No,No,No,No,55,51,52,1.27,8.385,5.121,0.031,5.003,1.456,0.83,0.485,64,35,64,64,0,13.3,0,0,0,0,0,0,25.8,26.8,22.6,31,20.7,28,22.4,26.6,28.7,47.8,50.3,48.8,46.8,45.4,1048.2,10.67,20,20,20,45,129,299,1,2,Yes,No,No,No,No,No,No,No,No,No,Yes,No,No,No,No,No,No,No,No,No,No,No,No,No,No,No,No,No,No,No,No,No,No,No,No,No,No,56,58,50,50,42,50,56,53,4933,5791,65,57,55,100,No,No,34670,80110,9.4,0.1,9.4,16.962,0.226,495971,184091,53,0.725,0.031,600,1048,0.1,0.1,0,0,0.2,0,0,0,0,36.7,1450,2506,1451,No,No,No,No,No,No,No,No,8.171,27.421,93.4,6.3,43.5,59.6,3,3,3,3,3,3,3,3,3,3,3,3,332.33,332.33,332.33,332.33,332.33,332.33,0.22,0,332.33,0,116.65,942,47,516.9,9.7,0
1.7.2026,41:49.1,18946,4279,81.5,6993,921,88.3,20.2,15311,3091,0.964,1.02,0.987,0.86,0.99,0.893,0.763,3537.6,3734.2,3734.2,2948,3734.2,98.3,3439.4,487.2,502.1,422.2,489.4,738.4,472.8,312.5,510.4,449.5,487.2,21.4,24.6,19.7,21.5,27,22.2,15.3,22.9,18,27,21.4,100,21.6,22.4,18.7,21.7,31.9,21.1,14,23.1,19.7,21.6,36,38,38,30,38,35,60,58,64,59,58,40,42,36,41,42,64,64,No,No,No,No,No,No,No,No,No,No,No,No,No,No,No,No,No,No,54,51,52,1.016,7.902,4.647,0.031,4.919,1.426,0.767,0.481,64,35,64,64,0,19.5,0,0,0,0,0,0,21.6,24.9,19.8,21.7,27.1,22.7,15.5,22.8,18.2,56.4,54.3,53.6,58.9,58.7,2096.4,21.33,36,39,39,90,129,598,1,2,Yes,No,No,No,No,No,No,No,No,No,Yes,No,No,No,No,No,No,No,No,No,No,No,No,No,No,No,No,No,No,No,No,No,No,No,No,No,No,55,58,50,50,42,50,56,53,4971,5799,65,57,55,100,No,No,34670,80110,8.4,0.1,8.5,1.629,0.099,495974,184091,52,0.725,0.031,600,2096,0.4,0.2,0,0.1,0.6,0,0,0,0,36.7,1453,2503,1454,No,No,No,No,No,No,No,No,8.171,27.428,93.4,6.292,43.5,59.6,2.2,2.2,2.2,2.2,2.2,2.2,2.2,2.2,2.2,2.2,2.2,2.2,450.13,450.13,450.13,450.13,450.13,450.13,0.27,0,450.13,0,366.06,943,47,137.2,5.8,0
1.7.2026,41:51.1,18943,4282,81.5,6999,915,88.4,20.2,15311,3091,0.687,0.675,0.68,0.695,0.697,0.663,0.706,1474,1375.8,1375.8,1572.3,1572.3,98.3,1375.8,482.2,555.3,396.7,476.1,426.6,445.2,596.8,464.1,497.2,482.2,21.4,26.9,18.8,21.6,17.9,21.7,22.8,20.9,20.9,26.9,21.4,100,21.4,24.9,17.7,21.2,19.1,20.2,26.1,20.5,21.7,21.4,15,14,14,16,16,14,51,51,51,50,52,49,49,49,50,48,52,52,No,No,No,No,No,No,No,No,No,No,No,No,No,No,No,No,No,No,55,54,52,1.777,8.237,4.988,0.037,5.107,1.431,0.774,0.486,64,35,64,64,0,17.3,0,0,0,0,0,0,22.2,27.5,19.5,22.4,18.7,22.6,23.5,21.7,21.5,53.5,50.7,57.2,50.7,55.4,2096.4,21.33,36,39,39,90,129,598,1,2,Yes,No,No,No,No,No,No,No,No,No,Yes,No,No,No,No,No,No,No,No,No,No,No,No,No,No,No,No,No,No,No,No,No,No,No,No,No,No,54,58,50,50,42,50,56,53,4996,5782,65,57,55,100,No,No,34670,80110,7.8,0.1,7.9,4.857,0.012,495984,184091,51,0.725,0.037,600,2096,0.4,0.2,0,0.1,0.6,0,0,0,0,36.7,1453,2504,1453,No,No,No,No,No,No,No,No,8.175,27.428,93.4,6.287,43.5,59.6,12.9,64.3,2.2,2.2,2.1,2.1,12.9,60.6,2.2,2.1,2.1,2.1,77.31,454.98,15.55,15.5,465.8,465.8,0.28,0,77.31,0,64.56,943,47,478.6,4.8,0
1.7.2026,41:53.1,18961,4264,81.6,7016,899,88.6,20.2,15311,3091,0.696,0.725,0.697,0.66,0.7,0.678,0.766,1547.7,1867.1,1572.3,1179.2,1572.3,98.3,1670.6,448.5,549.8,397,459.6,417.8,477.3,390.7,532.5,363.1,448.5,26.8,31.7,22.9,27.3,24.2,30.5,23.6,31.6,22.6,31.7,26.8,100,20.2,24.9,18,20.9,18.9,21.7,17.5,23.7,16.4,20.3,15.8,19,16,12,16,17,50,51,51,49,49,50,49,49,51,51,52,51,No,No,No,No,No,No,No,No,No,No,No,No,No,No,No,No,No,No,54,51,52,5.586,6.467,3.235,0.033,4.669,1.432,0.79,0.487,64,34,64,64,0,14,0,0,0,0,0,0,27,31.8,23.1,27.7,24.5,30.8,23.8,31.7,22.8,46.7,44.9,46.9,45.7,49.5,2096.4,21.33,36,39,39,90,129,598,1,2,Yes,No,No,No,No,No,No,No,No,No,Yes,No,No,No,No,No,No,No,No,No,No,No,No,No,No,No,No,No,No,No,No,No,No,No,No,No,No,54,57,50,50,42,50,56,53,4996,5791,65,57,55,100,No,No,34670,80110,7.6,0.1,7.7,5.796,0.098,495995,184091,51,0.725,0.033,600,2096,0.6,0.2,0,0.2,0.8,0,0,0,0,36.8,1457,2500,1457,No,No,No,No,No,No,No,No,8.171,27.436,93.5,6.275,43.5,59.6,8.2,20.2,3.8,3.8,3.8,3.8,8.2,20,3.8,3.8,3.8,3.8,121.34,261.84,49.44,49.4,265.8,265.8,0.26,0,121.34,0,111.8,945,47,686.2,11.9,0
1.7.2026,41:55.1,18973,4252,81.6,7029,885,88.8,20.2,15311,3091,0.669,0.665,0.67,0.667,0.675,0.653,0.763,1277.5,1277.5,1277.5,1277.5,1277.5,98.3,1080.9,486.4,500.8,445.7,505.2,448.2,571.4,449.5,533.7,436.4,486.4,25.8,28.7,24.5,27.5,24,30.5,22.3,27,22.1,30.5,25.8,100,21.7,22.6,19.9,22.7,20,25.4,19.9,23.6,19.2,21.7,13,13,13,13,13,11,49,51,49,49,48,51,49,51,51,52,51,51,No,No,No,No,No,No,No,No,No,No,No,No,No,No,No,No,No,No,54,50,51,1.523,6.643,3.477,0.035,4.795,1.398,0.751,0.482,64,34,64,64,0,18.2,0,0,0,0,0,0,26,28.9,24.6,27.7,24.2,30.8,22.4,27.2,22.1,51.1,50.3,51,49.3,53.8,1048.2,10.67,20,20,20,45,129,299,1,2,Yes,No,No,No,No,No,No,No,No,No,Yes,No,No,No,No,No,No,No,No,No,No,No,No,No,No,No,No,No,No,No,No,No,No,No,No,No,No,54,57,50,50,42,50,56,53,4990,5799,65,58,55,100,No,No,34670,80110,4.2,0,4.2,1.284,0.064,495997,184091,51,0.725,0.035,600,1048,0.4,0.2,0,0.1,0.5,0,0,0,0,36.8,1457,2500,1457,No,No,No,No,No,No,No,No,8.172,27.436,93.5,6.268,43.5,59.6,2.4,2.5,2.3,2.3,2.3,2.3,2.4,2.5,2.3,2.3,2.3,2.3,416.32,433.35,399.29,398.98,433.7,433.7,0.25,0,416.32,0,167.34,945,47,1.2,4.2,0
1.7.2026,41:57.1,18936,4289,81.5,7032,882,88.8,20.2,15311,3091,0.67,0.675,0.662,0.677,0.665,0.656,0.763,1277.5,1375.8,1179.2,1375.8,1179.2,98.3,1179.2,454.9,511.6,403.2,539,491.4,475,349.1,470.5,399.3,454.9,22.4,25.9,20,25.3,22.8,24,17.8,23.7,20,25.9,22.4,100,20.8,23.4,18.7,24.3,22.3,21.7,16,21.5,18.1,20.8,13,14,12,14,12,12,49,51,49,49,48,51,49,51,51,52,51,51,No,No,No,No,No,No,No,No,No,No,No,No,No,No,No,No,No,No,54,52,52,1.523,7.035,3.867,0.09,4.834,1.384,0.726,0.482,64,34,64,64,0,17.6,0,0,0,0,0,0,22.6,26.1,20.1,25.6,22.9,24.2,18,24,20.2,50.5,49.7,49.4,51.5,51.4,2096.4,21.33,36,39,39,90,129,598,1,2,Yes,No,No,No,No,No,No,No,No,No,Yes,No,No,No,No,No,No,No,No,No,No,No,No,No,No,No,No,No,No,No,No,No,No,No,No,No,No,54,57,50,50,42,50,56,53,4996,5808,65,57,55,100,No,No,34670,80110,4.6,0,4.6,2.863,0.003,496003,184091,51,0.725,0.09,600,2096,2.2,1.8,0,0.5,2.5,0,0,0,0,36.8,1458,2499,1458,No,No,No,No,No,No,No,No,8.171,27.444,93.5,6.267,43.5,59.6,19.1,65.4,2.5,2.2,2.2,2.2,19,61.9,2.4,2.2,2.1,2.1,52.48,407.79,15.26,15.19,464.43,464.43,1.15,0.03,52.13,0.35,49.38,945,47,1.9,1.9,0
1.7.2026,41:59.1,18940,4285,81.5,7033,881,88.8,20.2,15311,3091,0.78,0.782,0.78,0.78,0.777,0.726,0.766,2358.4,2358.4,2358.4,2358.4,2358.4,98.3,2161.9,465.5,568.8,528.6,536.7,431,438.5,346.1,405.9,468.4,465.5,22.9,29.2,25.5,25.9,20.3,22,17.8,20.1,22.7,29.2,22.9,100,21.3,26,24.3,24.3,19.7,20.2,15.9,18.9,21.2,21.3,24,24,24,24,24,22,48,49,48,48,48,52,51,52,52,52,51,49,No,No,No,No,No,No,No,No,No,No,No,No,No,No,No,No,No,No,54,52,51,1.523,7.061,3.837,0.099,4.933,1.424,0.777,0.484,64,34,64,64,0,18.2,0,0,0,0,0,0,23.3,29.6,25.7,26.2,20.6,22.6,18.2,20.6,23.1,46.7,40.4,50.6,47.2,48.6,2096.4,21.33,36,39,39,90,129,598,1,2,Yes,No,No,No,No,No,No,No,No,No,Yes,No,No,No,No,No,No,No,No,No,No,No,No,No,No,No,No,No,No,No,No,No,No,No,No,No,No,54,56,50,50,42,50,56,53,4990,5774,65,58,55,100,No,No,34670,80110,1,0,1,0.217,0.004,496003,184091,51,0.725,0.099,600,2096,3.4,2.9,0,0.8,4,0,0,0,0,36.9,1459,2498,1459,No,No,No,No,No,No,No,No,8.171,27.444,93.5,6.251,43.5,59.6,44.7,81.4,9.3,7.9,7.7,7.7,45,60.4,9,7.6,7.5,7.5,22.4,108.05,12.26,11.22,129.12,129.12,1.33,0.01,21.92,0.48,11.3,945,47,1.2,2.1,0
1.7.2026,42:01.1,18940,4285,81.5,7037,877,88.9,20.2,15311,3091,0.675,0.667,0.68,0.677,0.675,0.653,0.766,1326.6,1277.5,1375.8,1375.8,1277.5,98.3,1080.9,441.8,574.2,433.6,484.3,408.5,405.6,364.6,455.4,408.3,441.8,23.8,31.6,23.3,24.9,20.4,23.1,20,24.7,22.4,31.6,23.8,100,20.3,26.3,20.2,22.2,18.7,18.9,16.7,20.8,18.5,20.3,13.5,13,14,14,13,11,49,51,49,48,48,51,49,51,52,52,51,51,No,No,No,No,No,No,No,No,No,No,No,No,No,No,No,No,No,No,57,57,51,6.094,6.754,3.538,0.095,4.751,1.411,0.769,0.49,64,33,64,64,0,17.8,0,0,0,0,0,0,24.5,32.1,23.8,25.6,21.1,23.9,20.6,25.4,23.2,47.4,41.1,51.6,48.9,48,2096.4,21.33,36,39,39,90,129,598,1,2,Yes,No,No,No,No,No,No,No,No,No,Yes,No,No,No,No,No,No,No,No,No,No,No,No,No,No,No,No,No,No,No,No,No,No,No,No,No,No,54,56,50,50,42,50,56,53,4996,5765,65,58,55,100,No,No,34670,80110,3.2,0.1,3.3,1.19,0.041,496005,184091,51,0.725,0.095,600,2096,1.2,0.9,0,0.3,1.4,0,0,0,0,36.7,1450,2506,1451,No,No,No,No,No,No,No,No,8.175,27.444,93.5,6.262,43.5,59.6,44.7,81.4,9.3,7.9,7.7,7.7,45,60.4,9,7.6,7.5,7.5,22.4,108.05,12.26,11.22,129.12,129.12,1.33,0.01,21.92,0.48,11.3,947,47,1224.6,13.6,0
1.7.2026,42:03.1,18941,4284,81.5,7042,872,88.9,20.2,15311,3091,0.663,0.657,0.665,0.66,0.67,0.651,0.766,1179.2,1179.2,1179.2,1179.2,1179.2,98.3,982.7,335.5,398.7,336.2,374.3,354.5,326.6,247.7,346,300.3,335.5,20.3,24.4,19.7,22.1,20.7,20.4,15,22.5,17.7,24.4,20.3,100,15.4,18.3,15.4,17.1,16.1,15.1,11.5,15.9,13.7,15.4,12,12,12,12,12,10,47,48,46,48,46,53,52,54,52,54,50,48,No,No,No,No,No,No,No,No,No,No,No,No,No,No,No,No,No,No,53,50,50,0.508,5.508,2.441,0.033,4.157,1.34,0.651,0.475,64,33,64,64,0,21.5,0,0,0,0,0,0,21,25.2,20.3,22.8,21.3,21.2,15.8,23.2,18.3,55.2,51.8,54.8,56.9,57.5,1048.2,10.67,20,20,20,45,129,299,1,2,Yes,No,No,No,No,No,No,No,No,No,Yes,No,No,No,No,No,No,No,No,No,No,No,No,No,No,No,No,No,No,No,No,No,No,No,No,No,No,53,55,50,50,42,50,56,53,4996,5791,65,57,55,100,No,No,34670,80110,4,1,5.1,0.837,0.087,496007,184092,50,0.725,0.033,600,1048,0.2,0.1,0,0,0.2,0,0,0,0,36.6,1450,2507,1450,No,No,No,No,No,No,No,No,8.171,27.451,93.5,6.251,43.5,59.6,5,5,5,5,5,5,5,5,5,5,5,5,198.43,198.43,198.43,198.43,198.43,198.43,0.26,0,198.43,0,134.18,947,47,65.5,2.9,0
1.7.2026,42:05.1,18948,4277,81.5,7065,849,89.2,20.2,15311,3091,0.663,0.657,0.665,0.66,0.67,0.651,0.766,1179.2,1179.2,1179.2,1179.2,1179.2,98.3,982.7,315.4,378.5,343.7,380,284,302.8,235.5,367.6,230.9,315.4,18.7,23.8,18.9,21.7,15.4,18.9,14.6,22.2,14.4,23.8,18.7,100,14.3,17.2,15.4,17,12.9,14,10.8,16.5,10.5,14.3,12,12,12,12,12,10,47,48,47,47,46,53,52,53,53,54,49,48,No,No,No,No,No,No,No,No,No,No,No,No,No,No,No,No,No,No,53,51,49,3.301,5.702,2.596,0.039,3.947,1.341,0.651,0.47,64,33,64,64,0,23.2,0,0,0,0,0,0,18.8,23.9,18.9,21.8,15.5,19.3,14.6,22.3,14.4,58.8,55.4,61.5,59.1,59.2,2096.4,21.33,36,39,39,90,129,598,1,2,Yes,No,No,No,No,No,No,No,No,No,Yes,No,No,No,No,No,No,No,No,No,No,No,No,No,No,No,No,No,No,No,No,No,No,No,No,No,No,53,55,50,50,42,50,56,53,4990,5799,65,57,55,100,No,No,34670,80110,9.3,2.6,11.9,7.882,0.195,496022,184092,49,0.727,0.039,600,2096,0.2,0.1,0,0.1,0.3,0,0,0,0,36.6,1448,2509,1449,No,No,No,No,No,No,No,No,8.171,27.451,93.5,6.251,43.5,59.6,3,3,3,3,3,3,3,3,3,3,3,3,333.68,333.68,333.68,333.68,333.68,333.68,0.29,0,333.68,0,133.94,947,47,0.2,3.4,0
1.7.2026,42:07.1,18945,4280,81.5,7071,843,89.3,20.1,15311,3077,0.664,0.657,0.665,0.662,0.67,0.651,0.708,1179.2,1179.2,1179.2,1179.2,1179.2,98.3,982.7,288.6,316.1,201.7,404.2,262.6,289.7,252.6,305.9,276.3,288.6,18.3,21.3,13.7,23,14.9,19.4,16.5,20.3,17.6,23,18.3,100,13.2,14.7,9.3,18,12,13.4,11.4,13.9,12.5,13.2,12,12,12,12,12,10,47,49,47,47,46,53,51,53,53,54,49,49,No,No,No,No,No,No,No,No,No,No,No,No,No,No,No,No,No,No,51,49,49,1.777,5.142,2.031,0.034,3.692,1.343,0.647,0.469,64,33,64,64,0,23.2,0,0,0,0,0,0,18.8,21.9,14.2,23.4,15.4,20,16.9,20.7,18,59.8,58.7,61.6,58.9,60,1048.2,10.67,20,20,20,45,129,299,1,2,Yes,No,No,No,No,No,No,No,No,No,Yes,No,No,No,No,No,No,No,No,No,No,No,No,No,No,No,No,No,No,No,No,No,No,No,No,No,No,52,55,50,50,42,50,55,53,5054,5808,65,56,55,100,No,No,34670,80110,2.9,1,3.8,0.728,0.006,496024,184092,50,0.727,0.034,600,1048,0.1,0,0,0,0.2,0,0,0,0,36.6,1448,2509,1449,No,No,No,No,No,No,No,No,8.174,27.459,93.5,6.245,43.5,59.6,2.4,2.4,2.4,2.4,2.4,2.4,2.4,2.4,2.4,2.4,2.4,2.4,415.83,415.83,415.83,415.83,415.83,415.83,0.27,0,415.83,0,315.47,948,47,436.7,7.7,0
1.7.2026,42:09.1,18937,4288,81.5,7070,844,89.3,20.1,15311,3077,0.662,0.657,0.662,0.66,0.67,0.651,0.766,1179.2,1179.2,1179.2,1179.2,1179.2,98.3,982.7,429.4,537.9,372.3,371.6,349.4,654.6,322.9,454.6,371.8,429.4,22.6,29.2,20.9,21.6,20,29.3,17.3,23,19.6,29.3,22.6,100,19.2,24.1,16.9,16.9,15.6,28.7,14.4,20.1,16.5,19.1,12,12,12,12,12,10,47,49,47,47,46,53,51,53,53,54,50,49,No,No,No,No,No,No,No,No,No,No,No,No,No,No,No,No,No,No,52,50,51,2.793,6.845,3.718,0.065,4.204,1.374,0.73,0.47,64,32,64,64,0,14.7,0,0,0,0,0,0,23,29.6,21.3,22.2,20.3,29.8,17.5,23.3,19.8,55.3,50.9,57.9,52.6,59.8,2096.4,21.33,36,39,39,90,129,598,1,2,Yes,No,No,No,No,No,No,No,No,No,Yes,No,No,No,No,No,No,No,No,No,No,No,No,No,No,No,No,No,No,No,No,No,No,No,No,No,No,52,55,50,50,42,50,55,53,4958,5816,65,55,55,100,No,No,34670,80110,3.7,1.5,5.3,1.622,0.077,496027,184092,50,0.727,0.065,600,2096,2.4,2,0,0.6,2.9,0,0,0,0,36.6,1448,2509,1448,No,No,No,No,No,No,No,No,8.172,27.459,93.5,6.243,43.5,59.6,16.7,70.2,2.1,1.9,1.9,1.9,16.6,62.2,2,1.9,1.9,1.9,60.03,487.33,14.16,13.84,529.25,529.25,1.29,0,59.63,0.4,28.91,948,47,0.6,0.7,0
1.7.2026,42:11.1,19010,4215,81.8,7123,791,89.9,20.1,15311,3075,0.773,0.812,0.807,0.667,0.805,0.746,0.766,2235.6,2555,2555,1277.5,2555,98.3,2358.4,1042.1,1212.3,915,1026.7,897.2,1083.9,877.5,1217.9,1106.3,1042.1,40.4,47.1,34.6,41.1,35.9,43.1,34.3,44.9,42.3,47.1,40.4,100,45.2,52.7,40.4,44.6,38.9,47,38,52.6,47.5,45.2,22.8,26,26,13,26,24,50,51,49,49,49,50,49,51,51,51,51,51,No,No,No,No,No,No,No,No,No,No,No,No,No,No,No,No,No,No,53,51,51,5.586,11.87,8.204,0.22,6.107,1.588,1.087,0.486,64,32,64,64,0,4.4,0,0,0,0,0,0,40.5,47.1,34.8,41.3,36.1,43.1,34.6,44.9,42.4,33.4,32,37.3,35,29.4,2096.4,21.33,36,39,39,90,129,598,1,2,Yes,No,No,No,No,No,No,No,No,No,Yes,No,No,No,No,No,No,No,No,No,No,No,No,No,No,No,No,No,No,No,No,No,No,No,No,No,No,52,55,50,50,42,50,55,53,4996,5834,65,54,55,100,No,No,34670,80111,9.1,3,12.1,7.387,0.265,496041,184093,51,0.725,0.22,600,2096,5.7,4.6,0,1.4,6.9,0,0,0,0,37.1,1467,2489,1468,No,No,No,No,No,No,No,No,8.173,27.466,93.6,6.211,43.5,59.6,60,66.1,52.4,51.7,51.7,51.7,56.8,61.6,24.5,15.7,15,15,16.67,19.16,15.11,14.7,19.24,19.24,1.04,0.93,16.27,0.4,0.55,949,47,508.3,39.5,0
1.7.2026,42:13.1,18985,4240,81.7,7165,749,90.5,19.7,15311,3021,0.794,0.797,0.795,0.792,0.792,0.733,0.708,2456.7,2456.7,2456.7,2456.7,2456.7,98.3,2260.2,691.2,697.4,619.5,719.4,601.6,846.1,679,725.9,640.8,691.2,35.2,37.4,33.1,37.8,31,40.1,32.1,37.4,32.6,40.1,35.2,100,30.6,31.4,27.7,31.8,26.7,37.2,29.8,32,28.1,30.6,25,25,25,25,25,23,48,50,47,48,47,52,50,53,52,53,50,50,No,No,No,No,No,No,No,No,No,No,No,No,No,No,No,No,No,No,64,64,51,8.887,8.477,5.145,0.104,4.912,1.472,0.903,0.474,64,32,64,64,0,8.4,0,0,0,0,0,0,35.2,37.4,33.2,37.9,31,40.1,32.1,37.4,32.6,37.1,35.8,39.3,34.8,38.6,2096.4,21.33,36,39,39,90,129,598,1,2,Yes,No,No,No,No,No,No,No,No,No,Yes,No,No,No,No,No,No,No,No,No,No,No,No,No,No,No,No,No,No,No,No,No,No,No,No,No,No,53,54,50,50,42,50,55,53,4996,5816,65,54,55,100,No,No,34670,80111,15.7,2,17.7,20.424,0.274,496080,184093,51,0.727,0.104,600,2096,1.7,0.8,0,0.5,2.4,0,0,0,0,37,1464,2493,1464,No,No,No,No,No,No,No,No,8.171,27.466,93.6,6.218,43.5,59.6,60,64.1,55.3,55.2,55.2,55.2,60,60.6,59.4,59.4,59.4,59.4,16.66,18.21,15.4,15.39,18.34,18.34,0.49,0.14,16.26,0.4,0.49,949,47,6,7.2,0
1.7.2026,42:15.1,19003,4222,81.8,7181,734,90.7,19.7,15311,3021,0.682,0.685,0.69,0.66,0.692,0.661,0.766,1400.3,1474,1474,1179.2,1474,98.3,1277.5,868.8,1045.3,685,1005.6,765.8,843.3,863.2,787.1,955.1,868.8,30.2,37.8,26.3,33.4,28.1,28.7,29.1,27,31.1,37.8,30.2,100,37.7,45.4,30.3,43.4,33.1,36.8,37.4,34.2,40.8,37.7,14.2,15,15,12,15,13,49,50,49,48,48,51,50,51,52,52,51,50,No,No,No,No,No,No,No,No,No,No,No,No,No,No,No,No,No,No,54,54,51,1.777,12.806,9.452,0.094,6.077,1.532,0.939,0.473,64,32,64,64,0,3.8,0,0,0,0,0,0,30.2,37.8,26.2,33.5,28.1,28.6,28.9,27,31.1,42.5,40.7,41.6,43,44.8,1048.2,10.67,20,20,20,45,129,299,1,2,Yes,No,No,No,No,No,No,No,No,No,Yes,No,No,No,No,No,No,No,No,No,No,No,No,No,No,No,No,No,No,No,No,No,No,No,No,No,No,53,55,50,50,42,50,55,53,4971,5808,65,54,55,100,No,No,34670,80111,4.7,2.5,7.2,2.032,0.116,496084,184093,51,0.725,0.094,600,1048,2.9,2.2,0,0.7,3.5,0,0,0,0,37.1,1465,2491,1467,No,No,No,No,No,No,No,No,8.171,27.466,93.6,6.218,43.5,59.6,48.6,81.2,9.1,7.6,7.5,7.5,48.6,61.4,9,7.6,7.5,7.5,20.56,110.08,12.37,12.24,133.53,133.53,0.64,0.35,20.2,0.36,8.96,949,47,1.9,6.6,0
1.7.2026,42:17.1,19026,4199,81.9,7186,728,90.7,19.7,15311,3021,0.904,0.997,0.987,0.662,0.967,0.893,0.763,3070.9,3635.9,3734.2,1277.5,3635.9,98.3,3439.4,798.7,998.3,722.5,879.2,598.6,779.9,787.4,972.2,651.5,798.7,25.2,32.4,21.5,29.5,19.9,24.5,23,31.2,19.7,32.4,25.2,100,34.4,43.6,31.2,37.9,26.3,34,33.9,42.1,26.1,34.4,31.2,37,38,13,37,35,56,58,57,52,57,44,42,43,48,43,62,58,No,No,No,No,No,No,No,No,No,No,No,No,No,No,No,No,No,No,68,68,51,7.109,12.534,9.189,0.12,6.102,1.505,0.889,0.479,64,31,64,64,0,7.6,0,0,0,0,0,0,25.5,32.6,21.8,29.6,20.1,24.7,23.1,31.3,21.1,48,43.4,49.4,50.8,48.3,2096.4,21.33,36,39,39,90,129,598,1,2,Yes,No,No,No,No,No,No,No,No,No,Yes,No,No,No,No,No,No,No,No,No,No,No,No,No,No,No,No,No,No,No,No,No,No,No,No,No,No,53,56,50,50,42,50,55,53,5002,5834,65,54,55,100,No,No,34670,80111,6,1,7,2.434,0.051,496089,184093,51,0.725,0.12,600,2096,2.7,2.2,0,0.6,3,0,0,0,0,37,1466,2491,1466,No,No,No,No,No,No,No,No,8.171,27.474,93.6,6.202,43.5,59.6,19.6,95.1,7.3,7.3,7.2,7.2,19.6,60.6,7.5,7.5,7.5,7.5,51.05,137.21,10.49,9.64,137.83,137.83,1.11,0,50.72,0.33,52.19,952,47,1150.2,15,0
1.7.2026,42:19.1,19039,4186,81.9,7199,716,90.9,19.7,15311,3021,0.99,1.02,1.007,0.962,0.97,0.893,0.763,3685.1,3734.2,3832.5,3537.6,3635.9,98.3,3439.4,759.4,1086.1,768.3,745.7,588.9,722.1,789.7,631.9,742.1,759.4,25.2,36,24.9,25.5,19.5,24.3,24.4,20.6,26.3,36,25.2,100,33.3,46.9,34.3,32.4,25.6,31.4,33.9,27.6,34.3,33.3,37.5,38,39,36,37,35,55,64,53,53,49,45,36,47,47,51,64,64,No,No,No,No,No,No,No,No,No,No,No,No,No,No,No,No,No,No,64,64,51,6.856,13.164,9.698,0.175,5.844,1.552,0.932,0.468,64,31,64,64,0,6.4,0,0,0,0,0,0,25.5,36.4,25.3,26.1,20,24.9,24.9,21.2,25.6,48.5,40.9,53,49.3,50.8,2096.4,21.33,36,39,39,90,129,598,1,2,Yes,No,No,No,No,No,No,No,No,No,Yes,No,No,No,No,No,No,No,No,No,No,No,No,No,No,No,No,No,No,No,No,No,No,No,No,No,No,53,56,50,50,42,50,55,53,4990,5834,65,53,55,100,No,No,34670,80111,1.7,1,2.7,0.261,0.004,496089,184093,51,0.725,0.175,600,2096,3,2.7,0,0.7,3.4,0,0,0,0,37.1,1467,2490,1467,No,No,No,No,No,No,No,No,8.172,27.474,93.6,6.186,43.5,59.6,31.3,76.1,7.3,7,6.9,6.9,31.1,62,7.1,6.7,6.7,6.7,31.92,137.25,13.23,12.51,144.18,144.18,1.35,0.01,31.57,0.35,23.56,952,47,1.4,0.5,0
1.7.2026,42:21.2,19033,4192,81.9,7202,712,91,19.7,15311,3021,0.661,0.655,0.662,0.66,0.667,0.648,0.766,1179.2,1179.2,1179.2,1179.2,1179.2,98.3,982.7,804.4,1126.6,640.6,657.7,559.7,918.8,553.8,903.5,1074.2,804.4,25.9,35.3,20.8,22.1,18.2,30.7,19,28.6,32.2,35.3,25.9,100,34.9,48.8,28.3,28.7,24.4,39.6,24.2,39.1,45.9,34.9,12,12,12,12,12,10,49,51,49,49,47,51,49,51,51,53,52,51,No,No,No,No,No,No,No,No,No,No,No,No,No,No,No,No,No,No,54,50,51,1.523,12.387,8.79,0.172,6.072,1.555,0.959,0.476,64,31,64,64,0,8.4,0,0,0,0,0,0,26.3,35.6,21.2,22.6,18.6,31.2,19.5,29,32.5,48,42.9,57.1,50.9,41.2,1048.2,10.67,20,20,20,45,129,299,1,2,Yes,No,No,No,No,No,No,No,No,No,Yes,No,No,No,No,No,No,No,No,No,No,No,No,No,No,No,No,No,No,No,No,No,No,No,No,No,No,54,57,50,50,42,50,55,53,4990,5825,65,53,55,100,No,No,34670,80111,3.6,2.9,6.5,1.043,0.157,496091,184094,51,0.727,0.172,600,1048,2.8,2.5,0,0.6,3.2,0,0,0,0,37,1464,2493,1464,No,No,No,No,No,No,No,No,8.172,27.474,93.6,6.178,43.5,59.6,37.8,90.7,9.5,8.7,8.6,8.6,37.8,61.6,9.5,8.6,8.6,8.6,26.48,105.69,11.07,11.03,116.44,116.44,1.29,0.01,26.14,0.34,15.54,952,47,342.5,15.3,0
1.7.2026,42:23.2,19046,4179,82,7209,705,91,19.7,15311,3021,0.662,0.657,0.662,0.66,0.67,0.648,0.763,1179.2,1179.2,1179.2,1179.2,1179.2,98.3,982.7,454.7,652.7,400.6,392.7,432.7,470.6,453.7,476.4,358.1,454.7,23.1,30.6,21.6,21.3,20.6,24.5,22.6,24.8,18.4,30.6,23.1,100,20.3,28.9,18.4,17.7,19.1,21.2,20,21.3,16.1,20.3,12,12,12,12,12,10,48,50,47,48,47,52,50,53,52,53,51,50,No,No,No,No,No,No,No,No,No,No,No,No,No,No,No,No,No,No,54,51,51,1.016,7.419,4.134,0.122,4.451,1.45,0.797,0.473,64,31,64,64,0,14.6,0,0,0,0,0,0,23.2,30.8,21.7,21.4,20.7,24.6,22.6,25.1,18.4,53,46.6,57.5,53,54.7,2096.4,21.33,36,39,39,90,129,598,1,2,Yes,No,No,No,No,No,No,No,No,No,Yes,No,No,No,No,No,No,No,No,No,No,No,No,No,No,No,No,No,No,No,No,No,No,No,No,No,No,54,56,50,49,42,50,55,52,4996,5834,65,53,55,100,No,No,34670,80111,4.3,2.4,6.7,1.261,0.101,496093,184094,51,0.725,0.122,600,2096,2.7,2.4,0,0.6,3.1,0,0,0,0,37,1465,2491,1466,No,No,No,No,No,No,No,No,8.171,27.482,93.6,6.185,43.5,59.6,40.8,66.3,7.6,6.7,6.7,6.7,41,60.4,7.6,6.8,6.7,6.7,24.53,131.39,14.97,14.63,150.04,150.04,0.88,0,24.16,0.37,15.82,952,47,3.3,3.7,0
1.7.2026,42:25.2,19049,4176,82,7221,694,91.2,19.7,15311,3021,0.757,0.81,0.807,0.702,0.71,0.743,0.766,2112.8,2555,2555,1670.6,1670.6,98.3,2358.4,526.8,748.1,573.9,440.5,538.8,520.8,401.4,521.1,470.1,526.8,22.9,32.4,24.2,21.2,21.5,22.4,17.4,22.8,21.4,32.4,22.9,100,23.4,33.1,26,20,23.5,23.1,17.8,23,20.6,23.4,21.5,26,26,17,17,24,50,52,48,51,48,50,48,52,49,52,52,52,No,No,No,No,No,No,No,No,No,No,No,No,No,No,No,No,No,No,54,51,51,3.047,7.967,4.668,0.092,4.645,1.501,0.86,0.474,64,30,64,64,0,14.8,0,0,0,0,0,0,23.4,32.8,24.5,21.7,21.9,23,17.9,23.2,21.8,52.9,43.6,56.2,57.7,54.2,2096.4,21.33,36,39,39,90,129,598,1,2,Yes,No,No,No,No,No,No,No,No,No,Yes,No,No,No,No,No,No,No,No,No,No,No,No,No,No,No,No,No,No,No,No,No,No,No,No,No,No,54,56,50,49,42,50,55,52,4964,5825,65,53,55,100,No,No,34670,80111,4.7,0,4.7,1.105,0.055,496096,184094,51,0.725,0.092,600,2096,1.6,1.4,0,0.4,1.9,0,0,0,0,37,1464,2492,1465,No,No,No,No,No,No,No,No,8.172,27.489,93.6,6.194,43.5,59.6,4.4,42.1,1.9,1.9,1.9,1.9,4.3,50.3,1.9,1.9,1.9,1.9,228.78,524.94,23.54,20.92,534.36,534.36,0.96,0,228.33,0.44,221.36,953,47,431.1,5.8,0
1.7.2026,42:27.2,19063,4162,82,7222,692,91.2,19.7,15311,3021,0.663,0.657,0.665,0.66,0.67,0.651,0.766,1179.2,1179.2,1179.2,1179.2,1179.2,98.3,982.7,387.5,477.9,368.5,456.3,405.2,399.1,299.4,342.4,351.2,387.5,24.1,30.4,22.9,27.2,22.7,24.7,18.6,23.1,23.3,30.4,24.1,100,17.5,21.7,16.8,20.7,18,18.1,13.7,15.6,15.7,17.5,12,12,12,12,12,10,48,48,48,47,47,52,52,52,53,53,49,48,No,No,No,No,No,No,No,No,No,No,No,No,No,No,No,No,No,No,53,49,49,0.762,5.897,2.64,0.101,4.065,1.424,0.779,0.47,64,30,64,64,0,13.5,0,0,0,0,0,0,24.3,30.6,23,28,22.8,24.9,18.7,23.3,23.4,49.7,44.4,49.9,52,52.5,1048.2,10.67,20,20,20,45,129,299,1,2,Yes,No,No,No,No,No,No,No,No,No,Yes,No,No,No,No,No,No,No,No,No,No,No,No,No,No,No,No,No,No,No,No,No,No,No,No,No,No,53,56,50,49,42,50,55,52,4964,5791,65,52,55,100,No,No,34670,80111,4.9,2.4,7.3,2.619,0.022,496101,184094,51,0.727,0.101,600,1048,1.9,1.6,0,0.4,2.2,0,0,0,0,36.8,1455,2501,1456,No,No,No,No,No,No,No,No,8.173,27.489,93.6,6.187,43.5,59.6,4.8,4.8,4.8,4.8,4.8,4.8,4.6,4.6,4.6,4.6,4.6,4.6,208.99,208.99,208.99,208.99,208.99,208.99,0.45,0,208.49,0.5,195.3,953,47,0.4,0.2,0
1.7.2026,42:29.2,19085,4140,82.1,7245,669,91.5,19.7,15311,3021,0.663,0.657,0.665,0.66,0.67,0.648,0.766,1179.2,1179.2,1179.2,1179.2,1179.2,98.3,982.7,372.5,478.8,341.2,411.1,295,357,249.2,489.9,358.1,372.5,23.6,31.3,22.4,25.9,18.4,23.7,16.6,28.4,22.3,31.3,23.6,100,16.8,21.6,15.8,18.5,13.5,16.3,11.4,21.7,16.1,16.8,12,12,12,12,12,10,47,49,46,47,47,53,51,54,53,53,49,49,No,No,No,No,No,No,No,No,No,No,No,No,No,No,No,No,No,No,53,49,49,6.856,5.821,2.61,0.055,3.897,1.42,0.753,0.469,64,30,64,64,0,16.4,0,0,0,0,0,0,23.9,31.6,22.7,25.7,18.8,24.2,16.9,28.7,22.6,51.8,44.7,55.1,57,50.4,2096.4,21.33,36,39,39,90,129,598,1,2,Yes,No,No,No,No,No,No,No,No,No,Yes,No,No,No,No,No,No,No,No,No,No,No,No,No,No,No,No,No,No,No,No,No,No,No,No,No,No,53,56,50,49,42,50,55,52,4996,5816,65,52,55,100,No,No,34670,80111,2.1,1.5,3.6,0.325,0.007,496101,184094,49,0.725,0.055,600,2096,1.5,1.2,0,0.4,1.8,0,0,0,0,37.1,1466,2490,1467,No,No,No,No,No,No,No,No,8.175,27.489,93.6,6.18,43.5,59.6,27.5,418.8,3.2,3.2,3.2,3.2,27.6,62.1,3.3,3.2,3.2,3.2,36.38,312.93,2.19,2.18,313.49,313.49,1.1,5.58,35.9,0.48,38.8,953,47,13.4,11.1,0
1.7.2026,42:31.2,19084,4141,82.1,7252,662,91.6,19.7,15311,3021,0.674,0.677,0.672,0.67,0.677,0.661,0.711,1302.1,1375.8,1277.5,1277.5,1277.5,98.3,1179.2,329.8,432,299.7,330.8,316.5,351.1,317.6,377.7,213.3,329.8,20.2,26.7,18.1,20.2,19.8,22.1,18.7,22.7,13.2,26.7,20.2,100,15,19.6,13.6,15.1,14.2,16,14.4,17.1,9.8,15,13.2,14,13,13,13,12,47,49,46,47,46,53,51,54,53,54,49,49,No,No,No,No,No,No,No,No,No,No,No,No,No,No,No,No,No,No,52,51,49,0.508,5.62,2.409,0.057,4.05,1.366,0.706,0.479,64,29,64,64,0,22.3,0,0,0,0,0,0,20.5,26.9,18.5,20.6,20,22.5,19,23.1,13.5,56.1,52.1,57.5,54.6,60,1048.2,10.67,20,20,20,45,129,299,1,2,Yes,No,No,No,No,No,No,No,No,No,Yes,No,No,No,No,No,No,No,No,No,No,No,No,No,No,No,No,No,No,No,No,No,No,No,No,No,No,52,55,50,49,42,50,55,52,5002,5851,65,52,55,100,No,No,34670,80111,12.6,1.3,13.9,10.544,0.182,496121,184094,49,0.727,0.057,600,1048,0.5,0.2,0,0.1,0.6,0,0,0,0,36.6,1447,2510,1447,No,No,No,No,No,No,No,No,8.171,27.497,93.7,6.169,43.5,59.6,1.9,1.9,1.9,1.9,1.9,1.9,1.9,1.9,1.9,1.9,1.9,1.9,534.66,534.66,534.66,534.66,534.66,534.66,0.22,0,534.25,0.41,0.33,954,47,535.6,6.6,0
1.7.2026,42:33.2,19067,4158,82,7287,628,92,19.5,15311,2991,0.681,0.685,0.665,0.688,0.685,0.663,0.766,1375.8,1474,1179.2,1474,1375.8,98.3,1277.5,762.7,864.4,814.3,712.6,651.5,848.2,718.9,778.1,714.1,762.7,41,46,40.5,42.5,38.4,41.4,34.6,44.3,40.4,46,41,100,33.2,37.8,35.2,31.3,28.5,37,31.3,33.8,30.8,33.2,14,15,12,15,14,13,48,51,47,48,47,52,49,53,52,53,51,51,No,No,No,No,No,No,No,No,No,No,No,No,No,No,No,No,No,No,53,51,50,2.285,8.121,4.876,0.01,4.867,1.473,0.931,0.479,64,29,64,64,0,4.8,0,0,0,0,0,0,41.2,46.1,40.6,42.8,38.6,41.7,35,44.5,40.7,35.7,30.3,36.8,40.4,35.2,2096.4,21.33,36,39,39,90,129,598,1,2,Yes,No,No,No,No,No,No,No,No,No,Yes,No,No,No,No,No,No,No,No,No,No,No,No,No,No,No,No,No,No,No,No,No,No,No,No,No,No,53,55,50,49,42,50,55,52,4971,5774,65,52,55,100,No,No,34670,80111,13.9,0.5,14.4,21.095,0.137,496162,184095,50,0.725,0.01,600,2096,1.4,1,0,0.4,1.8,0,0,0,0,36.9,1459,2497,1460,No,No,No,No,No,No,No,No,8.172,27.497,93.7,6.154,43.5,59.6,1.9,1.9,1.9,1.9,1.9,1.9,1.9,1.9,1.9,1.9,1.9,1.9,532.64,532.64,532.64,532.64,532.64,532.64,0.22,0,532.28,0.36,19.32,956,47,728.8,11.6,0
1.7.2026,42:35.2,19109,4116,82.2,7312,602,92.3,19.5,15311,2991,0.677,0.697,0.67,0.667,0.675,0.666,0.766,1351.2,1572.3,1277.5,1277.5,1277.5,98.3,1375.8,934.6,1018.9,860.7,984.3,797.9,1215.7,837.7,894.1,867.2,934.6,44.1,48.8,41.2,46.1,38.9,52.5,39.5,42.9,43.2,52.5,44.1,100,40.9,44.9,38.2,43.1,35.2,52.7,36.4,39,37.7,40.9,13.8,16,13,13,13,14,51,53,51,50,50,49,47,49,50,50,53,53,No,No,No,No,No,No,No,No,No,No,No,No,No,No,No,No,No,No,53,51,49,5.586,10.397,6.691,0.483,5.561,1.599,1.139,0.481,64,29,64,64,0,5,0,0,0,0,0,0,44,48.7,41.1,46.1,38.7,52.4,39.2,42.9,43,30.6,28.5,35,27.8,31.1,2096.4,21.33,36,39,39,90,129,598,1,2,Yes,No,No,No,No,No,No,No,No,No,Yes,No,No,No,No,No,No,No,No,No,No,No,No,No,No,No,No,No,No,No,No,No,No,No,No,No,No,52,55,50,49,42,50,55,52,4964,5765,65,52,55,100,No,No,34670,80111,7,2.1,9.1,2.429,0.112,496167,184095,49,0.725,0.483,600,2096,12.3,10.4,0,3.9,12.9,0,2.8,3.9,0,37.2,1472,2484,1473,No,No,No,No,No,No,No,No,8.171,27.504,93.7,6.145,43.5,59.6,59,65.4,40.8,31.3,30.5,30.5,58.7,61.5,37.6,30.6,29.9,29.9,16.95,24.52,15.29,15.06,32.79,32.79,0.47,0,16.95,0,1.07,956,47,302.6,10.7,0
1.7.2026,42:37.2,19177,4048,82.5,7386,528,93.3,19.5,15311,2991,0.987,0.975,0.987,0.997,0.99,0.893,0.763,3685.1,3537.6,3734.2,3734.2,3734.2,98.3,3439.4,1234.7,1319.9,1034.7,1460.5,1031.5,1378.5,1106.1,1397.6,1148.7,1234.7,44.8,52,39.9,50.1,37.5,48.7,38.9,49.5,41.7,52,44.8,100,50.9,57.4,45.4,57,42.9,55.1,44.8,57.2,47.5,50.9,37.5,36,38,38,38,35,63,64,67,62,60,37,36,33,38,40,74,67,No,No,No,No,No,No,No,No,No,No,No,No,No,No,No,No,No,No,68,68,52,15.489,13.703,9.661,0.503,6.576,1.682,1.268,0.483,64,29,64,64,0,0.6,0,0,0,0,0,0,46,52.1,40.2,53.2,38.6,50.9,40.4,50.5,42.1,25.5,25.6,26.9,26.9,22.5,2096.4,21.33,36,39,39,90,129,598,1,2,Yes,No,No,No,No,No,No,No,No,No,Yes,No,No,No,No,No,No,No,No,No,No,No,No,No,No,No,No,No,No,No,No,No,No,No,No,No,No,53,56,50,49,42,50,55,52,4996,5782,65,52,55,100,No,No,34670,80111,9.3,2.1,11.3,5.975,2.018,496179,184099,51,0.725,0.503,900,2096,8.9,7.4,0,2.9,9.2,0,1.7,3.7,0,37.9,1500,2456,1499,No,No,No,No,No,No,No,No,8.171,27.504,93.7,6.112,43.5,59.6,33.8,62.7,15,15,15,15,32.7,60.3,15,15,15,15,29.55,66.66,15.96,15.83,66.8,66.8,0.68,0,29.55,0,12.96,957,47,502.8,30.7,0
1.7.2026,42:39.2,19492,3733,83.9,7407,507,93.5,19.7,15311,3019,0.99,1.02,0.987,0.985,0.967,0.893,0.763,3685.1,3734.2,3734.2,3635.9,3635.9,98.3,3439.4,1892.9,1887,1627.2,2527.6,1739.7,1916,1672.1,1942.2,1831.4,1892.9,55.1,54.7,47.4,74.4,49.7,57.5,49.4,55.6,51.9,74.4,55.1,100,83.2,82.5,71.7,112,75.5,86.1,73.7,85.2,78.6,83.2,37.5,38,38,37,37,35,61,62,57,61,63,39,38,43,39,37,62,63,No,No,No,No,No,No,No,No,No,No,No,No,No,No,No,No,No,No,54,52,52,1.523,21.534,17.73,0.155,8.924,1.753,1.292,0.486,64,28,64,64,0,0.8,0,0,0,0,0,0,54.2,54.2,46.6,71.6,49.6,55.7,48.6,55.1,52.2,17.1,21.3,9.4,17.6,19.9,2096.4,21.33,36,39,39,90,129,598,1,2,Yes,No,No,No,No,No,No,No,No,No,Yes,No,No,No,No,No,No,No,No,No,No,No,No,No,No,No,No,No,No,No,No,No,No,No,No,No,No,54,57,49,48,42,50,55,52,5021,5782,65,52,55,100,No,No,34670,80111,8.8,19.4,28.2,16.845,15.432,496209,184126,51,0.777,0.155,900,2096,2.5,1.8,0,1.4,2.2,1.2,3.4,0,0,36.4,1442,2515,1442,No,No,No,No,No,No,No,No,8.171,27.504,93.7,6.104,43.5,59.6,15.2,61.9,2.4,2.2,2.2,2.2,15.2,60.3,2.4,2.2,2.2,2.2,65.6,414.84,16.17,16.15,449.98,449.98,0.27,0,65.6,0,58.41,957,47,13,63.3,0
1.7.2026,42:41.2,19285,3940,83,6950,964,87.8,21.3,15311,3261,0.867,0.92,0.987,0.667,0.895,0.893,0.763,2874.3,3242.8,3734.2,1277.5,3242.8,98.3,3439.4,548.4,581.6,454.6,554.9,485.3,547.9,615.7,588.3,559.1,548.4,28.7,31,24.2,29.9,27.1,28.7,28.4,31.4,29.1,31.4,28.7,100,24.7,26.4,20.5,24.9,22,24.7,27.2,26.9,24.8,24.7,29.2,33,38,13,33,35,51,52,51,49,53,49,48,49,51,47,52,53,No,No,No,No,No,No,No,No,No,No,No,No,No,No,No,No,No,No,54,51,51,1.777,7.78,4.496,0.039,5.011,1.471,0.879,0.482,64,28,64,64,0,10.1,0,0,0,0,0,0,29,31.4,24.5,30.4,27.4,29.2,28.6,31.5,29.3,39.9,38.9,40.7,41.6,38.4,1048.2,10.67,20,20,20,45,129,299,1,2,Yes,No,No,No,No,No,No,No,No,No,Yes,No,No,No,No,No,No,No,No,No,No,No,No,No,No,No,No,No,No,No,No,No,No,No,No,No,No,54,57,49,48,42,50,55,52,5028,5799,65,53,55,100,No,No,34670,80111,16.5,70.4,86.9,16.02,127.829,496239,184368,51,0.777,0.039,900,1048,0.5,0.1,0,0.4,0.4,0,1.8,0,0,36.4,1442,2515,1442,No,No,No,No,No,No,No,No,8.171,27.512,93.7,6.128,43.5,59.6,5.3,9.8,4,4,4,4,5.3,9.8,4,4,4,4,188.97,250.07,102.34,100.25,250.77,250.77,0.25,0,188.97,0,139.16,957,47,2.8,3.5,0
1.7.2026,42:43.3,19220,4005,82.7,6944,970,87.7,21.3,15311,3261,0.729,0.712,0.735,0.732,0.735,0.673,0.766,1916.2,1768.8,1965.4,1965.4,1965.4,98.3,1572.3,561.8,640.1,448.9,567.8,548.2,592.5,543.4,669.1,484,561.8,27,32,22.2,27.5,26.1,29.1,24.5,31.4,23,32,27,100,25.1,28.9,20.2,25.5,24.3,26.5,24.3,29.7,21.6,25.1,19.5,18,20,20,20,16,49,51,49,47,48,51,49,51,53,52,51,51,No,No,No,No,No,No,No,No,No,No,No,No,No,No,No,No,No,No,54,51,51,2.793,8.046,4.84,0.054,5.027,1.419,0.8,0.484,64,28,64,64,0,14.2,0,0,0,0,0,0,27.1,32.2,22.2,27.7,26.1,29.3,24.5,31.5,23.1,44.2,42.1,45,44.5,45.3,2096.4,21.33,36,39,39,90,129,598,1,2,Yes,No,No,No,No,No,No,No,No,No,Yes,No,No,No,No,No,No,No,No,No,No,No,No,No,No,No,No,No,No,No,No,No,No,No,No,No,No,54,56,49,48,42,50,55,52,5021,5834,65,53,55,100,No,No,34670,80111,17.2,0.8,18,26.159,0.391,496289,184369,50,0.78,0.054,900,2096,0.5,0.1,0,0.4,0.4,0,1.8,0,0,36.3,1437,2520,1438,No,No,No,No,No,No,No,No,8.171,27.512,93.7,6.128,43.5,59.6,6,8.5,4.6,4.6,4.6,4.6,6,8.5,4.6,4.6,4.6,4.6,166.86,215.7,117.12,116.19,216.67,216.67,0.27,0,166.86,0,33.19,958,47,336.3,12.5,0
1.7.2026,42:45.3,19003,4222,81.8,6677,1237,84.3,21.3,15311,3257,0.991,1.045,0.93,1.007,0.98,0.893,0.763,3660.5,3734.2,3439.4,3734.2,3734.2,98.3,3439.4,530.9,681.3,427.8,473.8,417.7,543.1,549.1,593.4,560.8,530.9,25.1,31.1,19.6,23.9,22.3,23.8,27.2,27.3,25.6,31.1,25.1,100,23.5,30.2,19,21.2,18.5,24.2,24.1,26.3,24.5,23.5,37.2,38,35,38,38,35,53,55,52,52,52,47,45,48,48,48,55,55,No,No,No,No,No,No,No,No,No,No,No,No,No,No,No,No,No,No,53,51,51,5.84,7.846,4.59,0.057,5.033,1.442,0.875,0.482,64,28,64,64,0,10,0,0,0,0,0,0,25.4,31.4,19.8,24.3,22.6,24.2,27.4,27.7,25.9,50.3,49.2,55.5,49,47.5,2096.4,21.33,36,39,39,90,129,598,1,2,Yes,No,No,No,No,No,No,No,No,No,Yes,No,No,No,No,No,No,No,No,No,No,No,No,No,No,No,No,No,No,No,No,No,No,No,No,No,No,54,56,49,48,42,50,55,52,5028,5791,65,53,55,100,No,No,34670,80111,17.6,0,17.6,13.999,0.095,496316,184369,51,0.777,0.057,900,2096,0.7,0.3,0,0.5,0.6,0,2,0,0,36.7,1452,2505,1452,No,No,No,No,No,No,No,No,8.175,27.52,93.7,6.123,43.5,59.6,4.4,7.3,2.7,2.6,2.6,2.6,3.4,5,2.6,2.6,2.6,2.6,224.11,375.97,134.77,133.49,381.38,381.38,5.91,110.22,223.79,0.32,100.71,958,47,144.6,3.2,0
1.7.2026,42:47.3,18873,4352,81.2,6491,1423,82,21.3,15311,3256,0.669,0.665,0.67,0.667,0.675,0.653,0.708,1277.5,1277.5,1277.5,1277.5,1277.5,98.3,1080.9,702.2,731.9,597.3,707.8,706.8,772.3,723.3,713.8,664.7,702.2,37,39.1,32,37.9,37,38.8,36.4,38.6,35.9,39.1,37,100,31.4,33,26.6,31.4,31.6,34.4,32.4,32.1,29.5,31.4,13,13,13,13,13,11,50,51,49,49,49,50,49,51,51,51,51,51,No,No,No,No,No,No,No,No,No,No,No,No,No,No,No,No,No,No,64,64,51,5.078,8.973,5.634,0.028,5.306,1.519,0.989,0.481,64,27,64,64,0,2.1,0,0,0,0,0,0,37.6,39.9,32.7,38.6,37.7,39.5,37.1,39.3,36.2,26,29.6,24.3,23.6,26.5,1048.2,10.67,20,20,20,45,129,299,1,2,Yes,No,No,No,No,No,No,No,No,No,Yes,No,No,No,No,No,No,No,No,No,No,No,No,No,No,No,No,No,No,No,No,No,No,No,No,No,No,53,56,49,48,42,50,55,52,5028,5808,65,53,55,100,No,No,34670,80111,94.3,0.8,95.1,104.541,0.127,496518,184369,51,0.777,0.028,900,1048,0.4,0.1,0,0.4,0.4,0,1.4,0,0,36.7,1452,2505,1452,No,No,No,No,No,No,No,No,8.176,27.52,93.7,6.124,43.5,59.6,5.8,9.8,4,4,4,4,5.9,9.8,4,4,4,4,170.97,247.61,101.77,99.97,250.09,250.09,0.2,0,170.97,0,83.38,958,47,5.3,1,0
1.7.2026,42:49.3,18854,4371,81.1,6604,1311,83.4,20.9,15311,3199,0.667,0.665,0.67,0.667,0.665,0.653,0.706,1252.9,1277.5,1277.5,1277.5,1179.2,98.3,1080.9,1191.7,1312.9,1134.5,1184.3,1067.9,1252.9,1206.3,1221.9,1153.4,1191.7,54.3,56.1,49.2,57.1,51.8,56.6,56.4,54.8,52.7,57.1,54.3,100,51.3,56.8,48.7,51,46.2,53.9,51.9,52.7,49.4,51.3,12.8,13,13,13,12,11,50,52,49,48,49,50,48,51,52,51,52,52,No,No,No,No,No,No,No,No,No,No,No,No,No,No,No,No,No,No,54,54,51,2.539,11.746,8.156,0.189,6.38,1.621,1.156,0.488,64,27,64,64,0,0.6,0,0,0,0,0,0,53.9,55.5,48.8,56.8,51.4,56.2,55.8,54.3,52.5,21.6,21.4,21.4,21.6,22.1,2096.4,21.33,36,39,39,90,129,598,1,2,Yes,No,No,No,No,No,No,No,No,No,Yes,No,No,No,No,No,No,No,No,No,No,No,No,No,No,No,No,No,No,No,No,No,No,No,No,No,No,54,56,49,48,42,50,55,52,5021,5816,65,54,55,100,No,No,34670,80111,32.8,0,32.8,47.838,0.074,496610,184369,51,0.725,0.189,600,2096,4.5,3.1,0,1.1,5.4,0,0,0,0,36.7,1451,2505,1452,No,No,No,No,No,No,No,No,8.171,27.527,93.8,6.096,43.5,59.6,60,62.3,57.4,57.3,57.3,57.3,56.8,60.8,24.5,15.6,15,15,16.67,18.2,15.24,14.8,18.37,18.37,0.58,1.93,16.17,0.5,0.4,959,47,441.8,35.4,0
1.7.2026,42:51.3,18877,4348,81.2,6607,1307,83.4,20.9,15311,3199,0.661,0.655,0.662,0.66,0.667,0.651,0.766,1179.2,1179.2,1179.2,1179.2,1179.2,98.3,982.7,398.1,472.4,336.8,395.9,389.1,444.1,362.2,414.2,370,398.1,28.6,35.5,24.5,28,26.4,31.3,25.9,30.3,26.9,35.5,28.6,100,17.8,21.4,15.3,17.7,17.3,19.8,16.2,18.5,16.3,17.8,12,12,12,12,12,10,48,50,48,47,48,52,50,52,53,52,51,50,No,No,No,No,No,No,No,No,No,No,No,No,No,No,No,No,No,No,66,66,51,6.348,5.32,2.017,0.08,4.451,1.45,0.844,0.488,64,27,64,64,0,17.4,0,0,0,0,0,0,29.1,35.9,25,28.6,26.9,31.9,26.3,30.8,27.4,47.3,44.5,50.5,46.3,47.9,2096.4,21.33,36,39,39,90,129,598,1,2,Yes,No,No,No,No,No,No,No,No,No,Yes,No,No,No,No,No,No,No,No,No,No,No,No,No,No,No,No,No,No,No,No,No,No,No,No,No,No,53,56,49,48,42,50,55,52,5021,5834,65,55,55,100,No,No,34670,80111,5,0.1,5.1,3.495,0.095,496617,184370,51,0.725,0.08,600,2096,3.1,1.8,0,0.9,4.3,0,0,0,0,36.9,1462,2495,1462,No,No,No,No,No,No,No,No,8.173,27.527,93.8,6.105,43.5,59.6,60.1,106.6,32.9,26.1,25.5,25.5,59,62.3,41,30.9,30,30,16.65,30.25,9.42,8.36,38.69,38.69,0.92,10.84,16.14,0.51,1.76,960,47,661.7,11.2,0
1.7.2026,42:53.3,18893,4332,81.3,6636,1279,83.8,20.9,15311,3199,1.006,1.02,1.007,1.007,0.987,0.893,0.766,3758.8,3734.2,3832.5,3734.2,3734.2,98.3,3439.4,845.5,966.4,1003,901.8,721.6,839.7,611,659.5,1061.2,845.5,27.9,32.9,32.7,29.4,24.3,27.4,20.5,22.5,33.8,33.8,27.9,100,36.2,41.9,43.4,38.5,31,36.2,26.5,28,44,36.2,38.2,38,39,38,38,35,61,55,63,54,71,39,45,37,46,29,71,71,No,No,No,No,No,No,No,No,No,No,No,No,No,No,No,No,No,No,54,53,52,4.57,12.666,9.185,0.101,6.48,1.551,0.975,0.488,64,27,64,64,0,7.6,0,0,0,0,0,0,28.3,33.1,32.8,29.9,24.4,27.8,20.7,23.1,34.6,47.8,40,50.4,54.1,46.8,2096.4,21.33,36,39,39,90,129,598,1,2,Yes,No,No,No,No,No,No,No,No,No,Yes,No,No,No,No,No,No,No,No,No,No,No,No,No,No,No,No,No,No,No,No,No,No,No,No,No,No,54,57,49,48,42,50,55,52,5028,5791,65,55,55,100,No,No,34670,80111,4,0,4,1.169,0.063,496619,184370,51,0.725,0.101,600,2096,2.7,1.9,0,0.7,3.3,0,0,0,0,37,1462,2494,1463,No,No,No,No,No,No,No,No,8.171,27.527,93.8,6.071,43.5,59.6,58,66.1,36.5,35.4,35.3,35.3,59,62.1,40.8,30.8,30,30,17.23,27.5,15.11,15.08,28.28,28.28,0.54,1.13,16.94,0.29,1.38,961,47,453,6,0
1.7.2026,42:55.4,18904,4321,81.3,6649,1265,84,20.9,15311,3199,0.751,0.74,0.735,0.765,0.765,0.691,0.763,2137.3,2063.6,1965.4,2260.2,2260.2,98.3,1867.1,683.6,889.1,733.1,772.4,503.2,738.3,668.2,592.5,572.3,683.6,26.1,34.5,27.3,29.2,19.9,27.2,23.5,23.7,23.5,34.5,26.1,100,30.1,38.9,32.3,33.9,21.8,32.1,28.7,26.6,26.2,30.1,21.8,21,20,23,23,19,50,53,48,49,49,50,47,52,51,51,53,53,No,No,No,No,No,No,No,No,No,No,No,No,No,No,No,No,No,No,54,54,52,1.777,10.623,7.065,0.236,5.831,1.552,0.979,0.481,64,26,64,64,0,9,0,0,0,0,0,0,26.3,34.9,27.5,29.3,20.5,27.6,23.7,23.6,23.1,49.6,42.1,53,50.3,53,2096.4,21.33,36,39,39,90,129,598,1,2,Yes,No,No,No,No,No,No,No,No,No,Yes,No,No,No,No,No,No,No,No,No,No,No,No,No,No,No,No,No,No,No,No,No,No,No,No,No,No,54,57,49,49,42,50,55,52,5028,5782,65,55,55,100,No,No,34670,80111,3,0,3,0.472,0.021,496620,184370,51,0.725,0.236,600,2096,5.3,4.7,0,1.2,6,0,0,0,0,37.1,1467,2490,1467,No,No,No,No,No,No,No,No,8.172,27.535,93.8,6.08,43.5,59.6,51.6,87.1,13.7,11.4,11.2,11.2,51.7,62.2,15,12.2,12,12,19.39,73.11,11.48,11.17,89.12,89.12,1.15,0.69,18.99,0.41,5.58,961,47,1.4,2.7,0
1.7.2026,42:57.3,18928,4297,81.4,6667,1247,84.2,20.9,15311,3199,0.692,0.662,0.765,0.665,0.675,0.653,0.706,1523.2,1277.5,2260.2,1277.5,1277.5,98.3,1080.9,597.4,833.3,662.4,470.2,398.3,576.4,433.4,618.1,787,597.4,24.3,32.9,25.5,21.7,18.7,25,18.4,24.4,27.6,32.9,24.3,100,26.1,36.4,29.3,20.9,17.4,25.3,19,26.9,33.6,26.1,15.5,13,23,13,13,11,50,52,48,50,48,50,48,52,50,52,52,52,No,No,No,No,No,No,No,No,No,No,No,No,No,No,No,No,No,No,56,56,52,9.141,9.809,6.325,0.192,5.687,1.493,0.916,0.485,64,26,64,64,0,10.5,0,0,0,0,0,0,24.4,33,25.6,21.8,18.8,25.2,18.4,24.5,27.6,51.1,42,58.3,56.3,47.8,2096.4,21.33,36,39,39,90,129,598,1,2,Yes,No,No,No,No,No,No,No,No,No,Yes,No,No,No,No,No,No,No,No,No,No,No,No,No,No,No,No,No,No,No,No,No,No,No,No,No,No,54,57,49,49,42,50,55,52,5041,5782,65,55,55,100,No,No,34670,80111,5,0,5,2.984,0.018,496626,184370,51,0.725,0.192,600,2096,3.9,3.5,0,0.9,4.4,0,0,0,0,37,1465,2491,1466,No,No,No,No,No,No,No,No,8.172,27.535,93.8,6.072,43.5,59.6,49.6,88.7,12.7,11.4,11.3,11.3,49.6,61.3,13,12.1,12,12,20.17,78.76,11.16,10.28,88.75,88.75,1.35,0,19.82,0.35,8.11,961,47,1.5,0.6,0
1.7.2026,42:59.4,18971,4254,81.6,6712,1202,84.8,20.9,15311,3199,0.991,0.977,0.987,1.007,0.99,0.893,0.763,3685.1,3537.6,3734.2,3734.2,3734.2,98.3,3439.4,667.4,1125.1,476.9,549.3,476.6,739.5,720.6,668,583.4,667.4,21.4,36.8,16.2,17.8,15.5,22.3,21.9,21.2,19.1,36.8,21.4,100,28.9,48.6,21,24,20.8,32,30.9,28.9,25,28.9,37.5,36,38,38,38,35,54,56,54,52,53,46,44,46,48,47,56,56,No,No,No,No,No,No,No,No,No,No,No,No,No,No,No,No,No,No,54,53,52,1.523,11.184,7.655,0.17,6.252,1.499,0.906,0.488,64,26,64,64,0,8.2,0,0,0,0,0,0,21.6,37,16.4,18.2,15.6,22.6,22.1,21.7,19.4,53.8,44.4,62.2,53,55.7,2096.4,21.33,36,39,39,90,129,598,1,2,Yes,No,No,No,No,No,No,No,No,No,Yes,No,No,No,No,No,No,No,No,No,No,No,No,No,No,No,No,No,No,No,No,No,No,No,No,No,No,54,57,49,49,42,50,55,52,5015,5808,65,55,55,100,No,No,34670,80111,6.3,0,6.3,4.409,0.08,496634,184370,52,0.725,0.17,600,2096,3.8,3.4,0,0.9,4.5,0,0,0,0,37,1466,2491,1466,No,No,No,No,No,No,No,No,8.171,27.542,93.8,6.063,43.5,59.6,29.8,82.6,6.2,5.5,5.4,5.4,30,61.4,6.2,5.5,5.5,5.5,33.5,161.73,12.07,11.42,183.17,183.17,1.38,0.01,33.18,0.33,14.64,962,47,488.8,13.1,0
1.7.2026,43:01.4,18998,4227,81.7,6734,1180,85,20.9,15311,3199,0.999,1.02,0.987,0.997,0.99,0.893,0.706,3734.2,3734.2,3734.2,3734.2,3734.2,98.3,3439.4,419.2,583.6,413,382.6,247.7,424.1,435.4,446.3,420.6,419.2,22.3,31.2,22.8,22.5,15.2,22.8,19.9,21.5,22.7,31.2,22.3,100,18.6,25.8,19,17.2,11.1,18.6,19.1,19.9,18.1,18.6,38,38,38,38,38,35,57,57,51,62,58,43,43,49,38,42,70,62,No,No,No,No,No,No,No,No,No,No,No,No,No,No,No,No,No,No,54,52,51,1.27,7.05,3.635,0.112,4.874,1.474,0.865,0.486,64,26,64,64,0,14.9,0,0,0,0,0,0,22.5,31.4,22.8,22.7,15.2,23.2,20,21.5,23.1,52.4,43.6,59.7,53.3,53,2096.4,21.33,36,39,39,90,129,598,1,2,Yes,No,No,No,No,No,No,No,No,No,Yes,No,No,No,No,No,No,No,No,No,No,No,No,No,No,No,No,No,No,No,No,No,No,No,No,No,No,54,57,49,49,42,50,55,52,5015,5799,65,56,55,100,No,No,34670,80111,7.7,0,7.7,3.487,0.071,496641,184370,51,0.725,0.112,600,2096,1.8,1.5,0,0.4,2.1,0,0,0,0,37,1464,2492,1465,No,No,No,No,No,No,No,No,8.176,27.542,93.8,6.075,43.5,59.6,37,78.4,8.5,7.8,7.8,7.8,37.1,61.3,8.2,7.6,7.5,7.5,27.05,117.57,12.73,12.42,129.07,129.07,1.28,0.03,26.51,0.54,20.14,962,47,6.5,3.3,0
1.7.2026,43:03.4,18992,4233,81.7,6732,1182,85,20.9,15311,3199,0.676,0.655,0.692,0.688,0.67,0.651,0.766,1326.6,1179.2,1474,1474,1179.2,98.3,982.7,327.3,496.2,342.1,305.1,280.8,384.7,223.1,295.1,291.3,327.3,19.3,31,19.9,18.3,15.6,21.5,12.8,17.1,18.1,31,19.3,100,14.9,22.3,15.8,13.9,12.5,17.7,10.1,13.5,13.5,14.9,13.5,12,15,15,12,10,48,50,47,47,47,52,50,53,53,53,51,50,No,No,No,No,No,No,No,No,No,No,No,No,No,No,No,No,No,No,53,50,51,1.523,5.625,2.367,0.053,4.143,1.448,0.789,0.479,64,25,64,64,0,19,0,0,0,0,0,0,19.6,31.4,20.4,18.8,15.9,21.8,13.2,17.6,18.1,57.3,46.3,62.5,59.9,60.6,2096.4,21.33,36,39,39,90,129,598,1,2,Yes,No,No,No,No,No,No,No,No,No,Yes,No,No,No,No,No,No,No,No,No,No,No,No,No,No,No,No,No,No,No,No,No,No,No,No,No,No,53,56,49,49,42,50,55,52,5028,5782,65,55,55,100,No,No,34670,80111,3.4,1,4.4,2.345,0.076,496646,184370,51,0.725,0.053,600,2096,0.2,0.1,0,0.1,0.3,0,0,0,0,36.9,1460,2497,1460,No,No,No,No,No,No,No,No,8.173,27.542,93.8,6.073,43.5,59.6,1.9,1.9,1.9,1.9,1.9,1.9,1.9,1.9,1.9,1.9,1.9,1.9,533.76,533.76,533.76,533.76,533.76,533.76,0.29,0,533.21,0.55,33.03,963,47,437.1,6.8,0
1.7.2026,43:05.4,18981,4244,81.7,6745,1169,85.2,20.9,15311,3199,0.755,0.742,0.67,0.807,0.8,0.693,0.766,2112.8,2063.6,1277.5,2555,2555,98.3,1867.1,495.6,652.9,487.8,532.5,396.1,527.5,355,511.8,501.2,495.6,24.8,33.8,24.4,28.1,18.9,26.6,17.7,23.9,24.9,33.8,24.8,100,22.8,29.4,22.9,24.4,18.2,24.2,16.7,23.4,22.8,22.8,21.5,21,13,26,26,19,50,52,49,50,49,50,48,51,50,51,52,52,No,No,No,No,No,No,No,No,No,No,No,No,No,No,No,No,No,No,53,50,50,1.016,7.059,3.804,0.069,4.487,1.446,0.801,0.47,64,25,64,64,0,12.3,0,0,0,0,0,0,25.1,34,24.7,28.5,19.3,27.2,17.8,24.4,25.3,41.6,36.3,43.9,44.1,42.2,1048.2,10.67,20,20,20,45,129,299,1,2,Yes,No,No,No,No,No,No,No,No,No,Yes,No,No,No,No,No,No,No,No,No,No,No,No,No,No,No,No,No,No,No,No,No,No,No,No,No,No,52,56,49,49,42,50,55,52,5028,5782,65,55,55,100,No,No,34670,80111,4.2,1.6,5.9,2.011,1.771,496649,184374,49,0.727,0.069,600,1048,1.3,1.1,0,0.3,1.5,0,0,0,0,36.8,1457,2500,1458,No,No,No,No,No,No,No,No,8.172,27.55,93.8,6.055,43.5,59.6,1.9,1.9,1.9,1.9,1.9,1.9,1.9,1.9,1.9,1.9,1.9,1.9,533.76,533.76,533.76,533.76,533.76,533.76,0.29,0,533.21,0.55,33.03,963,47,0.3,2.3,0
1.7.2026,43:07.4,18968,4257,81.6,6752,1162,85.3,20.9,15311,3199,0.999,1.02,0.987,1.007,0.98,0.893,0.763,3734.2,3734.2,3734.2,3734.2,3734.2,98.3,3439.4,682,858,843.9,712.3,547.7,652.4,494.1,706.8,640.9,682,27,34.2,30.7,29.2,21.6,26.7,20.2,27.4,26,34.2,27,100,30.8,38.5,38,32.1,24.9,29.5,22.6,31.6,29,30.8,38,38,38,38,38,35,58,61,59,53,57,42,39,41,47,43,61,61,No,No,No,No,No,No,No,No,No,No,No,No,No,No,No,No,No,No,52,50,51,3.047,9.87,6.501,0.143,5.105,1.487,0.87,0.472,64,25,64,64,0,12.1,0,0,0,0,0,0,27.1,34.2,30.7,29.4,21.6,27.2,20.3,27.6,25.9,39.8,33.7,43.3,41.5,40.7,1048.2,10.67,20,20,20,45,129,299,1,2,Yes,No,No,No,No,No,No,No,No,No,Yes,No,No,No,No,No,No,No,No,No,No,No,No,No,No,No,No,No,No,No,No,No,No,No,No,No,No,53,55,49,49,42,50,55,52,5021,5791,65,54,55,100,No,No,34670,80111,4.4,0.5,4.9,1.735,0.002,496653,184374,51,0.725,0.143,600,1048,4.6,3.9,0,1.1,5.5,0,0,0,0,36.7,1451,2506,1451,No,No,No,No,No,No,No,No,8.172,27.55,93.8,6.047,43.5,59.6,29,62,2.9,2.3,2.2,2.2,28.9,61,2.9,2.3,2.2,2.2,34.52,345.05,16.14,16.14,448.65,448.65,0.37,0,34.52,0,35.98,963,47,8.2,4.5,0
1.7.2026,43:09.4,18989,4236,81.7,6733,1181,85,20.9,15311,3196,1.001,1.02,0.987,1.007,0.99,0.893,0.708,3734.2,3734.2,3734.2,3734.2,3734.2,98.3,3439.4,635.3,756.8,625.8,679.3,563.7,693.9,532.7,596.7,633.3,635.3,34.9,41.4,34.8,38,30.8,37.6,28.7,33.4,34.7,41.4,34.9,100,28.6,33.8,28.5,30.5,25.3,31.2,24.2,27.4,28.1,28.6,38,38,38,38,38,35,55,58,54,55,52,45,42,46,45,48,58,58,No,No,No,No,No,No,No,No,No,No,No,No,No,No,No,No,No,No,53,51,51,2.285,8.068,4.636,0.16,4.773,1.499,0.94,0.476,64,25,64,64,0,9.7,0,0,0,0,0,0,35.1,41.5,34.9,38.3,31,37.7,29,33.6,34.9,34.6,31.4,36,35.4,35.5,2096.4,21.33,36,39,39,90,129,598,1,2,Yes,No,No,No,No,No,No,No,No,No,Yes,No,No,No,No,No,No,No,No,No,No,No,No,No,No,No,No,No,No,No,No,No,No,No,No,No,No,52,55,49,49,42,50,55,52,5034,5774,65,54,55,100,No,No,34670,80111,10.5,3.5,13.9,3.591,0.221,496660,184374,51,0.725,0.16,600,2096,4.3,3.8,0,1,4.8,0,0,0,0,35.7,1413,2544,1413,No,No,No,No,No,No,No,No,8.173,27.55,93.8,6.048,43.5,59.6,35,82.1,3.3,2.2,2.1,2.1,34.8,61.4,3.3,2.1,2.1,2.1,28.55,300.71,12.1,11.8,475,475,1.32,0.04,28.06,0.48,24.19,963,47,6.4,5.4,0
1.7.2026,43:11.4,19048,4177,82,6852,1062,86.5,20.4,15311,3122,0.915,0.997,0.987,0.997,0.677,0.893,0.766,3120,3635.9,3734.2,3734.2,1375.8,98.3,3439.4,483.1,661,446.8,520.3,394.2,490.5,431.6,480.3,440.2,483.1,24.6,34.3,22.9,27,19.4,25.3,20.7,24.6,22.3,34.3,24.6,100,21.6,29.6,20.3,23.2,17.6,21.7,19.4,21.7,19.5,21.6,31.8,37,38,38,14,35,57,58,59,56,56,43,42,41,44,44,60,59,No,No,No,No,No,No,No,No,No,No,No,No,No,No,No,No,No,No,53,51,50,2.031,7.001,3.655,0.175,4.556,1.473,0.894,0.481,64,24,64,64,0,16.1,0,0,0,0,0,0,25.2,34.9,23.6,27.6,20,26.1,21.3,25.1,22.9,45.8,38.2,49.1,47.4,48.5,2096.4,21.33,36,39,39,90,129,598,1,2,Yes,No,No,No,No,No,No,No,No,No,Yes,No,No,No,No,No,No,No,No,No,No,No,No,No,No,No,No,No,No,No,No,No,No,No,No,No,No,52,55,49,49,43,50,55,52,5034,5782,65,53,55,100,No,No,34670,80111,11.6,0.1,11.7,12.124,0.098,496683,184374,51,0.78,0.175,900,2096,3.7,2.8,0,1.5,4.2,0,2.6,0.6,0,37,1465,2491,1466,No,No,No,No,No,No,No,No,8.173,27.558,93.9,6.04,43.5,59.6,24.8,214.1,3.1,2.8,2.7,2.7,24.9,62.3,3.1,2.8,2.7,2.7,40.27,318.22,4.44,3.07,365.94,365.94,1.32,7.9,39.82,0.45,43.07,965,47,724.9,13.9,0
1.7.2026,43:13.4,18891,4334,81.3,6719,1195,84.8,20.4,15311,3121,0.663,0.657,0.665,0.66,0.67,0.648,0.766,1179.2,1179.2,1179.2,1179.2,1179.2,98.3,982.7,826.7,892.2,746.4,776.2,728.9,1011.2,809,869.1,780.6,826.7,40,44.4,37,38.6,33.6,49,37.2,42.2,38.1,49,40,100,36.1,39.2,33.4,34,31.8,43.8,35,37.7,33.7,36.1,12,12,12,12,12,10,48,51,48,47,46,52,49,52,53,54,51,51,No,No,No,No,No,No,No,No,No,No,No,No,No,No,No,No,No,No,53,48,49,1.523,9.183,5.549,0.33,5.381,1.581,1.095,0.48,64,24,64,64,0,8.4,0,0,0,0,0,0,39.9,44.3,36.9,38.7,33.5,48.9,37,42.2,37.8,34.7,30.9,41,32,35,1048.2,10.67,20,20,20,45,129,299,1,2,Yes,No,No,No,No,No,No,No,No,No,Yes,No,No,No,No,No,No,No,No,No,No,No,No,No,No,No,No,No,No,No,No,No,No,No,No,No,No,53,55,49,49,43,50,55,52,5408,5904,65,53,55,100,No,No,34670,80111,5.9,1.1,7,1.959,0.161,496687,184375,51,0.78,0.33,900,1048,6.2,4.6,0,2.9,6.3,0,4.1,4.1,0,36.6,1448,2509,1448,No,No,No,No,No,No,No,No,8.173,27.558,93.9,6.032,43.5,59.6,41.8,65.5,6.2,4.7,4.6,4.6,41.8,61.7,6.3,4.7,4.6,4.6,23.91,160.95,15.27,15.13,218.23,218.23,0.53,0,23.91,0,15.09,965,47,6.8,9.6,0
1.7.2026,43:15.4,18886,4339,81.3,6725,1189,84.9,20.4,15311,3121,0.776,0.767,0.755,0.792,0.79,0.713,0.766,2333.9,2260.2,2161.9,2456.7,2456.7,98.3,2063.6,620.3,755.8,528.1,629.6,493.5,694.7,573.2,698.3,589,620.3,25.9,32.9,23.1,27.7,20.4,28.2,22.7,27.7,24.4,32.9,25.9,100,27.3,33.5,23.8,27.7,21.6,30.6,25,30.5,25.7,27.3,23.8,23,22,25,25,21,49,51,48,49,48,51,49,52,51,52,51,51,No,No,No,No,No,No,No,No,No,No,No,No,No,No,No,No,No,No,53,52,49,2.285,8.8,5.284,0.294,4.996,1.504,0.93,0.475,64,24,64,64,0,15.9,0,0,0,0,0,0,26.1,33.1,23.2,28,20.7,28.3,23,27.9,24.7,50.2,45.8,54,50.2,50.7,1048.2,10.67,20,20,20,45,129,299,1,2,Yes,No,No,No,No,No,No,No,No,No,Yes,No,No,No,No,No,No,No,No,No,No,No,No,No,No,No,No,No,No,No,No,No,No,No,No,No,No,53,55,49,49,43,50,55,52,6850,6642,65,53,55,100,No,No,34670,80111,5.5,0.5,6,3.592,0.083,496694,184375,51,0.725,0.294,600,1048,5.8,4.3,0,2.7,6,0,3.7,3.9,0,36.2,1431,2526,1439,No,No,No,No,No,No,No,No,8.172,27.565,93.9,6.023,43.5,59.6,30,63.5,3.9,3.8,3.7,3.7,30,61.3,4,3.8,3.8,3.8,33.31,253.84,15.74,15.71,267.71,267.71,0.44,0,33.31,0,32.46,965,47,12.6,7.3,0
1.7.2026,43:17.5,18936,4289,81.5,6744,1170,85.2,20.4,15311,3121,0.672,0.667,0.672,0.67,0.677,0.656,0.766,1277.5,1277.5,1277.5,1277.5,1277.5,98.3,1080.9,536.3,628.9,426.1,578.5,480.7,626,562.3,561.5,426,536.3,31.8,38.5,25.9,33.9,28.9,37.4,32.4,32.6,24.5,38.5,31.8,100,23.8,28.1,19.5,25.8,21.3,27.5,24.5,25,18.7,23.8,13,13,13,13,13,11,48,51,48,48,47,52,49,52,52,53,51,51,No,No,No,No,No,No,No,No,No,No,No,No,No,No,No,No,No,No,52,48,49,2.539,7.338,3.719,0.251,4.69,1.517,1.008,0.484,64,24,64,64,0,11.1,0,0,0,0,0,0,32.5,39,26.7,34.6,29.5,38.1,33.2,33.4,25.3,40.1,39,41.4,35.9,43.9,2096.4,21.33,36,39,39,90,129,598,1,2,Yes,No,No,No,No,No,No,No,No,No,Yes,No,No,No,No,No,No,No,No,No,No,No,No,No,No,No,No,No,No,No,No,No,No,No,No,No,No,53,55,49,49,43,50,55,52,7188,6910,65,53,55,100,No,No,34670,80111,11,0.1,11,10.216,0.36,496713,184375,49,0.86,0.251,900,2096,6,4.9,0,2,6.5,0,3.7,0,0,37,1463,2493,1464,No,No,No,No,No,No,No,No,8.177,27.565,93.9,6.035,43.5,59.6,37.7,72.9,11.2,10,9.9,9.9,37.5,60.8,11.3,10.2,10,10,26.51,89.36,13.71,12.83,100.77,100.77,0.75,0,26.51,0,11.13,966,47,563.6,12.3,0
1.7.2026,43:19.5,18922,4303,81.4,6765,1149,85.4,20.3,15311,3112,0.854,0.812,0.807,0.807,0.99,0.746,0.766,2849.8,2555,2555,2555,3734.2,98.3,2358.4,583.3,687.5,499.7,593.6,520.6,613.4,551.6,654.5,545.3,583.3,37.3,44.2,32,38.6,34,40.2,36.3,39.4,33.3,44.2,37.3,100,25.7,30.6,22.6,26.4,23,26.9,24.2,27.8,23.8,25.7,29,26,26,26,38,24,52,52,49,48,58,48,48,51,52,42,52,58,No,No,No,No,No,No,No,No,No,No,No,No,No,No,No,No,No,No,52,51,49,5.078,6.71,3.134,0.342,4.634,1.557,1.107,0.475,64,23,64,64,0,5.5,0,0,0,0,0,0,37.2,44.2,32,38.5,34,40.1,36,39.9,33,34.7,31.7,37.2,34.5,35.4,2096.4,21.33,36,39,39,90,129,598,1,2,Yes,No,No,No,No,No,No,No,No,No,Yes,No,No,No,No,No,No,No,No,No,No,No,No,No,No,No,No,No,No,No,No,No,No,No,No,No,No,53,54,49,49,43,50,55,52,7295,6984,65,53,55,100,No,No,34670,80111,6.7,0.9,7.6,5.804,0.532,496724,184376,49,0.727,0.342,600,2096,11.4,9.7,0,3.5,12.6,0,3.7,1.4,0,36.5,1444,2513,1443,No,No,No,No,No,No,No,No,8.177,27.573,93.9,6.026,43.5,59.6,50.9,74.3,22.7,20.5,20.3,20.3,31.8,61,5,4.7,4.6,4.6,19.64,44.06,13.47,12.26,49.21,49.21,0.64,0,19.64,0,22.71,966,47,19,6.1,0
1.7.2026,43:21.5,18950,4275,81.5,6802,1112,85.9,20.3,15311,3108,0.766,0.767,0.767,0.765,0.765,0.716,0.766,2260.2,2260.2,2260.2,2260.2,2260.2,98.3,2063.6,574.4,693.5,491.1,583.6,509.8,645.2,542.5,589,540.3,574.4,34.6,41.2,30.2,35.5,31,37.7,32.9,36.7,31.6,41.2,34.6,100,25.4,30.7,22.3,25.7,22.4,28.2,23.8,26.5,23.5,25.4,23,23,23,23,23,21,49,51,49,48,48,51,49,51,52,52,51,51,No,No,No,No,No,No,No,No,No,No,No,No,No,No,No,No,No,No,52,50,50,1.777,7.287,3.794,0.217,4.791,1.521,1.056,0.483,64,23,64,64,0,5.8,0,0,0,0,0,0,34.7,41.3,30.4,35.7,31.2,37.9,32.9,36.2,31.9,37.1,35,39.7,36,37.8,2096.4,21.33,36,39,39,90,129,598,1,2,Yes,No,No,No,No,No,No,No,No,No,Yes,No,No,No,No,No,No,No,No,No,No,No,No,No,No,No,No,No,No,No,No,No,No,No,No,No,No,53,54,49,49,43,50,55,52,7268,6984,65,53,55,100,No,No,34670,80111,5.2,0.3,5.5,3.324,0.473,496731,184377,49,0.78,0.217,900,2096,6.2,5.2,0,2.2,6.6,0,4.4,0,0,37.3,1474,2482,1475,No,No,No,No,No,No,No,No,8.173,27.573,93.9,6.015,43.5,59.6,36.2,94.2,4.3,3.3,3.2,3.2,37.5,62.4,4.6,3.6,3.5,3.5,27.67,233.59,9.56,9.28,309.59,309.59,2.42,17.63,26.93,0.74,23.71,966,47,69.3,9.2,0
1.7.2026,43:23.5,19016,4209,81.8,6864,1050,86.7,20.3,15311,3108,0.661,0.655,0.662,0.66,0.667,0.648,0.766,1179.2,1179.2,1179.2,1179.2,1179.2,98.3,982.7,741.5,897.3,764.6,736.2,614.3,821.5,690.4,754.6,653.2,741.5,39.6,48.4,39.3,40,33.3,45.3,36.5,39.6,34.3,48.4,39.6,100,32.3,39.2,33.8,32.2,26.8,35.6,29.8,32.8,28,32.3,12,12,12,12,12,10,49,50,49,49,47,51,50,51,51,53,50,50,No,No,No,No,No,No,No,No,No,No,No,No,No,No,No,No,No,No,52,49,49,2.031,8.603,4.855,0.384,5.071,1.572,1.149,0.479,64,23,64,64,0,3.6,0,0,0,0,0,0,39.9,48.5,39.4,40.3,33.5,45.6,36.6,39.9,35.1,33,26.5,37.6,32,35.9,2096.4,21.33,36,39,39,90,129,598,1,2,Yes,No,No,No,No,No,No,No,No,No,Yes,No,No,No,No,No,No,No,No,No,No,No,No,No,No,No,No,No,No,No,No,No,No,No,No,No,No,52,54,49,49,43,50,55,52,7295,6984,65,52,55,100,No,No,34670,80111,7,2.9,9.9,1.268,0.317,496733,184378,51,0.86,0.384,900,2096,11,9.6,0,3.2,11.8,0,2.4,1.9,0,37.8,1496,2461,1496,No,No,No,No,No,No,No,No,8.177,27.58,93.9,6.002,43.5,59.6,57,115.1,32.4,31,30.8,30.8,57.6,60.6,33.9,30.4,30,30,17.54,30.93,8.56,7.47,32.49,32.49,2.38,2.37,17.05,0.49,3.82,967,48,435.3,10.1,0
1.7.2026,43:25.5,19016,4209,81.8,6861,1053,86.6,20.3,15311,3108,0.732,0.722,0.717,0.752,0.735,0.678,0.766,1940.8,1867.1,1768.8,2161.9,1965.4,98.3,1670.6,694.1,810.9,596.2,670.4,485.3,862.3,651.9,781.4,694.7,694.1,36.8,42.9,32.6,36,26.7,45.1,34.1,40.4,36.7,45.1,36.8,100,30.4,35.7,26.8,29.6,21.5,37.5,28.3,33.7,30.3,30.4,19.8,19,18,22,20,17,49,52,48,48,49,51,48,52,52,51,52,52,No,No,No,No,No,No,No,No,No,No,No,No,No,No,No,No,No,No,51,49,49,2.031,9.392,5.347,0.743,5.208,1.636,1.268,0.473,64,22,64,64,0,3.7,0,0,0,0,0,0,36.7,42.9,32.7,36.2,26.8,45,34,40.5,35.9,34.3,32.9,42.9,30.5,30.8,1048.2,10.67,20,20,20,45,129,299,1,2,Yes,No,No,No,No,No,No,No,No,No,Yes,No,No,No,No,No,No,No,No,No,No,No,No,No,No,No,No,No,No,No,No,No,No,No,No,No,No,52,53,49,48,42,50,55,52,7295,6984,65,52,55,100,No,No,34670,80111,3.9,2.1,6,0.746,0.217,496735,184378,51,0.745,0.743,700,1048,17.2,15.2,0,5,18.3,0,1.9,5,0,38,1502,2455,1502,No,No,No,No,No,No,No,No,8.173,27.58,93.9,6.007,43.5,59.6,55.6,63.3,24.1,20.2,19.9,19.9,55.9,62.6,24.2,20.3,19.9,19.9,17.99,41.52,15.81,15.64,50.34,50.34,0.61,0,17.99,0,2.88,967,48,12,7.8,0
1.7.2026,43:27.6,19028,4197,81.9,6878,1037,86.8,20.3,15311,3108,0.667,0.67,0.665,0.662,0.672,0.656,0.766,1203.8,1277.5,1179.2,1179.2,1179.2,98.3,1080.9,535.5,656.8,527.3,581.1,441.5,588.9,451.2,601.8,435.5,535.5,34.7,42.7,35,37.9,29.2,38,29.4,39.2,26.6,42.7,34.7,100,23.7,29.4,23.5,25.7,19.4,25.9,19.8,26.6,19.1,23.7,12.2,13,12,12,12,11,46,49,46,46,45,54,51,54,54,55,49,49,No,No,No,No,No,No,No,No,No,No,No,No,No,No,No,No,No,No,53,53,49,5.84,6.855,2.996,0.555,4.545,1.596,1.176,0.47,64,22,64,64,0,5.1,0,0,0,0,0,0,35.2,42.9,35.5,38.3,29.6,38.5,29.9,39.3,27.2,36.5,30.1,39.2,38.3,38.5,2096.4,21.33,36,39,39,90,129,598,1,2,Yes,No,No,No,No,No,No,No,No,No,Yes,No,No,No,No,No,No,No,No,No,No,No,No,No,No,No,No,No,No,No,No,No,No,No,No,No,No,51,53,49,48,42,50,55,52,7308,6996,65,52,55,100,No,No,34670,80111,7.7,1.5,9.2,0.563,0.009,496736,184378,49,0.727,0.555,600,2096,13.4,11.5,0,4.1,14.5,0,1.8,4.4,0,37,1465,2492,1465,No,No,No,No,No,No,No,No,8.174,27.588,94,6,43.5,59.6,38.1,63.3,14.9,14.8,14.8,14.8,38.1,60.8,15,15,15,15,26.26,67.32,15.79,15.75,67.63,67.63,0.76,0,26.26,0,9.84,967,48,2.4,0.6,0
1.7.2026,43:29.6,19036,4189,81.9,6882,1032,86.9,20.3,15311,3108,0.719,0.715,0.72,0.717,0.722,0.678,0.768,1768.8,1768.8,1768.8,1768.8,1768.8,98.3,1572.3,397.6,521,354.7,374,321,417.6,300.4,432.8,459.3,397.6,24.3,32.8,23,23.6,20.9,25.6,20,25.6,22.8,32.8,24.3,100,17.8,23.5,15.9,17,14.4,18.8,13.7,19.4,20.1,17.9,18,18,18,18,18,16,46,48,46,46,45,54,52,54,54,55,48,48,No,No,No,No,No,No,No,No,No,No,No,No,No,No,No,No,No,No,52,50,49,3.047,6.534,3.263,0.134,4.341,1.419,0.828,0.478,64,22,64,64,0,18.2,0,0,0,0,0,0,24.3,32.8,22.9,23.7,20.8,25.9,19.9,25.7,22.6,51.4,45.5,55.8,52.6,51.6,2096.4,21.33,36,39,39,90,129,598,1,2,Yes,No,No,No,No,No,No,No,No,No,Yes,No,No,No,No,No,No,No,No,No,No,No,No,No,No,No,No,No,No,No,No,No,No,No,No,No,No,52,53,49,48,42,50,55,52,7281,6996,65,52,55,100,No,No,34670,80111,5.3,3,8.3,0.831,0.105,496737,184379,49,0.78,0.134,900,2096,1.7,1.1,0,0.8,2,0,2,0,0,36.6,1447,2510,1447,No,No,No,No,No,No,No,No,8.173,27.588,94,5.999,43.5,59.6,18.6,62,2.6,2.3,2.3,2.3,18.6,60.5,2.6,2.3,2.3,2.3,53.8,389.79,16.14,16.12,431.58,431.58,0.27,0,53.8,0,64.26,968,48,518,9.8,0
1.7.2026,43:31.6,19030,4195,81.9,6880,1034,86.9,20.3,15311,3107,0.914,1.02,0.987,0.66,0.99,0.893,0.768,3095.4,3734.2,3734.2,1179.2,3734.2,98.3,3439.4,391.9,466.9,313.5,418,332.3,389.2,310.2,501.8,402.9,391.9,23.2,29.2,18.3,25.1,20.1,23.9,18,28,22.8,29.2,23.2,100,17.4,21,14.2,18.7,14.8,17.5,13.8,22,16.9,17.4,31.5,38,38,12,38,35,51,49,50,47,57,49,51,50,53,43,58,57,No,No,No,No,No,No,No,No,No,No,No,No,No,No,No,No,No,No,51,49,48,1.016,5.429,2.21,0.049,4.186,1.414,0.806,0.472,64,22,64,64,0,20.8,0,0,0,0,0,0,23.8,29.7,18.8,25.7,20.6,24.5,18.6,28.6,23.7,53.7,50.9,55.2,57,51.8,2096.4,21.33,36,39,39,90,129,598,1,2,Yes,No,No,No,No,No,No,No,No,No,Yes,No,No,No,No,No,No,No,No,No,No,No,No,No,No,No,No,No,No,No,No,No,No,No,No,No,No,51,53,49,48,42,50,55,52,7281,6996,65,52,55,100,No,No,34670,80111,5.6,3,8.6,1.587,0.111,496740,184379,48,0.735,0.049,650,2096,0.5,0.1,0,0.4,0.5,0,1.7,0,0,36.4,1439,2517,1440,No,No,No,No,No,No,No,No,8.173,27.588,94,5.999,43.5,59.6,11.7,55.9,7.5,7.4,7.4,7.4,11.7,56.2,7.5,7.5,7.5,7.5,85.34,134.14,17.89,16.83,134.28,134.28,0.23,0,85.34,0,50.1,968,48,2.6,3,0
1.7.2026,43:33.6,18965,4260,81.6,6841,1073,86.4,20.3,15311,3107,0.712,0.725,0.73,0.662,0.73,0.681,0.768,1695.1,1867.1,1867.1,1179.2,1867.1,98.3,1670.6,477.1,603.8,437.9,349.4,506.4,459.7,633.1,454.5,371.9,477.1,21.7,27.1,20.2,18.4,21.8,21.4,24.5,22.5,17.8,27.1,21.7,100,21.1,26.8,19.4,15.8,22.1,20.5,27.3,20.1,17.1,21.1,17.2,19,19,12,19,17,46,48,45,44,46,54,52,55,56,54,48,48,No,No,No,No,No,No,No,No,No,No,No,No,No,No,No,No,No,No,51,47,48,1.777,7.839,4.598,0.068,5.026,1.436,0.862,0.476,64,21,64,64,0,18,0,0,0,0,0,0,21.6,27.1,20.2,18.5,21.7,21.5,24.3,22.4,17.3,55.3,50,57.7,53.1,60.5,2096.4,21.33,36,39,39,90,129,598,1,2,Yes,No,No,No,No,No,No,No,No,No,Yes,No,No,No,No,No,No,No,No,No,No,No,No,No,No,No,No,No,No,No,No,No,No,No,No,No,No,51,53,49,48,42,50,55,52,7281,6996,65,52,55,100,No,No,34670,80111,5,0,5.1,1.604,0.265,496743,184379,49,0.782,0.068,900,2096,0.6,0.2,0,0.5,0.6,0,1.9,0,0,36.7,1452,2504,1453,No,No,No,No,No,No,No,No,8.174,27.596,94,5.975,43.5,59.6,10.7,24.6,7.5,7.5,7.4,7.4,8.6,10,7.5,7.5,7.5,7.5,93.51,133.38,40.68,38.76,134.27,134.27,0.13,0,93.51,0,22.78,968,48,0.8,3.4,0
1.7.2026,43:35.6,18909,4316,81.4,6788,1126,85.7,20.3,15311,3107,0.669,0.672,0.667,0.665,0.672,0.656,0.768,1203.8,1277.5,1179.2,1179.2,1179.2,98.3,1080.9,271.6,345.3,259.9,254.9,201.8,257.2,231.1,381.9,240.5,271.6,17.3,22.8,16.2,17.1,13.4,17.2,13.6,23.4,14.9,23.4,17.3,100,12.3,15.7,11.8,11.7,9.2,11.9,10.4,16.9,10.6,12.3,12.2,13,12,12,12,11,44,46,44,43,44,56,54,56,57,56,47,46,No,No,No,No,No,No,No,No,No,No,No,No,No,No,No,No,No,No,50,46,47,2.793,5.117,1.96,0.067,4.041,1.358,0.727,0.472,64,21,64,64,0,26.6,0,0,0,0,0,0,17.7,23.2,16.6,17.6,13.8,17.6,14,23.8,15.1,61.6,57,65.3,63.8,60.5,1048.2,10.67,20,20,20,45,129,299,1,2,Yes,No,No,No,No,No,No,No,No,No,Yes,No,No,No,No,No,No,No,No,No,No,No,No,No,No,No,No,No,No,No,No,No,No,No,No,No,No,50,52,49,48,42,50,55,52,7295,7009,65,52,55,100,No,No,34670,80111,2.5,1.5,4,0.727,0.026,496745,184379,47,0.782,0.067,900,1048,0.5,0.1,0,0.4,0.5,0,1.8,0,0,36,1425,2532,1425,No,No,No,No,No,No,No,No,8.173,27.596,94,5.983,43.5,59.6,7.7,11.2,6.2,6.2,6.2,6.2,7.5,11.8,6,6,6,6,130.79,160.39,89.25,88.25,160.74,160.74,4.18,15.3,130.27,0.52,71.52,968,48,0.6,1.7,0
1.7.2026,43:37.6,18910,4315,81.4,6788,1126,85.7,20.3,15311,3107,0.727,0.7,0.705,0.735,0.767,0.671,0.768,1842.5,1572.3,1572.3,1965.4,2260.2,98.3,1375.8,240.3,314.4,211.9,274.8,196,277.2,204,285.1,159.2,240.3,16.8,21.6,14.9,18.8,13.8,19.2,14.4,20.3,11.4,21.6,16.8,100,10.9,14.6,9.7,12.5,8.9,12.6,9.2,12.6,7.2,10.9,18.8,16,16,20,23,14,46,47,45,45,45,54,53,55,55,55,47,47,No,No,No,No,No,No,No,No,No,No,No,No,No,No,No,No,No,No,51,51,48,11.68,4.738,1.6,0.056,3.733,1.349,0.707,0.472,64,21,64,64,0,26.8,0,0,0,0,0,0,17.5,22.5,15.6,19.5,14.5,19.9,15,21.3,12,62,57.3,63.9,62.3,64.4,2096.4,21.33,36,39,39,90,129,598,1,2,Yes,No,No,No,No,No,No,No,No,No,Yes,No,No,No,No,No,No,No,No,No,No,No,No,No,No,No,No,No,No,No,No,No,No,No,No,No,No,51,52,49,48,42,50,55,52,7295,6984,65,52,55,100,No,No,34670,80111,10.1,0,10.1,2.324,0,496749,184379,48,0.78,0.056,900,2096,0.4,0.1,0,0.4,0.3,0,1.5,0,0,36,1425,2531,1426,No,No,No,No,No,No,No,No,8.173,27.603,94,5.974,43.5,59.6,3.8,46.7,2,1.9,1.9,1.9,3.8,46.1,2,1.9,1.9,1.9,266.62,511.83,21.41,16.91,516.84,516.84,0.24,0,266.62,0,491.64,969,48,501.7,14,0
1.7.2026,43:39.6,18913,4312,81.4,6851,1063,86.5,19.7,15311,3017,0.796,0.8,0.797,0.795,0.792,0.738,0.771,2456.7,2456.7,2456.7,2456.7,2456.7,98.3,2063.6,410.4,479.8,330.3,428.5,379.2,472.4,345.7,454.3,393.4,410.4,20.7,24.6,17.6,23.2,18.2,24.6,16.7,21.8,19.1,24.6,20.7,100,18.4,21.6,15,18.9,16.9,21.4,15.4,20.6,17.1,18.4,25,25,25,25,25,21,45,47,45,44,44,55,53,55,56,56,47,47,No,No,No,No,No,No,No,No,No,No,No,No,No,No,No,No,No,No,50,48,47,3.555,6.632,3.478,0.041,4.53,1.374,0.763,0.475,64,21,64,64,0,21.1,0,0,0,0,0,0,20.6,24.6,17.4,23.1,18.1,24.4,16.7,21.6,19,52,48.7,53.5,50.7,55.3,2096.4,21.33,36,39,39,90,129,598,1,2,Yes,No,No,No,No,No,No,No,No,No,Yes,No,No,No,No,No,No,No,No,No,No,No,No,No,No,No,No,No,No,No,No,No,No,No,No,No,No,50,52,49,48,42,50,55,52,7295,6996,65,52,55,100,No,No,34670,80111,15.3,2.2,17.5,25.618,0.354,496798,184380,47,0.73,0.041,600,2096,0.4,0.1,0,0.1,0.5,0,0,0,0,36,1424,2533,1424,No,No,No,No,No,No,No,No,8.177,27.603,94,5.977,43.5,59.6,6.8,45.8,4.3,4.3,4.3,4.3,6.8,46.5,4.3,4.3,4.3,4.3,147.08,233.07,21.85,17.4,233.93,233.93,0.28,0,147.08,0,89.09,969,48,17.8,11.4,0
1.7.2026,43:41.6,18894,4331,81.3,6830,1084,86.2,19.7,15311,3017,0.704,0.737,0.74,0.665,0.675,0.686,0.771,1572.3,1965.4,1965.4,1179.2,1179.2,98.3,1768.8,292.3,372.5,293.6,305.4,257.6,276,246.8,348.6,237.7,292.3,19.7,25.3,18.6,20.6,18.1,19.7,16.7,22.6,16.2,25.3,19.7,100,13.2,16.9,13.2,13.8,11.6,12.6,11.1,15.7,10.8,13.2,16,20,20,12,12,18,44,45,43,43,44,56,55,57,57,56,47,45,No,No,No,No,No,No,No,No,No,No,No,No,No,No,No,No,No,No,51,47,48,2.539,5.223,2.051,0.053,3.949,1.363,0.744,0.47,64,20,64,64,0,23,0,0,0,0,0,0,19.9,25.4,18.7,20.8,18.3,20,16.8,22.8,16.2,58.2,53.9,59.4,60.3,59.3,2096.4,21.33,36,39,39,90,129,598,1,2,Yes,No,No,No,No,No,No,No,No,No,Yes,No,No,No,No,No,No,No,No,No,No,No,No,No,No,No,No,No,No,No,No,No,No,No,No,No,No,49,52,49,48,42,49,54,51,7281,7009,65,52,55,100,No,No,34670,80111,5.6,0.5,6.1,1.977,0.075,496802,184380,47,0.73,0.053,600,2096,0.5,0.3,0,0.1,0.6,0,0,0,0,36,1425,2531,1426,No,No,No,No,No,No,No,No,8.177,27.603,94,5.961,43.5,59.6,6.3,8.6,4.6,4.6,4.6,4.6,6.3,8.6,4.6,4.6,4.6,4.6,157.99,215.9,115.98,115.97,216.92,216.92,0.26,0,157.99,0,88.07,969,48,0.8,1.8,0
1.7.2026,43:43.6,18901,4324,81.3,6854,1060,86.5,19.7,15311,3017,0.684,0.71,0.667,0.665,0.692,0.666,0.771,1351.2,1670.6,1179.2,1179.2,1375.8,98.3,1277.5,306.5,402,267.5,315,250.3,294.3,272.1,370.3,280.6,306.5,18.2,24.4,15.1,19.1,15.1,17.8,14.7,22.4,16.9,24.4,18.2,100,13.9,18.4,12.1,14.3,11.4,13.4,12.3,16.5,12.5,13.9,13.8,17,12,12,14,13,44,46,43,43,44,56,54,57,57,56,47,46,No,No,No,No,No,No,No,No,No,No,No,No,No,No,No,No,No,No,50,45,47,1.523,5.468,2.29,0.058,4.024,1.359,0.723,0.473,64,20,64,64,0,25.2,0,0,0,0,0,0,18.7,24.9,15.6,19.7,15.7,18.4,15.2,22.9,17.3,59.2,54.8,61.6,62.6,58,1048.2,10.67,20,20,20,45,129,299,1,2,Yes,No,No,No,No,No,No,No,No,No,Yes,No,No,No,No,No,No,No,No,No,No,No,No,No,No,No,No,No,No,No,No,No,No,No,No,No,No,50,51,49,48,42,49,54,51,7322,7009,65,52,55,100,No,No,34670,80111,5.7,2,7.7,5.942,0.029,496813,184380,47,0.732,0.058,600,1048,0.5,0.2,0,0.1,0.6,0,0,0,0,36,1425,2532,1425,No,No,No,No,No,No,No,No,8.173,27.611,94,5.958,43.5,59.6,8.8,28.3,4.7,4.6,4.6,4.6,8.8,28.4,4.7,4.6,4.6,4.6,114.04,214.87,35.33,33.6,216.85,216.85,0.25,0,114.04,0,64.58,970,48,463.5,9.9,0
1.7.2026,43:45.6,18897,4328,81.3,6849,1065,86.5,19.7,15311,3017,0.827,0.815,0.875,0.81,0.807,0.801,0.713,2677.8,2555,3046.3,2555,2555,98.3,2849.8,244.5,322.6,216,250.9,171.4,259.8,174,301.1,259.9,244.5,16.3,20.9,14.5,16.9,12.3,18,12.9,18.7,16.4,20.9,16.3,100,11.1,14.7,9.9,11.4,7.8,11.9,8,13.5,11.6,11.1,27.2,26,31,26,26,29,46,47,48,44,46,54,53,52,56,54,49,48,No,No,No,No,No,No,No,No,No,No,No,No,No,No,No,No,No,No,49,46,46,0.762,4.846,1.733,0.044,3.754,1.344,0.685,0.465,64,20,64,64,0,28.2,0,0,0,0,0,0,16.5,21.1,14.5,17.2,12.4,18.4,13.1,18.9,16.5,63.5,60.4,67.3,63.6,62.7,2096.4,21.33,36,39,39,90,129,598,1,2,Yes,No,No,No,No,No,No,No,No,No,Yes,No,No,No,No,No,No,No,No,No,No,No,No,No,No,No,No,No,No,No,No,No,No,No,No,No,No,49,51,49,48,42,49,54,51,7281,6984,65,51,55,100,No,No,34670,80111,3.4,1.5,4.8,0.448,0.009,496814,184380,47,0.73,0.044,600,2096,0.4,0.1,0,0.1,0.5,0,0,0,0,36.1,1429,2528,1429,No,No,No,No,No,No,No,No,8.173,27.611,94,5.958,43.5,59.6,5.3,7.1,4.5,4.5,4.5,4.5,5.3,7.4,4.3,4.3,4.3,4.3,189.45,223.01,140.6,139.94,223.23,223.23,0.48,0.08,189.15,0.3,71.32,970,48,0.5,0.8,0
1.7.2026,43:47.6,18912,4313,81.4,6863,1051,86.7,19.7,15311,3017,0.881,0.892,0.877,0.88,0.872,0.801,0.771,3046.3,3046.3,3046.3,3046.3,3046.3,98.3,2849.8,424.1,524.7,415.1,484.5,339.5,422.5,336.9,528.9,340.9,424.1,22.5,27.7,21.2,25.4,18.4,23.8,18.2,27.3,17.6,27.7,22.5,100,18.8,23.5,18.3,21.3,15.1,18.9,15.1,23.2,15,18.8,31,31,31,31,31,29,44,47,44,43,44,56,53,56,57,56,47,47,No,No,No,No,No,No,No,No,No,No,No,No,No,No,No,No,No,No,49,45,46,1.523,6.194,2.958,0.041,4.119,1.396,0.785,0.467,64,20,64,64,0,19.4,0,0,0,0,0,0,23.2,28.4,21.9,26.2,19.1,24.6,19,28,18.3,54.5,49.9,56.2,56,55.9,1048.2,10.67,20,20,20,45,129,299,1,2,Yes,No,No,No,No,No,No,No,No,No,Yes,No,No,No,No,No,No,No,No,No,No,No,No,No,No,No,No,No,No,No,No,No,No,No,No,No,No,49,51,49,48,42,49,54,51,7295,6996,65,51,55,100,No,No,34670,80111,2.1,0.5,2.6,0.256,0.034,496815,184380,47,0.732,0.041,600,1048,0.8,0.4,0,0.2,1,0,0,0,0,36.1,1430,2527,1430,No,No,No,No,No,No,No,No,8.173,27.611,94,5.934,43.5,59.6,10.6,55.6,6,6,6,6,10.6,55.8,6,6,6,6,94.3,167.8,17.98,16.81,167.97,167.97,0.26,0,94.3,0,85.36,971,48,453,6.9,0
1.7.2026,43:49.6,18918,4307,81.4,6864,1050,86.7,19.7,15311,3017,0.682,0.72,0.667,0.665,0.675,0.666,0.713,1326.6,1768.8,1179.2,1179.2,1179.2,98.3,1277.5,272.3,338.2,297.3,308.9,268.1,279.5,190.1,307.8,188.4,272.3,17.2,21.9,18.4,18.5,16.4,18.7,12.4,19.1,12.1,21.9,17.2,100,12.4,15.5,13.3,14,12,12.9,8.7,13.9,8.6,12.4,13.5,18,12,12,12,13,43,45,42,43,41,57,55,58,57,59,46,45,No,No,No,No,No,No,No,No,No,No,No,No,No,No,No,No,No,No,48,45,45,2.539,5.206,2.124,0.053,3.878,1.343,0.697,0.468,64,19,64,64,0,26.5,0,0,0,0,0,0,17.6,22.3,18.7,18.9,16.7,19.2,12.7,19.5,12.4,61.5,56.3,61.8,63.2,64.7,2096.4,21.33,36,39,39,90,129,598,1,2,Yes,No,No,No,No,No,No,No,No,No,Yes,No,No,No,No,No,No,No,No,No,No,No,No,No,No,No,No,No,No,No,No,No,No,No,No,No,No,49,50,49,48,42,49,54,51,7268,7009,65,51,55,100,No,No,34670,80111,3.6,0.5,4.1,0.863,0.118,496816,184381,45,0.73,0.053,600,2096,0.4,0.2,0,0.1,0.6,0,0,0,0,36.1,1429,2527,1430,No,No,No,No,No,No,No,No,8.174,27.618,94.1,5.951,43.5,59.6,6.7,9.8,5.1,5,5,5,6.7,9.9,5,5,5,5,150.02,197.98,102.07,101.19,198.95,198.95,0.28,0,150.02,0,99.6,971,48,0.8,3.1,0
1.7.2026,43:51.6,18909,4316,81.4,6864,1050,86.7,19.7,15311,3017,0.706,0.7,0.695,0.712,0.717,0.671,0.771,1596.9,1572.3,1474,1670.6,1670.6,98.3,1375.8,326.5,345,249.5,397.5,227,378.7,253.6,380.6,380,326.5,18.1,22,15.9,19.7,13.5,19.9,14.4,21.7,18,22,18.1,100,14.5,15.8,11.2,17.7,10.2,16.8,11.2,16.9,16.5,14.5,16.2,16,15,17,17,14,42,45,43,42,40,58,55,57,58,60,47,45,No,No,No,No,No,No,No,No,No,No,No,No,No,No,No,No,No,No,49,45,45,1.27,6.102,2.946,0.048,4.074,1.368,0.746,0.466,64,19,64,64,0,23.3,0,0,0,0,0,0,18.1,22,15.7,19.7,13.3,19.9,14.3,21.7,17.8,61.1,58.5,64.6,62.9,58.5,1048.2,10.67,20,20,20,45,129,299,1,2,Yes,No,No,No,No,No,No,No,No,No,Yes,No,No,No,No,No,No,No,No,No,No,No,No,No,No,No,No,No,No,No,No,No,No,No,No,No,No,49,50,49,48,42,49,54,51,7295,6984,65,51,55,100,No,No,34670,80111,2.3,1.5,3.8,0.31,0.007,496817,184381,46,0.732,0.048,600,1048,0.6,0.3,0,0.2,0.8,0,0,0,0,36.1,1429,2527,1430,No,No,No,No,No,No,No,No,8.173,27.618,94.1,5.934,43.5,59.6,10.3,28.1,5.1,5,5,5,10.2,28.3,5.1,5,5,5,97.45,194.82,35.59,33.81,199.87,199.87,0.28,0,97.45,0,66.46,971,48,1.3,2.3,0
1.7.2026,43:53.6,18891,4334,81.3,6868,1046,86.7,19.7,15311,3017,0.739,0.717,0.785,0.782,0.672,0.678,0.713,1916.2,1768.8,2358.4,2358.4,1179.2,98.3,1572.3,467.7,555.7,333.5,541.1,337.1,546.7,514.1,499.6,413.4,467.7,20,24.8,16.1,22.3,14.8,22.5,20,21.9,17.3,24.8,20,100,20.8,24.8,15,24,15.3,24.1,22.5,22.3,18.3,20.8,19.5,18,24,24,12,16,44,46,44,44,44,56,54,56,56,56,47,46,No,No,No,No,No,No,No,No,No,No,No,No,No,No,No,No,No,No,49,45,47,1.016,8.096,4.92,0.036,4.823,1.399,0.81,0.472,64,19,64,64,0,16.9,0,0,0,0,0,0,20.6,25.4,16.7,23.1,15.6,23.2,20.6,22.6,17.9,51.8,50.4,53.6,50.2,53,2096.4,21.33,36,39,39,90,129,598,1,2,Yes,No,No,No,No,No,No,No,No,No,Yes,No,No,No,No,No,No,No,No,No,No,No,No,No,No,No,No,No,No,No,No,No,No,No,No,No,No,49,50,49,48,42,49,54,51,7295,6971,65,50,55,100,No,No,34670,80111,13.9,1,14.9,18.756,0.306,496853,184381,47,0.732,0.036,600,2096,0.5,0.3,0,0.1,0.7,0,0,0,0,35.9,1419,2538,1419,No,No,No,No,No,No,No,No,8.173,27.626,94.1,5.925,43.5,59.6,9.1,15.3,5.5,5.4,5.4,5.4,9.1,15,5.5,5.5,5.5,5.5,110.4,181.74,65.25,65.12,184.12,184.12,0.25,0,110.4,0,64.88,971,48,247.9,10.6,0
1.7.2026,43:55.6,18900,4325,81.3,6874,1041,86.8,19.7,15311,3017,0.846,0.847,0.837,0.852,0.847,0.768,0.771,2800.6,2751.5,2751.5,2849.8,2849.8,98.3,2555,308.9,402.5,235.4,305.3,272.1,389.4,259.6,338.1,268.4,308.9,18.6,24.8,14,19.4,15.6,23.1,16.2,19.3,16.4,24.8,18.6,100,14,18.4,10.8,14,12.4,17.6,11.8,15.2,12.1,14,28.5,28,28,29,29,26,44,46,43,45,44,56,54,57,55,56,46,46,No,No,No,No,No,No,No,No,No,No,No,No,No,No,No,No,No,No,49,45,47,2.031,5.594,2.425,0.049,4.099,1.35,0.722,0.473,64,19,64,64,0,23.5,0,0,0,0,0,0,18.7,24.9,14.1,19.6,15.7,23.3,16.2,19.4,16.6,56.6,53.9,57.6,55,59.8,2096.4,21.33,36,39,39,90,129,598,1,2,Yes,No,No,No,No,No,No,No,No,No,Yes,No,No,No,No,No,No,No,No,No,No,No,No,No,No,No,No,No,No,No,No,No,No,No,No,No,No,49,50,49,48,42,49,54,51,7308,6984,65,50,55,100,No,No,34670,80111,7.1,4.1,11.2,10.115,0.261,496872,184382,47,0.732,0.049,600,2096,0.3,0.2,0,0.1,0.4,0,0,0,0,35.9,1419,2538,1419,No,No,No,No,No,No,No,No,8.177,27.626,94.1,5.928,43.5,59.6,6.7,8.5,5.1,5,5,5,6.7,8.5,5,5,5,5,150.11,197.49,117.62,117.32,198.78,198.78,0.24,0,150.11,0,60.25,972,48,328.2,5.3,0
1.7.2026,43:57.6,18900,4325,81.3,6877,1037,86.8,19.7,15311,3017,0.683,0.682,0.69,0.667,0.692,0.663,0.771,1326.6,1375.8,1375.8,1179.2,1375.8,98.3,1179.2,398,488.8,419.7,449.2,312.7,392.3,291.6,458.7,370.6,398,22.2,28.5,22.3,24.9,18,21.4,16.5,25.1,20.9,28.5,22.2,100,17.7,21.8,18.8,19.9,14,17.6,13,20.3,16.2,17.7,13.5,14,14,12,14,12,44,47,43,42,44,56,53,57,58,56,47,47,No,No,No,No,No,No,No,No,No,No,No,No,No,No,No,No,No,No,49,45,46,2.539,5.786,2.648,0.042,4.184,1.371,0.752,0.472,64,18,64,64,0,22.1,0,0,0,0,0,0,22.4,28.7,22.4,25.1,18.2,21.7,16.5,25.3,21.1,55.7,49,57.7,61.8,54.5,1048.2,10.67,20,20,20,45,129,299,1,2,Yes,No,No,No,No,No,No,No,No,No,Yes,No,No,No,No,No,No,No,No,No,No,No,No,No,No,No,No,No,No,No,No,No,No,No,No,No,No,49,50,48,47,42,49,53,50,7281,6971,65,50,55,100,No,No,34670,80111,5.5,0.5,6,1.343,0.002,496875,184382,45,0.73,0.042,600,1048,0.5,0.3,0,0.1,0.7,0,0,0,0,35.9,1419,2538,1419,No,No,No,No,No,No,No,No,8.177,27.626,94.1,5.92,43.5,59.6,4.9,8.5,3,3,3,3,4.9,8.5,3,3,3,3,205.38,329.45,117.93,117.04,332.78,332.78,0.33,0,205.38,0,194.23,972,48,213.8,2.7,0
1.7.2026,43:59.6,18896,4329,81.3,6883,1031,86.9,19.7,15311,3017,0.713,0.71,0.715,0.71,0.717,0.676,0.771,1670.6,1670.6,1670.6,1670.6,1670.6,98.3,1474,273,372.2,249.7,292.9,254.4,308.8,152.8,338.2,215.2,273,17.4,22.8,15.4,19.3,17.3,19.3,10.4,20.2,14.7,22.8,17.4,100,12.4,16.8,11.4,13.3,11.5,14,7.1,15,9.8,12.4,17,17,17,17,17,15,42,45,42,42,41,58,55,58,58,59,46,45,No,No,No,No,No,No,No,No,No,No,No,No,No,No,No,No,No,No,49,46,45,2.031,4.985,1.882,0.043,3.863,1.338,0.696,0.466,64,18,64,64,0,25.2,0,0,0,0,0,0,18.1,23.5,16.1,20,18,20.1,11.2,20.9,15.3,60.5,56.5,59.1,64.8,61.6,2096.4,21.33,36,39,39,90,129,598,1,2,Yes,No,No,No,No,No,No,No,No,No,Yes,No,No,No,No,No,No,No,No,No,No,No,No,No,No,No,No,No,No,No,No,No,No,No,No,No,No,49,50,48,47,42,49,53,50,7295,6984,65,50,55,100,No,No,34670,80111,3.1,1,4.1,0.794,0.003,496876,184382,47,0.732,0.043,600,2096,0.5,0.3,0,0.2,0.8,0,0,0,0,35.8,1418,2538,1419,No,No,No,No,No,No,No,No,8.173,27.634,94.1,5.909,43.5,59.6,8.2,12.2,5.6,5.6,5.6,5.6,8.2,12,5.5,5.5,5.5,5.5,121.8,177.74,81.97,81.68,179.96,179.96,0.62,0.13,121.4,0.4,55.76,972,48,0.5,0.8,0
1.7.2026,44:01.6,18897,4328,81.3,6886,1028,87,19.7,15311,3017,0.802,0.892,0.677,0.667,0.972,0.801,0.713,2284.7,3046.3,1277.5,1179.2,3635.9,98.3,2849.8,295,418.1,304.1,311.2,216.4,327.3,198.4,349.2,235.1,295,19.6,26.6,20.8,19.5,15.7,22.1,13.8,22.1,16.5,26.6,19.6,100,13.4,18.9,13.8,14.1,9.9,14.9,9,15.7,10.6,13.4,23.2,31,13,12,37,29,43,45,43,43,41,57,55,57,57,59,46,45,No,No,No,No,No,No,No,No,No,No,No,No,No,No,No,No,No,No,47,45,47,1.523,5.202,2.022,0.052,3.939,1.352,0.73,0.473,64,18,64,64,0,22.5,0,0,0,0,0,0,19.6,26.5,20.7,19.5,15.7,22.1,13.6,22.1,16.4,58.6,51.3,62,61.6,59.5,1048.2,10.67,20,20,20,45,129,299,1,2,Yes,No,No,No,No,No,No,No,No,No,Yes,No,No,No,No,No,No,No,No,No,No,No,No,No,No,No,No,No,No,No,No,No,No,No,No,No,No,47,50,48,47,42,49,53,50,7281,6984,65,50,55,100,No,No,34670,80111,5.2,0.2,5.3,0.96,0.032,496878,184382,46,0.732,0.052,600,1048,0.4,0.2,0,0.1,0.5,0,0,0,0,35.8,1418,2538,1419,No,No,No,No,No,No,No,No,8.173,27.634,94.1,5.909,43.5,59.6,7.8,57.9,3.6,3.5,3.5,3.5,7.8,56.8,3.6,3.5,3.5,3.5,127.46,277.57,17.27,16.49,282.53,282.53,0.29,0,127.46,0,135.49,973,48,282.1,6,0
1.7.2026,44:03.6,18906,4319,81.4,6892,1022,87,19.7,15311,3017,1.001,1.02,0.987,1.007,0.99,0.893,0.771,3734.2,3734.2,3734.2,3734.2,3734.2,98.3,3439.4,378.8,434.8,314,446.4,321.7,407.1,357.5,414.2,334.8,378.8,18.1,24.3,15.7,20.4,14.9,19.9,15.1,18.2,16.8,24.3,18.1,100,14.6,19.5,14,16.6,11.2,15.2,12.7,15.3,11.8,14.5,38,38,38,38,38,35,58,46,61,59,64,42,54,39,41,36,59,64,No,No,No,No,No,No,No,No,No,No,No,No,No,No,No,No,No,No,48,45,47,0.762,5.903,2.834,0.038,4.025,1.329,0.697,0.466,64,18,64,64,0,22.6,0,0,0,0,0,0,19.7,24.5,15.9,22.5,16.9,21.8,17,20.4,18.8,58.8,55.9,59.2,59.3,60.6,2096.4,21.33,36,39,39,90,129,598,1,2,Yes,No,No,No,No,No,No,No,No,No,Yes,No,No,No,No,No,No,No,No,No,No,No,No,No,No,No,No,No,No,No,No,No,No,No,No,No,No,48,49,48,47,42,49,53,50,7281,6959,65,50,55,100,No,No,34670,80111,3.9,0,3.9,0.76,0.009,496880,184382,46,0.732,0.038,600,2096,0.5,0.2,0,0.1,0.7,0,0,0,0,35.8,1418,2539,1418,No,No,No,No,No,No,No,No,8.173,27.641,94.1,5.901,43.5,59.6,6.6,13.9,3.1,3,3,3,6.5,14.8,3.1,3,3,3,151.11,325.02,71.54,70.98,334.46,334.46,0.51,0.12,150.74,0.37,86.95,973,48,1.6,3.5,0
1.7.2026,44:05.6,18901,4324,81.3,6891,1023,87,19.7,15311,3017,0.67,0.665,0.67,0.667,0.677,0.656,0.771,1179.2,1179.2,1179.2,1179.2,1179.2,98.3,982.7,297,381.7,317.9,282.3,241.5,305.5,201.4,350.9,294.5,297,19,22,16.7,19.9,18,21.2,13.7,22.5,17.9,22.5,19,100,15.7,17.2,14.2,16.1,14.1,17.1,12.3,18.8,16.2,15.7,12,12,12,12,12,10,42,44,41,42,41,58,56,59,58,59,46,44,No,No,No,No,No,No,No,No,No,No,No,No,No,No,No,No,No,No,48,43,45,0.762,5.592,2.498,0.034,4.103,1.332,0.709,0.469,64,18.5,64,64,0,24.1,0,0,0,0,0,0,18.2,22.5,17.2,18.8,16.9,20.2,12.4,21.2,16.6,60.2,58.3,60.2,61.8,60.6,2096.4,21.33,36,39,39,90,129,598,1,2,Yes,No,No,No,No,No,No,No,No,No,Yes,No,No,No,No,No,No,No,No,No,No,No,No,No,No,No,No,No,No,No,No,No,No,No,No,No,No,48,49,48,47,42,49,53,50,7268,6984,65,50,55,100,No,No,34670,80111,4.9,1,5.9,0.744,0.063,496881,184382,45,0.732,0.034,600,2096,0.3,0.1,0,0.1,0.4,0,0,0,0,35.8,1418,2539,1418,No,No,No,No,No,No,No,No,8.173,27.641,94.1,5.893,43.5,59.6,7.3,11.9,5,5,5,5,7.3,11.9,5,5,5,5,137.32,198.53,84.01,83.59,199.51,199.51,0.27,0,137.32,0,74.84,973,48,0.5,0.6,0
1.7.2026,44:07.7,18908,4317,81.4,6895,1019,87.1,19.7,15311,3017,0.704,0.7,0.705,0.702,0.707,0.671,0.771,1572.3,1572.3,1572.3,1572.3,1572.3,98.3,1375.8,335.4,453.4,332.7,400,310.7,305.4,237.3,409.7,234,335.4,17.8,23.6,16.5,21.2,16.1,17.9,13.1,19,14.8,23.6,17.8,100,15,20.4,14.9,17.8,13.9,13.9,10.7,18,10.5,15,16,16,16,16,16,14,43,45,43,43,42,57,55,57,57,58,46,45,No,No,No,No,No,No,No,No,No,No,No,No,No,No,No,No,No,No,48,44,45,1.27,6.287,3.179,0.047,4.067,1.338,0.691,0.467,64,18.5,64,64,0,23.4,0,0,0,0,0,0,17.9,23.8,16.4,21.4,16.2,18.1,13.3,19.2,14.8,60.5,56.4,58.6,63.6,63.4,1048.2,10.67,20,20,20,45,129,299,1,2,Yes,No,No,No,No,No,No,No,No,No,Yes,No,No,No,No,No,No,No,No,No,No,No,No,No,No,No,No,No,No,No,No,No,No,No,No,No,No,48,49,48,47,42,49,53,50,7295,6971,65,49,55,100,No,No,34670,80111,0.6,1,1.6,0.106,0.003,496881,184382,45,0.732,0.047,600,1048,0.5,0.3,0,0.1,0.7,0,0,0,0,35.8,1418,2538,1419,No,No,No,No,No,No,No,No,8.173,27.641,94.1,5.893,43.5,59.6,8.6,55.9,3.8,3.8,3.8,3.8,8.6,56.6,3.8,3.8,3.8,3.8,116.55,261.38,17.9,17,266.36,266.36,0.25,0,116.55,0,109.26,974,48,505.7,9.8,0
1.7.2026,44:09.7,18910,4315,81.4,6900,1015,87.1,19.7,15311,3017,0.669,0.665,0.67,0.667,0.675,0.656,0.773,1179.2,1179.2,1179.2,1179.2,1179.2,98.3,982.7,281,347,245,372.3,219.6,259.8,227.8,307.9,268.5,281,17.2,21.1,15.4,19.6,13.9,17.1,14.5,18.9,17,21.1,17.2,100,12.7,15.9,11.2,16.6,10,11.9,10.3,13.8,12,12.7,12,12,12,12,12,10,42,44,41,42,40,58,56,59,58,60,45,44,No,No,No,No,No,No,No,No,No,No,No,No,No,No,No,No,No,No,48,45,45,0.762,5.324,2.241,0.051,3.905,1.308,0.676,0.469,64,18.5,64,64,0,25.8,0,0,0,0,0,0,17.9,21.9,16,20.4,14.7,17.9,15.2,19.5,17.6,61.7,57.2,63,63.5,63.1,1048.2,10.67,20,20,20,45,129,299,1,2,Yes,No,No,No,No,No,No,No,No,No,Yes,No,No,No,No,No,No,No,No,No,No,No,No,No,No,No,No,No,No,No,No,No,No,No,No,No,No,48,49,48,47,42,49,53,50,7308,6984,65,50,55,100,No,No,34670,80111,4,1.5,5.5,1.506,0.154,496884,184382,46,0.732,0.051,600,1048,0.5,0.2,0,0.1,0.6,0,0,0,0,35.8,1418,2539,1418,No,No,No,No,No,No,No,No,8.174,27.649,94.2,5.893,43.5,59.6,7.8,27.6,5,5,5,5,7.8,27.2,5,5,5,5,127.79,198.18,36.26,33.3,199.76,199.76,0.27,0,127.79,0,97.82,974,48,0.7,1.3,0
1.7.2026,44:11.7,18898,4327,81.3,6938,976,87.6,19.7,15311,3011,1.001,1.02,0.987,1.007,0.99,0.893,0.768,3734.2,3734.2,3734.2,3734.2,3734.2,98.3,3439.4,1126.2,1133.2,1202.6,1202,999.2,1142.1,1034.5,1148.4,1147.8,1126.2,40.7,41.1,42,45.2,36.8,40.4,36,43,41.2,45.2,40.7,100,48.1,50.2,51.6,51.2,42.4,48.7,43.7,48.7,48.5,48.1,38,38,38,38,38,35,60,56,61,61,64,40,44,39,39,36,56,64,No,No,No,No,No,No,No,No,No,No,No,No,No,No,No,No,No,No,49,47,47,1.523,12.152,8.91,0.047,6.066,1.433,0.892,0.478,64,19,64,64,0,12,0,0,0,0,0,0,41.3,41.3,42.3,45.7,37.5,41.2,36.9,43.8,41.9,35.1,35.3,34.3,36.3,34.4,2096.4,21.33,36,39,39,90,129,598,1,2,Yes,No,No,No,No,No,No,No,No,No,Yes,No,No,No,No,No,No,No,No,No,No,No,No,No,No,No,No,No,No,No,No,No,No,No,No,No,No,49,49,48,47,42,49,53,50,7281,6984,65,50,55,100,No,No,34670,80111,16.7,1.3,17.9,18.904,0.113,496921,184382,48,0.73,0.047,600,2096,0.7,0.5,0,0.2,0.8,0,0,0,0,35.2,1393,2563,1394,No,No,No,No,No,No,No,No,8.177,27.649,94.2,5.879,43.5,59.6,8.9,29.4,5.1,5,5,5,8.9,29,5,5,5,5,112.08,197.97,33.92,32.88,199.67,199.67,0.44,0.05,111.78,0.3,68.59,974,48,257.9,5.5,0
1.7.2026,44:13.7,18892,4333,81.3,6722,1193,84.9,20.9,15311,3194,0.919,0.997,0.682,1.007,0.99,0.893,0.768,3120,3635.9,1375.8,3734.2,3734.2,98.3,3439.4,1001.6,1141.8,929.9,1046.5,907.1,971.8,872.6,993,1150.1,1001.6,37.5,41.4,33.6,42.9,35.5,36.3,32.1,37.1,41,42.9,37.5,100,45.5,50.5,42.2,47.7,41.7,44.6,40.5,45.5,51.2,45.5,31.8,37,14,38,38,35,54,59,50,50,58,46,41,50,50,42,59,59,No,No,No,No,No,No,No,No,No,No,No,No,No,No,No,No,No,No,53,53,48,11.68,13.093,9.877,0.014,6.699,1.445,0.93,0.485,64,19,64,64,0,5,0,0,0,0,0,0,36.7,41.1,33,41.9,34.5,35.5,31.1,36.1,40.4,29.4,28.6,33.8,30.6,24.7,2096.4,21.33,36,39,39,90,129,598,1,2,Yes,No,No,No,No,No,No,No,No,No,Yes,No,No,No,No,No,No,No,No,No,No,No,No,No,No,No,No,No,No,No,No,No,No,No,No,No,No,49,50,48,47,42,49,52,49,7281,6971,65,50,55,100,No,No,34670,80111,8.7,53.6,62.3,6.768,124.951,496934,184618,47,0.727,0.014,600,2096,1.8,1.5,0,0.4,2,0,0,0,0,35.5,1403,2553,1404,No,No,No,No,No,No,No,No,8.177,27.656,94.2,5.863,43.5,59.6,6.5,12.7,4.5,4.4,4.4,4.4,6.4,14.6,4.3,4.3,4.3,4.3,153.59,223.61,78.9,77.44,224.94,224.94,0.58,0.17,153.07,0.52,101.5,975,48,462.5,17.2,0
1.7.2026,44:15.7,18912,4313,81.4,6746,1168,85.2,20.9,15311,3194,0.977,1.01,0.987,0.92,0.99,0.893,0.713,3635.9,3734.2,3734.2,3341.1,3734.2,98.3,3439.4,634.7,700.3,561.1,745.9,588,646.4,603.4,677.8,554.5,634.7,33.5,38.3,30.1,37.3,30.5,34.1,30.8,36.2,31,38.3,33.5,100,28.7,31.5,25.5,33.4,26.5,29.2,27,30.4,25.7,28.7,37,38,38,34,38,35,50,49,49,52,50,50,51,51,48,50,51,52,No,No,No,No,No,No,No,No,No,No,No,No,No,No,No,No,No,No,49,46,47,3.555,7.863,4.539,0.156,5.036,1.44,0.909,0.477,64,19,64,64,0,10.2,0,0,0,0,0,0,34,38.7,30.7,37.9,30.9,34.7,31.3,36.8,31.1,36.9,33.2,37.7,38.6,38,2096.4,21.33,36,39,39,90,129,598,1,2,Yes,No,No,No,No,No,No,No,No,No,Yes,No,No,No,No,No,No,No,No,No,No,No,No,No,No,No,No,No,No,No,No,No,No,No,No,No,No,49,50,48,47,42,49,52,49,7281,6971,65,50,55,100,No,No,34670,80111,3.6,0.1,3.6,3.037,0.102,496939,184619,47,0.73,0.156,600,2096,3.7,2.3,0,1,5.1,0,0,0,0,35.5,1403,2553,1404,No,No,No,No,No,No,No,No,8.173,27.656,94.2,5.86,43.5,59.6,60.1,67.2,54.4,54.1,54,54,56.9,62.7,24.6,15.6,15,15,16.63,18.44,14.82,14.82,18.51,18.51,0.59,9.81,16.07,0.56,0.5,975,48,20.2,25.6,0
1.7.2026,44:17.7,18939,4286,81.5,6751,1164,85.2,20.9,15311,3194,0.737,0.757,0.757,0.757,0.675,0.708,0.768,1916.2,2161.9,2161.9,2161.9,1179.2,98.3,1965.4,484.7,600.4,487.1,504.7,401.4,594.5,411.3,444,434.4,484.7,30.9,39.2,30.8,32.6,25.3,39.5,24.2,28.3,27.6,39.5,30.9,100,21.5,26.7,22,22.5,17.8,26.3,18.1,19.8,19.1,21.5,19.5,22,22,22,12,20,44,47,43,43,42,56,53,57,57,58,47,47,No,No,No,No,No,No,No,No,No,No,No,No,No,No,No,No,No,No,63,63,47,7.363,6.481,3.232,0.084,4.765,1.441,0.945,0.485,64,19,64,64,0,8.8,0,0,0,0,0,0,31,39.1,30.8,32.8,25.4,39.7,24.2,28.5,27.7,41.7,35.7,44.1,40.8,46.1,2096.4,21.33,36,39,39,90,129,598,1,2,Yes,No,No,No,No,No,No,No,No,No,Yes,No,No,No,No,No,No,No,No,No,No,No,No,No,No,No,No,No,No,No,No,No,No,No,No,No,No,49,50,48,47,42,49,52,49,7295,6971,65,51,55,100,No,No,34670,80111,0.5,2.6,3.1,0.062,0.058,496940,184619,47,0.73,0.084,600,2096,2.4,1.2,0,0.7,3.6,0,0,0,0,35.3,1395,2562,1395,No,No,No,No,No,No,No,No,8.173,27.656,94.2,5.852,43.5,59.6,60.5,71.2,51.8,50.7,50.6,50.6,60,62,58.6,58.4,58.4,58.4,16.51,19.35,13.98,13.92,19.88,19.88,0.66,0.17,15.96,0.55,0.96,975,48,1.6,0.8,0
1.7.2026,44:19.7,18942,4283,81.5,6752,1163,85.3,20.9,15311,3194,0.946,0.997,0.932,0.985,0.87,0.893,0.768,3439.4,3635.9,3439.4,3635.9,3046.3,98.3,3439.4,689.6,819.4,547.6,630.7,556.8,722.2,468,1127.7,644.5,689.6,22.8,28.2,20,22.1,18.7,23.5,16,33.6,20.4,33.6,22.8,100,29.8,35.5,24.4,27.2,23.9,31.3,20.4,47.9,27.7,29.8,35,37,35,37,31,35,48,49,48,49,47,52,51,52,51,53,49,49,No,No,No,No,No,No,No,No,No,No,No,No,No,No,No,No,No,No,49,47,47,3.047,10.257,6.949,0.148,6.238,1.413,0.866,0.485,64,19.5,64,64,0,10.3,0,0,0,0,0,0,23.4,28.8,20.6,22.8,19.2,24.1,16.6,34.1,20.9,53.7,51.6,58.8,58,46.3,2096.4,21.33,36,39,39,90,129,598,1,2,Yes,No,No,No,No,No,No,No,No,No,Yes,No,No,No,No,No,No,No,No,No,No,No,No,No,No,No,No,No,No,No,No,No,No,No,No,No,No,49,50,48,47,42,49,52,49,7308,6984,65,51,55,100,No,No,34670,80111,1.4,0,1.4,0.359,0.002,496940,184619,47,0.73,0.148,600,2096,3.7,3.1,0,0.9,4.4,0,0,0,0,35.3,1395,2561,1396,No,No,No,No,No,No,No,No,8.177,27.664,94.2,5.847,43.5,59.6,56.8,94.9,20.9,13.7,13.2,13.2,56.9,62.6,24.6,15.5,14.9,14.9,17.62,48.04,10.48,10.25,76.09,76.09,0.93,0.03,17.27,0.35,3.45,975,48,1.4,0.4,0
1.7.2026,44:21.7,18949,4276,81.5,6760,1155,85.4,20.9,15311,3194,0.971,0.997,0.91,0.985,0.99,0.893,0.768,3586.8,3635.9,3341.1,3635.9,3734.2,98.3,3439.4,728.9,1033.2,537.1,853.7,555.1,720.1,451.6,855.6,824.9,728.9,25.1,36.3,19.1,29,18.3,24.9,16.9,28.6,27.3,36.3,25.1,100,31.4,45,23.9,35.4,24,31.3,19.8,37.1,35,31.4,36.5,37,34,37,38,35,51,49,60,47,49,49,51,40,53,51,62,60,No,No,No,No,No,No,No,No,No,No,No,No,No,No,No,No,No,No,56,56,47,10.41,10.767,7.303,0.2,5.712,1.501,0.962,0.476,64,19.5,64,64,0,11.3,0,0,0,0,0,0,25.1,36.3,19.2,29.8,18.2,25,16.7,28.4,27.3,51.1,45.6,54.1,58.1,46.7,2096.4,21.33,36,39,39,90,129,598,1,2,Yes,No,No,No,No,No,No,No,No,No,Yes,No,No,No,No,No,No,No,No,No,No,No,No,No,No,No,No,No,No,No,No,No,No,No,No,No,No,50,51,48,47,42,49,52,49,7281,6984,65,51,55,100,No,No,34670,80111,3.1,2.7,5.8,1.039,0.138,496942,184619,48,0.73,0.2,600,2096,4.6,3.7,0,1.1,5.4,0,0,0,0,35.4,1399,2557,1400,No,No,No,No,No,No,No,No,8.174,27.664,94.2,5.836,43.5,59.6,58,189.6,31.9,29.7,29.5,29.5,58,61.8,30,30,30,30,17.24,31.44,5.25,5.03,33.98,33.98,0.99,1.83,16.89,0.35,3.27,976,48,517.1,7.4,0
1.7.2026,44:23.7,18968,4257,81.6,6780,1134,85.6,20.9,15311,3194,0.842,0.92,0.902,0.662,0.885,0.828,0.768,2702.4,3242.8,3242.8,1179.2,3144.6,98.3,3046.3,645.6,837.5,558.6,629.3,465.3,641.1,709.7,568.5,754.5,645.6,21.7,29.6,19.9,22.2,15.6,20.9,22.4,18.9,24.4,29.6,21.7,100,28.1,36.4,24.6,28.8,20.1,27.8,30,24.6,32.5,28.1,27.5,33,33,12,32,31,46,50,44,45,46,54,50,56,55,54,50,50,No,No,No,No,No,No,No,No,No,No,No,No,No,No,No,No,No,No,64,64,47,6.856,10.466,7.081,0.171,5.463,1.459,0.883,0.466,64,19.5,64,64,0,12.1,0,0,0,0,0,0,21.7,29.6,19.9,21.5,15.7,20.9,22.6,19.1,24.2,56.4,50.3,62.9,56.6,55.6,2096.4,21.33,36,39,39,90,129,598,1,2,Yes,No,No,No,No,No,No,No,No,No,Yes,No,No,No,No,No,No,No,No,No,No,No,No,No,No,No,No,No,No,No,No,No,No,No,No,No,No,50,51,48,47,42,49,52,49,7308,6971,65,51,55,100,No,No,34670,80111,1.2,1.5,2.7,0.164,0.035,496943,184619,47,0.73,0.171,600,2096,2.5,2.3,0,0.6,2.8,0,0,0,0,35.4,1401,2555,1402,No,No,No,No,No,No,No,No,8.173,27.672,94.3,5.827,43.5,59.6,15.8,153.6,5.2,5,5,5,15.7,60.2,5.2,5,5,5,63.1,191.45,6.41,5.55,199.99,199.99,1.33,0,62.76,0.33,76.67,976,48,2.1,4.9,0
1.7.2026,44:25.7,18960,4265,81.6,6778,1136,85.6,20.9,15311,3194,0.756,0.685,0.68,0.67,0.99,0.893,0.768,1965.4,1474,1375.8,1277.5,3734.2,98.3,3439.4,546.5,624.7,664.4,700.1,514.8,452.7,432.7,514.7,467.9,546.5,20.4,23.6,22.8,24.8,18.3,18.6,17.2,19.7,17.8,24.8,20.4,100,23.6,27.3,28.3,30.1,22.1,19.9,18.8,22,20.1,23.6,20,15,14,13,38,35,51,49,50,47,57,49,51,50,53,43,57,57,No,No,No,No,No,No,No,No,No,No,No,No,No,No,No,No,No,No,50,46,47,1.016,9.308,6.113,0.067,5.107,1.409,0.836,0.47,64,19.5,64,64,0,16.2,0,0,0,0,0,0,20.5,23.8,22.8,25,18.4,18.9,17.4,19.9,18,59.1,54,57.6,62.1,62.7,2096.4,21.33,36,39,39,90,129,598,1,2,Yes,No,No,No,No,No,No,No,No,No,Yes,No,No,No,No,No,No,No,No,No,No,No,No,No,No,No,No,No,No,No,No,No,No,No,No,No,No,50,52,48,47,42,49,52,49,7447,7034,65,51,55,100,No,No,34670,80111,2.2,3,5.2,0.317,0.155,496943,184619,47,0.73,0.067,600,2096,1.1,1,0,0.2,1.2,0,0,0,0,35.4,1401,2555,1402,No,No,No,No,No,No,No,No,8.173,27.672,94.3,5.836,43.5,59.6,15.8,80.7,6.1,6,6,6,16,60.6,6.1,6,6,6,63.46,163.45,12.33,12.08,165.31,165.31,1.26,0,62.97,0.48,89.52,976,48,5.2,2.5,0
1.7.2026,44:27.7,18918,4307,81.4,6764,1150,85.4,20.9,15311,3194,0.674,0.67,0.675,0.672,0.68,0.656,0.768,1277.5,1277.5,1277.5,1277.5,1277.5,98.3,1080.9,386.9,465.9,287.4,428.3,433.1,359.9,428.6,358.1,334.1,386.9,19.6,25.1,15.8,21,19.3,20.2,19.6,20.1,15.8,25.1,19.6,100,17,20.8,12.7,18.7,18.8,16,18.6,15.9,14.6,17,13,13,13,13,13,11,46,48,45,44,45,54,52,55,56,55,48,48,No,No,No,No,No,No,No,No,No,No,No,No,No,No,No,No,No,No,50,46,46,0.762,6.272,3.16,0.044,4.146,1.364,0.731,0.468,64,20,64,64,0,24.8,0,0,0,0,0,0,19.8,25.3,16,21.2,19.4,20.5,19.7,20.5,15.9,60.8,57.4,61.3,59.4,65.1,1048.2,10.67,20,20,20,45,129,299,1,2,Yes,No,No,No,No,No,No,No,No,No,Yes,No,No,No,No,No,No,No,No,No,No,No,No,No,No,No,No,No,No,No,No,No,No,No,No,No,No,49,52,47,47,42,49,52,49,7214,6971,65,50,55,100,No,No,34670,80111,1.1,1.6,2.6,0.076,0.138,496943,184620,46,0.73,0.044,600,1048,0.3,0.2,0,0.1,0.4,0,0,0,0,35.4,1399,2558,1399,No,No,No,No,No,No,No,No,8.174,27.672,94.3,5.836,43.5,59.6,2.9,2.9,2.9,2.9,2.9,2.9,2.9,2.9,2.9,2.9,2.9,2.9,349.95,349.95,349.95,349.95,349.95,349.95,0.27,0,349.52,0.43,333.05,977,48,646.2,9.7,0
1.7.2026,44:29.7,18915,4310,81.4,6759,1155,85.4,20.9,15311,3194,0.671,0.672,0.67,0.667,0.675,0.658,0.713,1203.8,1277.5,1179.2,1179.2,1179.2,98.3,1080.9,282.1,408.9,261.9,330.5,214.9,311,194.3,291.3,244.2,282.1,20.5,29.9,19.5,23.3,15.5,23.1,14.1,21.4,17.1,29.9,20.5,100,12.9,18.6,12.2,14.9,9.7,14.2,9,13.4,11,12.9,12.2,13,12,12,12,11,43,45,43,44,41,57,55,57,56,59,46,45,No,No,No,No,No,No,No,No,No,No,No,No,No,No,No,No,No,No,49,45,46,1.016,4.974,1.633,0.143,3.859,1.415,0.837,0.47,64,20,64,64,0,21.4,0,0,0,0,0,0,21.1,30.5,20.1,24,16,23.8,14.6,21.8,17.7,55.5,46.5,59.9,57.9,57.6,2096.4,21.33,36,39,39,90,129,598,1,2,Yes,No,No,No,No,No,No,No,No,No,Yes,No,No,No,No,No,No,No,No,No,No,No,No,No,No,No,No,No,No,No,No,No,No,No,No,No,No,49,51,47,47,42,49,52,49,7214,6971,65,50,55,100,No,No,34670,80111,3.2,1,4.2,0.262,0.05,496944,184620,47,0.73,0.143,600,2096,4.7,4,0,1.1,5.6,0,0,0,0,35.3,1398,2559,1398,No,No,No,No,No,No,No,No,8.173,27.679,94.3,5.836,43.5,59.6,43.7,88.1,8.3,7,6.9,6.9,43.9,62.7,8,6.8,6.7,6.7,22.92,121.21,10.55,10.17,145.88,145.88,1.45,0.06,22.28,0.64,13.36,977,48,0,0.1,0
1.7.2026,44:31.7,18929,4296,81.5,6771,1143,85.5,20.9,15311,3194,0.687,0.702,0.67,0.702,0.675,0.671,0.771,1375.8,1572.3,1179.2,1572.3,1179.2,98.3,1375.8,303.4,419.1,318.2,320.4,251.1,301.9,209.2,320.4,286.9,303.4,21.6,29.5,22.5,22.2,18.4,21.2,15.4,23.1,20.4,29.5,21.6,100,13.8,18.9,14.8,14.4,11.4,13.8,9.5,14.4,12.8,13.8,14,16,12,16,12,14,43,45,42,42,42,57,55,58,58,58,46,45,No,No,No,No,No,No,No,No,No,No,No,No,No,No,No,No,No,No,49,45,46,1.523,5.126,1.826,0.128,3.886,1.422,0.833,0.471,64,20,64,64,0,20,0,0,0,0,0,0,21.7,29.7,22.6,22.3,18.4,21.6,15.4,23.2,20.4,55,46.8,58.2,60,55.1,2096.4,21.33,36,39,39,90,129,598,1,2,Yes,No,No,No,No,No,No,No,No,No,Yes,No,No,No,No,No,No,No,No,No,No,No,No,No,No,No,No,No,No,No,No,No,No,No,No,No,No,49,51,47,47,42,49,52,49,7281,6971,65,50,55,100,No,No,34670,80111,4.5,1,5.5,2.101,0.038,496948,184620,45,0.73,0.128,600,2096,3.6,3,0,0.9,4.3,0,0,0,0,35.2,1393,2564,1393,No,No,No,No,No,No,No,No,8.174,27.679,94.3,5.828,43.5,59.6,40.9,85.6,7.2,6.3,6.2,6.2,38.1,62.3,6.9,6.1,6,6,24.47,138.34,11.6,11.01,161.52,161.52,1.35,0.02,23.94,0.53,19.79,977,48,0.8,4.2,0
1.7.2026,44:33.8,18978,4247,81.7,6855,1059,86.6,20.9,15311,3194,0.667,0.662,0.667,0.665,0.672,0.653,0.768,1179.2,1179.2,1179.2,1179.2,1179.2,98.3,982.7,633.3,728.4,609.1,631.1,554.9,682,614.9,660.6,585.5,633.3,30.3,35.7,29.6,30.5,25.6,32.7,28.5,32.2,27.8,35.7,30.3,100,28.3,32.5,27.6,28.2,24.6,30.5,27.3,29.6,25.9,28.3,12,12,12,12,12,10,44,46,44,43,44,56,54,56,57,56,46,46,No,No,No,No,No,No,No,No,No,No,No,No,No,No,No,No,No,No,56,56,47,7.617,7.741,4.469,0.081,4.901,1.45,0.901,0.48,64,20,64,64,0,12,0,0,0,0,0,0,30.7,36.1,30,31,25.9,33.2,28.7,32.7,28.2,42.2,38.2,47,40.9,42.8,2096.4,21.33,36,39,39,90,129,598,1,2,Yes,No,No,No,No,No,No,No,No,No,Yes,No,No,No,No,No,No,No,No,No,No,No,No,No,No,No,No,No,No,No,No,No,No,No,No,No,No,49,51,47,47,42,49,52,49,7281,6971,65,50,55,100,No,No,34670,80112,100,1,100,49.421,0.028,497043,184620,46,0.73,0.081,600,2096,1.6,1.4,0,0.4,1.9,0,0,0,0,35.2,1393,2564,1393,No,No,No,No,No,No,No,No,8.178,27.687,94.3,5.831,43.5,59.6,20.7,70.6,3.5,3.4,3.3,3.3,20.7,60.3,3.5,3.4,3.3,3.3,48.21,283.82,14,13.77,299.62,299.62,1.22,0.01,47.77,0.44,42.8,978,48,406,5.3,0
1.7.2026,44:35.8,19007,4218,81.8,6932,982,87.5,20.8,15311,3192,0.787,0.8,0.785,0.782,0.782,0.726,0.768,2358.4,2358.4,2358.4,2358.4,2358.4,98.3,2161.9,743.4,904.8,640.8,687.2,790.2,682.9,797.6,806.6,637.2,743.4,39.1,46.7,35.3,37.2,39.3,37,39.8,42.3,35.4,46.7,39.1,100,33,39.9,29,30.6,34.7,30.5,35.2,35.6,28.2,33,24,24,24,24,24,22,46,47,45,44,46,54,53,55,56,54,47,47,No,No,No,No,No,No,No,No,No,No,No,No,No,No,No,No,No,No,58,58,46,14.981,8.901,5.502,0.09,5.411,1.511,1.048,0.486,64,20.5,64,64,0,4,0,0,0,0,0,0,39.1,46.7,35.2,37.3,39.4,37,39.8,42.3,35.4,28,26.2,28.9,28.1,28.7,1572.3,16,28,29,29,68,129,448,1,2,Yes,No,No,No,No,No,No,No,No,No,Yes,No,No,No,No,No,No,No,No,No,No,No,No,No,No,No,No,No,No,No,No,No,No,No,No,No,No,49,51,47,47,42,49,52,49,7268,6959,65,50,55,100,No,No,34670,80112,100,1.8,100,39.226,0.197,497117,184620,47,0.73,0.09,600,1572,3,2.6,0,0.7,3.4,0,0,0,0,35.2,1394,2563,1394,No,No,No,No,No,No,No,No,8.178,27.687,94.3,5.806,43.5,59.6,21.8,76,2.6,2.4,2.3,2.3,21.6,62.1,2.6,2.3,2.3,2.3,45.98,384.02,13.21,12.97,429.09,429.09,1.44,0.03,45.42,0.55,41.28,978,48,4.1,3.1,0
1.7.2026,44:37.8,19166,4059,82.5,7121,793,89.9,20.8,15311,3192,0.963,1.02,1.012,0.805,1.015,0.893,0.768,3439.4,3734.2,3734.2,2555,3734.2,98.3,3439.4,1102.8,1207,937.5,1247.7,1162.7,1075.6,1098.2,1093.5,1000.3,1102.8,39.1,42.9,33.5,43.4,42.2,38.1,37,39.9,35.7,43.4,39.1,100,48.4,53,41.7,54.4,50.8,47.3,48,48.3,43.7,48.4,35,38,38,26,38,35,53,55,52,52,54,47,45,48,48,46,55,55,No,No,No,No,No,No,No,No,No,No,No,No,No,No,No,No,No,No,65,65,48,10.41,13.336,9.922,0.136,6.721,1.537,1.08,0.485,64,20.5,64,64,0,1.1,0,0,0,0,0,0,39.5,43.4,34,43.7,42.5,38.7,37.5,40.4,36.2,27.6,28.5,23.1,28.7,29.9,2096.4,21.33,36,39,39,90,129,598,1,2,Yes,No,No,No,No,No,No,No,No,No,Yes,No,No,No,No,No,No,No,No,No,No,No,No,No,No,No,No,No,No,No,No,No,No,No,No,No,No,49,51,47,47,42,49,52,49,7281,6971,65,50,55,100,No,No,34670,80112,100,1.5,100,70.846,0.254,497253,184621,48,0.745,0.136,700,2096,3.8,3,0,1.5,3.9,0,2.6,0.8,0,36.8,1455,2502,1455,No,No,No,No,No,No,No,No,8.174,27.694,94.3,5.787,43.5,59.6,20.5,100.4,2.6,2.4,2.3,2.3,20.4,62.4,2.6,2.3,2.3,2.3,48.75,382.82,9.95,9.14,430.04,430.04,0.87,0.22,48.39,0.35,53.26,978,48,3.2,4.6,0
1.7.2026,44:39.8,19165,4060,82.5,7110,804,89.8,20.8,15311,3186,0.706,0.717,0.702,0.7,0.705,0.678,0.768,1621.4,1768.8,1572.3,1572.3,1572.3,98.3,1572.3,889.1,1066,733.8,861.8,1089.5,1052.4,719.5,879.7,710.2,889.1,36.6,44.9,30.6,35.8,40,42.9,30.2,37.1,31.4,44.9,36.6,100,39.4,47.4,33.2,38.3,47.5,46.3,31.8,38.9,31.5,39.4,16.5,18,16,16,16,16,45,46,45,44,45,55,54,55,56,55,48,46,No,No,No,No,No,No,No,No,No,No,No,No,No,No,No,No,No,No,56,56,48,4.57,11.216,7.594,0.232,5.89,1.54,1.031,0.483,64,20.5,64,64,0,8.5,0,0,0,0,0,0,36.3,44.3,30.4,35.6,39.6,42.7,30,36.8,31.3,34.6,31.6,35.1,34.1,37.8,2096.4,21.33,36,39,39,90,129,598,1,2,Yes,No,No,No,No,No,No,No,No,No,Yes,No,No,No,No,No,No,No,No,No,No,No,No,No,No,No,No,No,No,No,No,No,No,No,No,No,No,49,51,47,47,42,49,52,49,7268,6971,65,50,55,100,No,No,34670,80112,17,1.1,18.1,21.051,0.238,497294,184621,47,0.842,0.232,1050,2096,5.4,4,0,2.5,5.7,0,5.4,1.5,0,36.7,1453,2504,1453,No,No,No,No,No,No,No,No,8.177,27.694,94.3,5.781,43.5,59.6,40,65.3,5.3,4.1,4,4,40,62.2,5.3,4.1,4,4,25.02,188,15.32,15.16,248.51,248.51,0.52,0,25.02,0,12.75,979,48,409.2,8.4,0
1.7.2026,44:41.8,19185,4040,82.6,7099,815,89.6,20.8,15311,3189,0.688,0.697,0.702,0.672,0.68,0.668,0.768,1424.9,1572.3,1572.3,1277.5,1277.5,98.3,1375.8,675.7,778.3,607.3,711.6,602.5,949.2,573.6,667.2,515.6,675.7,37.2,44,34.8,41.1,33.4,46.5,31.4,37.7,28.5,46.5,37.2,100,30,34.8,27.5,31.6,26.8,41.5,25.2,29.7,22.8,30,14.5,16,16,13,13,14,46,47,45,45,45,54,53,55,55,55,48,47,No,No,No,No,No,No,No,No,No,No,No,No,No,No,No,No,No,No,50,47,47,2.539,7.5,3.921,0.352,4.988,1.528,1.066,0.477,64,20.5,64,64,0,6.4,0,0,0,0,0,0,37.2,43.9,34.7,41.2,33.6,46.7,31.5,37.8,28.6,35.5,32.5,35.3,32.9,41.1,2096.4,21.33,36,39,39,90,129,598,1,2,Yes,No,No,No,No,No,No,No,No,No,Yes,No,Yes,No,No,No,No,No,No,No,No,No,No,No,No,Yes,No,No,No,No,No,No,No,No,No,No,No,50,51,47,47,42,49,52,49,7254,6971,65,50,55,100,No,No,34670,80112,6.2,0.5,6.7,4.268,2.507,497302,184626,47,0.782,0.352,900,2096,7,5.4,0,3,7.3,0,3.8,4,0,37.3,1477,2479,1478,No,No,No,No,No,No,No,No,8.174,27.694,94.3,5.779,43.5,59.6,39.3,64.5,8,6.8,6.7,6.7,35.2,62.5,5.8,5.5,5.5,5.5,25.44,125.26,15.52,15.41,149.72,149.72,0.51,0,25.44,0,11.2,979,48,1.8,5.7,0
1.7.2026,44:43.8,19223,4002,82.7,7138,776,90.1,20.8,15311,3186,0.985,0.935,1.007,1.007,0.99,0.893,0.768,3660.5,3341.1,3832.5,3734.2,3734.2,98.3,3439.4,895,1000.9,845.4,940,811.4,961.1,816.4,978.4,806.5,895,43.3,49.9,41.3,46.9,38.3,47.1,37.6,47.8,37.5,49.9,43.3,100,39.4,44.3,37.7,41.6,35.7,42,35.7,42.8,35.1,39.4,37.2,34,39,38,38,35,54,58,53,54,52,46,42,47,46,48,58,58,No,No,No,No,No,No,No,No,No,No,No,No,No,No,No,No,No,No,68,68,50,15.489,9.387,5.675,0.406,5.53,1.561,1.148,0.483,64,21,64,64,0,4.4,0,0,0,0,0,0,43.7,50.2,41.6,47.3,38.8,47.5,38.1,48.2,38.1,28.3,24.2,29.4,30.9,28.7,2096.4,21.33,36,39,39,90,129,598,1,2,Yes,No,No,No,No,No,No,No,No,No,Yes,No,No,No,No,No,No,No,No,No,No,No,No,No,No,No,No,No,No,No,No,No,No,No,No,No,No,49,51,47,46,42,49,52,49,7281,6971,65,50,55,100,No,No,34670,80112,18.1,3.8,22,15.853,0.108,497332,184626,50,0.772,0.406,850,2096,11.9,9.9,0,4,12.6,0,3.8,3.4,0,37.7,1491,2466,1491,No,No,No,No,No,No,No,No,8.175,27.702,94.4,5.772,43.5,59.6,46.4,63.2,10.8,10.2,10.1,10.1,45.3,62.2,8.3,5.6,5.5,5.5,21.56,92.3,15.81,15.79,99.19,99.19,0.58,0,21.56,0,4.97,980,48,423.3,15.8,0
1.7.2026,44:45.8,19598,3627,84.3,7560,354,95.5,20.6,15311,3161,0.98,0.935,0.987,1.007,0.99,0.893,0.711,3635.9,3341.1,3734.2,3734.2,3734.2,98.3,3439.4,2414.6,2485.2,2204.8,2898.9,2269.5,2337.6,2306,2436.7,2377.9,2414.6,68.5,71.4,62.4,81.4,63.9,67.1,65.7,69.5,66.4,81.4,68.5,100,104.1,107.8,96,124.5,98.1,101.4,99.4,105.2,100.5,104.1,37,34,38,38,38,35,57,54,61,51,62,43,46,39,49,38,62,62,No,No,No,No,No,No,No,No,No,No,No,No,No,No,No,No,No,No,66,66,49,14.219,24.609,20.507,0.475,9.974,1.805,1.479,0.497,64,21,64,64,0,0.5,0,0,0,0,0,0,67.8,70.4,61.6,80.4,63,66.2,65,68.8,66.6,9.8,11.3,5,11.1,12,2096.4,21.33,36,39,39,90,129,598,1,2,Yes,No,No,No,No,No,No,No,No,No,Yes,No,Yes,No,No,No,No,No,No,No,No,No,No,No,No,Yes,No,No,No,No,No,No,No,No,No,No,No,52,53,47,46,42,49,52,49,7268,6959,65,50,55,100,No,No,34670,80112,74.9,6,80.9,110.021,7.809,497548,184641,50,0.725,0.475,600,2096,8.3,7.3,0,2.6,8.4,0,4.5,0,0,38.8,1534,2422,1535,No,No,No,No,No,No,No,No,8.174,27.702,94.4,5.738,43.5,59.6,42.7,85.4,19.9,19.9,19.9,19.9,43.2,60.2,20,20,20,20,23.41,50.17,11.71,10.66,50.21,50.21,0.61,0,23.41,0,13.1,982,48,928.6,67,0
1.7.2026,44:47.8,19506,3719,83.9,7547,368,95.3,20.4,15311,3129,0.671,0.667,0.672,0.667,0.675,0.658,0.766,1277.5,1277.5,1277.5,1277.5,1277.5,98.3,1179.2,1599.6,1671,1346,2099.8,1382.8,1783.3,1438.1,1614.8,1461,1599.6,46.8,49.7,39.6,59.6,41.6,51.1,41.8,47.3,43.8,59.6,46.8,100,70.6,73.7,60.2,91,60.7,78.2,63.2,71,66.6,70.6,13,13,13,13,13,12,49,51,48,48,48,51,49,52,52,52,51,51,No,No,No,No,No,No,No,No,No,No,No,No,No,No,No,No,No,No,66,66,51,15.742,18.944,15.215,0.341,8.619,1.668,1.2,0.485,64,21,64,64,0,1,0,0,0,0,0,0,46.9,49.8,40,59.7,42.1,51.3,42.3,47.8,42.5,15.8,15.7,10.9,16.6,19.9,2096.4,21.33,36,39,39,90,129,598,1,2,Yes,No,No,No,No,No,No,No,No,No,Yes,No,No,No,No,No,No,No,No,No,No,No,No,No,No,No,No,No,No,No,No,No,No,No,No,No,No,53,54,47,46,42,49,52,49,7281,6971,65,51,55,100,No,No,34670,80112,45.7,5.1,50.8,74.356,2.407,497688,184646,51,0.82,0.341,1000,2096,6.9,5.9,0,2.2,7,0,4.2,0,0,38.9,1538,2419,1538,No,No,No,No,No,No,No,No,8.173,27.71,94.4,5.729,43.5,59.6,43.8,510,17.9,17,16.9,16.9,43.2,62.5,19.9,19.9,19.9,19.9,22.85,55.94,1.9,1.73,59.06,59.06,2.16,5.51,22.49,0.36,9.98,982,48,10.4,8.6,0
1.7.2026,44:49.9,19436,3789,83.6,7330,585,92.6,20.5,15311,3137,0.996,1.02,0.967,1.007,0.99,0.893,0.766,3709.6,3734.2,3635.9,3734.2,3734.2,98.3,3439.4,1266.6,1215.1,1192,1113.5,1027.2,1816.2,1260.8,1268,1240.2,1266.6,48.5,48.9,46.8,46.5,42.4,61.7,45.1,49.7,47.1,61.7,48.5,100,54.7,53.3,51.7,48.6,44.8,77.6,54.6,54.5,52.7,54.7,37.8,38,37,38,38,35,59,57,54,61,63,41,43,46,39,37,62,63,No,No,No,No,No,No,No,No,No,No,No,No,No,No,No,No,No,No,66,66,51,13.457,14.591,10.951,0.196,6.973,1.588,1.142,0.49,64,21,64,64,0,2.4,0,0,0,0,0,0,48.3,48.6,46.5,46.2,42.2,61.2,44.6,49.8,47.1,26.6,28.1,33,18.1,27.1,2096.4,21.33,36,39,39,90,129,598,1,2,Yes,No,No,No,No,No,No,No,No,No,Yes,No,No,No,No,No,No,No,No,No,No,No,No,No,No,No,No,No,No,No,No,No,No,No,No,No,No,53,55,47,46,42,49,52,49,7268,6971,65,51,55,100,No,No,34670,80112,15.9,3.9,19.8,15.051,5.605,497717,184657,51,0.735,0.196,650,2096,2.1,1.1,0,1.2,2.1,0,3.8,0,0,35.6,1407,2550,1407,No,No,No,No,No,No,No,No,8.174,27.71,94.4,5.746,43.5,59.6,31.5,141.1,19.3,19.2,19.2,19.2,31.5,60.4,20,20,20,20,31.78,52.04,7.06,3.79,52.38,52.38,1.91,5.41,31.45,0.33,26.38,983,48,649.7,31.5,0
1.7.2026,44:51.9,19515,3710,84,7175,739,90.6,21.9,15311,3347,0.914,0.67,0.987,1.007,0.99,0.893,0.766,3144.6,1375.8,3734.2,3734.2,3734.2,98.3,3439.4,974.3,1084.5,834.3,946.1,945.9,1102.1,1054.7,1028.9,797.9,974.3,39.3,43.6,33.3,38.5,37.9,44.2,42,42.8,32.2,44.2,39.3,100,42.8,47.7,36.7,41.7,41.4,48.1,45.8,45.7,35.3,42.8,32,14,38,38,38,35,58,58,60,56,56,42,42,40,44,44,60,60,No,No,No,No,No,No,No,No,No,No,No,No,No,No,No,No,No,No,52,51,50,2.031,12.126,8.695,0.087,6.424,1.558,1.064,0.483,64,21.5,64,64,0,4.1,0,0,0,0,0,0,39.3,43.6,33.3,38.6,38,44.3,42,42.6,32,30.6,31.5,33,25.7,32.2,2096.4,21.33,36,39,39,90,129,598,1,2,Yes,No,No,No,No,No,No,No,No,No,Yes,No,No,No,No,No,No,No,No,No,No,No,No,No,No,No,No,No,No,No,No,No,No,No,No,No,No,52,55,47,46,42,49,52,49,7295,6996,65,51,55,100,No,No,34670,80112,13.5,55.8,69.3,17.449,115.208,497750,184877,51,0.725,0.087,600,2096,2.8,1.6,0,1.2,3.2,0,2.9,0,0,35.6,1409,2547,1410,No,No,No,No,No,No,No,No,8.179,27.71,94.4,5.766,43.5,59.6,29.8,103.3,2.7,2.1,2,2,29.5,60.4,2.7,2.1,2,2,33.56,367.24,9.67,9.18,494.05,494.05,1.45,16.48,33.15,0.41,35.57,983,48,14.6,11.3,0
1.7.2026,44:53.9,19858,3367,85.5,7583,332,95.8,21.9,15311,3346,0.902,0.762,0.967,1.007,0.87,0.893,0.763,3193.7,2260.2,3635.9,3734.2,3144.6,98.3,3439.4,1592,1564.2,1272.6,1626.3,1697,1718.7,1619.7,1768.5,1469.3,1592,52,50.8,41.7,51.5,55.5,56.7,51.5,58.7,49.3,58.7,52,100,69.8,69.2,56.8,71.7,74.5,74.9,70.4,77.1,64.1,69.8,32.5,23,37,38,32,35,60,58,60,61,63,40,42,40,39,37,65,63,No,No,No,No,No,No,No,No,No,No,No,No,No,No,No,No,No,No,69,69,51,13.203,16.758,13.045,0.236,7.994,1.713,1.316,0.493,64,21.5,64,64,0,0.1,0,0,0,0,0,0,51.6,50.5,41.3,51.2,54.9,56.5,51.4,58.2,49.1,18.3,25.1,16.6,14.4,17.1,2096.4,21.33,36,39,39,90,129,598,1,2,Yes,No,No,No,No,No,No,No,No,No,Yes,No,No,No,No,No,No,No,No,No,No,No,No,No,No,No,No,No,No,No,No,No,No,No,No,No,No,52,55,47,46,42,49,52,49,7295,7021,65,51,55,100,No,No,34670,80112,15.3,0.2,15.4,35.364,0.51,497817,184878,52,0.725,0.236,600,2096,5.4,4,0,2.1,5.3,2.4,2.9,0,0,43.8,1733,2223,1734,No,No,No,No,No,No,No,No,8.173,27.717,94.4,5.746,43.5,59.6,30.3,242.8,4.5,4.3,4.2,4.2,30,60.6,3.9,3.6,3.5,3.5,33.06,221.21,3.68,3.21,236.68,236.68,2.02,15.59,27.21,5.84,34.22,985,48,821.3,90.9,0
1.7.2026,44:55.9,19943,3282,85.8,7246,668,91.5,21.7,15311,3328,0.744,0.782,0.777,0.702,0.712,0.723,0.763,2014.5,2358.4,2358.4,1670.6,1670.6,98.3,2161.9,2189.6,2274.1,1964.1,2165,2122.3,2298.9,2181.2,2242.7,2268.1,2189.6,64.4,68,59,64.5,62.8,67.3,62.9,65.7,65,68,64.4,100,94.2,97.7,85,93.6,91.3,98.8,93.7,96.3,97.1,94.2,20.5,24,24,17,17,22,51,53,51,51,50,49,47,49,49,50,53,53,No,No,No,No,No,No,No,No,No,No,No,No,No,No,No,No,No,No,61,61,52,8.887,20.985,17.169,0.282,9.382,1.808,1.412,0.49,64,21.5,64,64,0,2.2,0,0,0,0,0,0,63.9,67.5,58.2,64.1,62.4,67.1,62.4,65.4,64.4,12.5,12.7,13.2,12.7,11.3,2096.4,21.33,36,39,39,90,129,598,1,2,Yes,No,No,No,No,No,No,No,No,No,Yes,No,No,No,No,No,No,No,No,No,No,No,No,No,No,No,No,No,No,No,No,No,No,No,No,No,No,54,57,47,46,42,49,52,49,7295,7034,65,51,55,100,No,No,34670,80112,10.6,0.1,10.8,27.784,0.838,497871,184880,52,0.722,0.282,600,2096,6.2,4.3,0,2.3,6.4,3.2,2,0,0,43.9,1735,2221,1736,No,No,No,No,No,No,No,No,8.173,27.717,94.4,5.705,43.5,59.6,52.2,163.8,28.1,28,28,28,52.5,60.8,30,30,30,30,19.15,35.58,5.95,5.15,35.69,35.69,1.77,8.66,18.76,0.38,3.54,985,49,277.8,70.9,0
1.7.2026,44:57.9,19928,3297,85.8,7134,780,90.1,22.8,15311,3491,0.693,0.655,0.705,0.705,0.707,0.671,0.766,1547.7,1179.2,1670.6,1670.6,1670.6,98.3,1474,1014.3,1060.1,865,1159.8,973.6,1055.5,967.3,1034.3,998.5,1014.3,45.4,47.4,38,50.2,43.4,48.5,43.3,46.7,45.5,50.2,45.4,100,44.4,46.7,38.2,50.7,42.7,46.3,42.2,45.5,43.3,44.4,15.8,12,17,17,17,15,51,52,51,50,50,49,48,49,50,50,52,52,No,No,No,No,No,No,No,No,No,No,No,No,No,No,No,No,No,No,61,61,52,14.981,11.659,8.031,0.172,6.147,1.617,1.163,0.487,64,22,64,64,0,1.1,0,0,0,0,0,0,45.8,47.7,38.4,50.6,43.7,48.8,43.7,47.1,45.9,25.9,28,25.4,26.4,24,2096.4,21.33,36,39,39,90,129,598,1,2,Yes,No,No,No,No,No,No,No,No,No,Yes,No,No,No,No,No,No,No,No,No,No,No,No,No,No,No,No,No,No,No,No,No,No,No,No,No,No,54,56,47,46,42,49,52,49,7295,7021,65,51,55,100,No,No,34671,80112,15.1,48.5,63.6,19.114,87.847,497907,185048,51,0.777,0.172,900,2096,3.8,2.9,0,1.3,4.1,0.1,2.1,0,0,44.5,1761,2195,1739,No,No,No,No,No,No,No,No,8.173,27.717,94.4,5.746,43.5,59.6,19.5,291,3,2.8,2.8,2.8,19.4,60.4,3.1,2.9,2.9,2.9,51.31,328.1,3.39,2.55,354.79,354.79,2.34,17.91,50.84,0.48,67.78,986,49,170.1,52.3,0
1.7.2026,44:59.9,20039,3186,86.2,7269,645,91.8,22.8,15311,3484,1.007,1.02,0.987,1.032,0.99,0.893,0.763,3734.2,3734.2,3734.2,3734.2,3734.2,98.3,3439.4,1087.8,1110.9,1005.2,1044.9,987.2,1186.4,1018.5,1064.2,1284.7,1087.8,48.3,49.3,43.2,48.2,46,52.9,44.9,49.3,53,53,48.3,100,46.6,48.8,43.5,44.7,42.3,50.9,43.1,45.5,54.3,46.6,38,38,38,38,38,35,65,64,65,64,68,35,36,35,36,32,66,68,No,No,No,No,No,No,No,No,No,No,No,No,No,No,No,No,No,No,62,62,51,13.965,11.336,7.774,0.155,6.081,1.611,1.173,0.496,64,22,64,64,0,1.1,0,0,0,0,0,0,48.2,48.9,43,48.2,46,52.6,44.9,49.1,52.9,27.4,29.6,29.8,26.3,23.9,2096.4,21.33,36,39,39,90,129,598,1,2,Yes,No,No,No,No,No,No,No,No,No,Yes,No,No,No,No,No,No,No,No,No,No,No,No,No,No,No,No,No,No,No,No,No,No,No,No,No,No,54,56,48,47,42,50,53,50,7295,7034,65,52,55,100,No,No,34671,80112,11.8,1,12.7,12.189,2.047,497931,185052,51,0.777,0.155,900,2096,3.6,2.9,0,1.2,3.7,0.4,2.1,0,0,45.2,1788,2169,1788,No,No,No,No,No,No,No,No,8.175,27.725,94.4,5.731,43.5,59.6,31.5,123.7,4.9,4.4,4.4,4.4,31,60.3,4.8,4.3,4.3,4.3,31.7,205.12,8,7.28,227.71,227.71,1.78,8.32,31.31,0.39,33,990,49,2201.2,44.7,0
1.7.2026,45:01.9,20037,3188,86.2,7244,670,91.5,22.6,15311,3462,0.671,0.667,0.672,0.667,0.675,0.653,0.766,1277.5,1277.5,1277.5,1277.5,1277.5,98.3,1080.9,632.1,669.6,489.8,590.6,625.7,678.1,662.7,793.3,547.1,632.1,37.3,40,29.3,37,37.6,39.4,38.5,43,33.9,43,37.3,100,28.7,29.6,22.2,27.3,28.6,30.9,30,35.6,25.2,28.7,13,13,13,13,13,11,49,51,49,48,48,51,49,51,52,52,51,51,No,No,No,No,No,No,No,No,No,No,No,No,No,No,No,No,No,No,53,50,51,2.031,7.547,4.1,0.084,4.861,1.494,0.984,0.482,64,22,64,64,0,6.9,0,0,0,0,0,0,37.3,40.2,29.6,37,37.5,39.4,38.3,43,33.7,35.8,39.2,35.8,34,34.3,1048.2,10.67,20,20,20,45,129,299,1,2,Yes,No,No,No,No,No,No,No,No,No,Yes,No,No,No,No,No,No,No,No,No,No,No,No,No,No,No,No,No,No,No,No,No,No,No,No,No,No,53,56,48,47,42,50,53,50,7295,7021,65,52,55,100,No,No,34671,80112,11.2,0.9,12,15.871,0.588,497961,185053,51,0.78,0.084,900,1048,1.2,0.7,0,0.6,1.2,0,1.9,0,0,45.2,1787,2170,1788,No,No,No,No,No,No,No,No,8.176,27.725,94.4,5.731,43.5,59.6,21.4,237.5,2.5,2.2,2.2,2.2,21,60.6,2.5,2.3,2.2,2.2,46.7,395.6,3.96,2.54,451.85,451.85,2.11,35.8,46.23,0.47,55.78,990,49,1.3,14.7,0
1.7.2026,45:03.9,20027,3198,86.2,7326,588,92.5,22.6,15311,3461,1.001,1.02,0.987,1.007,0.99,0.893,0.763,3734.2,3734.2,3734.2,3734.2,3734.2,98.3,3439.4,922.4,1004.3,880.8,875.8,813.4,939.3,979,1012.1,875,922.4,42.5,47.3,38.7,42.1,38.5,44.1,43,46.3,40.1,47.3,42.5,100,40.9,44.8,39.1,39.1,36.3,41.7,42.3,44.8,38.6,40.9,38,38,38,38,38,35,58,61,58,57,57,42,39,42,43,43,61,61,No,No,No,No,No,No,No,No,No,No,No,No,No,No,No,No,No,No,65,65,52,15.996,11.041,7.479,0.148,5.766,1.562,1.086,0.488,64,22,64,64,0,2.5,0,0,0,0,0,0,42.6,47.3,38.5,42.3,38.7,44.4,43.5,46.4,40,24.2,22.2,27.5,23.2,24,2096.4,21.33,36,39,39,90,129,598,1,2,Yes,No,No,No,No,No,No,No,No,No,Yes,No,No,No,No,No,No,No,No,No,No,No,No,No,No,No,No,No,No,No,No,No,No,No,No,No,No,53,56,48,47,42,50,53,50,7281,7021,65,52,55,100,No,No,34671,80113,38.8,0.1,38.9,79.987,0.152,498115,185054,51,0.722,0.148,600,2096,4.9,3.8,0,1.4,5.5,0,1.3,0,0,45.8,1812,2144,1813,No,No,No,No,No,No,No,No,8.173,27.732,94.5,5.705,43.5,59.6,38.9,293.6,9.7,9.4,9.4,9.4,38.3,60.5,10.6,10.1,10,10,25.7,103.33,3.41,3.4,106.56,106.56,1.57,8.68,25.29,0.41,20.01,991,49,586.6,40.5,0
1.7.2026,45:05.9,20045,3180,86.3,7476,438,94.4,22.6,15311,3462,1.001,1.02,0.987,1.007,0.987,0.893,0.763,3734.2,3734.2,3734.2,3734.2,3734.2,98.3,3439.4,1921.7,1995,1501.5,2320,1776.4,2097.5,1832.9,2073.9,1776.9,1921.7,52.2,54.7,40.9,63,47.9,56.7,49.6,56.1,48.4,63,52.2,100,84.4,88.4,66.4,101.1,77.8,91.6,81.5,90.8,77.8,84.4,38,38,38,38,38,35,68,68,67,67,68,32,32,33,33,32,68,68,No,No,No,No,No,No,No,No,No,No,No,No,No,No,No,No,No,No,75,75,53,15.742,22.77,19.026,0.283,9.376,1.788,1.346,0.495,64,22.5,64,64,0,0,0,0,0,0,0,0,52.2,54.7,41.1,62.8,48.2,56.7,49.5,56.5,48.6,4.1,5.7,2.2,3.9,4.5,2096.4,21.33,36,39,39,90,129,598,1,2,Yes,No,No,No,No,No,No,No,No,No,Yes,No,Yes,No,No,No,No,No,No,No,Yes,No,No,No,No,No,No,No,No,No,No,No,No,No,No,No,No,54,57,48,47,42,50,53,50,7295,7021,65,52,55,100,No,No,34671,80113,100,9.4,100,339.554,0.897,498762,185055,53,0.722,0.283,450,2096,5.4,4.6,0,1.4,5.7,0.3,0.6,0.2,0,48.9,1935,2021,1936,No,No,No,No,No,No,No,No,8.174,27.732,94.5,5.681,43.5,59.6,25.7,61,9.7,9.5,9.5,9.5,26.7,60.1,10.3,10,10,10,38.89,103.04,16.33,16.33,105.7,105.7,0.83,0.18,38.66,0.23,47,995,49,2103.5,107.5,0
1.7.2026,45:07.9,20179,3046,86.8,7406,509,93.5,21.2,15311,3250,0.918,1.01,0.697,0.985,0.98,0.891,0.761,3193.7,3734.2,1670.6,3635.9,3734.2,98.3,3439.4,2609,2608.5,2368.6,2758.4,2610.9,2705.8,2504.5,2694.4,2621.2,2609,70.5,71,64.4,74.5,70.7,72.9,67.4,72.5,70.6,74.5,70.5,100,113.4,114.1,103.6,119.2,113.3,117.9,108.6,117,113.3,113.4,32.5,38,17,37,38,35,66,70,61,70,63,34,30,39,30,37,70,70,No,No,No,No,No,No,No,No,No,No,No,No,No,No,No,No,No,No,58,58,54,7.871,26.266,22.394,0.111,10.509,1.895,1.447,0.498,64,22.5,64,64,0,0,0,0,0,0,0,0,69.8,70.1,63.5,73.7,69.9,72.2,66.8,72,70,3.7,4.7,3.2,4.2,2.6,2096.4,21.33,36,39,39,90,129,598,1,2,Yes,No,No,No,No,No,No,No,No,No,Yes,No,No,No,No,No,No,No,No,No,No,No,No,No,No,No,No,No,No,No,No,No,No,No,No,No,No,56,58,48,47,42,50,53,50,7295,7021,65,52,55,100,No,No,34671,80114,100,4.5,100,322.565,9.798,499378,185074,54,0.857,0.111,900,2096,1.3,0.4,0,1.4,0.6,2.4,0,3.8,0,48.6,1923,2034,1923,No,No,No,No,No,No,No,No,8.178,27.732,94.5,5.667,43.5,59.6,6.9,14.8,5,5,5,5,6.9,14.7,5,5,5,5,145.78,200.84,67.53,66.16,200.88,200.88,0.18,0,145.78,0,87.95,1001,49,3199.3,62.3,0
1.7.2026,45:09.9,20190,3035,86.9,7063,851,89.2,23.1,15311,3535,0.659,0.655,0.657,0.657,0.665,0.648,0.763,1179.2,1179.2,1179.2,1179.2,1179.2,98.3,982.7,930.7,1014.1,731.4,988.4,926.4,1104.8,833.6,1104.7,742.5,930.7,36.6,39.4,29.5,38.2,36.9,41.7,33.5,42.1,31.3,42.1,36.6,100,41.1,44.9,32.8,43.7,40.9,48.6,36.7,48.6,32.7,41.1,12,12,12,12,12,10,50,52,51,49,49,50,48,49,51,51,52,52,No,No,No,No,No,No,No,No,No,No,No,No,No,No,No,No,No,No,61,61,52,10.664,11.934,8.462,0.084,6.169,1.592,1.037,0.484,64,22.5,64,64,0,3.6,0,0,0,0,0,0,36.8,39.6,29.8,38.5,37.1,42,33.8,42.4,31.5,23.3,24.6,22.4,23.4,22.9,1048.2,10.67,20,20,20,45,129,299,1,2,Yes,No,No,No,No,No,No,No,No,No,Yes,No,No,No,No,No,No,No,No,No,No,No,No,No,No,No,No,No,No,No,No,No,No,No,No,No,No,56,58,48,47,42,50,53,50,7295,7021,65,52,55,100,No,No,34671,80114,100,100,100,57.182,151.908,499488,185366,52,0.777,0.084,900,1048,1.2,0.2,0,1.5,0.5,2.5,0,4.3,0,48.2,1908,2049,1909,No,No,No,No,No,No,No,No,8.175,27.732,94.5,5.665,43.5,59.6,30,77.8,19.7,18.2,18.1,18.1,30,47.3,22,20.2,20.1,20.1,33.38,50.55,12.86,6.44,55.19,55.19,2.25,14.38,33.13,0.25,3.18,1003,49,575.7,13.6,0
1.7.2026,45:11.9,20260,2965,87.2,7256,658,91.6,23.1,15311,3537,1.001,1.02,0.987,1.007,0.99,0.891,0.761,3734.2,3734.2,3734.2,3734.2,3734.2,98.3,3439.4,1275.1,1258.5,1134.3,1234.6,1224.7,1423.6,1225.3,1498,1201.8,1275.1,48,47.8,44.2,47.2,45.8,52.2,46.3,55.1,45.3,55.1,48,100,56.6,56.4,50.8,55.2,54.2,63,53.6,66,53.3,56.6,38,38,38,38,38,35,63,61,66,61,63,37,39,34,39,37,67,66,No,No,No,No,No,No,No,No,No,No,No,No,No,No,No,No,No,No,68,68,53,18.282,13.491,9.94,0.069,7.064,1.655,1.143,0.49,64,22.5,64,64,0,1.1,0,0,0,0,0,0,47.4,47.1,43.7,46.7,45.3,51.6,46.1,54.3,44.5,16,18.8,17.3,15.3,12.5,2096.4,21.33,36,39,39,90,129,598,1,2,Yes,No,No,No,No,No,No,No,No,No,Yes,No,No,No,No,No,No,No,No,No,No,No,No,No,No,No,No,No,No,No,No,No,No,No,No,No,No,55,58,48,47,42,50,53,50,7295,7034,65,53,55,100,No,No,34671,80115,100,4.2,100,322.898,1.917,500108,185369,53,0.775,0.069,900,2096,1.1,0.1,0,1.5,0.4,2.8,0,4.2,0,44.9,1777,2180,1777,No,No,No,No,No,No,No,No,8.178,27.74,94.5,5.708,43.5,59.6,30.2,44.2,22.9,22.8,22.8,22.8,30,30.2,29.9,29.8,29.8,29.8,33.06,43.7,22.57,22.33,43.82,43.82,2.39,12.83,32.82,0.25,3.37,1004,49,729.6,35.5,0
1.7.2026,45:14.0,20287,2938,87.3,7317,597,92.4,23,15311,3520,0.704,0.672,0.715,0.712,0.715,0.668,0.763,1670.6,1375.8,1768.8,1768.8,1768.8,98.3,1474,977.3,860.9,821.6,1149.6,896.5,1032.1,939.1,1160.8,957.9,977.3,41,38,35.5,47.1,37,45.4,39.9,46.7,38.3,47.1,41,100,43.2,38.7,36.5,50.5,39.5,45.6,42.3,51,41.9,43.2,17,14,18,18,18,15,52,54,52,50,50,48,46,48,50,50,54,54,No,No,No,No,No,No,No,No,No,No,No,No,No,No,No,No,No,No,73,73,52,9.141,12.13,8.659,0.09,6.012,1.589,1.049,0.485,64,23,64,64,0,3.4,0,0,0,0,0,0,41.2,38.4,35.9,47.3,37.4,45.7,39.7,47.1,38.6,28.3,30.7,29.1,25.2,28.1,2096.4,21.33,36,39,39,90,129,598,1,2,Yes,No,No,No,No,No,No,No,No,No,Yes,No,No,No,No,No,No,No,No,No,No,No,No,No,No,No,No,No,No,No,No,No,No,No,No,No,No,54,59,48,47,42,50,53,50,7281,7021,65,53,55,100,No,No,34671,80115,47.7,0.2,47.9,98.458,0.569,500297,185370,53,0.777,0.09,900,2096,1.1,0.1,0,1.5,0.4,2.9,0,4.3,0,44.8,1772,2185,1772,No,No,No,No,No,No,No,No,8.179,27.748,94.5,5.693,43.5,59.6,30,48.2,21.9,20.4,20.2,20.2,30,47.3,22,20.2,20,20,33.39,45.6,20.72,16.95,49.33,49.33,2.53,16.09,33.06,0.33,2.76,1004,49,183.6,13.5,0
1.7.2026,45:15.9,20130,3095,86.6,7193,721,90.8,22.7,15311,3473,0.889,0.87,0.93,0.875,0.882,0.891,0.761,3169.1,2948,3439.4,3046.3,3242.8,98.3,3439.4,1057.3,1006.8,877.1,1013.8,1112.7,1026,1136.5,1140,1146.1,1057.3,39.8,39.9,34.8,38.6,40.2,40.6,41.4,41.2,41.7,41.7,39.8,100,46.1,44.5,38.4,44.3,48,45,49,49.7,49.7,46.1,32.2,30,35,31,33,35,59,57,61,56,63,41,43,39,44,37,63,63,No,No,No,No,No,No,No,No,No,No,No,No,No,No,No,No,No,No,54,54,53,5.332,12.496,8.911,0.088,6.305,1.595,1.063,0.484,64,23,64,64,0,3.9,0,0,0,0,0,0,39.8,39.9,35,38.7,40.3,40.7,41.4,41.3,41.5,29.9,32.3,30.8,29,27.4,1572.3,16,28,29,29,68,129,448,1,2,Yes,No,No,No,No,No,No,No,No,No,Yes,No,No,No,No,No,No,No,No,No,No,No,No,No,No,No,No,No,No,No,No,No,No,No,No,No,No,55,59,49,47,42,50,54,51,7268,7009,65,53,55,100,No,No,34671,80115,23.6,5.7,29.3,64.089,4.439,500419,185379,52,0.857,0.088,900,1572,1.2,0.2,0,1.6,0.5,2.9,0,4.4,0,45.3,1794,2162,1795,No,No,No,No,No,No,No,No,8.176,27.748,94.5,5.682,43.5,59.6,29.7,44.1,22.5,22.4,22.4,22.4,30,30.1,29.9,29.9,29.9,29.9,33.66,44.36,22.64,21.1,44.62,44.62,2.34,11.98,33.38,0.28,1.91,1005,49,515.1,16.4,0
1.7.2026,45:18.0,20032,3193,86.2,7431,483,93.8,22.6,15311,3466,0.874,0.887,0.87,0.875,0.865,0.796,0.761,3046.3,3046.3,3046.3,3046.3,3046.3,98.3,2849.8,1037,1204,867.9,1039.7,911.7,1062.8,1028.2,1172.2,1009.3,1037,40.7,44.5,33.7,41.3,37.6,41.7,39.2,46.1,41.8,46.1,40.7,100,46.6,53.6,39.3,47,41,48,46,52.3,45.1,46.6,31,31,31,31,31,29,57,57,57,57,58,43,43,43,43,42,58,58,No,No,No,No,No,No,No,No,No,No,No,No,No,No,No,No,No,No,64,64,52,1.777,13.65,10.202,0.078,6.578,1.585,1.065,0.487,64,23,64,64,0,0.7,0,0,0,0,0,0,40.7,44.5,33.7,41.3,37.5,41.9,39.2,45.9,41.7,15.8,13.4,20.2,15.3,14.4,2096.4,21.33,36,39,39,90,129,598,1,2,Yes,No,No,No,No,No,No,No,No,No,Yes,No,No,No,No,No,No,No,No,No,No,No,No,No,No,No,No,No,No,No,No,No,No,No,No,No,No,55,59,49,47,42,50,54,51,7295,7034,65,53,55,100,No,No,34671,80115,41.2,0.1,41.3,97.251,0.102,500605,185379,53,0.777,0.078,900,2096,1.1,0.1,0,1.4,0.3,2.7,0,4.2,0,45.1,1785,2172,1785,No,No,No,No,No,No,No,No,8.175,27.748,94.5,5.682,43.5,59.6,30,30.3,29.7,29.7,29.7,29.7,30,30.1,30,30,30,30,33.33,33.71,33.03,33.02,33.74,33.74,2.21,13.29,33.12,0.21,0.2,1007,49,617,11.6,0
1.7.2026,45:20.0,19899,3326,85.6,7216,698,91.1,21.8,15311,3343,0.667,0.662,0.667,0.665,0.675,0.653,0.763,1277.5,1277.5,1277.5,1277.5,1277.5,98.3,1080.9,910.6,872.6,826.6,1056.8,692.7,949.9,861,1123.2,901.9,910.6,36.9,37.6,34,40,29.9,38.7,36.4,42.7,36.2,42.7,36.9,100,40.5,39.5,36.9,46.8,31,42.3,38.4,49.5,40,40.5,13,13,13,13,13,11,50,52,51,50,49,50,48,49,50,51,52,52,No,No,No,No,No,No,No,No,No,No,No,No,No,No,No,No,No,No,54,52,52,2.793,11.238,7.824,0.079,5.93,1.559,1.013,0.486,64,23,64,64,0,4.8,0,0,0,0,0,0,37.3,37.9,34.5,40,30.4,39.1,36.8,43.1,36.5,30.7,30.6,34.3,31.2,26.9,2096.4,21.33,36,39,39,90,129,598,1,2,Yes,No,No,No,No,No,No,No,No,No,Yes,No,No,No,No,No,No,No,No,No,No,No,No,No,No,No,No,No,No,No,No,No,No,No,No,No,No,54,59,49,47,42,50,54,51,7281,7021,65,53,55,100,No,No,34671,80115,17.5,0.2,17.8,31.442,1.97,500666,185383,52,0.777,0.079,900,2096,1.1,0.1,0,1.5,0.3,2.8,0,4.3,0,45.1,1783,2174,1783,No,No,No,No,No,No,No,No,8.175,27.755,94.5,5.673,43.5,59.6,29.9,35.9,26.4,25.8,25.7,25.7,30,30.3,29.7,29.6,29.6,29.6,33.4,37.09,27.83,26.7,37.74,37.74,2.39,13.71,33.02,0.38,0.83,1008,49,889.1,11.9,0
1.7.2026,45:22.0,19822,3403,85.3,6898,1016,87.1,22.9,15311,3499,0.667,0.665,0.672,0.657,0.675,0.653,0.766,1252.9,1277.5,1277.5,1179.2,1277.5,98.3,1080.9,698.3,719.2,639,833.2,544,809.4,764.1,688.7,588.9,698.3,33.7,35.7,29.7,39,26.9,38.6,34.6,35.3,29.7,39,33.7,100,30.9,32.2,28.2,36.6,24.2,35.6,33.3,30.8,26.1,30.9,12.8,13,13,12,13,11,49,50,48,50,47,51,50,52,50,53,52,50,No,No,No,No,No,No,No,No,No,No,No,No,No,No,No,No,No,No,54,50,51,2.031,9.19,5.788,0.084,5.273,1.538,0.989,0.486,64,22,64,64,0,7.1,0,0,0,0,0,0,33.9,36,30.1,39.4,27.4,38.7,34.6,35.2,29.6,34.5,32.9,35.8,32.4,37,2096.4,21.33,36,39,39,90,129,598,1,2,Yes,No,No,No,No,No,No,No,No,No,Yes,No,No,No,No,No,No,No,No,No,No,No,No,No,No,No,No,No,No,No,No,No,No,No,No,No,No,54,59,49,47,42,50,54,51,7295,7034,65,53,55,100,No,No,34671,80115,13.3,47.7,61,22.157,95.007,500708,185565,51,0.777,0.084,900,2096,1.1,0.1,0,1.5,0.3,2.8,0,4.5,0,42.1,1666,2291,1666,No,No,No,No,No,No,No,No,8.176,27.755,94.5,5.666,43.5,59.6,30,49.9,21.9,21.6,21.6,21.6,30,47.3,22,20.2,20,20,33.36,45.72,19.94,19.17,46.24,46.24,2.48,13.02,32.94,0.42,5.17,1009,49,502.5,8,0
1.7.2026,45:24.0,19822,3403,85.3,6955,959,87.8,22.6,15311,3463,0.701,0.685,0.688,0.712,0.717,0.661,0.766,1621.4,1474,1474,1768.8,1768.8,98.3,1277.5,409.4,486.5,350,423.3,375.7,476,342.4,431.3,390.3,409.4,27.8,33.5,24.3,29.3,26.1,31.8,23.4,29.6,24.1,33.5,27.8,100,18.5,22.3,16,19.3,16.9,21.5,15.4,19.3,17,18.5,16.5,15,15,18,18,13,50,51,50,50,49,50,49,50,50,51,51,51,No,No,No,No,No,No,No,No,No,No,No,No,No,No,No,No,No,No,53,50,51,2.539,5.915,2.577,0.101,4.294,1.455,0.888,0.487,64,22,64,64,0,12.7,0,0,0,0,0,0,28.3,33.7,24.4,29.6,26.3,32.6,24.1,30.5,25.3,43.2,38.9,44.3,43.4,46.1,2096.4,21.33,36,39,39,90,129,598,1,2,Yes,No,No,No,No,No,No,No,No,No,Yes,No,No,No,No,No,No,No,No,No,No,No,No,No,No,No,No,No,No,No,No,No,No,No,No,No,No,54,58,49,47,42,50,54,51,7295,7034,65,53,55,100,No,No,34671,80115,20.5,0.2,20.6,28.485,0.212,500763,185565,51,0.725,0.101,600,2096,3.4,2,0,1.9,3.1,2.6,0,3.9,0,42.8,1693,2264,1693,No,No,No,No,No,No,No,No,8.176,27.755,94.5,5.674,43.5,59.6,29.9,44.6,23.3,22.7,22.7,22.7,30,30.2,29.8,29.8,29.8,29.8,33.42,42.77,22.35,21.63,44.01,44.01,3.13,21.51,33.01,0.41,2.71,1011,49,701.9,21,0
1.7.2026,45:26.0,19826,3399,85.3,7034,880,88.8,21.9,15311,3349,0.667,0.657,0.665,0.67,0.677,0.651,0.766,1228.4,1179.2,1179.2,1277.5,1277.5,98.3,982.7,546.6,620.7,442.2,581.7,505.2,550,478.2,673.5,521.7,546.6,25.5,28.3,20.7,27.5,24,26.5,22.5,30.6,24,30.6,25.5,100,24.7,27.9,20.1,25.9,22.9,25,21.5,30.1,23.9,24.7,12.5,12,12,13,13,10,48,49,47,49,46,52,51,53,51,54,51,49,No,No,No,No,No,No,No,No,No,No,No,No,No,No,No,No,No,No,55,55,51,5.332,8.552,5.32,0.101,5.035,1.412,0.804,0.483,64,22,64,64,0,13.5,0,0,0,0,0,0,25.5,28.5,20.8,27.6,24.1,26.5,22.3,30.6,23.5,39.9,40.5,38,42.7,38.4,2096.4,21.33,36,39,39,90,129,598,1,2,Yes,No,No,No,No,No,No,No,No,No,Yes,No,No,No,No,No,No,No,No,No,No,No,No,No,No,No,No,No,No,No,No,No,No,No,No,No,No,53,58,49,47,42,50,54,51,7322,7021,65,53,55,100,No,No,34671,80115,23.3,0.1,23.4,56.8,0.215,500871,185566,51,0.725,0.101,600,2096,1.1,0.9,0,0.2,1.2,0,0,0,0,42.6,1685,2271,1686,No,No,No,No,No,No,No,No,8.175,27.763,94.6,5.657,43.5,59.6,29.9,44.6,23.3,22.7,22.7,22.7,30,30.2,29.8,29.8,29.8,29.8,33.42,42.77,22.35,21.63,44.01,44.01,3.13,21.51,33.01,0.41,2.71,1011,49,7.3,17.3,0
1.7.2026,45:28.0,19806,3419,85.2,7014,900,88.6,21.8,15311,3330,0.663,0.657,0.665,0.66,0.67,0.651,0.766,1179.2,1179.2,1179.2,1179.2,1179.2,98.3,982.7,481.2,497.9,391.8,490.8,425.2,631,372.4,554.4,485.8,481.2,18.6,20.5,15.5,18.2,16.9,24.8,15.1,20.6,16.9,24.8,18.6,100,21.7,22.8,17.6,21.9,19.4,28,17,24.9,21.8,21.7,12,12,12,12,12,10,48,50,47,48,46,52,50,53,52,54,50,50,No,No,No,No,No,No,No,No,No,No,No,No,No,No,No,No,No,No,53,51,50,1.523,8.651,5.523,0.034,5.167,1.382,0.741,0.481,64,22,64,64,0,16.1,0,0,0,0,0,0,18.9,20.9,15.7,18.6,17.2,25.2,15.3,20.9,17.7,44.6,46.2,45.5,42.6,44.1,2096.4,21.33,36,39,39,90,129,598,1,2,Yes,No,No,No,No,No,No,No,No,No,Yes,No,No,No,No,No,No,No,No,No,No,No,No,No,No,No,No,No,No,No,No,No,No,No,No,No,No,52,57,49,47,42,50,54,51,7377,7009,65,53,55,100,No,No,34671,80115,34.4,37.7,72.1,70.095,68.136,501006,185697,49,0.727,0.034,600,2096,0.1,0,0,0,0.1,0,0,0,0,42.6,1686,2271,1686,No,No,No,No,No,No,No,No,8.178,27.763,94.6,5.659,43.5,59.6,29.9,44.6,23.3,22.7,22.7,22.7,30,30.2,29.8,29.8,29.8,29.8,33.42,42.77,22.35,21.63,44.01,44.01,3.13,21.51,33.01,0.41,2.71,1011,49,0.3,0.2,0
1.7.2026,45:30.0,19814,3411,85.3,7029,885,88.8,21.8,15311,3330,0.664,0.66,0.665,0.66,0.67,0.651,0.766,1179.2,1179.2,1179.2,1179.2,1179.2,98.3,982.7,272.1,301,235.2,274.9,288.3,317.2,258.4,319.3,182.4,272.1,16.7,19.7,14.9,16.9,17.2,18.7,15.1,19,12,19.7,16.7,100,12.4,13.9,10.7,12.6,13.1,14.6,11.6,14.3,8.4,12.4,12,12,12,12,12,10,46,48,46,47,45,54,52,54,53,55,50,48,No,No,No,No,No,No,No,No,No,No,No,No,No,No,No,No,No,No,61,61,49,6.602,5.193,2.108,0.039,4.079,1.303,0.631,0.482,64,21,64,64,0,25.5,0,0,0,0,0,0,17.2,20.4,15.5,17.7,17.8,19.5,15.6,19.6,11.9,61.4,59.1,61.7,58.6,66.4,2096.4,21.33,36,39,39,90,129,598,1,2,Yes,No,No,No,No,No,No,No,No,No,Yes,No,No,No,No,No,No,No,No,No,No,No,No,No,No,No,No,No,No,No,No,No,No,No,No,No,No,52,57,49,47,42,50,54,51,7295,7021,65,54,55,100,No,No,34671,80115,11.1,0.1,11.2,4.435,0.08,501015,185697,50,0.725,0.039,600,2096,0.1,0,0,0,0.1,0,0,0,0,42.6,1686,2271,1686,No,No,No,No,No,No,No,No,8.178,27.77,94.6,5.659,43.5,59.6,29.9,44.6,23.3,22.7,22.7,22.7,30,30.2,29.8,29.8,29.8,29.8,33.42,42.77,22.35,21.63,44.01,44.01,3.13,21.51,33.01,0.41,2.71,1011,49,336.3,7.8,0
1.7.2026,45:32.1,19791,3434,85.2,7005,909,88.5,22.4,15311,3432,0.992,1.02,0.95,1.007,0.99,0.893,0.766,3685.1,3734.2,3537.6,3734.2,3734.2,98.3,3439.4,785.6,860.2,798.3,780.6,776.4,984.9,653.8,850.1,580.7,785.6,29.5,33.4,28.1,31.2,30.6,36.5,23.2,31.3,21.8,36.5,29.5,100,34.6,38.2,35,34.3,34.1,43.2,29,37.3,25.8,34.6,37.5,38,36,38,38,35,58,57,60,56,57,42,43,40,44,43,57,60,No,No,No,No,No,No,No,No,No,No,No,No,No,No,No,No,No,No,56,56,51,7.871,11.096,7.809,0.013,5.726,1.502,0.906,0.488,64,21,64,64,0,8.5,0,0,0,0,0,0,29.6,33.4,28.1,31.4,30.7,36.6,23.2,31.5,21.8,35.3,32.6,34.5,34.5,39.4,2096.4,21.33,36,39,39,90,129,598,1,2,Yes,No,No,No,No,No,No,No,No,No,Yes,No,No,No,No,No,No,No,No,No,No,No,No,No,No,No,No,No,No,No,No,No,No,No,No,No,No,52,56,49,48,42,50,54,52,7295,7034,65,54,55,100,No,No,34671,80116,89.8,29.7,100,76.002,54.72,501159,185801,51,0.725,0.013,600,2096,0.6,0.3,0,0.2,0.8,0,0,0,0,42.4,1677,2280,1677,No,No,No,No,No,No,No,No,8.175,27.77,94.6,5.641,43.5,59.6,29.9,44.6,23.3,22.7,22.7,22.7,30,30.2,29.8,29.8,29.8,29.8,33.42,42.77,22.35,21.63,44.01,44.01,3.13,21.51,33.01,0.41,2.71,1013,49,1005.3,11.7,0
1.7.2026,45:34.1,19783,3442,85.1,7103,811,89.7,22.2,15311,3405,0.684,0.685,0.69,0.688,0.675,0.663,0.711,1424.9,1474,1474,1474,1277.5,98.3,1277.5,1177.8,1189.6,976.8,1230,1158.2,1319,1190.8,1276.3,1081.6,1177.8,40.3,41,33.1,42.2,40.3,45.7,39.5,42.2,38.3,45.7,40.3,100,52.1,52.8,43.4,54.4,51.2,58.2,52.6,56.4,47.5,52.1,14.5,15,15,15,13,13,49,49,50,48,48,51,51,50,52,52,50,50,No,No,No,No,No,No,No,No,No,No,No,No,No,No,No,No,No,No,53,49,50,1.523,14.495,11.041,0.07,6.736,1.545,0.96,0.484,64,21,64,64,0,6.4,0,0,0,0,0,0,40.6,41.3,33.4,42.5,40.7,46.1,39.8,42.6,38.5,26.4,28.8,26.6,22,28.3,2096.4,21.33,36,39,39,90,129,598,1,2,Yes,No,No,No,No,No,No,No,No,No,Yes,No,No,No,No,No,No,No,No,No,No,No,No,No,No,No,No,No,No,No,No,No,No,No,No,No,No,53,56,49,48,42,50,54,52,7281,6984,65,54,55,100,No,No,34671,80116,37.5,0.2,37.6,72.543,0.365,501299,185802,50,0.727,0.07,600,2096,1,0.5,0,0.2,1.2,0,0,0,0,42.4,1676,2280,1677,No,No,No,No,No,No,No,No,8.175,27.77,94.6,5.624,43.5,59.6,29.9,44.6,23.3,22.7,22.7,22.7,30,30.2,29.8,29.8,29.8,29.8,33.42,42.77,22.35,21.63,44.01,44.01,3.13,21.51,33.01,0.41,2.71,1013,50,7.2,6.7,0
1.7.2026,45:36.1,19772,3453,85.1,7134,780,90.1,21.9,15311,3354,0.664,0.657,0.665,0.66,0.672,0.651,0.766,1179.2,1179.2,1179.2,1179.2,1179.2,98.3,982.7,349.3,503,287,322.3,325.9,443.3,310.7,371.5,231.1,349.3,19.3,26.1,15.8,19.6,18.3,24.6,17.4,19.8,13,26.1,19.3,100,15.9,22.7,13,14.7,14.8,20.1,14.3,17.1,10.6,15.9,12,12,12,12,12,10,47,49,47,47,46,53,51,53,53,54,50,49,No,No,No,No,No,No,No,No,No,No,No,No,No,No,No,No,No,No,53,49,49,1.016,6.185,3.148,0.029,4.326,1.305,0.624,0.505,64,21,64,64,0,16,0,0,0,0,0,0,19.7,26.2,15.9,19.7,19,24.8,17.4,20.6,14.3,51.7,49.8,52.7,49.3,55.1,2096.4,21.33,36,39,39,90,129,598,1,2,Yes,No,No,No,No,No,No,No,No,No,Yes,No,No,No,No,No,No,No,No,No,No,No,No,No,No,No,No,No,No,No,No,No,No,No,No,No,No,52,56,49,48,42,50,54,52,7281,6984,65,54,55,100,No,No,34671,80116,16.7,0.8,17.5,28.855,0.061,501354,185802,49,0.727,0.029,600,2096,0.1,0,0,0,0.1,0,0,0,0,42.4,1676,2280,1677,No,No,No,No,No,No,No,No,8.175,27.778,94.6,5.633,43.5,59.6,29.9,44.6,23.3,22.7,22.7,22.7,30,30.2,29.8,29.8,29.8,29.8,33.42,42.77,22.35,21.63,44.01,44.01,3.13,21.51,33.01,0.41,2.71,1013,50,1.3,0.2,0
1.7.2026,45:38.1,19730,3495,84.9,7155,759,90.4,21.9,15311,3351,0.907,0.797,0.795,1.045,0.99,0.736,0.766,3144.6,2456.7,2456.7,3930.7,3734.2,98.3,2260.2,523.8,663.6,564,558,451.4,674,424.8,470.9,384.1,523.8,23.1,28.4,22.3,24,21.8,26.2,19.3,24.5,18.1,28.4,23.1,100,23.3,29.5,25,25.1,20.2,28,19.5,21.6,17.4,23.3,32,25,25,40,38,23,50,50,48,58,46,50,50,52,42,54,50,58,No,No,No,No,No,No,No,No,No,No,No,No,No,No,No,No,No,No,52,48,50,2.539,8.509,5.361,0.016,4.965,1.371,0.753,0.515,64,20,64,64,0,11.6,0,0,0,0,0,0,23.6,29.1,23.1,24.9,22,28.1,19.9,24.5,17.5,45.9,42.2,46.6,44.4,50.5,1048.2,10.67,20,20,20,45,129,299,1,2,Yes,No,No,No,No,No,No,No,No,No,Yes,No,No,No,No,No,No,No,No,No,No,No,No,No,No,No,No,No,No,No,No,No,No,No,No,No,No,52,55,49,48,42,50,54,52,7268,6984,65,54,55,100,No,No,34671,80116,18.8,0.1,18.9,33.925,0.242,501420,185802,49,0.727,0.016,600,1048,0.1,0,0,0,0.1,0,0,0,0,42.4,1676,2280,1677,No,No,No,No,No,No,No,No,8.176,27.778,94.6,5.625,43.5,59.6,29.9,44.6,23.3,22.7,22.7,22.7,30,30.2,29.8,29.8,29.8,29.8,33.42,42.77,22.35,21.63,44.01,44.01,3.13,21.51,33.01,0.41,2.71,1015,50,812.2,19,0
1.7.2026,45:40.1,19617,3608,84.4,7127,787,90,21.8,15311,3332,0.934,1.02,0.862,0.862,0.99,0.893,0.711,3341.1,3734.2,2948,2948,3734.2,98.3,3439.4,332,475.8,303.2,301.2,228.5,349,371.2,385.6,241.4,332,16.8,23.2,14.8,16.3,12.3,18.7,17.9,19.3,12,23.2,16.8,100,15.4,21.5,13.9,13.8,10.7,18.1,16.6,17.3,10.9,15.4,34,38,30,30,38,35,49,53,46,50,46,51,47,54,50,54,53,53,No,No,No,No,No,No,No,No,No,No,No,No,No,No,No,No,No,No,54,54,50,5.84,6.869,3.783,0.054,4.502,1.32,0.67,0.506,64,20,64,64,0,22.7,0,0,0,0,0,0,16.9,23.3,14.9,16.4,12.4,17.9,18.4,19.7,12.2,55,49.9,59.1,52.3,58.7,1048.2,10.67,20,20,20,45,129,299,1,2,Yes,No,No,No,No,No,No,No,No,No,Yes,No,No,No,No,No,No,No,No,No,No,No,No,No,No,No,No,No,No,No,No,No,No,No,No,No,No,52,55,49,48,42,50,54,52,7241,6984,65,54,55,100,No,No,34671,80116,18.3,0.1,18.4,33.092,0.433,501483,185803,49,0.727,0.054,600,1048,2.3,2,0,0.5,2.6,0,0,0,0,38.6,1526,2430,1526,No,No,No,No,No,No,No,No,8.176,27.778,94.6,5.617,43.5,59.6,2.8,61.5,1,1,1,1,2.8,62.2,1,1,1,1,361.11,1028.25,16.25,16.21,1048.86,1048.86,0.98,0,361.11,0,667.11,1015,50,4.9,7.9,0
1.7.2026,45:42.1,19984,3241,86,7525,390,95,21.6,15311,3311,0.809,0.732,0.767,0.765,0.97,0.683,0.766,2530.4,1965.4,2260.2,2260.2,3635.9,98.3,1768.8,1378.7,1446.4,1212.9,1405.6,1399,1396.4,1392.2,1415.3,1361.4,1378.7,50.1,52.9,43.9,51.7,50.1,51.9,51,50.7,48.3,52.9,50.1,100,60,63.5,53.7,61.6,61.7,61.1,60.5,60,58.2,60,25.8,20,23,23,37,18,52,51,50,49,57,48,49,50,51,43,51,57,No,No,No,No,No,No,No,No,No,No,No,No,No,No,No,No,No,No,68,68,51,5.586,13.958,10.224,0.318,7.016,1.628,1.199,0.525,64,20,64,64,0,4.3,0,0,0,0,0,0,49.7,52.4,43.6,51.2,49.2,51.5,50.5,51.4,48,24.2,24.2,23.2,24.1,25.4,2096.4,21.33,36,39,39,90,129,598,1,2,Yes,No,No,No,No,No,No,No,No,No,Yes,No,No,No,No,No,No,No,No,No,No,No,No,No,No,No,No,No,No,No,No,No,No,No,No,No,No,51,55,49,48,42,50,54,52,7322,6984,65,53,55,100,No,No,34671,80116,11.8,0.8,12.7,17.162,0.386,501517,185804,51,0.725,0.318,600,2096,6.3,5.3,0,1.8,6.8,1.2,1.2,0,0,48.8,1930,2027,1931,No,No,No,No,No,No,No,No,8.175,27.786,94.6,5.592,43.5,59.6,52.7,261.9,16.7,15.4,15.3,15.3,50.6,62,12.7,10.2,10,10,19.28,71.02,4.07,2.94,84.33,84.33,2.46,10.56,13.54,5.74,7.09,1019,50,2044.2,94.3,0
1.7.2026,45:44.1,19988,3237,86,7326,588,92.5,21.6,15311,3309,0.709,0.72,0.67,0.72,0.727,0.678,0.766,1719.7,1867.1,1277.5,1867.1,1867.1,98.3,1670.6,1319.4,1391.1,1138.7,1494,1212.2,1263,1481.8,1312.5,1261.9,1319.4,48.3,52.5,41.9,53.9,44.5,47.4,51.1,49.1,46.1,53.9,48.3,100,57.7,60.9,50.1,64.8,52.8,55.2,63.8,58.8,55.5,57.7,17.5,19,13,19,19,17,51,54,50,50,49,49,46,50,50,51,54,54,No,No,No,No,No,No,No,No,No,No,No,No,No,No,No,No,No,No,51,51,51,2.539,13.956,10.369,0.158,7.082,1.603,1.105,0.52,64,19,64,64,0,3.1,0,0,0,0,0,0,48.3,52.5,42,54,44.6,47.5,51.2,48.1,46.4,24.3,26.2,24.1,20.7,26.1,2096.4,21.33,36,39,39,90,129,598,1,2,Yes,No,No,No,No,No,No,No,No,No,Yes,No,No,No,No,No,No,No,No,No,No,No,No,No,No,No,No,No,No,No,No,No,No,No,No,No,No,52,55,49,48,42,50,54,52,7295,7034,65,54,55,100,No,No,34671,80116,5.6,1.2,6.8,7.014,2.265,501530,185808,49,0.777,0.158,900,2096,4.4,3.5,0,1.4,4.7,0,2.5,0,0,48.9,1933,2023,1934,No,No,No,No,No,No,No,No,8.176,27.786,94.6,5.576,43.5,59.6,33.7,68.3,15.4,13.1,12.9,12.9,33.6,60.3,14.8,12.2,12,12,29.65,64.83,14.7,14.33,77.08,77.08,1.97,5.92,29.2,0.46,4.82,1023,50,2293.3,38.4,0
1.7.2026,45:46.1,19970,3255,85.9,7050,865,89,22.9,15311,3504,0.665,0.657,0.672,0.66,0.67,0.651,0.766,1203.8,1179.2,1277.5,1179.2,1179.2,98.3,982.7,673.2,836.6,590,711.7,465.7,824.3,744.4,710.5,502.7,673.2,33.1,41.9,30.4,35.1,24.6,38,33.7,34.6,26.1,41.9,33.1,100,29.9,37.1,26.6,31.4,20.7,36.1,32.5,31.5,23,29.9,12.2,12,13,12,12,10,47,48,47,47,46,53,52,53,53,54,50,48,No,No,No,No,No,No,No,No,No,No,No,No,No,No,No,No,No,No,53,51,51,1.016,8.746,5.23,0.179,5.555,1.53,0.993,0.513,64,19,64,64,0,7.3,0,0,0,0,0,0,33,41.9,30.4,35.2,24.6,38.2,33.4,34.7,25.4,37.2,32.6,43.3,33.3,39.4,2096.4,21.33,36,39,39,90,129,598,1,2,Yes,No,No,No,No,No,No,No,No,No,Yes,No,No,No,No,No,No,No,No,No,No,No,No,No,No,No,No,No,No,No,No,No,No,No,No,No,No,52,55,49,48,42,50,54,51,7295,7021,65,54,55,100,No,No,34672,80116,13.4,91.8,100,6.684,104.675,501543,186007,50,0.745,0.179,700,2096,5.3,4,0,1.9,5.8,0,3.8,0,0,48.6,1922,2035,1923,No,No,No,No,No,No,No,No,8.179,27.793,94.7,5.594,43.5,59.6,34.1,73.9,29.1,29.1,29.1,29.1,34.1,60.4,29.5,29.5,29.5,29.5,29.38,34.41,13.51,12.89,34.45,34.45,2.07,10.61,28.86,0.52,1.23,1024,50,479.5,5.8,0
1.7.2026,45:48.1,19959,3266,85.9,7257,657,91.6,22.9,15311,3502,0.819,0.782,0.717,0.712,1.062,0.726,0.766,2505.8,2358.4,1768.8,1768.8,4127.3,98.3,2161.9,824.8,966.4,814.7,805.9,613.4,881,879.6,963.1,674.5,824.8,40.4,45.9,39,41.9,31.6,42.7,38.1,47.5,36.1,47.5,40.4,100,35.8,42.6,36.4,35.6,27.1,38.9,32.5,43.3,30.2,35.8,25.5,24,18,18,42,22,49,50,48,50,49,51,50,52,50,51,50,50,No,No,No,No,No,No,No,No,No,No,No,No,No,No,No,No,No,No,52,51,49,4.57,10.06,6.491,0.239,5.801,1.579,1.128,0.511,64,19,64,64,0,2.2,0,0,0,0,0,0,40.6,46.1,39.1,42,31.8,43,41.4,46.2,35.3,28.9,25.5,36,27.1,27.2,1048.2,10.67,20,20,20,45,129,299,1,2,Yes,No,No,No,No,No,No,No,No,No,Yes,No,No,No,No,No,No,No,No,No,No,No,No,No,No,No,No,No,No,No,No,No,No,No,No,No,No,52,55,49,48,42,50,54,51,7308,7021,65,53,55,100,No,No,34672,80116,22.3,0.3,22.6,38.638,0.202,501621,186008,50,0.78,0.239,900,1048,5.9,4.7,0,2,6.3,0,3.6,0,0,48.4,1913,2043,1914,No,No,No,No,No,No,No,No,8.175,27.793,94.7,5.592,43.5,59.6,42.4,66.8,28.7,28.6,28.5,28.5,42.4,61.5,29.8,29.7,29.7,29.7,23.58,34.96,14.93,14.69,35.04,35.04,2.02,5.03,23.13,0.45,2.47,1025,50,127.9,8.9,0
1.7.2026,45:50.1,19908,3317,85.7,7209,705,91,22.2,15311,3394,0.89,0.902,0.885,0.89,0.882,0.808,0.763,3144.6,3144.6,3144.6,3144.6,3144.6,98.3,2948,927.5,1018.6,831.6,979.9,866.3,969.3,950,951.3,853.1,927.5,42.3,46.2,38.8,44.9,38.9,44,44.1,42.9,38.6,46.2,42.3,100,41.3,44.9,37.1,43.1,38.1,42.6,47.3,41,36.4,41.3,32,32,32,32,32,30,54,55,54,54,55,46,45,46,46,45,55,55,No,No,No,No,No,No,No,No,No,No,No,No,No,No,No,No,No,No,55,55,50,3.047,10.946,7.198,0.242,6.039,1.587,1.129,0.528,64,19,64,64,0,5,0,0,0,0,0,0,42.3,46.2,38.8,45,39,44,40.8,44.4,39.9,28.2,27.1,30.3,25.7,29.5,2096.4,21.33,36,39,39,90,129,598,1,2,Yes,No,No,No,No,No,No,No,No,No,Yes,No,No,No,No,No,No,No,No,No,No,No,No,No,No,No,No,No,No,No,No,No,No,No,No,No,No,52,55,49,48,42,50,54,51,7308,7021,65,53,55,100,No,No,34672,80116,8.3,0.4,8.7,15.643,3.598,501649,186014,51,0.78,0.242,900,2096,6.6,5,0,2.5,6.7,0.6,3.8,1.3,0,42.9,1698,2259,1699,No,No,No,No,No,No,No,No,8.179,27.793,94.7,5.594,43.5,59.6,42.5,131.2,20.1,18.8,18.6,18.6,42.5,61.2,17.9,15.2,15,15,23.52,49.79,7.52,5.8,53.71,53.71,1.87,4.14,23.1,0.43,4.74,1034,50,4959.2,128.6,0
1.7.2026,45:52.2,20118,3107,86.6,7465,449,94.3,22.2,15311,3394,1.001,1.02,0.987,1.007,0.987,0.893,0.766,3734.2,3734.2,3734.2,3734.2,3734.2,98.3,3439.4,1745.8,1919.6,1585.3,1794.7,1654.4,1889,1648.1,1856,1619.4,1745.8,52.5,57.6,48.3,55.5,50.3,55.6,49,52.8,50.5,57.6,52.5,100,75.7,83.7,69.9,77.9,72.3,81.9,71.4,76.1,72.1,75.6,38,38,38,38,38,35,65,64,66,61,68,35,36,34,39,32,67,68,No,No,No,No,No,No,No,No,No,No,No,No,No,No,No,No,No,No,66,66,51,7.617,19.006,14.92,0.368,8.513,1.747,1.341,0.543,64,18,64,64,0,0.1,0,0,0,0,0,0,52.6,57.5,48.2,55.7,50.2,55.6,49.1,55.2,49,18.1,17.3,19.2,18.1,17.8,2096.4,21.33,36,39,39,90,129,598,1,2,Yes,No,No,No,No,No,No,No,No,No,Yes,No,No,No,No,No,No,No,No,No,No,No,No,No,No,No,No,No,No,No,No,No,No,No,No,No,No,53,55,49,48,42,50,54,51,7308,7034,65,53,55,100,No,No,34672,80116,23.7,1.3,25.1,67.361,5.544,501785,186025,51,0.725,0.368,600,2096,6,5,0,1.8,6.3,0.5,0.9,1.5,0,45.8,1812,2145,1812,No,No,No,No,No,No,No,No,8.175,27.801,94.7,5.551,43.5,59.6,29.4,82.7,5.3,5,5,5,29.5,62.3,5.3,5,5,5,33.97,187.04,12.1,11.34,199.28,199.28,0.79,0,33.97,0,22.69,1046,50,6051.7,157.5,0
1.7.2026,45:54.2,20095,3130,86.5,7485,429,94.5,22,15311,3365,0.897,0.66,0.93,1.007,0.99,0.893,0.766,3046.3,1277.5,3439.4,3734.2,3734.2,98.3,3439.4,1311.2,1327,1094.8,1282.2,1242.5,1495.8,1256.5,1267.8,1523.1,1311.2,44.1,46.2,38.1,45.6,41.7,45.1,42.5,46.3,47.4,47.4,44.1,100,57.7,58.3,48.1,56.3,54.4,59.8,57.2,62.4,65.3,57.8,31,13,35,38,38,35,56,56,53,61,56,44,44,47,39,44,59,61,No,No,No,No,No,No,No,No,No,No,No,No,No,No,No,No,No,No,67,67,52,4.824,14.842,11.363,0.037,7.513,1.618,1.106,0.499,64,18,64,64,0,0.9,0,0,0,0,0,0,43.7,45.8,38,45.5,41.5,47.8,40.4,42.6,47.7,22.5,22.1,26.8,21.2,19.7,2096.4,21.33,36,39,39,90,129,598,1,2,Yes,No,No,No,No,No,No,No,No,No,Yes,No,No,No,No,No,No,No,No,No,No,No,No,No,No,No,No,No,No,No,No,No,No,No,No,No,No,53,57,49,48,42,50,54,51,7308,7034,65,53,55,100,No,No,34672,80116,51.3,0.8,52.1,124.482,3.684,502033,186033,52,0.725,0.037,600,2096,0.8,0.5,0,0.2,0.9,0,0,0,0,44,1740,2217,1740,No,No,No,No,No,No,No,No,8.176,27.801,94.7,5.56,43.5,59.6,14.1,62.5,3,2.9,2.9,2.9,14.1,60.3,3,2.9,2.9,2.9,70.93,336.98,16.01,15.96,348.37,348.37,0.33,0,70.93,0,54.52,1047,50,407.6,21.8,0
1.7.2026,45:56.2,20071,3154,86.4,7277,637,91.9,21.7,15311,3318,0.761,0.752,0.767,0.762,0.762,0.703,0.766,2235.6,2161.9,2260.2,2260.2,2260.2,98.3,1965.4,881.2,881.4,713.5,1075.4,774.7,974.8,792.8,990.3,846.8,881.2,40.5,41.6,34.3,46,36.6,48.7,35.4,43.3,38.4,48.7,40.5,100,39.6,39.1,31.5,47,34.1,49.5,33.7,43.3,38.4,39.6,22.8,22,23,23,23,20,50,50,50,49,49,50,50,50,51,51,51,50,No,No,No,No,No,No,No,No,No,No,No,No,No,No,No,No,No,No,65,65,51,7.871,10.602,7.26,0.027,5.998,1.541,1.021,0.485,64,18,64,64,0,3.7,0,0,0,0,0,0,40.7,41.8,34.6,46.2,37,45.9,37.4,44.1,38.8,28.4,32.1,28.1,27.1,26.3,2096.4,21.33,36,39,39,90,129,598,1,2,Yes,No,No,No,No,No,No,No,No,No,Yes,No,No,No,No,No,No,No,No,No,No,No,No,No,No,No,No,No,No,No,No,No,No,No,No,No,No,54,57,49,48,42,50,54,51,7281,7021,65,54,55,100,No,No,34672,80117,24.2,3.9,28.1,45.047,8.228,502111,186047,51,0.725,0.027,600,2096,0.5,0.3,0,0.1,0.6,0,0,0,0,44.2,1748,2209,1748,No,No,No,No,No,No,No,No,8.176,27.801,94.7,5.56,43.5,59.6,5.7,25.5,2.5,2.5,2.5,2.5,5.6,27.9,2.4,2.4,2.4,2.4,174.48,395.45,39.19,37.15,403.19,403.19,0.4,0.08,174.23,0.25,125.83,1048,50,508,9.3,0
1.7.2026,45:58.2,20030,3195,86.2,7008,906,88.5,22,15311,3374,0.67,0.667,0.67,0.667,0.675,0.653,0.766,1277.5,1277.5,1277.5,1277.5,1277.5,98.3,1080.9,807,855,774.1,759.1,757.3,844.9,727.6,864.2,873.5,807,45.8,49.3,41.9,45.2,44.4,49.3,42.5,48.6,45.2,49.3,45.8,100,35,37.5,33.7,33.5,33.1,37.1,31.9,37.7,35.2,35,13,13,13,13,13,11,48,49,48,47,48,52,51,52,53,52,50,49,No,No,No,No,No,No,No,No,No,No,No,No,No,No,No,No,No,No,53,51,51,3.047,8.106,4.797,0.028,5.207,1.486,0.971,0.484,64,18,64,64,0,4.7,0,0,0,0,0,0,46.2,49.2,42.2,45.4,44.6,49.4,42.7,48.7,47.4,30,29.4,31.6,29.9,29.2,2096.4,21.33,36,39,39,90,129,598,1,2,Yes,No,No,No,No,No,No,No,No,No,Yes,No,No,No,No,No,No,No,No,No,No,No,No,No,No,No,No,No,No,No,No,No,No,No,No,No,No,53,57,49,48,42,50,54,51,7268,7034,65,53,55,100,No,No,34672,80117,9.4,6.2,15.6,11.354,28.012,502134,186102,51,0.725,0.028,600,2096,0.6,0.3,0,0.2,0.9,0,0,0,0,44.1,1746,2211,1746,No,No,No,No,No,No,No,No,8.175,27.808,94.7,5.551,43.5,59.6,17.6,58.2,12,11.9,11.9,11.9,17.7,55.3,12.1,12,12,12,56.67,83.61,17.19,15.98,84.29,84.29,0.26,0,56.67,0,29.96,1049,51,182.6,12.5,0
1.7.2026,46:00.2,19856,3369,85.4,6897,1017,87.1,22.6,15311,3466,0.999,1.01,0.987,1.007,0.99,0.893,0.766,3734.2,3734.2,3734.2,3734.2,3734.2,98.3,3439.4,775.8,744.4,633.1,1003.7,735.9,840.5,850.7,777.3,621.1,775.8,35.7,35.1,31,41.4,33.8,37.3,37.5,36.2,33.2,41.4,35.7,100,33.9,33.2,27.9,43.4,31.9,35.6,35.8,33.7,29.7,33.9,38,38,38,38,38,35,60,55,63,65,55,40,45,37,35,45,63,65,No,No,No,No,No,No,No,No,No,No,No,No,No,No,No,No,No,No,53,52,50,3.047,10.096,6.722,0.014,5.74,1.525,1.037,0.484,64,17,64,64,0,2,0,0,0,0,0,0,35.4,34.9,30.7,41.3,33.8,37.7,37.8,36.5,30.6,35.9,36.7,31.2,35,40.6,2096.4,21.33,36,39,39,90,129,598,1,2,Yes,No,No,No,No,No,No,No,No,No,Yes,No,No,No,No,No,No,No,No,No,No,No,No,No,No,No,No,No,No,No,No,No,No,No,No,No,No,52,56,49,48,42,50,54,51,7295,7021,65,54,55,100,No,No,34672,80117,9.3,35.4,44.7,9.119,68.796,502151,186233,51,0.725,0.014,600,2096,0.5,0.2,0,0.1,0.7,0,0,0,0,43.4,1718,2239,1718,No,No,No,No,No,No,No,No,8.177,27.808,94.7,5.552,43.5,59.6,12,54.2,3.4,3.3,3.3,3.3,12,54.2,3.4,3.3,3.3,3.3,83.38,292.72,18.44,16.83,300.13,300.13,0.24,0,83.38,0,48.76,1049,51,404.3,7.5,0
1.7.2026,46:02.2,19755,3470,85,6856,1058,86.6,22.2,15311,3400,0.678,0.675,0.682,0.677,0.677,0.658,0.768,1351.2,1375.8,1375.8,1375.8,1277.5,98.3,1179.2,722.1,846.2,725.5,737.4,672.4,748.3,642.4,700.5,704.4,722.1,41.2,47.5,40.6,42.2,38.6,42.1,36.3,41.1,41.2,47.5,41.2,100,32.1,37.1,31.8,32.3,29.8,34.2,29.3,31,31.1,32.1,13.8,14,14,14,13,12,48,50,48,49,47,52,50,52,51,53,50,50,No,No,No,No,No,No,No,No,No,No,No,No,No,No,No,No,No,No,53,50,49,4.063,8.049,4.654,0.063,5.214,1.54,1.067,0.484,64,17,64,64,0,2.4,0,0,0,0,0,0,41.2,47.6,40.6,42.5,38.7,41.9,35.8,41.1,41.3,29,25.8,30,30.9,29,2096.4,21.33,36,39,39,90,129,598,1,2,Yes,No,No,No,No,No,No,No,No,No,Yes,No,No,No,No,No,No,No,No,No,No,No,No,No,No,No,No,No,No,No,No,No,No,No,No,No,No,51,56,49,48,42,50,54,51,7281,7034,65,54,55,100,No,No,34672,80117,13.6,0.1,13.6,25.514,0.172,502199,186234,49,0.727,0.063,600,2096,3.5,2.6,0,0.9,4.6,0,0,0,0,43.8,1732,2225,1732,No,No,No,No,No,No,No,No,8.179,27.816,94.7,5.562,43.5,59.6,27.2,103.4,3.2,2.9,2.9,2.9,25.7,60.9,3.1,2.9,2.9,2.9,36.81,313.58,9.79,8.82,350.21,350.21,0.95,0.34,36.3,0.51,29.29,1050,51,113.4,3.7,0
1.7.2026,46:04.2,19780,3445,85.1,6917,997,87.3,22.2,15311,3397,1.009,1.045,0.967,1.007,1.015,0.893,0.766,3709.6,3734.2,3635.9,3734.2,3734.2,98.3,3439.4,585,717.1,611.3,621.9,469.2,602.5,531.6,587.8,538.6,585,35,42.4,34.5,37.7,27.7,37.5,32.1,37,31.1,42.4,35,100,25.9,31.9,27.2,27.5,20.9,26.7,23.2,25.9,24,25.9,37.8,38,37,38,38,35,60,59,60,61,62,40,41,40,39,38,60,62,No,No,No,No,No,No,No,No,No,No,No,No,No,No,No,No,No,No,53,49,49,2.031,7.058,3.675,0.122,4.927,1.51,1.022,0.487,64,17,64,64,0,7.4,0,0,0,0,0,0,35.4,42.7,34.8,38.2,28.2,38.1,32.6,37.3,31.4,38.7,33,41.9,39.8,39.9,2096.4,21.33,36,39,39,90,129,598,1,2,Yes,No,No,No,No,No,No,No,No,No,Yes,No,No,No,No,No,No,No,No,No,No,No,No,No,No,No,No,No,No,No,No,No,No,No,No,No,No,53,56,49,48,42,50,54,51,7281,7021,65,54,55,100,No,No,34672,80117,15.5,0.3,15.7,19.045,0.099,502235,186234,51,0.91,0.122,1200,2096,4.5,3.4,0,1.8,4.8,0,3.7,0.4,0,44.8,1774,2183,1774,No,No,No,No,No,No,No,No,8.175,27.816,94.7,5.551,43.5,59.6,34,89.2,3.4,2.4,2.3,2.3,31.8,62.7,3.2,2.4,2.3,2.3,29.37,294.57,11.17,10.68,432.38,432.38,1.24,1.3,28.85,0.52,21.42,1050,51,232,13.8,0
1.7.2026,46:06.3,19811,3414,85.2,6852,1063,86.5,23,15311,3518,0.662,0.657,0.662,0.66,0.667,0.648,0.766,1179.2,1179.2,1179.2,1179.2,1179.2,98.3,982.7,988.1,1171.7,969.8,992.8,868.1,1031.7,854.9,990.4,1025.6,988.1,43.7,50.9,41.8,44,39,45.4,38.6,44.4,45.2,50.9,43.7,100,43.4,51.6,42.9,43.6,38.2,45.3,37.4,43.5,44.5,43.4,12,12,12,12,12,10,48,50,47,48,47,52,50,53,52,53,51,50,No,No,No,No,No,No,No,No,No,No,No,No,No,No,No,No,No,No,53,49,50,2.285,11.227,7.348,0.636,6.322,1.638,1.26,0.49,64,17,64,64,0,2,0,0,0,0,0,0,43.9,51.1,42,44.4,39.3,45.8,38.8,44.5,45.5,25.1,20.2,28.8,28.3,23.2,2096.4,21.33,36,39,39,90,129,598,1,2,Yes,No,No,No,No,No,No,No,No,No,Yes,No,Yes,No,No,No,No,No,No,No,No,No,No,No,No,Yes,No,No,No,No,No,No,No,No,No,No,No,52,56,49,48,42,50,54,51,7268,7034,65,54,55,100,No,No,34672,80117,14.3,54.7,69,14.509,68.713,502263,186367,50,0.78,0.636,900,2096,13.7,11.9,0,4,14.5,0,2,3.5,0,45.2,1787,2170,1787,No,No,No,No,No,No,No,No,8.175,27.816,94.7,5.534,43.5,59.6,52.1,71.3,23.9,20.6,20.3,20.3,50,62.4,23.3,20.3,20,20,19.2,41.82,14.02,12.38,49.23,49.23,0.8,0,19.2,0,4.19,1051,51,417.6,12.9,0
1.7.2026,46:08.3,19709,3516,84.8,6826,1088,86.2,22.8,15311,3492,0.668,0.657,0.665,0.672,0.677,0.663,0.766,1228.4,1179.2,1179.2,1277.5,1277.5,98.3,1277.5,548.9,673.1,523.2,579.2,474.1,579.7,504.5,606.3,451.1,548.9,38,46,36.7,40,32.2,39.9,35.5,42.2,31.2,46,38,100,24.5,30.1,23.7,26,21.2,25.8,22.2,26.9,20.2,24.5,12.5,12,12,13,13,13,47,48,46,47,46,53,52,54,53,54,50,48,No,No,No,No,No,No,No,No,No,No,No,No,No,No,No,No,No,No,52,48,49,0.762,6.427,2.739,0.334,4.87,1.54,1.091,0.49,64,16,64,64,0,4.6,0,0,0,0,0,0,38,45.9,36.6,40.1,32.3,40.1,35.4,42.3,31.1,32.1,26.9,34.4,33.2,33.8,2096.4,21.33,36,39,39,90,129,598,1,2,Yes,No,No,No,No,No,No,No,No,No,Yes,No,No,No,No,No,No,No,No,No,No,No,No,No,No,No,No,No,No,No,No,No,No,No,No,No,No,52,55,49,48,42,50,54,51,7281,6996,65,54,55,100,No,No,34672,80117,10.8,0.8,11.6,10.373,0.842,502283,186368,50,0.78,0.334,900,2096,8.9,7.3,0,3.2,9.7,0,1.9,4.5,0,40.4,1600,2357,1600,No,No,No,No,No,No,No,No,8.18,27.824,94.8,5.538,43.5,59.6,38.7,63.8,12.9,12.1,12,12,38.6,61.8,12.9,12.1,12,12,25.85,77.54,15.67,15.58,83.46,83.46,0.69,0,25.85,0,9.67,1052,51,548.9,14.2,0
1.7.2026,46:10.3,19691,3534,84.7,6876,1038,86.8,22.6,15311,3465,0.663,0.657,0.665,0.66,0.67,0.651,0.768,1179.2,1179.2,1179.2,1179.2,1179.2,98.3,982.7,626.3,730.5,606.7,701.6,599.8,666,523.1,624.8,558,626.3,38.2,45.6,37.5,42.8,36.4,40.6,31.5,38.2,33.2,45.6,38.2,100,27.9,32.5,27.3,31.1,26.6,29.7,23.3,27.8,24.7,27.9,12,12,12,12,12,10,47,48,46,47,46,53,52,54,53,54,49,48,No,No,No,No,No,No,No,No,No,No,No,No,No,No,No,No,No,No,52,49,48,2.285,6.928,3.394,0.278,5.016,1.512,1.041,0.485,64,16,64,64,0,8.6,0,0,0,0,0,0,38.3,45.5,37.5,42.9,36.5,40.8,31.6,38.3,33.3,35.6,30.2,35,38.7,38.5,1048.2,10.67,20,20,20,45,129,299,1,2,Yes,No,No,No,No,No,No,No,No,No,Yes,No,No,No,No,No,No,No,No,No,No,No,No,No,No,No,No,No,No,No,No,No,No,No,No,No,No,52,55,49,48,42,50,54,51,7281,6984,65,54,55,100,No,No,34672,80117,23.7,0.1,23.8,16.909,0.173,502315,186369,49,0.78,0.278,900,1048,6.8,5.7,0,2.1,7.6,0,1.6,1.3,0,40.3,1595,2361,1596,No,No,No,No,No,No,No,No,8.175,27.824,94.8,5.534,43.5,59.6,43,65.8,14.8,14.6,14.6,14.6,41.7,61.7,12.6,12.1,12,12,23.23,67.8,15.19,15.05,68.62,68.62,0.69,0,23.23,0,3.89,1052,51,0.2,0.2,0
1.7.2026,46:12.3,19684,3541,84.7,6929,985,87.5,22.3,15311,3410,0.662,0.657,0.662,0.66,0.667,0.651,0.766,1179.2,1179.2,1179.2,1179.2,1179.2,98.3,982.7,616.2,653.8,486.4,616.4,684.7,681.6,462,683.2,661.6,616.2,35.8,40.7,29.8,34.4,36.6,40.1,28.2,38.5,37.7,40.7,35.8,100,27.4,29.4,21.9,27.5,30,30.4,20.6,30.3,29.1,27.4,12,12,12,12,12,10,48,49,48,47,47,52,51,52,53,53,50,49,No,No,No,No,No,No,No,No,No,No,No,No,No,No,No,No,No,No,52,49,49,3.047,8.224,4.863,0.052,5.163,1.49,0.988,0.484,64,16,64,64,0,4.6,0,0,0,0,0,0,36,40.8,30.1,34.9,36.9,40.4,28.5,38.8,38,34.4,33.8,34.9,36.2,32.6,1048.2,10.67,20,20,20,45,129,299,1,2,Yes,No,No,No,No,No,No,No,No,No,Yes,No,No,No,No,No,No,No,No,No,No,No,No,No,No,No,No,No,No,No,No,No,No,No,No,No,No,52,54,49,48,42,50,54,51,7295,7021,65,54,55,100,No,No,34672,80117,18,0.8,18.8,18.741,0.138,502351,186369,49,0.78,0.052,900,1048,1.3,0.6,0,0.7,1.6,0,1.8,0,0,40.2,1589,2368,1589,No,No,No,No,No,No,No,No,8.176,27.824,94.8,5.519,43.5,59.6,32.4,123.3,16.9,16.7,16.7,16.7,0,0,0,0,0,0,30.91,59.34,8.11,7.8,60.04,60.04,0,0,30.91,0,0,1053,51,300.8,5.7,0
1.7.2026,46:14.3,19654,3571,84.6,6939,975,87.6,22,15311,3374,0.67,0.67,0.662,0.67,0.677,0.656,0.768,1252.9,1277.5,1179.2,1277.5,1277.5,98.3,1080.9,614.9,756.1,505.2,656.4,638.7,645.1,580.5,643.1,493.9,614.9,33.7,40.3,28.2,34.9,33.3,35.8,33.4,36.5,27.6,40.3,33.7,100,27.4,33.8,22.6,29.3,28.2,28.8,25.9,28.7,22.2,27.4,12.8,13,12,13,13,11,47,48,47,46,46,53,52,53,54,54,49,48,No,No,No,No,No,No,No,No,No,No,No,No,No,No,No,No,No,No,52,47,49,2.031,7.347,4.016,0.052,5.158,1.474,0.96,0.485,64,16,64,64,0,8,0,0,0,0,0,0,33.7,40.1,28.2,34.9,33.3,35.9,33.1,36.2,27.5,38.4,37,37.2,37.7,41.9,2096.4,21.33,36,39,39,90,129,598,1,2,Yes,No,No,No,No,No,No,No,No,No,Yes,No,No,No,No,No,No,No,No,No,No,No,No,No,No,No,No,No,No,No,No,No,No,No,No,No,No,52,54,49,48,42,50,54,51,7281,6996,65,54,55,100,No,No,34672,80117,17.4,2,19.4,18.739,0.547,502387,186370,48,0.78,0.052,900,2096,0.6,0.1,0,0.5,0.6,0,1.8,0,0,40.2,1589,2368,1589,No,No,No,No,No,No,No,No,8.175,27.831,94.8,5.518,43.5,59.6,10.3,59.6,5.6,5.6,5.6,5.6,10.2,55.7,5.5,5.5,5.5,5.5,97.4,178.19,16.71,16.32,178.67,178.67,2.03,37.1,96.84,0.55,55.03,1054,51,581.4,10.5,0
1.7.2026,46:16.3,19600,3625,84.3,7011,903,88.5,22,15311,3374,1.001,1.02,0.987,1.007,0.99,0.893,0.768,3734.2,3734.2,3734.2,3734.2,3734.2,98.3,3439.4,531.9,613.1,565.3,481.5,415.9,622.3,515,604.4,437.4,531.9,27,32.3,28.6,24.7,20.7,30,24.4,32.5,23,32.5,27,100,23.8,28,25.1,21.7,18.6,27.7,22.7,26.8,19.5,23.8,38,38,38,38,38,35,64,64,64,62,65,36,36,36,38,35,64,65,No,No,No,No,No,No,No,No,No,No,No,No,No,No,No,No,No,No,71,71,51,14.981,6.795,3.607,0.039,4.942,1.401,0.847,0.482,64,15,64,64,0,11.6,0,0,0,0,0,0,27.6,32.9,29.2,25.7,21.6,30.7,25.2,32.6,23.1,48.2,41.1,55.3,47.9,48.6,2096.4,21.33,36,39,39,90,129,598,1,2,Yes,No,No,No,No,No,No,No,No,No,Yes,No,No,No,No,No,No,No,No,No,No,No,No,No,No,No,No,No,No,No,No,No,No,No,No,No,No,50,54,49,48,42,50,54,51,7281,6984,65,55,55,100,No,No,34672,80117,24.9,0.1,25,42.453,0.264,502468,186370,51,0.735,0.039,650,2096,0.5,0.1,0,0.5,0.3,0,1.9,0,0,39.4,1559,2398,1559,No,No,No,No,No,No,No,No,8.176,27.831,94.8,5.511,43.5,59.6,6.8,8.6,5,5,5,5,6.8,8.6,5,5,5,5,145.99,199.35,115.77,115.69,201.1,201.1,2.54,27.55,145.71,0.29,41.43,1054,51,0.9,1.4,0
1.7.2026,46:18.3,19554,3671,84.1,6991,923,88.3,21.6,15311,3308,0.661,0.655,0.662,0.66,0.667,0.651,0.766,1179.2,1179.2,1179.2,1179.2,1179.2,98.3,982.7,1138.9,1145.4,1156.1,1136.4,1096.7,1316.9,1039.6,1180.9,1039.4,1138.9,44.5,46.4,45.9,45.3,44.1,51.6,39.1,44.3,39.2,51.6,44.5,100,49.5,49.7,49.9,49.4,47.8,57.3,45.3,51.6,45.1,49.5,12,12,12,12,12,10,48,50,47,48,47,52,50,53,52,53,50,50,No,No,No,No,No,No,No,No,No,No,No,No,No,No,No,No,No,No,51,49,49,1.777,11.986,8.636,0.031,6.463,1.532,1.025,0.484,64,15,64,64,0,4,0,0,0,0,0,0,44.2,46,45.4,44.9,43.8,51.2,38.7,44.4,39.2,25.4,24.6,26.9,24,26.2,2096.4,21.33,36,39,39,90,129,598,1,2,Yes,No,No,No,No,No,No,No,No,No,Yes,No,No,No,No,No,No,No,No,No,No,No,No,No,No,No,No,No,No,No,No,No,No,No,No,No,No,52,54,49,48,42,50,54,51,7295,6984,65,54,55,100,No,No,34672,80117,21.7,42.7,64.3,37.58,52.17,502540,186470,49,0.735,0.031,650,2096,0.6,0.2,0,0.5,0.5,0,1.8,0,0,39.1,1549,2408,1549,No,No,No,No,No,No,No,No,8.176,27.839,94.8,5.502,43.5,59.6,7.7,14.8,5.5,5.4,5.4,5.4,7.7,14.6,5.5,5.5,5.5,5.5,130.01,182.44,67.79,65.94,183.82,183.82,0.23,0,130.01,0,60.18,1054,51,335.1,9.1,0
1.7.2026,46:20.3,19558,3667,84.2,6992,922,88.3,21.6,15311,3308,0.68,0.667,0.682,0.682,0.688,0.656,0.766,1351.2,1277.5,1375.8,1375.8,1375.8,98.3,1080.9,419,482,310,404,402.5,495.8,354.9,433.3,469.1,419,25,29.7,19.2,23.6,23.2,30.2,21.7,26,26,30.2,25,100,18.8,21.8,14.1,18.3,18,22.5,15.9,19.5,20.7,18.8,13.8,13,14,14,14,11,47,49,46,46,46,53,51,54,54,54,49,49,No,No,No,No,No,No,No,No,No,No,No,No,No,No,No,No,No,No,51,49,49,4.316,5.972,2.821,0.046,4.675,1.374,0.781,0.485,64,15,64,64,0,14.9,0,0,0,0,0,0,25.2,29.9,19.6,24,23.4,30.4,22,26.3,26.1,49.7,49.7,50.9,47.5,50.7,2096.4,21.33,36,39,39,90,129,598,1,2,Yes,No,No,No,No,No,No,No,No,No,Yes,No,No,No,No,No,No,No,No,No,No,No,No,No,No,No,No,No,No,No,No,No,No,No,No,No,No,50,53,49,48,42,50,54,51,7281,6971,65,55,55,100,No,No,34672,80117,4.8,0.1,4.9,2.887,0.081,502546,186470,48,0.73,0.046,600,2096,0.4,0.1,0,0.2,0.5,0,0.5,0,0,39.1,1548,2408,1549,No,No,No,No,No,No,No,No,8.175,27.839,94.8,5.502,43.5,59.6,10,19.5,7.5,7.5,7.5,7.5,10,19.5,7.5,7.5,7.5,7.5,100.09,133.46,51.36,50.16,133.81,133.81,0.26,0,100.09,0,66.87,1056,51,655.7,5.8,0
1.7.2026,46:22.3,19511,3714,84,6973,941,88.1,21.6,15311,3308,0.662,0.657,0.662,0.66,0.667,0.651,0.766,1179.2,1179.2,1179.2,1179.2,1179.2,98.3,982.7,514.1,588.9,496.9,525.5,463.4,553,417.6,538.6,529,514.1,23.7,27.5,22.9,25.4,22.7,24.2,18.3,24.3,24.7,27.5,23.7,100,23.1,26.5,22.3,23.5,20.8,24.8,18.7,24.3,23.5,23.1,12,12,12,12,12,10,48,50,48,47,47,52,50,52,53,53,50,50,No,No,No,No,No,No,No,No,No,No,No,No,No,No,No,No,No,No,56,56,48,11.172,7.325,4.212,0.028,5.084,1.349,0.754,0.486,64,15,64,64,0,17.5,0,0,0,0,0,0,24.4,28.2,23.6,25.7,22.9,25.1,19.1,25.2,25.3,50.1,47.9,48.1,51.9,52.4,2096.4,21.33,36,39,39,90,129,598,1,2,Yes,No,No,No,No,No,No,No,No,No,Yes,No,No,No,No,No,No,No,No,No,No,No,No,No,No,No,No,No,No,No,No,No,No,No,No,No,No,51,53,49,48,42,50,54,51,7308,6996,65,55,55,100,No,No,34672,80117,3.9,0,3.9,1.523,0.038,502549,186471,48,0.727,0.028,600,2096,0.3,0.1,0,0.1,0.4,0,0,0,0,39.1,1548,2408,1549,No,No,No,No,No,No,No,No,8.176,27.839,94.8,5.494,43.5,59.6,4.3,5.2,3.9,3.9,3.9,3.9,4.3,5.4,3.8,3.8,3.8,3.8,232.47,258.17,191.78,190.73,258.37,258.37,0.43,0.08,232.19,0.28,139.35,1056,51,389.4,10.9,0
1.7.2026,46:24.3,19501,3724,83.9,6909,1005,87.2,21.6,15311,3307,0.928,1.02,0.795,0.907,0.99,0.893,0.768,3292,3734.2,2456.7,3242.8,3734.2,98.3,3439.4,680.3,709.2,672.1,715.5,709.1,673.7,560.1,720.5,682.1,680.3,29.4,31.8,28.9,31.6,29.3,29.8,24,30.7,29.5,31.8,29.4,100,30.8,32.5,30.4,32.3,32,30.5,25.3,32.5,30.6,30.8,33.5,38,25,33,38,35,49,50,50,48,48,51,50,50,52,52,50,50,No,No,No,No,No,No,No,No,No,No,No,No,No,No,No,No,No,No,50,47,48,0.762,9.11,5.926,0.036,5.588,1.367,0.767,0.482,64,15,64,64,0,12.4,0,0,0,0,0,0,29.5,31.7,28.4,32.1,29.7,29.7,23.8,31.1,29.3,35.8,35.1,36.1,35.6,36.4,1048.2,10.67,20,20,20,45,129,299,1,2,Yes,No,No,No,No,No,No,No,No,No,Yes,No,No,No,No,No,No,No,No,No,No,No,No,No,No,No,No,No,No,No,No,No,No,No,No,No,No,50,53,49,48,42,50,54,51,7295,6996,65,55,55,100,No,No,34672,80117,2.5,0,2.5,0.947,0.134,502551,186471,48,0.727,0.036,600,1048,0.5,0.3,0,0.1,0.6,0,0,0,0,39.4,1558,2398,1559,No,No,No,No,No,No,No,No,8.175,27.846,94.8,5.485,43.5,59.6,4.8,7.5,2.9,2.9,2.9,2.9,4.8,7.5,2.9,2.9,2.9,2.9,208.26,345.8,132.67,132.18,350.3,350.3,0.25,0,208.26,0,154.49,1056,51,16.7,10,0
1.7.2026,46:26.3,19506,3719,83.9,6917,997,87.3,21.6,15311,3307,1.033,1.107,0.987,1.007,1.03,0.911,0.768,3881.6,4127.3,3734.2,3734.2,3930.7,98.3,3537.6,615.8,679.3,555.7,631.7,528.1,644.3,600.1,666,621.5,615.8,25.3,28.6,22.5,25.8,22.3,26.7,24.7,27.8,24.3,28.6,25.3,100,27.7,30.7,25,28.4,23.9,29,26.8,30,27.6,27.7,39.5,42,38,38,40,36,52,62,47,53,46,48,38,53,47,54,62,62,No,No,No,No,No,No,No,No,No,No,No,No,No,No,No,No,No,No,50,48,48,1.777,8.764,5.63,0.033,5.451,1.368,0.75,0.482,64,15,64,64,0,14.3,0,0,0,0,0,0,25.8,29.1,23,26.3,22.9,27.3,25.2,27.8,24.7,43.9,41.9,48.1,40,45.6,2096.4,21.33,36,39,39,90,129,598,1,2,Yes,No,No,No,No,No,No,No,No,No,Yes,No,No,No,No,No,No,No,No,No,No,No,No,No,No,No,No,No,No,No,No,No,No,No,No,No,No,51,53,49,48,42,50,54,51,7295,6984,65,55,55,100,No,No,34672,80117,4,0.6,4.7,2.706,0.036,502556,186471,48,0.727,0.033,600,2096,0.4,0.2,0,0.1,0.6,0,0,0,0,39.4,1557,2399,1558,No,No,No,No,No,No,No,No,8.175,27.846,94.8,5.469,43.5,59.6,7.8,20,4.7,4.6,4.6,4.6,7.7,19.1,4.7,4.6,4.6,4.6,128.81,214,49.9,48.04,216.45,216.45,0.49,0.1,128.48,0.33,78.88,1056,51,5.6,3.5,0
1.7.2026,46:28.3,19580,3645,84.3,6979,936,88.1,21.8,15311,3331,1.001,1.02,0.987,1.007,0.99,0.893,0.766,3734.2,3734.2,3734.2,3734.2,3734.2,98.3,3439.4,933.4,1014.1,869.6,943.9,841.3,992.7,969.1,957.5,878.9,933.4,38.4,42.3,34,40,35.8,40.5,38.3,40.6,35.9,42.3,38.4,100,40.7,44.7,38.1,41.6,36.7,43.1,41.4,41.7,38.2,40.7,38,38,38,38,38,35,58,61,61,58,54,42,39,39,42,46,61,61,No,No,No,No,No,No,No,No,No,No,No,No,No,No,No,No,No,No,53,53,49,2.285,11.323,8.001,0.048,6.09,1.505,1.006,0.491,64,15,64,64,0,7.7,0,0,0,0,0,0,38.8,42.4,34.2,40.4,36,41.1,38.9,41.1,36.2,32.1,32.3,33.8,30,32.4,2096.4,21.33,36,39,39,90,129,598,1,2,Yes,No,No,No,No,No,No,No,No,No,Yes,No,No,No,No,No,No,No,No,No,No,No,No,No,No,No,No,No,No,No,No,No,No,No,No,No,No,51,53,49,48,42,50,54,51,7295,6996,65,55,55,100,No,No,34672,80117,26.2,8.3,34.5,34.603,25.432,502623,186520,49,0.727,0.048,600,2096,1.1,0.7,0,0.3,1.4,0,0,0,0,39.3,1556,2400,1557,No,No,No,No,No,No,No,No,8.175,27.846,94.8,5.461,43.5,59.6,20.4,296.3,3.5,3.3,3.3,3.3,19.2,60.3,3.5,3.4,3.3,3.3,49.04,282.12,3.36,1.59,300.93,300.93,0.83,8.32,48.79,0.25,33.78,1059,51,1156.6,43.9,0
1.7.2026,46:30.3,19588,3637,84.3,6920,994,87.4,22.4,15311,3426,0.718,0.717,0.72,0.715,0.72,0.676,0.768,1768.8,1768.8,1768.8,1768.8,1768.8,98.3,1572.3,673,672.2,674.1,757.2,548.2,731.6,676.8,729.4,594.2,673,30.2,31.2,29.5,32.1,25.7,32.3,30.4,32.8,27.8,32.8,30.2,100,29.8,29.7,29.5,33.3,24.3,32.7,30.5,32.4,26.3,29.9,18,18,18,18,18,16,47,48,46,47,46,53,52,54,53,54,49,48,No,No,No,No,No,No,No,No,No,No,No,No,No,No,No,No,No,No,50,47,49,0.762,9.507,6.222,0.028,5.692,1.478,0.967,0.485,64,15,64,64,0,5.1,0,0,0,0,0,0,30.3,31.4,29.7,32.4,26,32.4,30.1,33,27.8,37.4,37.4,38.5,36.9,36.9,2096.4,21.33,36,39,39,90,129,598,1,2,Yes,No,No,No,No,No,No,No,No,No,Yes,No,No,No,No,No,No,No,No,No,No,No,No,No,No,No,No,No,No,No,No,No,No,No,No,No,No,51,53,49,48,42,50,54,51,7308,6996,65,55,55,100,No,No,34672,80117,30.9,34.6,65.6,24.52,61.719,502669,186637,49,0.727,0.028,600,2096,0.6,0.4,0,0.2,0.8,0,0,0,0,39.6,1565,2391,1566,No,No,No,No,No,No,No,No,8.177,27.854,94.9,5.47,43.5,59.6,10.6,20.2,5.1,5,5,5,10.6,20.1,5.1,5,5,5,94.3,194.96,49.55,49.52,198.87,198.87,0.34,0,94.3,0,81.43,1059,51,8.8,7,0
1.7.2026,46:32.3,19576,3649,84.2,6914,1000,87.3,22.4,15311,3426,0.673,0.667,0.672,0.672,0.68,0.656,0.768,1277.5,1277.5,1277.5,1277.5,1277.5,98.3,1080.9,421.5,485.9,315.4,490.6,406.9,454.4,355,433.6,429.8,421.5,24.8,30.2,18.7,28.6,23.8,27.6,20.9,24.6,23.8,30.2,24.8,100,18.8,21.9,14.4,21.8,18,20.4,15.9,19.3,18.9,18.8,13,13,13,13,13,11,47,48,46,47,46,53,52,54,53,54,48,48,No,No,No,No,No,No,No,No,No,No,No,No,No,No,No,No,No,No,50,48,49,3.809,6.496,3.142,0.099,4.835,1.414,0.873,0.484,64,15,64,64,0,15.7,0,0,0,0,0,0,25.1,30.5,19,28.8,24,28,21.2,24.9,24.1,50.3,49,49.6,49.9,52.6,2096.4,21.33,36,39,39,90,129,598,1,2,Yes,No,No,No,No,No,No,No,No,No,Yes,No,No,No,No,No,No,No,No,No,No,No,No,No,No,No,No,No,No,No,No,No,No,No,No,No,No,50,52,49,48,42,50,54,51,7281,6984,65,55,55,100,No,No,34672,80117,4.6,0.2,4.8,1.414,0.311,502672,186637,48,0.73,0.099,600,2096,3.6,2.5,0,0.9,4.6,0,0,0,0,39.6,1565,2391,1566,No,No,No,No,No,No,No,No,8.175,27.854,94.9,5.477,43.5,59.6,57.6,98.7,25.4,20.2,19.7,19.7,54.7,60.5,18.8,15.3,15,15,17.37,39.32,10.1,8.84,50.62,50.62,1.01,1.24,16.83,0.53,2.09,1060,51,390.1,9.6,0
1.7.2026,46:34.3,19586,3639,84.3,6963,952,87.9,22,15311,3363,0.956,1.02,0.932,0.962,0.91,0.893,0.768,3513.1,3734.2,3439.4,3537.6,3341.1,98.3,3439.4,568.5,665,462.8,561.9,445,681.3,559.7,684.9,487.5,568.5,32.9,38.6,27.7,33.9,26.4,39,30.9,38.2,28.3,39,32.9,100,25.1,29.5,20.6,24.9,19.8,30,24.7,30,21.4,25.1,35.8,38,35,36,34,35,52,56,52,52,48,48,44,48,48,52,56,56,No,No,No,No,No,No,No,No,No,No,No,No,No,No,No,No,No,No,50,48,48,5.586,6.993,3.873,0.028,4.976,1.382,0.828,0.487,64,15,64,64,0,7.9,0,0,0,0,0,0,32.9,38.6,27.8,34,26.6,39,31,38.3,28.2,38.4,37.2,42.6,35,38.7,2096.4,21.33,36,39,39,90,129,598,1,2,Yes,No,No,No,No,No,No,No,No,No,Yes,No,No,No,No,No,No,No,No,No,No,No,No,No,No,No,No,No,No,No,No,No,No,No,No,No,No,51,52,49,49,42,50,54,51,7295,6971,65,55,55,100,No,No,34672,80117,9.2,0,9.2,13.751,0.079,502698,186637,48,0.73,0.028,600,2096,0.6,0.3,0,0.1,0.7,0,0,0,0,39.4,1558,2400,1561,No,No,No,No,No,No,No,No,8.176,27.862,94.9,5.462,43.5,59.6,8.7,26.2,5,5,4.9,4.9,8.8,28.4,5.1,5,5,5,114.59,201.1,37.78,36.81,202.53,202.53,1.06,17.97,114.11,0.49,95.27,1061,51,600.2,7.1,0
1.7.2026,46:36.3,19587,3638,84.3,6969,945,88,22,15311,3363,0.666,0.662,0.667,0.662,0.672,0.653,0.711,1179.2,1179.2,1179.2,1179.2,1179.2,98.3,982.7,428.5,489.8,434.5,433.7,320.6,466.3,377,480.3,425.9,428.5,21.2,24.8,22.2,23.1,17.6,22.9,18.4,21.6,18.7,24.8,21.2,100,19.2,21.9,19.4,19.7,14.6,21,17,21.3,18.7,19.2,12,12,12,12,12,10,45,47,45,44,45,55,53,55,56,55,48,47,No,No,No,No,No,No,No,No,No,No,No,No,No,No,No,No,No,No,50,47,47,1.27,6.788,3.749,0.036,4.881,1.317,0.697,0.481,64,15,64,64,0,16.3,0,0,0,0,0,0,21.8,25.3,22.9,23.7,18.3,23.7,19.2,22.4,19.3,53.9,49.4,54.1,53.5,58.7,1048.2,10.67,20,20,20,45,129,299,1,2,Yes,No,No,No,No,No,No,No,No,No,Yes,No,No,No,No,No,No,No,No,No,No,No,No,No,No,No,No,No,No,No,No,No,No,No,No,No,No,50,52,49,49,42,50,54,51,7308,6959,65,55,55,100,No,No,34672,80117,1.4,0.1,1.5,1.273,0.151,502701,186638,47,0.727,0.036,600,1048,0.2,0.1,0,0.1,0.3,0,0,0,0,39.2,1552,2404,1553,No,No,No,No,No,No,No,No,8.177,27.862,94.9,5.454,43.5,59.6,10.2,71.8,6.3,6.3,6.3,6.3,10,53.8,6,6,6,6,97.61,159.6,13.69,11.64,160.46,160.46,0.6,0.23,97.15,0.45,72.1,1061,51,0.9,0.6,0
1.7.2026,46:38.3,19589,3636,84.3,6984,930,88.2,22,15311,3363,0.664,0.652,0.667,0.662,0.672,0.651,0.768,1154.6,1080.9,1179.2,1179.2,1179.2,98.3,884.4,538.2,527.1,451.1,558.3,502.1,578.5,510.2,613.7,564.9,538.2,32.7,32.3,27.5,36,31.3,34.1,31.2,36.3,33,36.3,32.7,100,23.7,23.4,19.9,24.6,22,25.5,22.6,26.9,24.6,23.7,11.8,11,12,12,12,9,46,47,45,44,46,54,53,55,56,54,48,47,No,No,No,No,No,No,No,No,No,No,No,No,No,No,No,No,No,No,51,49,47,4.063,6.494,3.338,0.02,4.843,1.373,0.845,0.485,64,15,64,64,0,7.7,0,0,0,0,0,0,33,32.5,27.7,36.1,31.6,34.5,31.4,36.6,33.1,42.8,46.3,42,40.8,42.1,2096.4,21.33,36,39,39,90,129,598,1,2,Yes,No,No,No,No,No,No,No,No,No,Yes,No,No,No,No,No,No,No,No,No,No,No,No,No,No,No,No,No,No,No,No,No,No,No,No,No,No,50,52,49,49,42,50,54,51,7281,6984,65,55,55,100,No,No,34672,80117,6.4,0.1,6.5,3.128,0.22,502707,186638,48,0.73,0.02,600,2096,0.4,0.2,0,0.1,0.5,0,0,0,0,39.2,1552,2404,1553,No,No,No,No,No,No,No,No,8.177,27.862,94.9,5.462,43.5,59.6,3.6,5.4,2.8,2.8,2.8,2.8,3.6,5.4,2.7,2.7,2.7,2.7,273.93,361.48,186.39,184.78,363.27,363.27,0.68,62.54,273.67,0.27,189.93,1061,51,415.2,12.4,0
1.7.2026,46:40.3,19566,3659,84.2,6987,928,88.2,22,15311,3363,0.802,0.652,0.9,0.665,0.99,0.843,0.768,2309.3,1080.9,3242.8,1179.2,3734.2,98.3,3144.6,569.7,568.7,527.1,719.8,545.4,543,576,625.7,452.1,569.7,34.3,34.5,30.3,43.5,33,32.5,33.5,38.7,28.4,43.5,34.3,100,25,25.1,23.4,31.2,23.8,24,25.2,27.2,19.9,25,23.5,11,33,12,38,32,46,47,47,44,46,54,53,53,56,54,48,47,No,No,No,No,No,No,No,No,No,No,No,No,No,No,No,No,No,No,50,47,47,1.777,6.866,3.681,0.018,4.854,1.407,0.907,0.485,64,15,64,64,0,1,0,0,0,0,0,0,34.5,34.6,30.6,43.6,33.2,32.8,33.6,38.9,28.6,40.8,41.5,36.2,41.9,43.3,1048.2,10.67,20,20,20,45,129,299,1,2,Yes,No,No,No,No,No,No,No,No,No,Yes,No,No,No,No,No,No,No,No,No,No,No,No,No,No,No,No,No,No,No,No,No,No,No,No,No,No,50,51,49,49,42,50,54,51,7295,6984,65,55,55,100,No,No,34672,80117,3.7,0.1,3.8,3.126,0.112,502713,186638,48,0.73,0.018,600,1048,0.4,0.2,0,0.1,0.5,0,0,0,0,39.2,1552,2405,1552,No,No,No,No,No,No,No,No,8.177,27.869,94.9,5.446,43.5,59.6,4.6,13.6,2.3,2.2,2.2,2.2,4.6,14.6,2.3,2.2,2.2,2.2,215.41,438.54,74.07,72.63,445.37,445.37,0.61,0.14,215.03,0.37,131.61,1063,51,525.3,9.7,0
1.7.2026,46:42.3,19543,3682,84.1,6977,937,88.1,22,15311,3363,0.87,1.02,0.807,0.807,0.845,0.893,0.768,2923.5,3734.2,2555,2555,2849.8,98.3,3439.4,593.7,695.1,478.4,596.9,496.7,650.9,610.1,659.7,561.8,593.7,33.9,39.5,28.2,35.1,28.7,38.3,32.8,36.1,32.8,39.5,33.9,100,26.2,30.9,21.4,26.5,22,28.9,26.3,29.2,24.6,26.2,29.8,38,26,26,29,35,50,58,48,47,46,50,42,52,53,54,58,58,No,No,No,No,No,No,No,No,No,No,No,No,No,No,No,No,No,No,50,48,48,1.523,7.4,4.215,0.034,4.97,1.397,0.859,0.485,64,15,64,64,0,9.8,0,0,0,0,0,0,33.9,39.4,28.1,35,28.7,38.2,33,35.9,32.7,41.3,38.9,44.5,39.6,42.2,2096.4,21.33,36,39,39,90,129,598,1,2,Yes,No,No,No,No,No,No,No,No,No,Yes,No,No,No,No,No,No,No,No,No,No,No,No,No,No,No,No,No,No,No,No,No,No,No,No,No,No,50,51,49,49,42,50,54,51,7281,6984,65,56,55,100,No,No,34672,80117,5.5,0.1,5.6,3.539,0.106,502719,186639,48,0.73,0.034,600,2096,0.8,0.4,0,0.2,1,0,0,0,0,39.2,1552,2404,1553,No,No,No,No,No,No,No,No,8.175,27.869,94.9,5.428,43.5,59.6,12,73.5,5.5,5.5,5.5,5.5,10.9,60.2,5.5,5.5,5.5,5.5,83,181.88,13.56,13.27,182.74,182.74,0.59,0.12,82.62,0.38,87.21,1063,51,231.8,20.5,0
1.7.2026,46:44.3,19522,3703,84,6975,939,88.1,22,15311,3363,1.001,1.02,0.987,1.007,0.99,0.893,0.768,3734.2,3734.2,3734.2,3734.2,3734.2,98.3,3439.4,637.7,745.5,630.1,655.9,636.9,642.7,593.4,649.8,547,637.7,27,31.8,25,27.4,26,28.7,25,28.5,23.6,31.8,27,100,27.8,32.7,27.5,28.8,27.6,28,26,28.2,23.8,27.8,38,38,38,38,38,35,53,53,61,49,49,47,47,39,51,51,61,61,No,No,No,No,No,No,No,No,No,No,No,No,No,No,No,No,No,No,54,54,48,6.348,9.144,5.936,0.042,5.618,1.409,0.854,0.484,64,15,64,64,0,12.6,0,0,0,0,0,0,27.4,32.2,25.3,27.9,26.5,29.2,25.2,29,24.1,49.1,46.2,49.3,49.8,51.2,2096.4,21.33,36,39,39,90,129,598,1,2,Yes,No,No,No,No,No,No,No,No,No,Yes,No,No,No,No,No,No,No,No,No,No,No,No,No,No,No,No,No,No,No,No,No,No,No,No,No,No,50,52,49,49,42,50,54,51,7281,7021,65,56,55,100,No,No,34672,80117,3.7,0.1,3.7,1.219,0.117,502722,186639,47,0.727,0.042,600,2096,0.9,0.6,0,0.2,1,0,0,0,0,39.4,1559,2398,1559,No,No,No,No,No,No,No,No,8.176,27.869,94.9,5.429,43.5,59.6,8.8,88.4,4.4,4.3,4.3,4.3,7.1,27.2,4.3,4.3,4.3,4.3,114.31,229.15,11.36,10.1,232.48,232.48,0.5,0.05,113.93,0.38,95.13,1063,51,229.2,15.9,0
1.7.2026,46:46.4,19573,3652,84.2,7029,885,88.8,22,15311,3362,0.737,0.8,0.797,0.67,0.682,0.736,0.711,1867.1,2456.7,2456.7,1277.5,1277.5,98.3,2260.2,722.9,862,718.2,655,674.8,790.8,699.6,676.9,706.2,722.9,38.1,44.8,36.7,36.7,35.3,40.3,36.5,37.7,36.4,44.8,38.1,100,31.9,38,32,29.2,29.6,34.8,30.6,30,31.2,31.9,19,25,25,13,13,23,46,48,44,47,44,54,52,56,53,56,48,48,No,No,No,No,No,No,No,No,No,No,No,No,No,No,No,No,No,No,51,48,48,1.523,9.198,5.75,0.242,5.558,1.515,1.048,0.488,64,15,64,64,0,2.5,0,0,0,0,0,0,38.1,44.7,36.8,36.8,35.3,40.4,36.5,37.8,36.4,33.8,30.2,36.7,33.2,35,2096.4,21.33,36,39,39,90,129,598,1,2,Yes,No,No,No,No,No,No,No,No,No,Yes,No,No,No,No,No,No,No,No,No,No,No,No,No,No,No,No,No,No,No,No,No,No,No,No,No,No,50,52,49,49,42,50,54,51,7281,7034,65,55,55,100,No,No,34672,80117,23.6,0.8,24.4,14.873,0.057,502750,186639,48,0.73,0.242,600,2096,7.9,6.5,0,1.9,9.3,0,0,0,0,40,1583,2374,1583,No,No,No,No,No,No,No,No,8.18,27.877,95,5.432,43.5,59.6,60.1,69.6,52.8,52.2,52.2,52.2,56.6,61.8,23.6,15.6,15.1,15.1,16.64,18.72,14.51,14.46,18.92,18.92,1.42,6.75,16.06,0.58,0.7,1064,51,187.1,33.3,0
1.7.2026,46:48.4,19563,3662,84.2,6946,968,87.7,22.2,15311,3396,0.889,0.905,0.9,0.677,1.072,0.893,0.768,2972.6,3144.6,3242.8,1375.8,4127.3,98.3,3439.4,770,905.5,722.9,889.3,650.8,739.2,644.9,762.1,845.2,770,38.8,44.2,36.9,43.3,34,39.8,34,38.6,39.2,44.2,38.8,100,33.6,39.7,31.9,38.7,28.6,32.6,28.4,33.4,35.6,33.6,30.2,32,33,14,42,35,54,49,53,47,68,46,51,47,53,32,68,68,No,No,No,No,No,No,No,No,No,No,No,No,No,No,No,No,No,No,55,55,48,11.68,9.15,5.876,0.058,5.589,1.46,0.94,0.484,64,15,64,64,0,4.6,0,0,0,0,0,0,39,44.2,37.1,43.4,34.3,39.9,34.3,38.8,39.8,34.4,32.7,35.2,36.4,33.3,2096.4,21.33,36,39,39,90,129,598,1,2,Yes,No,No,No,No,No,No,No,No,No,Yes,No,No,No,No,No,No,No,No,No,No,No,No,No,No,No,No,No,No,No,No,No,No,No,No,No,No,50,52,49,49,42,50,54,51,7295,6996,65,55,55,100,No,No,34672,80117,9,78.6,87.5,3.532,28.245,502757,186693,49,0.727,0.058,600,2096,1.7,0.8,0,0.5,2.5,0,0,0,0,39.9,1580,2376,1581,No,No,No,No,No,No,No,No,8.175,27.877,95,5.42,43.5,59.6,60.1,94.7,44.2,41.3,41,41,60,61.9,58.1,57.6,57.6,57.6,16.62,22.64,10.53,9.08,24.4,24.4,0.63,0.41,16.12,0.5,0.98,1064,51,2.1,1.1,0
1.7.2026,46:50.4,19561,3664,84.2,6952,962,87.8,22.2,15311,3396,0.93,0.977,1.025,0.985,0.732,0.893,0.768,3267.4,3537.6,3930.7,3635.9,1965.4,98.3,3439.4,842.5,1009.5,789.7,914.6,757.6,948.3,592.7,658.5,1069.3,842.5,29.1,36.8,27.3,31.9,25.8,32.6,20.2,23.3,34.9,36.8,29.1,100,36.8,44,34.7,39.8,32.9,41.1,25.9,28.9,46.8,36.8,33.2,36,40,37,20,35,51,51,52,49,52,49,49,48,51,48,52,52,No,No,No,No,No,No,No,No,No,No,No,No,No,No,No,No,No,No,63,63,48,8.379,11.365,7.936,0.164,6.391,1.492,0.959,0.49,64,15,64,64,0,7.5,0,0,0,0,0,0,29.6,37.2,27.8,32.6,26.3,33.1,20.8,23.8,34.9,44.3,40.9,45.2,48.7,42.3,2096.4,21.33,36,39,39,90,129,598,1,2,Yes,No,No,No,No,No,No,No,No,No,Yes,No,No,No,No,No,No,No,No,No,No,No,No,No,No,No,No,No,No,No,No,No,No,No,No,No,No,51,52,49,49,42,50,54,51,7308,7009,65,55,55,100,No,No,34672,80117,8.5,0,8.5,1.864,0.127,502761,186693,49,0.73,0.164,600,2096,4.4,3.5,0,1,5.2,0,0,0,0,31.3,1238,2718,1239,No,No,No,No,No,No,No,No,8.177,27.884,95,5.405,43.5,59.6,59.6,87.5,45.1,43.2,43,43,60,62.6,57.8,57.2,57.2,57.2,16.76,22.48,11.53,11.32,23.81,23.81,1,0.05,16.36,0.41,1.2,1065,51,802,11.2,0
1.7.2026,46:52.4,19580,3645,84.3,6822,1092,86.1,22.2,15311,3395,0.687,0.685,0.692,0.688,0.685,0.663,0.768,1449.5,1474,1474,1474,1375.8,98.3,1277.5,1175.8,1331.9,1243,1222.8,981.5,1260,1005.9,1148.6,1212.9,1175.8,39,42.5,39.5,41.9,34.5,41.6,32.5,38.1,41.3,42.5,39,100,50.5,57.4,53.2,52.3,42.1,54.5,43,49.1,51.9,50.5,14.8,15,15,15,14,13,48,50,47,47,46,52,50,53,53,54,50,50,No,No,No,No,No,No,No,No,No,No,No,No,No,No,No,No,No,No,74,74,50,13.965,14.214,10.706,0.114,6.939,1.52,1.018,0.482,64,15,64,64,0,4.2,0,0,0,0,0,0,38.6,42,38.9,41.3,34.1,40.9,32,38.3,41,37.7,34.6,40.3,41.2,34.8,2096.4,21.33,36,39,39,90,129,598,1,2,Yes,No,No,No,No,No,No,No,No,No,Yes,No,No,No,No,No,No,No,No,No,No,No,No,No,No,No,No,No,No,No,No,No,No,No,No,No,No,50,53,49,49,42,50,54,51,7391,7046,65,56,55,100,No,No,34672,80117,2.2,0,2.3,1.642,0.039,502764,186693,49,0.727,0.114,600,2096,2.2,1.9,0,0.5,2.4,0,0,0,0,31.4,1242,2715,1243,No,No,No,No,No,No,No,No,8.176,27.884,95,5.396,43.5,59.6,19.4,152.8,6,6,6,6,19.6,60.3,6,6,6,6,51.45,166.64,6.64,5.86,166.91,166.91,1.41,0.01,51.07,0.38,59.79,1065,51,2.1,3.4,0
1.7.2026,46:54.4,19559,3666,84.2,6638,1276,83.8,22.2,15311,3395,0.926,0.997,0.872,0.862,0.97,0.893,0.766,3316.5,3635.9,3046.3,2948,3635.9,98.3,3439.4,1012.5,1039.5,870,831.5,958.8,995.7,946.4,1049.9,1408.3,1012.5,31.4,32.7,27.3,25.9,30.2,31.9,30.2,31.8,41.6,41.6,31.4,100,43.3,45,37.3,35.9,40.8,42.8,40.6,45,59.3,43.3,33.8,37,31,30,37,35,54,52,57,49,58,46,48,43,51,42,63,58,No,No,No,No,No,No,No,No,No,No,No,No,No,No,No,No,No,No,52,49,48,2.031,13.842,10.446,0.075,7.008,1.512,1.008,0.486,64,15,64,64,0,7,0,0,0,0,0,0,31.5,33,27.5,26.3,30.5,32.1,30.3,31.2,41.3,44.9,47.1,51.1,45.7,35.8,2096.4,21.33,36,39,39,90,129,598,1,2,Yes,No,No,No,No,No,No,No,No,No,Yes,No,No,No,No,No,No,No,No,No,No,No,No,No,No,No,No,No,No,No,No,No,No,No,No,No,No,51,54,49,49,42,50,54,51,7281,6959,65,56,55,100,No,No,34672,80117,2.7,0.1,2.8,0.824,0.074,502765,186693,49,0.727,0.075,600,2096,1.7,1.5,0,0.4,1.9,0,0,0,0,31.4,1241,2716,1242,No,No,No,No,No,No,No,No,8.176,27.884,95,5.404,43.5,59.6,13.4,261,5.2,5.1,5.1,5.1,13.5,60.5,5.5,5.5,5.5,5.5,74.76,192.6,3.75,3.68,195.42,195.42,1.13,0,74.36,0.4,90.93,1066,51,576.4,10.6,0
1.7.2026,46:56.4,19561,3664,84.2,6704,1210,84.7,21.8,15311,3338,0.996,1.02,0.987,1.007,0.97,0.893,0.768,3709.6,3734.2,3734.2,3734.2,3635.9,98.3,3439.4,421.5,484.5,422,358.1,525.8,466.6,326.9,390.7,397.6,421.5,20.8,25.3,20.4,19.9,24,21.9,16,20.1,18.5,25.3,20.8,100,18.8,21.7,18.8,16.3,22.9,20.8,14.7,17.4,17.4,18.8,37.8,38,38,38,37,35,54,50,67,47,52,46,50,33,53,48,67,67,No,No,No,No,No,No,No,No,No,No,No,No,No,No,No,No,No,No,50,47,48,0.762,7.593,4.392,0.05,5.034,1.382,0.797,0.484,64,15,64,64,0,12.2,0,0,0,0,0,0,21,25.3,20.5,20.1,24.1,22.7,16.6,20.2,18.5,51.8,48.5,48.1,53.6,57.2,1048.2,10.67,20,20,20,45,129,299,1,2,Yes,No,No,No,No,No,No,No,No,No,Yes,No,No,No,No,No,No,No,No,No,No,No,No,No,No,No,No,No,No,No,No,No,No,No,No,No,No,51,54,49,49,42,50,54,51,7241,6984,65,55,55,100,No,No,34672,80117,24.9,0.7,25.6,28.211,0.06,502820,186693,49,0.727,0.05,600,1048,0.8,0.6,0,0.2,1,0,0,0,0,31.3,1240,2717,1240,No,No,No,No,No,No,No,No,8.181,27.892,95,5.416,43.5,59.6,9.5,61.9,5,4.9,4.9,4.9,10,54.6,5.5,5.5,5.5,5.5,105.7,201.17,16.12,14.59,203.24,203.24,0.92,0,105.39,0.31,117.76,1066,51,11.4,7.7,0
1.7.2026,46:58.4,19559,3666,84.2,6723,1192,84.9,21.8,15311,3338,0.667,0.662,0.667,0.665,0.672,0.653,0.768,1179.2,1179.2,1179.2,1179.2,1179.2,98.3,982.7,270.2,387.2,244.8,336.6,215.9,290.6,197.5,280.1,209.1,270.2,17.5,24.2,16.7,19.6,14.6,19.1,13.3,19.1,13.7,24.2,17.5,100,12.2,17.3,11.1,15,10.2,13.1,9,12.7,9.4,12.2,12,12,12,12,12,10,45,47,45,44,44,55,53,55,56,56,48,47,No,No,No,No,No,No,No,No,No,No,No,No,No,No,No,No,No,No,50,47,47,1.523,5.502,2.38,0.047,4.389,1.336,0.711,0.481,64,15,64,64,0,25.8,0,0,0,0,0,0,18.1,25,17.4,20.4,15.2,19.3,13.4,19.8,14.3,62.3,56.7,62.1,65,65.3,2096.4,21.33,36,39,39,90,129,598,1,2,Yes,No,No,No,No,No,No,No,No,No,Yes,No,No,No,No,No,No,No,No,No,No,No,No,No,No,No,No,No,No,No,No,No,No,No,No,No,No,51,53,49,49,42,50,54,51,7377,7034,65,56,55,100,No,No,34672,80117,9.8,0,9.8,3.062,0.006,502826,186693,48,0.73,0.047,600,2096,0.2,0.1,0,0.1,0.3,0,0,0,0,31.3,1238,2719,1238,No,No,No,No,No,No,No,No,8.177,27.892,95,5.405,43.5,59.6,1.9,1.9,1.9,1.9,1.9,1.9,1.9,1.9,1.9,1.9,1.9,1.9,530.96,532.64,529.28,529.25,532.67,532.67,0.83,124.74,530.63,0.33,121.44,1066,51,0.3,0.2,0
1.7.2026,47:00.4,19552,3673,84.1,6744,1170,85.2,21.8,15311,3338,0.666,0.662,0.667,0.662,0.672,0.653,0.768,1179.2,1179.2,1179.2,1179.2,1179.2,98.3,982.7,320.5,378.4,282.7,317.6,301.8,406.6,283.9,303.8,288.8,320.5,18.6,23.1,16,18.3,17.6,23.1,16.1,17.8,16.5,23.1,18.6,100,14.3,17,12.7,14.2,13.5,18,12.6,13.5,12.7,14.3,12,12,12,12,12,10,44,46,45,44,42,56,54,55,56,58,48,46,No,No,No,No,No,No,No,No,No,No,No,No,No,No,No,No,No,No,50,47,47,4.063,4.949,1.85,0.051,4.434,1.326,0.705,0.482,64,15,64,64,0,28.9,0,0,0,0,0,0,18.8,23.4,16.1,18.7,17.9,23.5,16.3,18,16.7,62.4,58.9,63,60.3,67.3,2096.4,21.33,36,39,39,90,129,598,1,2,Yes,No,No,No,No,No,No,No,No,No,Yes,No,No,No,No,No,No,No,No,No,No,No,No,No,No,No,No,No,No,No,No,No,No,No,No,No,No,50,53,49,49,42,50,54,51,7228,7110,65,56,55,100,No,No,34672,80117,27.7,0.4,28.2,4.945,0.032,502835,186693,47,0.73,0.051,600,2096,0.2,0.1,0,0.1,0.3,0,0,0,0,31.3,1238,2719,1238,No,No,No,No,No,No,No,No,8.177,27.892,95,5.405,43.5,59.6,2.2,2.7,1.8,1.8,1.8,1.8,2.2,2.7,1.8,1.8,1.8,1.8,457.68,547.58,367.79,366.14,549.41,549.41,0.28,0,457.68,0,191.52,1066,51,1,0.3,0
1.7.2026,47:02.4,19543,3682,84.1,6756,1158,85.3,21.8,15311,3335,0.668,0.662,0.67,0.665,0.675,0.653,0.768,1179.2,1179.2,1179.2,1179.2,1179.2,98.3,982.7,233.4,279.9,194.1,251.4,228.1,324,179.7,235.9,174.2,233.4,17.2,21.5,14.6,17.8,16.8,22.4,13.6,18.3,12.5,22.4,17.2,100,10.6,12.9,8.9,11.5,10.4,14.6,8.2,10.6,7.9,10.6,12,12,12,12,12,10,44,45,44,44,44,56,55,56,56,56,48,45,No,No,No,No,No,No,No,No,No,No,No,No,No,No,No,No,No,No,50,45,47,1.27,4.592,1.487,0.044,4.104,1.306,0.696,0.484,64,15,64,64,0,26.7,0,0,0,0,0,0,17.3,21.7,14.7,17.9,16.9,22.7,13.6,18.3,12.5,62.8,60,62.3,61.2,67.6,1048.2,10.67,20,20,20,45,129,299,1,2,Yes,No,No,No,No,No,No,No,No,No,Yes,No,No,No,No,No,No,No,No,No,No,No,No,No,No,No,No,No,No,No,No,No,No,No,No,No,No,50,52,49,49,42,50,54,51,7391,7046,65,56,55,100,No,No,34672,80117,5.9,0.3,6.2,1.889,0.183,502839,186694,47,0.73,0.044,600,1048,0.2,0.1,0,0.1,0.3,0,0,0,0,31.1,1232,2725,1232,No,No,No,No,No,No,No,No,8.177,27.9,95,5.397,43.5,59.6,2,2,2,2,2,2,2,2,2,2,2,2,499.54,499.57,499.5,499.5,499.57,499.57,0.31,0,499.54,0,233.23,1067,51,314.3,5,0
1.7.2026,47:04.4,19544,3681,84.1,6757,1158,85.3,21.8,15311,3335,0.667,0.662,0.667,0.665,0.675,0.653,0.713,1179.2,1179.2,1179.2,1179.2,1179.2,98.3,982.7,216.2,283.1,191.3,241.2,176.8,240.5,191.6,249.1,155.8,216.2,16.1,21.2,14,17.5,13.3,17.7,14.5,19,11.9,21.2,16.1,100,9.9,13.1,8.8,11,8.2,11.1,8.8,11.2,7,9.9,12,12,12,12,12,10,43,45,43,42,42,57,55,57,58,58,47,45,No,No,No,No,No,No,No,No,No,No,No,No,No,No,No,No,No,No,50,46,46,1.523,4.464,1.412,0.045,3.863,1.307,0.684,0.483,64,15,64,64,0,28.3,0,0,0,0,0,0,16.4,21.6,14.2,17.8,13.6,18.1,14.8,19.2,12,63.8,59.6,64.9,63,67.9,2096.4,21.33,36,39,39,90,129,598,1,2,Yes,No,No,No,No,No,No,No,No,No,Yes,No,No,No,No,No,No,No,No,No,No,No,No,No,No,No,No,No,No,No,No,No,No,No,No,No,No,49,52,49,49,42,49,53,50,7201,6971,65,56,55,100,No,No,34672,80117,2.1,0,2.1,0.877,0.006,502840,186694,48,0.73,0.045,600,2096,0.3,0.1,0,0.1,0.4,0,0,0,0,31.1,1232,2724,1233,No,No,No,No,No,No,No,No,8.177,27.9,95,5.389,43.5,59.6,1.8,1.8,1.8,1.8,1.8,1.8,1.8,1.8,1.8,1.8,1.8,1.8,549.62,549.62,549.62,549.62,549.62,549.62,0.3,0,549.62,0,466.76,1068,51,483.4,5.8,0
1.7.2026,47:06.4,19563,3662,84.2,6802,1112,85.9,21.7,15311,3321,1.001,1.02,0.987,1.007,0.99,0.893,0.768,3734.2,3734.2,3734.2,3734.2,3734.2,98.3,3439.4,461.1,572.2,470.8,470.3,421.1,494.2,372.3,435.6,452.3,461.1,26.8,34.2,27.7,27.3,23.8,28.6,21.2,24.9,26.8,34.2,26.8,100,19.9,25.7,20.8,20.4,18,21.2,15.7,18.5,19,19.9,38,38,38,38,38,35,56,54,57,56,57,44,46,43,44,43,54,57,No,No,No,No,No,No,No,No,No,No,No,No,No,No,No,No,No,No,50,47,47,4.57,5.922,2.605,0.1,4.617,1.418,0.875,0.485,64,15,64,64,0,14.7,0,0,0,0,0,0,27.7,35,28.8,28.7,24.5,29.4,21.9,25.8,27.6,45.6,38.8,47.6,48.8,47.4,2096.4,21.33,36,39,39,90,129,598,1,2,Yes,No,No,No,No,No,No,No,No,No,Yes,No,No,No,No,No,No,No,No,No,No,No,No,No,No,No,No,No,No,No,No,No,No,No,No,No,No,50,52,49,49,42,49,53,50,7281,6959,65,56,55,100,No,No,34672,80117,10.9,0.1,10.9,7.921,0.052,502856,186694,48,0.73,0.1,600,2096,4.2,3.5,0,1,5.2,0,0,0,0,31.2,1234,2723,1234,No,No,No,No,No,No,No,No,8.177,27.907,95.1,5.372,43.5,59.6,40.2,86.4,9.1,8.8,8.8,8.8,40.5,62.2,8.9,8.6,8.6,8.6,24.89,109.56,11.58,11.52,113.81,113.81,1.41,0.04,24.3,0.59,10.84,1068,51,1.6,6.7,0
1.7.2026,47:08.5,19568,3657,84.2,6857,1058,86.6,21.6,15311,3300,0.665,0.662,0.665,0.662,0.67,0.653,0.768,1179.2,1179.2,1179.2,1179.2,1179.2,98.3,982.7,905.9,1038.6,860.6,976.5,805.6,991.1,802,905,867.4,905.9,40.7,46.7,40,43,36.5,43.2,37.1,40,39.1,46.7,40.7,100,40.4,45.6,38.9,43.5,36.4,44.3,35.8,40.5,38.7,40.5,12,12,12,12,12,10,46,47,46,44,45,54,53,54,56,55,48,47,No,No,No,No,No,No,No,No,No,No,No,No,No,No,No,No,No,No,50,49,48,5.078,10.454,6.823,0.232,6.076,1.562,1.119,0.489,64,15,64,64,0,5.5,0,0,0,0,0,0,40.4,46.4,39.3,42.6,36.4,43.2,36.9,39.9,38.8,31.4,27,33.1,33.6,32,1048.2,10.67,20,20,20,45,129,299,1,2,Yes,No,No,No,No,No,No,No,No,No,Yes,No,No,No,No,No,No,No,No,No,No,No,No,No,No,No,No,No,No,No,No,No,No,No,No,No,No,51,52,49,49,42,49,53,50,7241,6947,65,56,55,100,No,No,34672,80117,16.5,1.3,17.8,7.217,0.153,502869,186694,48,0.73,0.232,600,1048,6.8,5.6,0,1.6,8,0,0,0,0,31.2,1234,2723,1234,No,No,No,No,No,No,No,No,8.176,27.907,95.1,5.355,43.5,59.6,59,97.4,39.3,36.1,35.8,35.8,56.6,61.4,23.7,15.7,15.1,15.1,16.96,25.56,10.12,9.33,27.79,27.79,1.46,5.99,16.49,0.47,1.96,1068,51,12.5,5.7,0
1.7.2026,47:10.5,19574,3651,84.2,6903,1011,87.2,21.5,15311,3294,0.667,0.662,0.667,0.665,0.672,0.653,0.768,1179.2,1179.2,1179.2,1179.2,1179.2,98.3,982.7,570.8,718.5,640.6,573,462.8,634.4,456.2,501.7,579.4,570.8,34,42.3,35.5,35,27.4,37.3,28.1,31,35.2,42.3,34,100,25.3,32,28.6,25.6,20.5,28,20.2,22.2,25.5,25.3,12,12,12,12,12,10,44,45,45,44,44,56,55,55,56,56,48,45,No,No,No,No,No,No,No,No,No,No,No,No,No,No,No,No,No,No,50,47,47,1.777,7.143,3.703,0.175,5.047,1.482,0.97,0.516,64,15.5,64,64,0,9.2,0,0,0,0,0,0,33.9,42.1,35.4,35,27.4,37.3,28,30.9,35.1,39.7,32.5,43.3,41.7,41.4,1048.2,10.67,20,20,20,45,129,299,1,2,Yes,No,No,No,No,No,No,No,No,No,Yes,No,No,No,No,No,No,No,No,No,No,No,No,No,No,No,No,No,No,No,No,No,No,No,No,No,No,50,51,49,49,42,49,53,50,7308,6947,65,55,55,100,No,No,34672,80117,17.7,0.1,17.8,18.929,0.201,502906,186695,47,0.73,0.175,600,1048,4.7,4.1,0,1.1,5.3,0,0,0,0,31.2,1234,2723,1234,No,No,No,No,No,No,No,No,8.176,27.907,95.1,5.355,43.5,59.6,52.4,81.7,15.2,10.8,10.4,10.4,52.7,62,14.8,10.3,10,10,19.13,66.99,12.05,11.82,95.91,95.91,1.46,0.33,18.49,0.65,5.31,1068,51,0.4,0.5,0
1.7.2026,47:12.5,19575,3650,84.2,6910,1004,87.3,21.5,15311,3294,0.784,0.787,0.785,0.782,0.782,0.728,0.768,2358.4,2358.4,2358.4,2358.4,2358.4,98.3,2161.9,457.9,580.8,490.9,527.4,363.3,482.7,359.5,429,429.5,457.9,26.2,33.7,28.6,30.9,20.5,26.3,20.1,24.7,24.6,33.7,26.2,100,20.2,25.8,22.1,23.2,16.1,21.3,15.9,18.8,18.7,20.2,24,24,24,24,24,22,45,47,45,44,44,55,53,55,56,56,47,47,No,No,No,No,No,No,No,No,No,No,No,No,No,No,No,No,No,No,49,45,47,0.762,5.979,2.74,0.074,4.769,1.403,0.835,0.516,64,15.5,64,64,0,18,0,0,0,0,0,0,26.7,34.1,29,31.5,21,27,20.6,25.3,25,51.4,42.4,51.8,56.7,54.9,1048.2,10.67,20,20,20,45,129,299,1,2,Yes,No,No,No,No,No,No,No,No,No,Yes,No,No,No,No,No,No,No,No,No,No,No,No,No,No,No,No,No,No,No,No,No,No,No,No,No,No,49,51,49,49,42,49,53,50,7295,6947,65,56,55,100,No,No,34672,80117,3.1,0.1,3.1,0.879,0.128,502907,186695,47,0.732,0.074,600,1048,2.4,2.1,0,0.5,2.7,0,0,0,0,31.2,1234,2723,1234,No,No,No,No,No,No,No,No,8.178,27.915,95.1,5.357,43.5,59.6,23.4,80.7,2.3,1.9,1.9,1.9,23.4,61,2.3,1.9,1.9,1.9,42.85,437,12.33,12.31,532.22,532.22,1.31,0.05,42.4,0.45,27.98,1069,51,481.7,6.4,0
1.7.2026,47:14.5,19571,3654,84.2,6929,985,87.5,21.3,15311,3261,0.784,0.787,0.785,0.782,0.782,0.728,0.768,2358.4,2358.4,2358.4,2358.4,2358.4,98.3,2161.9,386.1,494.1,387.9,452.9,319.4,437.4,297.2,357.7,342.4,386.1,26.7,34.3,26.3,30.8,22,29.9,20.4,25.5,24.2,34.3,26.7,100,17.6,22.4,17.8,20.5,14.7,19.9,13.4,16.5,15.4,17.6,24,24,24,24,24,22,44,46,45,44,42,56,54,55,56,58,46,46,No,No,No,No,No,No,No,No,No,No,No,No,No,No,No,No,No,No,49,46,47,1.777,5.769,2.51,0.083,4.668,1.405,0.861,0.508,64,15.5,64,64,0,12.4,0,0,0,0,0,0,27.1,34.6,26.7,31.4,22.4,30.2,20.8,25.8,24.6,44.6,38,45,48,47.4,1048.2,10.67,20,20,20,45,129,299,1,2,Yes,No,No,No,No,No,No,No,No,No,Yes,No,No,No,No,No,No,No,No,No,No,No,No,No,No,No,No,No,No,No,No,No,No,No,No,No,No,49,51,49,49,42,49,53,50,7268,6959,65,56,55,100,No,No,34672,80117,17.8,0.1,17.9,9.409,0.1,502925,186695,47,0.73,0.083,600,1048,2.3,2,0,0.5,2.7,0,0,0,0,31.2,1236,2720,1237,No,No,No,No,No,No,No,No,8.177,27.915,95.1,5.356,43.5,59.6,1.9,1.9,1.9,1.9,1.9,1.9,1.9,1.9,1.9,1.9,1.9,1.9,530.35,530.35,530.35,530.35,530.35,530.35,0.6,522.95,529.89,0.46,231.31,1069,51,0.8,6,0
1.7.2026,47:16.5,19590,3635,84.3,6935,979,87.6,21.3,15311,3261,0.667,0.665,0.667,0.665,0.672,0.653,0.713,1179.2,1179.2,1179.2,1179.2,1179.2,98.3,982.7,456.6,548.7,466.8,518.1,374.9,448.9,373.3,471.1,451.1,456.6,28.8,35.6,29.7,32.8,23.2,29.3,23.8,29.1,27.3,35.6,28.8,100,20.6,24.7,21.2,23.3,17.1,20.4,16.8,21,20.1,20.6,12,12,12,12,12,10,43,45,43,43,42,57,55,57,57,58,47,45,No,No,No,No,No,No,No,No,No,No,No,No,No,No,No,No,No,No,49,46,47,2.031,5.952,2.683,0.112,4.799,1.408,0.865,0.508,64,15.5,64,64,0,10.6,0,0,0,0,0,0,29.5,36.1,30.3,33.5,24,30.1,24.4,29.7,28,44.2,38.2,45,48.1,45.4,1048.2,10.67,20,20,20,45,129,299,1,2,Yes,No,No,No,No,No,No,No,No,No,Yes,No,No,No,No,No,No,No,No,No,No,No,No,No,No,No,No,No,No,No,No,No,No,No,No,No,No,49,51,49,49,42,49,53,50,7281,6971,65,56,55,100,No,No,34672,80117,2.4,0,2.5,0.365,0.011,502926,186695,47,0.732,0.112,600,1048,3.3,2.8,0,0.8,4,0,0,0,0,31.5,1245,2712,1245,No,No,No,No,No,No,No,No,8.177,27.915,95.1,5.356,43.5,59.6,27.5,141.9,2.9,2.4,2.3,2.3,27.4,60.7,2.9,2.4,2.3,2.3,36.42,340.62,6.91,6.88,431.86,431.86,1.19,1.93,35.92,0.5,36.69,1069,51,0.2,0.1,0
1.7.2026,47:18.5,19597,3628,84.3,6951,963,87.8,21.3,15311,3261,0.666,0.662,0.667,0.662,0.672,0.653,0.768,1179.2,1179.2,1179.2,1179.2,1179.2,98.3,982.7,538.6,731.6,543.3,555.8,463.2,575.6,433.3,464,542,538.6,28.6,37.7,27.8,31,25.8,30.8,23.8,23.4,28.6,37.7,28.6,100,24.1,32.6,24.8,24.7,20.8,25.7,19.3,21,24,24.1,12,12,12,12,12,10,44,46,45,43,44,56,54,55,57,56,47,46,No,No,No,No,No,No,No,No,No,No,No,No,No,No,No,No,No,No,49,45,47,1.016,7.125,3.848,0.102,5.046,1.401,0.842,0.513,64,16,64,64,0,10.1,0,0,0,0,0,0,28.6,37.6,27.8,31.1,25.8,30.8,23.7,23.6,28.6,45.3,36.9,46.9,48.5,48.8,2096.4,21.33,36,39,39,90,129,598,1,2,Yes,No,No,No,No,No,No,No,No,No,Yes,No,No,No,No,No,No,No,No,No,No,No,No,No,No,No,No,No,No,No,No,No,No,No,No,No,No,50,50,49,49,42,49,53,50,7295,6996,65,56,55,100,No,No,34672,80117,6.6,0.2,6.8,6.12,0.134,502938,186695,47,0.73,0.102,600,2096,2.3,2,0,0.5,2.6,0,0,0,0,31.4,1243,2714,1244,No,No,No,No,No,No,No,No,8.179,27.922,95.1,5.349,43.5,59.6,12.5,78,1.9,1.9,1.9,1.9,12.5,62.5,1.9,1.9,1.9,1.9,80.03,516.99,12.77,12.52,533.53,533.53,1.25,0,79.63,0.4,64.15,1070,51,388.9,6.5,0
1.7.2026,47:20.5,19655,3570,84.6,6782,1132,85.6,22.4,15311,3423,0.667,0.662,0.667,0.665,0.672,0.653,0.771,1179.2,1179.2,1179.2,1179.2,1179.2,98.3,982.7,659.4,779.3,554.6,732.7,589.5,754.8,528.1,732.3,604.2,659.4,30.4,35.6,26.6,33.9,26.3,34.2,24.4,33.9,28,35.6,30.4,100,29.3,34.7,25.1,32.5,26.3,33.4,23.5,32.3,26.6,29.3,12,12,12,12,12,10,44,46,43,43,42,56,54,57,57,58,47,46,No,No,No,No,No,No,No,No,No,No,No,No,No,No,No,No,No,No,49,47,46,4.57,8.872,5.45,0.119,5.553,1.469,0.955,0.512,64,16,64,64,0,8.6,0,0,0,0,0,0,30.8,35.9,27,34.5,26.8,34.7,24.8,34.1,28.6,36.8,34.9,36.7,39.5,36,1048.2,10.67,20,20,20,45,129,299,1,2,Yes,No,No,No,No,No,No,No,No,No,Yes,No,No,No,No,No,No,No,No,No,No,No,No,No,No,No,No,No,No,No,No,No,No,No,No,No,No,49,50,49,49,42,49,53,50,7308,6984,65,56,55,100,No,No,34672,80117,11.8,65.8,77.6,7.317,85.839,502952,186859,47,0.73,0.119,600,1048,3.2,2.6,0,0.7,3.7,0,0,0,0,32.4,1281,2675,1282,No,No,No,No,No,No,No,No,8.177,27.922,95.1,5.348,43.5,59.6,24,496.2,4.7,4.6,4.6,4.6,24,60.3,4.7,4.6,4.6,4.6,41.72,213.36,2.32,1.71,217.86,217.86,1.31,9.14,41.35,0.37,33.75,1070,51,306.7,31.2,0
1.7.2026,47:22.6,19649,3576,84.6,6787,1127,85.7,22.4,15311,3423,0.754,0.757,0.76,0.747,0.75,0.698,0.771,2063.6,2063.6,2063.6,2063.6,2063.6,98.3,1867.1,357.1,460.9,391.8,485.2,292.9,399,240.1,332.2,254.8,357.1,22.9,29.2,25.4,31.2,18.4,25.4,15,21.8,16.5,31.2,22.9,100,16.1,20.8,18,21.6,13.2,17.9,10.9,15,11.6,16.1,21,21,21,21,21,19,44,46,44,43,42,56,54,56,57,58,47,46,No,No,No,No,No,No,No,No,No,No,No,No,No,No,No,No,No,No,49,46,47,1.016,5.468,2.168,0.079,4.572,1.405,0.848,0.51,64,16,64,64,0,17.6,0,0,0,0,0,0,23.4,29.8,25.8,31.8,19,26,15.6,22.4,17.1,52.3,44.4,49.7,56.8,58.2,2096.4,21.33,36,39,39,90,129,598,1,2,Yes,No,No,No,No,No,No,No,No,No,Yes,No,No,No,No,No,No,No,No,No,No,No,No,No,No,No,No,No,No,No,No,No,No,No,No,No,No,49,50,49,49,42,49,53,50,7281,6996,65,56,55,100,No,No,34672,80117,7.2,0.9,8.1,1.837,0.063,502955,186859,47,0.73,0.079,600,2096,2.4,1.6,0,0.7,3.3,0,0,0,0,32.1,1271,2686,1271,No,No,No,No,No,No,No,No,8.177,27.922,95.1,5.331,43.5,59.6,55.4,94.4,20.9,16,15.6,15.6,55.8,62.5,21,15.4,14.9,14.9,18.06,47.9,10.34,9.59,64.43,64.43,0.71,0.41,17.51,0.55,4.51,1070,51,2.3,3.5,0
1.7.2026,47:24.6,19657,3568,84.6,6801,1113,85.9,22.4,15311,3423,0.999,1.01,0.987,1.007,0.99,0.893,0.768,3734.2,3734.2,3734.2,3734.2,3734.2,98.3,3439.4,354.9,441,396.2,432.1,333.1,383.9,242.5,324.7,285.8,354.9,22.4,28.5,25.5,26.7,21.1,24,15.1,20.7,17.6,28.5,22.4,100,16.2,20.1,18.4,19.6,15.2,17.4,11.1,14.7,13,16.2,38,38,38,38,38,35,47,49,46,47,45,53,51,54,53,55,49,49,No,No,No,No,No,No,No,No,No,No,No,No,No,No,No,No,No,No,50,45,46,2.539,5.642,2.419,0.087,4.629,1.384,0.811,0.51,64,16.5,64,64,0,19,0,0,0,0,0,0,22.8,28.9,25.9,27.2,21.4,24.5,15.4,21.1,17.9,51.4,43.4,48.9,56.5,57.1,2096.4,21.33,36,39,39,90,129,598,1,2,Yes,No,No,No,No,No,No,No,No,No,Yes,No,No,No,No,No,No,No,No,No,No,No,No,No,No,No,No,No,No,No,No,No,No,No,No,No,No,49,50,49,49,42,49,53,50,7295,6971,65,56,55,100,No,No,34672,80117,5.7,0.1,5.8,5.119,0.45,502965,186860,46,0.73,0.087,600,2096,1.3,0.8,0,0.4,1.8,0,0,0,0,31.6,1250,2707,1250,No,No,No,No,No,No,No,No,8.181,27.93,95.1,5.326,43.5,59.6,43.1,65.1,15.2,14.5,14.4,14.4,43.9,60.4,16,15.3,15.2,15.2,23.2,65.64,15.37,15.32,69.23,69.23,0.81,0,23.2,0,17.13,1070,51,0.1,0.7,0
1.7.2026,47:26.5,19703,3522,84.8,6868,1046,86.7,22.3,15311,3412,0.671,0.66,0.667,0.675,0.682,0.653,0.771,1228.4,1179.2,1179.2,1277.5,1277.5,98.3,982.7,725.8,844.6,718,747.7,678.3,746.9,661.4,780.2,629.5,725.8,34.8,42.9,33.5,35.9,31.6,36.5,29.9,38.7,29,42.9,34.8,100,31.9,37.4,32,32.9,29.6,32.8,29,34,27.6,31.9,12.5,12,12,13,13,10,45,46,44,45,44,55,54,56,55,56,48,46,No,No,No,No,No,No,No,No,No,No,No,No,No,No,No,No,No,No,49,46,46,1.523,7.845,4.477,0.086,5.35,1.467,0.945,0.514,64,16.5,64,64,0,10.5,0,0,0,0,0,0,34.9,43,33.8,36.4,32.4,36.5,29.6,38.9,28.8,37.5,31.8,38.1,40.3,39.7,2096.4,21.33,36,39,39,90,129,598,1,2,Yes,No,No,No,No,No,No,No,No,No,Yes,No,No,No,No,No,No,No,No,No,No,No,No,No,No,No,No,No,No,No,No,No,No,No,No,No,No,49,50,49,49,42,49,53,50,7295,6984,65,56,55,100,No,No,34672,80117,37.2,0.9,38.1,24.114,0.034,503012,186860,46,0.73,0.086,600,2096,2.4,1.7,0,0.6,3.2,0,0,0,0,31.6,1250,2706,1251,No,No,No,No,No,No,No,No,8.177,27.93,95.1,5.315,43.5,59.6,36.4,89.4,7.1,6.5,6.5,6.5,36.3,61.1,7.2,6.7,6.7,6.7,27.44,142.14,10.94,10.83,154.38,154.38,0.83,2.48,27.01,0.43,19.91,1071,51,466.6,19.6,0
1.7.2026,47:28.6,19657,3568,84.6,7012,902,88.5,22.1,15311,3388,1.001,1.02,0.987,1.007,0.99,0.893,0.766,3734.2,3734.2,3734.2,3734.2,3734.2,98.3,3439.4,1623.4,1670.5,1582,1734.4,1525.1,1673.8,1598.2,1632.2,1571,1623.4,51.8,54.6,51,55.1,49,53.9,49.6,52.2,49.4,55.1,51.8,100,69.8,72.8,68.8,74.8,65.5,72,68.5,69.9,66.5,69.8,38,38,38,38,38,35,66,67,67,62,69,34,33,33,38,31,73,69,No,No,No,No,No,No,No,No,No,No,No,No,No,No,No,No,No,No,65,65,49,13.711,16.963,13.401,0.094,7.826,1.624,1.171,0.507,64,16.5,64,64,0,5,0,0,0,0,0,0,51.8,54.1,50.4,54.9,48.5,54.1,50,52.5,49.9,22.2,21.4,23.4,20.9,23.1,2096.4,21.33,36,39,39,90,129,598,1,2,Yes,No,No,No,No,No,No,No,No,No,Yes,No,No,No,No,No,No,No,No,No,No,No,No,No,No,No,No,No,No,No,No,No,No,No,No,No,No,51,51,49,49,42,49,53,50,7295,6959,65,55,55,100,No,No,34672,80118,40.5,1.3,41.9,75.952,3.39,503157,186866,49,0.725,0.094,600,2096,2.7,2.1,0,0.7,3.3,0,0,0,0,31.9,1263,2693,1264,No,No,No,No,No,No,No,No,8.178,27.938,95.2,5.283,43.5,59.6,61.2,64.7,59.4,59.4,59.4,59.4,60.1,60.2,59.9,59.9,59.9,59.9,16.33,16.83,15.44,15.41,16.84,16.84,0.66,0,16.33,0,0.4,1075,51,1884.5,39.4,0
1.7.2026,47:30.6,19813,3412,85.3,7277,637,91.9,22.1,15311,3384,0.995,0.997,0.987,1.007,0.987,0.893,0.763,3709.6,3635.9,3734.2,3734.2,3734.2,98.3,3439.4,2567.1,2639.3,2457.5,2565,2433.3,2715.8,2507.6,2738.6,2479.7,2567.1,69.3,71.7,66.8,69.1,64.3,73,68.3,73.9,66.9,73.9,69.3,100,111.2,114.3,107.7,111.4,103.9,117.4,109.6,118.2,107,111.2,37.8,37,38,38,38,35,68,66,71,65,69,32,34,29,35,31,72,71,No,No,No,No,No,No,No,No,No,No,No,No,No,No,No,No,No,No,58,58,51,2.793,26.317,22.526,0.137,10.666,1.83,1.423,0.498,64,16.5,64,64,0,0,0,0,0,0,0,0,69,71.2,66.1,68.8,65.4,72.7,67.3,73.6,66.8,6,5.1,8.8,4,5.9,2096.4,21.33,36,39,39,90,129,598,1,2,Yes,No,No,No,No,No,No,No,No,No,Yes,No,No,No,No,No,No,No,No,No,No,No,No,No,No,No,No,No,No,No,No,No,No,No,No,No,No,52,53,49,49,42,49,53,50,7281,6996,65,55,55,100,No,No,34672,80118,100,0.9,100,181.034,5.868,503514,186878,51,0.725,0.137,600,2096,4,3.2,0,0.9,4.6,0,0,0,0,32.4,1283,2674,1283,No,No,No,No,No,No,No,No,8.177,27.938,95.2,5.266,43.5,59.6,41.1,120.9,23,22.8,22.8,22.8,40.7,60.9,22.9,20.3,20,20,24.33,43.52,8.33,5.2,43.84,43.84,0.9,0.69,23.98,0.34,7.26,1078,52,1649.5,70.5,0
1.7.2026,47:32.6,19883,3342,85.6,7310,604,92.3,21.7,15311,3324,1.001,1.02,0.987,1.007,0.99,0.893,0.763,3734.2,3734.2,3734.2,3734.2,3734.2,98.3,3439.4,2133,2286,1954.8,2249.2,1902.6,2245.1,1949.3,2208.1,2268.6,2133,59.9,64.3,54.9,62.6,54.9,62.5,54.1,62.3,63.9,64.3,59.9,100,93.3,99.6,86,97.7,85.7,98,84.3,96.7,98.5,93.3,38,38,38,38,38,35,58,60,59,56,55,42,40,41,44,45,60,60,No,No,No,No,No,No,No,No,No,No,No,No,No,No,No,No,No,No,53,52,51,4.316,22.589,18.712,0.275,9.6,1.82,1.392,0.502,64,17,64,64,0,0,0,0,0,0,0,0,59.1,63.7,54.4,62.2,52.9,61.8,53.9,61.1,62.9,11.4,10.8,12.7,12,10,2096.4,21.33,36,39,39,90,129,598,1,2,Yes,No,No,No,No,No,No,No,No,No,Yes,No,No,No,No,No,No,No,No,No,No,No,No,No,No,No,No,No,No,No,No,No,No,No,No,No,No,53,55,49,49,42,49,53,50,7295,6984,65,55,55,100,No,No,34672,80118,32.9,4.9,37.9,69.225,5.451,503641,186888,51,0.725,0.275,600,2096,6.9,5.4,0,1.7,7.6,0.7,0,0,0,33.2,1313,2644,1313,No,No,No,No,No,No,No,No,8.177,27.938,95.2,5.258,43.5,59.6,50.4,97,27.4,26.1,25.9,25.9,50.7,61.8,29.7,29.5,29.5,29.5,19.83,36.23,10.36,10.34,38.49,38.49,1.3,3.27,19.51,0.32,5.27,1080,52,689.1,159,0
1.7.2026,47:34.6,19966,3259,85.9,7388,526,93.3,21.7,15311,3324,0.697,0.685,0.69,0.677,0.735,0.661,0.766,1572.3,1474,1474,1375.8,1965.4,98.3,1277.5,1345.5,1278.4,1292.3,1279,1207.2,1403.2,1684,1340.6,1279.2,1345.5,44.8,43.8,44.3,44.2,40.9,46.3,52.7,43.9,42.6,52.7,44.8,100,58.4,56.1,56.9,55.8,52.4,60.6,72.2,57.9,55.2,58.4,16,15,15,14,20,13,50,53,50,49,49,50,47,50,51,51,53,53,No,No,No,No,No,No,No,No,No,No,No,No,No,No,No,No,No,No,52,51,50,1.016,14.337,10.551,0.204,7.279,1.628,1.109,0.49,64,17,64,64,0,6.6,0,0,0,0,0,0,44.8,44.1,44.1,44.3,41,46.3,52.3,44.2,42.4,29.9,29.1,33.6,22.5,34.3,2096.4,21.33,36,39,39,90,129,598,1,2,Yes,No,No,No,No,No,No,No,No,No,Yes,No,No,No,No,No,No,No,No,No,No,No,No,No,No,No,No,No,No,No,No,No,No,No,No,No,No,53,56,49,49,42,49,53,50,7295,6971,65,54,55,100,No,No,34672,80118,8.1,0.1,8.3,7.414,0.389,503655,186889,50,0.725,0.204,600,2096,4.9,3.4,0,1.3,5.3,1,0,0,0,33.1,1308,2649,1308,No,No,No,No,No,No,No,No,8.178,27.945,95.2,5.275,43.5,59.6,40.1,315.2,23.4,21.5,21.3,21.3,40,62.1,22.7,20.2,20,20,24.96,42.78,3.11,1.45,47.04,47.04,1.25,3.7,24.57,0.39,5.42,1080,52,135.5,44.5,0
1.7.2026,47:36.7,19959,3266,85.9,7384,530,93.2,21.7,15311,3324,0.662,0.657,0.665,0.66,0.667,0.651,0.766,1179.2,1179.2,1179.2,1179.2,1179.2,98.3,982.7,452.2,583.7,454.2,481.2,392.3,479.1,350.4,475.9,400.7,452.2,28.9,37.6,29.1,31,25.8,30.4,23,29.6,24.9,37.6,28.9,100,20.4,26.2,20.8,21.7,17.7,21.8,15.8,21.3,17.9,20.4,12,12,12,12,12,10,48,49,47,47,48,52,51,53,53,52,50,49,No,No,No,No,No,No,No,No,No,No,No,No,No,No,No,No,No,No,53,50,49,3.809,6.011,2.699,0.129,4.692,1.454,0.864,0.488,64,17,64,64,0,11.8,0,0,0,0,0,0,29.5,37.5,29.5,31.7,26.3,31,23.7,30.6,25.6,44.2,38.3,43.9,47.9,46.7,2096.4,21.33,36,39,39,90,129,598,1,2,Yes,No,No,No,No,No,No,No,No,No,Yes,No,No,No,No,No,No,No,No,No,No,No,No,No,No,No,No,No,No,No,No,No,No,No,No,No,No,53,55,49,49,42,50,54,50,7308,6984,65,55,55,100,No,No,34672,80118,6.4,1.4,7.8,2.202,0.968,503660,186891,49,0.727,0.129,600,2096,4.7,3.1,0,1.3,5.1,1.4,0,0,0,32.9,1300,2657,1300,No,No,No,No,No,No,No,No,8.177,27.945,95.2,5.307,43.5,59.6,36.2,74.6,26.6,26.5,26.5,26.5,36.2,61.3,29.6,29.6,29.6,29.6,27.65,37.51,13.36,12.08,37.78,37.78,1.29,2.68,27.21,0.45,3.08,1080,52,8.5,20.7,0
1.7.2026,47:38.6,19878,3347,85.5,7365,549,93,21.7,15311,3317,0.945,1.02,0.987,0.985,0.787,0.893,0.766,3390.2,3734.2,3734.2,3635.9,2456.7,98.3,3439.4,898.3,1034.9,856.3,875.1,801.1,993.1,926.3,886.7,813.3,898.3,40.1,48.2,38.5,40.7,35.6,43.1,38.8,40.2,35.5,48.2,40.1,100,39.2,45.3,37.8,38.5,34.8,43.3,40.3,38.8,35.2,39.2,34.5,38,38,37,25,35,59,61,59,61,55,41,39,41,39,45,62,61,No,No,No,No,No,No,No,No,No,No,No,No,No,No,No,No,No,No,53,49,50,1.27,9.867,6.29,0.19,5.843,1.561,1.072,0.492,64,17,64,64,0,5.7,0,0,0,0,0,0,40.3,48.3,38.8,41,35.9,43.6,39.1,40.1,35.9,33.5,29,36.3,31.9,36.8,1048.2,10.67,20,20,20,45,129,299,1,2,Yes,No,No,No,No,No,No,No,No,No,Yes,No,No,No,No,No,No,No,No,No,No,No,No,No,No,No,No,No,No,No,No,No,No,No,No,No,No,53,55,49,49,42,50,54,50,7295,6971,65,55,55,100,No,No,34672,80118,12.3,0.1,12.4,18.114,0.186,503694,186891,49,0.727,0.19,600,1048,5.7,4,0,1.4,6.1,1.1,0,0,0,33.3,1318,2639,1318,No,No,No,No,No,No,No,No,8.177,27.945,95.2,5.282,43.5,59.6,44.3,149.8,25.4,24.9,24.8,24.8,44.5,61.8,29.7,29.6,29.6,29.6,22.57,39.33,6.72,5.38,40.17,40.17,1.39,3.22,22.1,0.47,7.53,1081,52,634.5,44.6,0
1.7.2026,47:40.6,19850,3375,85.4,7358,556,92.9,21.7,15311,3316,0.677,0.677,0.682,0.68,0.67,0.661,0.768,1326.6,1375.8,1375.8,1375.8,1179.2,98.3,1179.2,407.1,504.1,433.4,499.8,372.5,436.7,308.7,365.7,335.9,407.1,27.2,33.1,29,32.6,24.7,29.5,20.7,24.9,22.7,33.1,27.2,100,18.5,22.7,20,22.3,16.8,19.8,14.1,16.7,15.3,18.5,13.5,14,14,14,12,12,47,48,46,47,46,53,52,54,53,54,49,48,No,No,No,No,No,No,No,No,No,No,No,No,No,No,No,No,No,No,52,48,49,0.762,5.91,2.607,0.139,4.622,1.438,0.857,0.485,64,16,64,64,0,13.7,0,0,0,0,0,0,27.3,33.2,29.1,32.8,25,29.8,20.8,25.1,22.8,47.4,40.8,46.3,50.7,51.6,2096.4,21.33,36,39,39,90,129,598,1,2,Yes,No,No,No,No,No,No,No,No,No,Yes,No,No,No,No,No,No,No,No,No,No,No,No,No,No,No,No,No,No,No,No,No,No,No,No,No,No,52,55,49,49,42,50,54,50,7281,7009,65,55,55,100,No,No,34672,80118,26.2,0.5,26.7,5.788,0.382,503705,186892,49,0.727,0.139,600,2096,4.6,3.1,0,1.2,5,1.1,0,0,0,33.3,1318,2639,1310,No,No,No,No,No,No,No,No,8.178,27.953,95.2,5.291,43.5,59.6,37.2,66.8,28.1,27.9,27.8,27.8,37.2,60.6,29.6,29.4,29.4,29.4,26.85,35.71,14.89,14.6,36.08,36.08,1.33,3.81,26.41,0.44,2.26,1081,52,6.3,3.3,0
1.7.2026,47:42.6,19809,3416,85.2,7337,577,92.7,21.6,15311,3313,0.666,0.66,0.667,0.662,0.672,0.651,0.768,1179.2,1179.2,1179.2,1179.2,1179.2,98.3,982.7,455.2,574.1,459.5,502.9,403.1,478.1,380.2,464.1,379.5,455.2,30.3,37.6,30.9,34.6,26.8,30.9,24.8,31.4,25.6,37.6,30.3,100,20.4,25.6,20.9,22.5,18,21.5,17,20.8,16.9,20.4,12,12,12,12,12,10,46,47,45,45,46,54,53,55,55,54,49,47,No,No,No,No,No,No,No,No,No,No,No,No,No,No,No,No,No,No,52,49,48,1.27,5.857,2.594,0.153,4.632,1.42,0.857,0.486,64,16,64,64,0,12.8,0,0,0,0,0,0,30.5,37.6,31.1,34.9,27,31.2,25,31.6,25.8,45.7,39.6,45.7,49,48.6,1048.2,10.67,20,20,20,45,129,299,1,2,Yes,No,No,No,No,No,No,No,No,No,Yes,No,No,No,No,No,No,No,No,No,No,No,No,No,No,No,No,No,No,No,No,No,No,No,No,No,No,52,54,49,49,42,50,54,50,7268,6984,65,55,55,100,No,No,34672,80118,7.3,0.9,8.2,2.502,0.292,503710,186892,48,0.727,0.153,600,1048,4.3,3.4,0,1.1,5.1,0.3,0,0,0,33.1,1308,2648,1309,No,No,No,No,No,No,No,No,8.177,27.953,95.2,5.291,43.5,59.6,31.8,104.1,3.8,3.2,3.1,3.1,32.5,61.8,3.9,3.2,3.2,3.2,31.48,266.16,9.58,8.24,318.9,318.9,1.48,4.85,30.99,0.49,30.07,1081,52,1.5,14.8,0
1.7.2026,47:44.6,19827,3398,85.3,7385,529,93.3,21.6,15311,3310,0.664,0.657,0.665,0.662,0.67,0.651,0.768,1179.2,1179.2,1179.2,1179.2,1179.2,98.3,982.7,593,702.5,568.3,624.6,581.5,603.3,530.3,628,505.7,593,33.2,40.1,31.4,35.5,30.9,33.4,29.7,36.1,28.3,40.1,33.2,100,26.3,31.1,25.5,27.7,25.8,26.7,23.4,27.6,22.3,26.3,12,12,12,12,12,10,46,48,46,44,46,54,52,54,56,54,48,48,No,No,No,No,No,No,No,No,No,No,No,No,No,No,No,No,No,No,53,53,49,8.125,7.288,3.934,0.121,4.995,1.448,0.895,0.49,64,16,64,64,0,9.5,0,0,0,0,0,0,33.3,40.2,31.4,35.6,30.8,33.6,29.8,36.4,28.4,41.9,36.8,42.9,44.5,43.4,2096.4,21.33,36,39,39,90,129,598,1,2,Yes,No,No,No,No,No,No,No,No,No,Yes,No,No,No,No,No,No,No,No,No,No,No,No,No,No,No,No,No,No,No,No,No,No,No,No,No,No,52,54,49,49,42,50,54,50,7281,6996,65,55,55,100,No,No,34672,80118,13.3,1.1,14.5,7.542,0.345,503724,186893,49,0.727,0.121,600,2096,4,3.2,0,1,4.8,0,0,0,0,32.9,1301,2656,1301,No,No,No,No,No,No,No,No,8.177,27.96,95.2,5.274,43.5,59.6,36.7,72,7.4,6.3,6.2,6.2,36.4,60.8,7.3,6.1,6,6,27.26,134.78,13.85,13.79,161.11,161.11,1.49,1.01,26.49,0.77,19.04,1082,52,517,25.7,0
1.7.2026,47:46.6,19834,3391,85.3,7178,736,90.6,21.4,15311,3270,0.699,0.697,0.7,0.697,0.702,0.668,0.766,1572.3,1572.3,1572.3,1572.3,1572.3,98.3,1375.8,656.8,728.8,607.4,684.2,617.5,703.3,640.8,693.9,579,656.8,31,34.8,27.2,33.3,28.4,33.1,30.4,32.5,27.9,34.8,31,100,28.8,32.1,27,29.9,27,30.9,28,30.5,25.3,28.8,16,16,16,16,16,14,47,49,47,46,46,53,51,53,54,54,49,49,No,No,No,No,No,No,No,No,No,No,No,No,No,No,No,No,No,No,53,53,48,4.824,8.436,5.15,0.093,5.339,1.461,0.922,0.487,64,16,64,64,0,6.4,0,0,0,0,0,0,31.6,35.2,27.7,34,29,33.7,31.1,33.2,28.5,42.4,42.6,43.8,40,43.4,1048.2,10.67,20,20,20,45,129,299,1,2,Yes,No,No,No,No,No,No,No,No,No,Yes,No,No,No,No,No,No,No,No,No,No,No,No,No,No,No,No,No,No,No,No,No,No,No,No,No,No,51,54,49,49,42,50,54,50,7281,6996,65,56,55,100,No,No,34672,80118,8.2,1.2,9.5,20.966,3.625,503764,186900,48,0.727,0.093,600,1048,2.4,2.1,0,0.6,2.8,0,0,0,0,32.9,1300,2657,1300,No,No,No,No,No,No,No,No,8.181,27.96,95.2,5.269,43.5,59.6,14.7,65.8,3.4,3.3,3.3,3.3,14.7,61.7,3.4,3.3,3.3,3.3,67.97,295.98,14.93,14.82,301.55,301.55,1.52,0.25,67.42,0.54,83.16,1082,52,31.6,30.4,0
1.7.2026,47:48.6,19829,3396,85.3,6895,1019,87.1,21.4,15311,3269,0.672,0.67,0.672,0.67,0.677,0.656,0.708,1277.5,1277.5,1277.5,1277.5,1277.5,98.3,1080.9,1291.6,1406.2,1242.2,1278.7,1213.9,1402.6,1249.7,1340.5,1198.9,1291.6,53.3,56.8,50,52.9,51.1,57.8,51.1,55.8,50.5,57.8,53.3,100,55.7,60.9,53.7,55.3,52.3,60.6,53.7,57.8,51.6,55.7,13,13,13,13,13,11,47,48,47,47,47,53,52,53,53,53,49,48,No,No,No,No,No,No,No,No,No,No,No,No,No,No,No,No,No,No,51,48,49,2.031,12.41,8.811,0.147,6.582,1.615,1.168,0.493,64,15,64,64,0,3.4,0,0,0,0,0,0,53.3,56.7,50,52.9,51.4,57.8,51.1,56.1,50.4,22.4,20.8,25.1,21.6,22.2,1048.2,10.67,20,20,20,45,129,299,1,2,Yes,No,No,No,No,No,No,No,No,No,Yes,No,No,No,No,No,No,No,No,No,No,No,No,No,No,No,No,No,No,No,No,No,No,No,No,No,No,52,54,49,49,42,50,54,50,7295,6984,65,55,55,100,No,No,34672,80118,6.8,2.7,9.5,5.047,1.168,503774,186902,49,0.727,0.147,600,1048,3.5,2.9,0,0.8,4.1,0,0,0,0,33,1304,2652,1305,No,No,No,No,No,No,No,No,8.177,27.96,95.2,5.241,43.5,59.6,33.4,358.4,5.3,4.4,4.4,4.4,33.8,60.5,6.1,5.1,5,5,29.97,187.4,2.68,1.12,229.31,229.31,0.94,2.38,29.61,0.36,22.1,1084,52,913.7,34.1,0
1.7.2026,47:50.6,19817,3408,85.3,6600,1314,83.3,22.2,15311,3394,0.673,0.67,0.672,0.67,0.68,0.656,0.711,1277.5,1277.5,1277.5,1277.5,1277.5,98.3,1080.9,609.5,703,622,665.5,541.8,687.4,523.4,606.4,526.8,609.5,40.4,45.9,40.2,44.1,36.1,45.2,34.6,41.1,35.5,45.9,40.4,100,26.8,31,27.5,29.2,23.9,30.2,23,26.7,23,26.8,13,13,13,13,13,11,46,48,47,46,45,54,52,53,54,55,48,48,No,No,No,No,No,No,No,No,No,No,No,No,No,No,No,No,No,No,51,47,48,0.762,6.697,3.25,0.169,4.879,1.526,1.053,0.489,64,15,64,64,0,7.3,0,0,0,0,0,0,40.2,45.7,39.9,44,35.9,45.1,34.5,40.9,35.5,34.8,30.7,35.9,34.8,37.6,1048.2,10.67,20,20,20,45,129,299,1,2,Yes,No,No,No,No,No,No,No,No,No,Yes,No,No,No,No,No,No,No,No,No,No,No,No,No,No,No,No,No,No,No,No,No,No,No,No,No,No,51,53,49,49,42,50,54,50,7295,6984,65,55,55,100,No,No,34673,80118,6.3,15.1,21.3,2.895,65.618,503780,187027,48,0.727,0.169,600,1048,4.6,3.9,0,1.1,5.3,0,0,0,0,33,1306,2650,1307,No,No,No,No,No,No,No,No,8.178,27.968,95.3,5.258,43.5,59.6,58.8,125.4,29.9,24.8,24.4,24.4,58.6,60.4,37.5,30.7,30.1,30.1,16.99,33.27,7.94,6.65,40.86,40.86,1.57,0.29,16.45,0.54,2.56,1085,52,452.6,57.3,0
1.7.2026,47:52.7,19876,3349,85.5,6887,1027,87,22.2,15311,3394,0.663,0.657,0.665,0.66,0.67,0.651,0.768,1179.2,1179.2,1179.2,1179.2,1179.2,98.3,982.7,647.9,791.1,693.2,667.2,649.8,641.4,532.4,636.3,572.2,647.9,29.8,35.6,30.9,30.3,29.5,30,24.6,29.7,27.5,35.6,29.8,100,28.6,34.9,30.8,29.5,28.4,28.3,23.3,28,25.1,28.6,12,12,12,12,12,10,47,48,46,47,46,53,52,54,53,54,49,48,No,No,No,No,No,No,No,No,No,No,No,No,No,No,No,No,No,No,51,47,48,2.285,8.251,4.901,0.109,5.256,1.479,0.933,0.486,64,15,64,64,0,11.5,0,0,0,0,0,0,30,35.9,31,30.6,29.7,30.3,24.8,30,27.7,45.2,39.4,45.5,49.3,46.4,2096.4,21.33,36,39,39,90,129,598,1,2,Yes,No,No,No,No,No,No,No,No,No,Yes,No,No,No,No,No,No,No,No,No,No,No,No,No,No,No,No,No,No,No,No,No,No,No,No,No,No,51,53,49,49,42,49,54,51,7281,6984,65,55,55,100,No,No,34673,80118,13.7,0.6,14.2,12.903,0.991,503804,187029,49,0.73,0.109,600,2096,3.6,2.9,0,0.9,4.3,0,0,0,0,32.9,1301,2656,1302,No,No,No,No,No,No,No,No,8.178,27.968,95.3,5.267,43.5,59.6,36.3,109.4,5.8,5.3,5.2,5.2,37.1,62.1,5.6,5.1,5,5,27.56,173.82,9.17,8.92,192.22,192.22,1.2,7.48,27.23,0.33,14.26,1085,52,30.1,5.8,0
1.7.2026,47:54.7,19874,3351,85.5,6861,1054,86.6,22.2,15311,3394,0.684,0.68,0.685,0.682,0.69,0.661,0.768,1375.8,1375.8,1375.8,1375.8,1375.8,98.3,1179.2,357.6,468.8,368.7,345.9,317.9,338.8,391.5,291.1,338.2,357.6,23.9,31.8,25.2,23.6,20.9,23.7,22.9,20.3,23,31.8,23.9,100,16.1,21.1,17.1,15.6,14.3,15.5,17.2,13.2,15.1,16.1,14,14,14,14,14,12,45,46,45,44,44,55,54,55,56,56,48,46,No,No,No,No,No,No,No,No,No,No,No,No,No,No,No,No,No,No,51,46,47,1.523,5.499,2.246,0.073,4.572,1.428,0.854,0.486,64,15,64,64,0,14.7,0,0,0,0,0,0,24.1,32,25.2,23.8,21.1,24,22.9,20.5,23.2,50.2,42.7,53,51.4,53.7,1048.2,10.67,20,20,20,45,129,299,1,2,Yes,No,No,No,No,No,No,No,No,No,Yes,No,No,No,No,No,No,No,No,No,No,No,No,No,No,No,No,No,No,No,No,No,No,No,No,No,No,51,53,49,49,42,49,54,51,7295,6959,65,55,55,100,No,No,34673,80118,2.6,0,2.6,0.626,0.06,503806,187029,48,0.73,0.073,600,1048,0.9,0.8,0,0.2,1,0,0,0,0,32.3,1276,2681,1276,No,No,No,No,No,No,No,No,8.177,27.968,95.3,5.241,43.5,59.6,8.2,81.5,1.9,1.9,1.9,1.9,8.1,61.1,1.9,1.9,1.9,1.9,122.23,519.74,12.15,11.92,540.09,540.09,1.06,0.11,121.64,0.59,131.1,1085,52,0.5,1.9,0
1.7.2026,47:56.7,19876,3349,85.5,6874,1040,86.8,22.2,15311,3393,0.667,0.662,0.667,0.665,0.672,0.653,0.768,1179.2,1179.2,1179.2,1179.2,1179.2,98.3,982.7,332.6,495.9,311.8,394.2,227.3,422.4,232.9,277.1,299.5,332.6,20.2,29.4,19.4,23,14.8,24.1,14,17.8,19.2,29.4,20.2,100,15,22.1,14.5,17.6,10.2,18.8,10.6,12.5,13.4,15,12,12,12,12,12,10,44,45,45,43,44,56,55,55,57,56,48,45,No,No,No,No,No,No,No,No,No,No,No,No,No,No,No,No,No,No,50,45,48,1.523,5.611,2.382,0.058,4.419,1.384,0.777,0.486,64,15,64,64,0,19.8,0,0,0,0,0,0,20.9,30.1,20.2,23.7,15.5,24.8,14.7,18.6,19.9,56.6,48.9,59.3,58.6,59.5,2096.4,21.33,36,39,39,90,129,598,1,2,Yes,No,No,No,No,No,No,No,No,No,Yes,No,No,No,No,No,No,No,No,No,No,No,No,No,No,No,No,No,No,No,No,No,No,No,No,No,No,50,52,49,49,42,49,54,51,7308,7009,65,56,55,100,No,No,34673,80118,1.9,0.1,2,1.511,0.364,503809,187030,48,0.73,0.058,600,2096,0.5,0.4,0,0.1,0.6,0,0,0,0,32.2,1276,2681,1276,No,No,No,No,No,No,No,No,8.181,27.976,95.3,5.252,43.5,59.6,13.5,44.7,8,7.9,7.9,7.9,13.3,55,7.6,7.5,7.5,7.5,73.73,125.37,22.08,21.13,126.42,126.42,1.06,0.13,73.16,0.57,55.99,1086,52,523.2,7.9,0
1.7.2026,47:58.7,19580,3645,84.3,6648,1266,83.9,22.2,15311,3393,0.666,0.662,0.667,0.662,0.672,0.653,0.768,1179.2,1179.2,1179.2,1179.2,1179.2,98.3,982.7,556.5,576.3,502.4,536.4,519.4,645.8,515.7,608,547.7,556.5,29.1,31,26.9,27.9,26.6,32.6,26.6,32.3,29.2,32.6,29.1,100,24.6,25.6,22.2,23.9,22.9,28.5,22.7,26.6,24.2,24.6,12,12,12,12,12,10,45,47,45,44,44,55,53,55,56,56,48,47,No,No,No,No,No,No,No,No,No,No,No,No,No,No,No,No,No,No,61,61,48,16.25,7.157,3.99,0.029,4.977,1.415,0.864,0.482,64,15,64,64,0,11.9,0,0,0,0,0,0,29,30.9,26.9,27.8,26.4,32.5,26.4,32.2,29.1,48.5,47.2,51.6,48.3,46.9,2096.4,21.33,36,39,39,90,129,598,1,2,Yes,No,No,No,No,No,No,No,No,No,Yes,No,No,No,No,No,No,No,No,No,No,No,No,No,No,No,No,No,No,No,No,No,No,No,No,No,No,50,52,49,49,42,49,54,51,7405,7059,65,56,55,100,No,No,34673,80118,6.8,0,6.8,4.673,0.037,503817,187030,48,0.727,0.029,600,2096,0.5,0.3,0,0.1,0.6,0,0,0,0,31.2,1233,2724,1233,No,No,No,No,No,No,No,No,8.177,27.976,95.3,5.241,43.5,59.6,4.6,14.1,3.3,3.3,3.3,3.3,4.6,14.1,3.3,3.3,3.3,3.3,216.22,298.81,70.8,66.74,299.3,299.3,0.55,0,216.22,0,174.88,1086,52,0.5,2.3,0
1.7.2026,48:00.7,19481,3744,83.8,6602,1312,83.4,22.2,15311,3391,0.669,0.67,0.675,0.662,0.67,0.656,0.711,1228.4,1277.5,1277.5,1179.2,1179.2,98.3,1080.9,804.8,840.8,656.5,809.8,728.2,842.6,832.8,856.1,871.3,804.8,34.5,37,28.7,33.6,31.3,38.8,35.8,35.7,35,38.8,34.5,100,35.1,37,28.9,35.3,31.8,36.7,36.4,36.9,37.4,35.1,12.5,13,13,12,12,11,45,47,45,44,44,55,53,55,56,56,48,47,No,No,No,No,No,No,No,No,No,No,No,No,No,No,No,No,No,No,50,47,48,2.285,9.526,6.24,0.036,5.827,1.485,0.943,0.489,64,15,64,64,0,9.1,0,0,0,0,0,0,34.3,36.8,28.3,33.5,31.1,38.6,35.4,35.5,34.8,42.8,45,45.9,37.5,43.1,2096.4,21.33,36,39,39,90,129,598,1,2,Yes,No,No,No,No,No,No,No,No,No,Yes,No,No,No,No,No,No,No,No,No,No,No,No,No,No,No,No,No,No,No,No,No,No,No,No,No,No,50,52,49,49,42,49,54,51,7241,6971,65,56,55,100,No,No,34673,80118,13.1,0.1,13.1,4.683,0.115,503826,187030,47,0.727,0.036,600,2096,0.5,0.3,0,0.1,0.7,0,0,0,0,31.2,1233,2724,1233,No,No,No,No,No,No,No,No,8.177,27.983,95.3,5.225,43.5,59.6,1.9,1.9,1.9,1.9,1.9,1.9,1.9,1.9,1.9,1.9,1.9,1.9,515.91,515.91,515.91,515.91,515.91,515.91,0.25,0,515.91,0,499.77,1086,52,1.1,1.1,0
1.7.2026,48:02.7,19507,3718,83.9,6654,1260,84,22,15311,3368,0.674,0.67,0.675,0.672,0.68,0.656,0.768,1277.5,1277.5,1277.5,1277.5,1277.5,98.3,1080.9,393.6,498,400.2,351.5,341.9,392.7,347.8,468.3,348.2,393.6,23.3,28.9,20.8,21.9,21,23,21.2,28.4,20.8,28.9,23.3,100,17.6,22.4,17.9,15.9,15.3,17.7,15.7,20.8,15.4,17.6,13,13,13,13,13,11,46,48,46,45,45,54,52,54,55,55,48,48,No,No,No,No,No,No,No,No,No,No,No,No,No,No,No,No,No,No,50,49,47,8.887,5.938,2.737,0.027,4.696,1.389,0.797,0.515,64,15,64,64,0,17,0,0,0,0,0,0,23.9,29.4,21.4,22.6,21.5,23.8,21.8,28.9,21.4,51.2,48.1,54.2,52.5,50,1048.2,10.67,20,20,20,45,129,299,1,2,Yes,No,No,No,No,No,No,No,No,No,Yes,No,No,No,No,No,No,No,No,No,No,No,No,No,No,No,No,No,No,No,No,No,No,No,No,No,No,50,52,49,49,42,49,54,51,7241,6984,65,56,55,100,No,No,34673,80118,34.2,2.1,36.3,20.79,0.743,503866,187032,47,0.727,0.027,600,1048,0.2,0.1,0,0,0.2,0,0,0,0,31.1,1232,2724,1233,No,No,No,No,No,No,No,No,8.177,27.983,95.3,5.217,43.5,59.6,1.9,1.9,1.9,1.9,1.9,1.9,1.9,1.9,1.9,1.9,1.9,1.9,515.91,515.91,515.91,515.91,515.91,515.91,0.25,0,515.91,0,499.77,1087,52,511.2,13.5,0
1.7.2026,48:04.7,19450,3775,83.7,6762,1153,85.4,20.6,15311,3155,0.716,0.732,0.737,0.66,0.735,0.683,0.766,1768.8,1965.4,1965.4,1179.2,1965.4,98.3,1768.8,769.7,892,703.9,692.4,915,708,696.9,874.4,674.7,769.7,27.3,32,25.1,25.4,29.9,27.1,25.5,30.3,23.3,32,27.3,100,33.9,39.1,31,30.6,39.9,31.4,30.7,38.5,29.7,33.9,18,20,20,12,20,18,48,50,47,47,47,52,50,53,53,53,50,50,No,No,No,No,No,No,No,No,No,No,No,No,No,No,No,No,No,No,50,46,47,2.285,10.965,7.587,0.096,6.201,1.5,0.984,0.507,64,15,64,64,0,7.3,0,0,0,0,0,0,27.7,32.4,25.4,25.4,30.4,27.6,25.8,30.8,23.6,34.2,32.7,33.1,35.6,35.6,2096.4,21.33,36,39,39,90,129,598,1,2,Yes,No,No,No,No,No,No,No,No,No,Yes,No,No,No,No,No,No,No,No,No,No,No,No,No,No,No,No,No,No,No,No,No,No,No,No,No,No,50,52,49,49,42,49,54,51,7228,6996,65,55,55,100,No,No,34673,80118,29.9,0,30,69.912,0.12,504000,187032,48,0.727,0.096,600,2096,2.3,1.7,0,0.6,2.8,0,0,0,0,31.8,1259,2697,1260,No,No,No,No,No,No,No,No,8.177,27.983,95.3,5.209,43.5,59.6,27.9,71.6,4.4,4.2,4.2,4.2,27.9,61,4.5,4.3,4.3,4.3,35.85,226.32,13.78,13.71,238.61,238.61,1.11,0.22,35.5,0.35,22.33,1087,52,2.6,0.3,0
1.7.2026,48:06.7,19427,3798,83.6,6753,1161,85.3,20.6,15311,3155,0.666,0.662,0.667,0.662,0.672,0.651,0.768,1179.2,1179.2,1179.2,1179.2,1179.2,98.3,982.7,394.9,516.3,416.9,437.4,348.5,431.1,295.7,387,326.1,394.9,25.8,33.2,27.5,28.8,22.6,27.8,19.5,25.8,21.7,33.2,25.8,100,17.8,23.1,19.1,19.7,15.8,19.5,13.2,17.4,14.7,17.8,12,12,12,12,12,10,45,47,44,44,44,55,53,56,56,56,48,47,No,No,No,No,No,No,No,No,No,No,No,No,No,No,No,No,No,No,50,46,48,1.523,5.709,2.43,0.065,4.678,1.428,0.885,0.509,64,15,64,64,0,11.8,0,0,0,0,0,0,26.2,33.4,27.7,29.6,22.9,28.1,19.6,26.1,22,47.8,40.4,48.1,51.5,51.3,2096.4,21.33,36,39,39,90,129,598,1,2,Yes,No,No,No,No,No,No,No,No,No,Yes,No,No,No,No,No,No,No,No,No,No,No,No,No,No,No,No,No,No,No,No,No,No,No,No,No,No,50,52,49,49,42,49,54,51,7281,6971,65,56,55,100,No,No,34673,80118,7,1.1,8,2.041,1.086,504004,187034,47,0.73,0.065,600,2096,2.7,1.9,0,0.7,3.7,0,0,0,0,31.6,1249,2707,1250,No,No,No,No,No,No,No,No,8.178,27.983,95.3,5.218,43.5,59.6,29,62.9,4.4,4,4,4,29,60.9,4.4,4,4,4,34.46,226.68,15.91,15.89,249.39,249.39,0.39,0,34.46,0,21.63,1087,52,0.2,0.2,0
1.7.2026,48:08.7,19488,3737,83.9,6826,1088,86.2,20.6,15311,3154,0.666,0.662,0.667,0.662,0.672,0.653,0.768,1179.2,1179.2,1179.2,1179.2,1179.2,98.3,982.7,468.5,578.5,464.4,488.3,423.7,477,387.5,559.7,368.9,468.5,30.4,38.1,30.3,31.6,28.1,30.9,24.7,34.8,24.4,38.1,30.4,100,21,26,21.2,22,19,21.5,17.3,24.8,16.6,21,12,12,12,12,12,10,44,46,44,44,44,56,54,56,56,56,48,46,No,No,No,No,No,No,No,No,No,No,No,No,No,No,No,No,No,No,51,47,47,2.793,6.284,2.92,0.128,4.831,1.443,0.91,0.512,64,15,64,64,0,13.2,0,0,0,0,0,0,30.4,38.1,30.3,31.9,28.2,31.2,24.6,34.8,24.4,42.8,36.6,43.4,47,44.2,2096.4,21.33,36,39,39,90,129,598,1,2,Yes,No,No,No,No,No,No,No,No,No,Yes,No,No,No,No,No,No,No,No,No,No,No,No,No,No,No,No,No,No,No,No,No,No,No,No,No,No,50,51,49,49,42,49,54,51,7268,6984,65,56,55,100,No,No,34673,80118,15.1,0,15.1,7.922,0.065,504019,187034,47,0.73,0.128,600,2096,4.9,4.1,0,1.2,5.8,0,0,0,0,33,1306,2650,1307,No,No,No,No,No,No,No,No,8.177,27.991,95.3,5.217,43.5,59.6,26,202.4,4.2,4,4,4,26.4,62.6,4.2,4,4,4,38.42,237.75,4.76,3.46,249.32,249.32,1.83,8.6,37.94,0.48,32.27,1088,52,362.6,13.1,0
1.7.2026,48:10.7,19531,3694,84,6918,996,87.4,20.5,15311,3145,0.675,0.67,0.675,0.675,0.68,0.658,0.768,1277.5,1277.5,1277.5,1277.5,1277.5,98.3,1080.9,668.5,790.6,619.7,714.7,567.2,720.7,702.3,690,543.2,668.5,36.2,43.7,33.7,39.8,32.3,37.8,35.1,36.4,30.7,43.7,36.2,100,29.6,34.9,27.9,31.6,25.2,31.8,30.8,30.5,23.9,29.6,13,13,13,13,13,11,44,46,45,43,44,56,54,55,57,56,47,46,No,No,No,No,No,No,No,No,No,No,No,No,No,No,No,No,No,No,51,48,47,2.031,8.017,4.562,0.166,5.313,1.492,0.985,0.514,64,15,64,64,0,9.5,0,0,0,0,0,0,36.2,43.8,34,39.7,32.1,37.6,35.4,36.7,30.6,36.3,32.5,38,34.7,40,2096.4,21.33,36,39,39,90,129,598,1,2,Yes,No,No,No,No,No,No,No,No,No,Yes,No,No,No,No,No,No,No,No,No,No,No,No,No,No,No,No,No,No,No,No,No,No,No,No,No,No,50,51,49,49,42,49,54,51,7268,7009,65,55,55,100,No,No,34673,80119,13.9,0.2,14.1,15.16,0.328,504048,187035,46,0.73,0.166,600,2096,3.7,2.8,0,0.9,4.5,0,0,0,0,32.8,1298,2659,1299,No,No,No,No,No,No,No,No,8.177,27.991,95.3,5.192,43.5,59.6,53,332.8,18,14.7,14.4,14.4,53.6,60.7,20,20,20,20,18.85,55.68,3.02,1.94,69.7,69.7,0.94,6.31,18.4,0.46,4.18,1088,53,273,28.5,0
1.7.2026,48:12.8,19620,3605,84.4,7046,868,89,20.2,15311,3100,0.782,0.785,0.782,0.78,0.78,0.726,0.768,2358.4,2358.4,2358.4,2358.4,2358.4,98.3,2161.9,929.3,1013.4,816.3,907.7,856.6,1007.1,982.3,958.7,892.3,929.3,40.7,46.7,37.9,39.3,37.6,43.5,42.4,40.9,37.8,46.7,40.7,100,40.8,44.7,36.1,40.1,37.7,44,42.6,41.9,39,40.8,24,24,24,24,24,22,48,48,47,48,47,52,52,53,52,53,48,48,No,No,No,No,No,No,No,No,No,No,No,No,No,No,No,No,No,No,50,47,47,1.777,10.481,6.944,0.2,6.035,1.521,1.047,0.512,64,15,64,64,0,6.9,0,0,0,0,0,0,40.9,46.5,37.7,39.8,38.1,43.9,42.3,40.9,38.1,31.8,28.4,33.6,30.7,34.5,2096.4,21.33,36,39,39,90,129,598,1,2,Yes,No,No,No,No,No,No,No,No,No,Yes,No,No,No,No,No,No,No,No,No,No,No,No,No,No,No,No,No,No,No,No,No,No,No,No,No,No,50,52,49,49,42,49,54,51,7268,6996,65,56,55,100,No,No,34673,80119,20.3,0.9,21.2,18.045,0.513,504083,187036,47,0.73,0.2,600,2096,5.9,4.8,0,1.4,6.8,0,0.4,0,0,34.2,1354,2603,1354,No,No,No,No,No,No,No,No,8.181,27.991,95.3,5.195,43.5,59.6,56.4,98.6,23.6,16.5,16,16,56.8,61.3,24.5,15.6,15,15,17.72,42.39,10.65,10.54,62.72,62.72,1.42,0.79,17.29,0.43,2.96,1089,53,198.9,46.9,0
1.7.2026,48:14.7,19723,3502,84.9,6866,1049,86.7,22.2,15311,3393,0.673,0.667,0.672,0.667,0.685,0.656,0.768,1302.1,1277.5,1277.5,1277.5,1375.8,98.3,1080.9,1243.3,1325.2,1059.4,1295.9,1347.2,1370.4,1169.7,1266.3,1112.3,1243.3,46.9,50.5,40,48.6,49.6,51.4,44.3,48.6,41.9,51.4,46.9,100,54.1,57.9,46.5,56.1,58.5,59.4,50.9,55,48.2,54.1,13.2,13,13,13,14,11,48,49,47,47,47,52,51,53,53,53,49,49,No,No,No,No,No,No,No,No,No,No,No,No,No,No,No,No,No,No,51,48,48,1.27,13.33,9.656,0.223,6.94,1.632,1.206,0.524,64,15,64,64,0,3.6,0,0,0,0,0,0,47.1,50.7,40.2,48.9,49.7,51.6,44.5,48.9,42.1,23.9,25,20.9,23.9,25.8,2096.4,21.33,36,39,39,90,129,598,1,2,Yes,No,No,No,No,No,No,No,No,No,Yes,No,No,No,No,No,No,No,No,No,No,No,No,No,No,No,No,No,No,No,No,No,No,No,No,No,No,51,52,49,49,42,49,54,51,7281,6984,65,55,55,100,No,No,34673,80119,19,94.3,100,22.097,153.54,504125,187332,48,0.727,0.223,600,2096,5.3,4.4,0,1.2,6,0,0,0,0,33.6,1330,2627,1330,No,No,No,No,No,No,No,No,8.177,27.998,95.4,5.176,43.5,59.6,49.6,108.8,10.2,7.2,7,7,49.3,62.3,10.3,6.9,6.7,6.7,20.17,98.2,9.44,8.57,142.68,142.68,1.16,0.42,19.77,0.39,8.19,1096,53,3678.9,68.4,0
1.7.2026,48:16.8,19710,3515,84.8,6911,1004,87.3,21.6,15311,3304,0.67,0.662,0.675,0.67,0.672,0.653,0.768,1228.4,1179.2,1277.5,1277.5,1179.2,98.3,982.7,452.4,597.3,421.1,527.6,400.6,468.2,405.8,420.1,378.4,452.4,27,35.5,26.5,32.1,24.1,29.5,22.1,25.3,21.1,35.5,27,100,20.5,26.8,19.5,23.7,18.1,21.1,18.2,19.1,17.1,20.5,12.5,12,13,13,12,10,47,47,46,48,46,53,53,54,52,54,49,48,No,No,No,No,No,No,No,No,No,No,No,No,No,No,No,No,No,No,64,64,49,15.996,6.814,3.409,0.103,4.891,1.451,0.913,0.514,64,15,64,64,0,12.9,0,0,0,0,0,0,27.2,35.7,26.7,32.4,24.4,29.9,22.1,25.6,21.2,41.6,34.4,40.6,43.2,48.1,2096.4,21.33,36,39,39,90,129,598,1,2,Yes,No,No,No,No,No,No,No,No,No,Yes,No,No,No,No,No,No,No,No,No,No,No,No,No,No,No,No,No,No,No,No,No,No,No,No,No,No,50,52,49,49,42,49,54,51,7268,6996,65,55,55,100,No,No,34673,80119,12.2,2.8,15,27.1,4.412,504177,187340,49,0.78,0.103,900,2096,3.3,2.6,0,1,3.7,0,1.1,0.1,0,39.3,1556,2401,1546,No,No,No,No,No,No,No,No,8.177,27.998,95.4,5.184,43.5,59.6,26.8,116.9,2.7,2.2,2.2,2.2,26.3,61.2,2.7,2.2,2.1,2.1,37.28,369.05,8.41,7.25,456.49,456.49,1.02,6.07,36.77,0.51,43.63,1097,53,354.9,17.1,0
1.7.2026,48:18.8,19798,3427,85.2,7445,469,94,21.3,15311,3267,0.969,0.997,0.987,1.007,0.882,0.893,0.766,3562.2,3635.9,3734.2,3734.2,3144.6,98.3,3439.4,1506.4,1573.3,1364.4,1487.3,1714.1,1503.7,1356.3,1458.2,1594,1506.4,53.4,55.7,48.7,53.1,58.5,54,49.7,52.4,55.3,58.5,53.4,100,66.5,69.6,61.2,65.4,76.1,66.1,59.7,64.5,69.4,66.5,36.2,37,38,38,32,35,57,59,55,56,58,43,41,45,44,42,59,59,No,No,No,No,No,No,No,No,No,No,No,No,No,No,No,No,No,No,58,58,49,14.981,15.238,11.302,0.479,7.595,1.65,1.257,0.507,64,15,64,64,0,1.2,0,0,0,0,0,0,52.5,54.9,47.6,52.4,56.5,53.4,48.9,51.6,54.6,18.7,20.3,16.9,19.5,18.2,1048.2,10.67,20,20,20,45,129,299,1,2,Yes,No,No,No,No,No,No,Yes,No,No,Yes,No,Yes,No,No,No,No,No,No,No,Yes,No,No,No,No,Yes,No,No,No,No,No,No,No,No,No,No,No,52,52,49,49,42,49,54,51,7295,6996,65,55,55,100,No,No,34673,80119,15.3,0.1,15.5,29.696,0.361,504233,187341,49,0.727,0.479,600,1048,9.5,7.5,0,3.7,9.6,0,5.1,3.9,0,44.8,1773,2184,1773,No,No,No,No,No,No,No,No,8.181,28.006,95.4,5.162,43.5,59.6,33,71.5,8.8,7.5,7.4,7.4,27,61.9,4.8,4.3,4.3,4.3,30.26,113.48,13.99,13.65,135.34,135.34,0.51,0,30.26,0,7.15,1097,53,3.5,11.4,0
1.7.2026,48:20.8,19820,3405,85.3,7323,591,92.5,21.4,15311,3280,0.808,0.812,0.807,0.807,0.805,0.746,0.768,2555,2555,2555,2555,2555,98.3,2358.4,1181.6,1175,953.9,1500.1,1027.8,1216.8,1146.6,1432.7,999.7,1181.6,46,47.2,40.1,54.5,41.6,46.6,45.1,53,39.9,54.5,46,100,51.6,51.9,42.7,65.2,45.1,53,49.5,62,43.6,51.6,26,26,26,26,26,24,50,51,50,50,49,50,49,50,50,51,51,51,No,No,No,No,No,No,No,No,No,No,No,No,No,No,No,No,No,No,52,49,50,4.316,14.584,10.745,0.355,6.901,1.655,1.218,0.495,64,15,64,64,0,1.9,0,0,0,0,0,0,45.8,46.9,39.8,54.4,41.5,46.6,45,52.8,39.7,25.2,26.9,22,26.1,25.8,2096.4,21.33,36,39,39,90,129,598,1,2,Yes,No,No,No,No,No,No,No,No,No,Yes,No,No,No,No,No,No,No,No,No,No,No,No,No,No,No,No,No,No,No,No,No,No,No,No,No,No,52,53,49,49,42,49,54,51,7281,6984,65,55,55,100,No,No,34673,80119,13.4,8,21.4,13.351,14.214,504259,187368,49,0.78,0.355,900,2096,8.6,6.6,0,3.4,8.8,0,3.9,4.5,0,44.4,1757,2200,1757,No,No,No,No,No,No,No,No,8.181,28.006,95.4,5.154,43.5,59.6,60.1,63,57.8,57.6,57.6,57.6,60,61.7,58.5,58.2,58.2,58.2,16.63,17.31,15.87,15.78,17.36,17.36,0.18,0,16.63,0,0.31,1098,53,602.4,10.4,0
1.7.2026,48:22.8,19774,3451,85.1,7298,616,92.2,21.4,15311,3280,1.001,1.02,0.987,1.007,0.987,0.893,0.763,3734.2,3734.2,3734.2,3734.2,3734.2,98.3,3439.4,1566.9,1608.8,1587.5,1463.1,1436.2,1479.2,1804.2,1657,1499.5,1566.9,54,53.8,53,50.6,50.4,52.3,61.5,58.7,51.9,61.5,54,100,67.7,70.6,69.1,63.5,62.1,63.9,77.3,71.1,64.2,67.8,38,38,38,38,38,35,67,65,67,64,71,33,35,33,36,29,71,71,No,No,No,No,No,No,No,No,No,No,No,No,No,No,No,No,No,No,53,52,50,3.555,16.502,12.212,0.797,7.858,1.747,1.412,0.487,64,15,64,64,0,1.1,0,0,0,0,0,0,54.2,54.1,53,51,50.7,52.6,61.4,58.9,51.9,20.7,20.4,25.1,18,19.4,2096.4,21.33,36,39,39,90,129,598,1,2,Yes,No,No,No,No,No,No,No,No,No,Yes,No,No,No,No,No,No,No,No,No,No,No,No,No,No,No,No,No,No,No,No,No,No,No,No,No,No,52,53,49,49,42,49,54,51,7308,6996,65,55,55,100,No,No,34673,80119,13.6,0.1,13.7,12.858,0.402,504284,187369,51,0.752,0.797,750,2096,16.3,14.2,0,4.8,17,0,4.3,2.7,0,44.5,1762,2195,1762,No,No,No,No,No,No,No,No,8.178,28.006,95.4,5.144,43.5,59.6,48,80.1,16.9,15.3,15.1,15.1,40.4,60.5,9.1,7.6,7.5,7.5,20.83,59.3,12.48,10.16,66.23,66.23,0.67,0,20.83,0,6.79,1098,53,64.1,17.3,0
1.7.2026,48:24.8,19756,3469,85,7319,595,92.4,21.3,15311,3259,0.986,1.02,0.95,0.985,0.99,0.893,0.763,3660.5,3734.2,3537.6,3635.9,3734.2,98.3,3439.4,1247.7,1379.2,1151.3,1168.4,1138.5,1363.5,1258.5,1179.3,1342.5,1247.7,43.6,46.7,40.3,41.1,39.5,48.7,43.3,43.2,46.2,48.7,43.6,100,53.9,59.2,50.5,50.8,49.2,58.8,54,51.4,57.8,53.9,37.2,38,36,37,38,35,57,63,54,56,54,43,37,46,44,46,63,63,No,No,No,No,No,No,No,No,No,No,No,No,No,No,No,No,No,No,53,51,50,1.016,15.044,10.576,0.85,7.529,1.722,1.337,0.484,64,15,64,64,0,1.5,0,0,0,0,0,0,43.2,46.3,39.7,40.6,39.1,48.4,42.9,42.7,46.1,29.7,30,34.8,27,26.8,2096.4,21.33,36,39,39,90,129,598,1,2,Yes,No,No,No,No,No,No,No,No,No,Yes,No,No,No,No,No,No,No,No,No,No,No,No,No,No,No,No,No,No,No,No,No,No,No,No,No,No,53,54,49,49,42,49,54,51,7295,6996,65,55,55,100,No,No,34673,80119,14.5,1.2,15.7,10.066,0.708,504303,187370,51,0.725,0.85,600,2096,15.6,13.9,0,4.4,16.2,0,4.1,1.8,0,44.9,1776,2180,1777,No,No,No,No,No,No,No,No,8.177,28.014,95.4,5.143,43.5,59.6,57.9,63.2,30,29.4,29.3,29.3,56.9,62.6,29.9,29.9,29.9,29.9,17.26,33.38,15.81,15.78,34.09,34.09,0.71,0,17.26,0,1.6,1098,53,2.5,0.3,0
1.7.2026,48:26.8,19781,3444,85.1,7336,578,92.6,21.3,15311,3259,0.849,0.935,0.855,0.86,0.745,0.893,0.766,2849.8,3341.1,2948,2948,2161.9,98.3,3439.4,1053.6,1041.5,1003.2,1034.6,869,1164.8,1097.3,1119.7,1098.9,1053.6,42.4,45.4,40.2,42.6,35.1,46.1,42.2,44.8,42.5,46.1,42.4,100,45.4,45.6,43.7,44.2,37.7,50.5,46.3,48.2,47.2,45.4,29,34,30,30,22,35,57,54,62,57,56,43,46,38,43,44,66,62,No,No,No,No,No,No,No,No,No,No,No,No,No,No,No,No,No,No,53,53,51,2.285,13.978,9.653,0.736,6.788,1.666,1.276,0.486,64,15,64,64,0,1.5,0,0,0,0,0,0,42.5,45.5,40.3,43.2,35.3,46,42.6,44.6,42.5,29.6,28,33.8,27.6,29.2,2096.4,21.33,36,39,39,90,129,598,1,2,Yes,No,No,No,No,No,No,No,No,No,Yes,No,No,No,No,No,No,No,No,No,No,No,No,No,No,No,No,No,No,No,No,No,No,No,No,No,No,53,54,49,49,42,49,54,51,7281,6996,65,55,55,100,No,No,34673,80119,8.1,0.2,8.3,2.84,0.42,504309,187371,51,0.725,0.736,600,2096,18.3,16.6,0,4.9,19.3,0,5,0,0,45.1,1783,2174,1783,No,No,No,No,No,No,No,No,8.177,28.014,95.4,5.135,43.5,59.6,59.5,243,34,33,32.9,32.9,59,62.7,40.6,30.7,29.9,29.9,16.79,29.51,4.01,3.26,30.43,30.43,3.19,5.39,16.4,0.39,3.9,1099,53,469.3,5.3,0
1.7.2026,48:28.8,19775,3450,85.1,7337,577,92.7,21.3,15311,3258,0.807,0.827,0.817,0.82,0.762,0.756,0.708,2555,2653.2,2653.2,2653.2,2260.2,98.3,2456.7,906.1,964.3,862.6,866.9,907.5,1017.6,917.2,886.7,826.3,906.1,41,43.9,38.5,39.2,41.9,46,41.3,40.3,37.1,46,41,100,39.8,42.5,38.1,38.8,39.9,44.4,40.2,38.9,36,39.8,26,27,27,27,23,25,51,54,53,49,49,49,46,47,51,51,54,54,No,No,No,No,No,No,No,No,No,No,No,No,No,No,No,No,No,No,53,52,51,2.031,10.467,6.646,0.485,5.994,1.593,1.145,0.486,64,15,64,64,0,3.1,0,0,0,0,0,0,41.4,44.3,39.1,39.5,42.3,46.4,41.5,40.8,37.5,31,30.5,31.8,27.6,34.3,2096.4,21.33,36,39,39,90,129,598,1,2,Yes,No,No,No,No,No,No,No,No,No,Yes,No,No,No,No,No,No,No,No,No,No,No,No,No,No,No,No,No,No,No,No,No,No,No,No,No,No,52,55,49,49,42,49,54,51,7308,6996,65,55,55,100,No,No,34673,80119,9.6,0,9.6,4.037,0.107,504316,187371,51,0.725,0.485,600,2096,11,9.7,0,3,11.9,0,3.1,0,0,45.1,1785,2172,1786,No,No,No,No,No,No,No,No,8.178,28.014,95.4,5.152,43.5,59.6,46.5,448.4,23.7,22.8,22.7,22.7,47.2,62.3,29.6,29.4,29.4,29.4,21.51,42.79,2.15,1.85,44.58,44.58,2.34,3.15,21.02,0.49,9.55,1099,53,84.2,8.2,0
1.7.2026,48:30.9,19817,3408,85.3,7396,518,93.4,21,15311,3219,0.764,0.765,0.765,0.765,0.762,0.713,0.766,2260.2,2260.2,2260.2,2260.2,2260.2,98.3,2063.6,813.3,945.1,710.1,878.1,827.3,941.8,652.5,851.1,700.8,813.3,32.1,37,28.4,34.1,31.3,36.9,27.6,32.4,28.9,37,32.1,100,35.5,41.2,31.4,38.4,36,40.7,29,37,30,35.5,23,23,23,23,23,21,51,53,51,49,52,49,47,49,51,48,53,53,No,No,No,No,No,No,No,No,No,No,No,No,No,No,No,No,No,No,68,68,51,15.489,11.499,7.852,0.358,6.246,1.538,1.001,0.485,64,15,64,64,0,4.7,0,0,0,0,0,0,32.1,36.9,28.3,34,31.3,37,27.1,32.5,29.3,39.5,39.4,38.6,39,41.1,2096.4,21.33,36,39,39,90,129,598,1,2,Yes,No,No,No,No,No,No,No,No,No,Yes,No,No,No,No,No,No,No,No,No,No,No,No,No,No,No,No,No,No,No,No,No,No,No,No,No,No,53,55,49,49,42,49,54,51,7295,6984,65,55,55,100,No,No,34673,80119,8.2,0.1,8.3,13.65,0.235,504342,187372,51,0.722,0.358,600,2096,7.1,5.9,0,2,7.4,0,2.4,0,0,43.9,1737,2219,1725,No,No,No,No,No,No,No,No,8.178,28.021,95.4,5.152,43.5,59.6,56,95,19.9,19.7,19.7,19.7,56.8,62.3,24.2,20.4,20.1,20.1,17.85,50.35,10.08,8.15,50.72,50.72,1.81,4.07,17.54,0.31,3.37,1099,53,0.4,1,0
1.7.2026,48:32.9,20121,3104,86.6,7729,185,97.6,21,15311,3218,0.996,1.02,0.967,1.007,0.987,0.891,0.761,3709.6,3734.2,3635.9,3734.2,3734.2,98.3,3439.4,3313.6,3315.6,3169.5,3327.6,3274.5,3326.4,3330.6,3332.6,3432.5,3313.6,89.5,90.1,85.8,90.4,88.5,89.6,89.6,89.7,92.1,92.1,89.5,100,143,143.9,137.7,143.6,141.1,143.6,143.5,143.6,146.7,143,37.8,38,37,38,38,35,72,74,69,72,73,28,26,31,28,27,74,74,No,No,No,No,No,No,No,No,No,No,No,No,No,No,No,No,No,No,75,75,54,14.727,29.137,24.904,0.479,11.86,1.989,1.668,0.499,64,15,64,64,0,0,0,0,0,0,0,0,88.2,88.5,84.5,88.8,87.4,88.3,88.5,88.4,91,0.7,0.8,0.9,0.6,0.5,2096.4,21.33,36,39,39,90,129,598,1,2,Yes,No,No,No,No,No,No,No,No,No,Yes,No,No,No,No,No,No,No,No,No,No,No,No,No,No,No,No,No,No,No,No,No,No,No,No,No,No,55,57,49,49,42,49,54,51,7268,6984,65,55,55,100,No,No,34673,80120,100,11.5,100,480.327,5.581,505265,187383,54,0.722,0.479,600,2096,8.9,8,0,2.3,9.3,0,2.2,0,0,43.4,1715,2241,1716,No,No,No,No,No,No,No,No,8.176,28.021,95.4,5.077,43.5,59.6,30.2,158.9,8.1,7.6,7.6,7.6,30.5,60.6,8.9,8.6,8.6,8.6,33.13,122.84,6.81,6.8,131.61,131.61,3.04,9.61,32.59,0.54,28.14,1101,53,830.1,86.8,0
1.7.2026,48:34.8,20142,3083,86.7,7646,268,96.6,20.3,15311,3109,0.959,0.997,0.842,1.007,0.987,0.891,0.758,3513.1,3635.9,2948,3734.2,3734.2,98.3,3439.4,3598.8,3561.7,3556.7,3557.1,3581.4,3637.7,3633.5,3625.9,3636.5,3598.8,97.3,97,96.6,97.3,97.6,97.8,97.6,97.3,97.5,97.8,97.3,100,153,152.1,151.4,151.3,151.9,155,154.7,153.8,153.8,153,35.8,37,30,38,38,35,72,73,69,71,75,28,27,31,29,25,73,75,No,No,No,No,No,No,No,No,No,No,No,No,No,No,No,No,No,No,77,77,56,17.52,31.844,27.764,0.144,11.967,1.977,1.553,0.485,64,15,64,64,0,0,0,0,0,0,0,0,96.1,95.4,95.3,95.9,96.5,96.3,96.2,96.3,96.6,0,0,0,0,0,2096.4,21.33,36,39,39,90,129,598,1,2,Yes,No,No,No,No,No,No,No,No,No,Yes,No,No,No,No,No,No,No,No,No,No,No,No,No,No,No,No,No,No,No,No,No,No,No,No,No,No,56,60,49,49,42,49,54,51,7295,6996,65,55,55,100,No,No,34673,80120,100,38.2,100,200.216,10.436,505651,187403,56,0.72,0.144,600,2096,3,1.9,0,1.1,3.1,0,2.3,0,0,42.7,1690,2266,1691,No,No,No,No,No,No,No,No,8.181,28.021,95.4,5.08,43.5,59.6,33.5,513,15.5,14.9,14.8,14.8,33.1,60.1,16.3,15.1,15,15,29.84,64.73,1.91,1.37,67.45,67.45,1.36,2.54,29.55,0.29,29.43,1101,53,116.4,25.3,0
1.7.2026,48:36.8,20130,3095,86.6,7235,679,91.4,21.7,15311,3328,0.656,0.65,0.657,0.655,0.662,0.646,0.761,1179.2,1179.2,1179.2,1179.2,1179.2,98.3,982.7,2069.6,2113.3,1874.2,1999.9,2074.8,2081,2291.6,2114.1,2007.8,2069.6,61.2,63.3,55,60.1,62.3,60.9,66.6,62.3,58.9,66.6,61.2,100,89.3,91.3,80.9,86.3,89.1,89.7,98.4,91.6,87,89.3,12,12,12,12,12,10,52,54,53,52,50,48,46,47,48,50,54,54,No,No,No,No,No,No,No,No,No,No,No,No,No,No,No,No,No,No,56,54,54,1.016,21.097,17.121,0.21,8.961,1.811,1.301,0.491,64,15,64,64,0,1.8,0,0,0,0,0,0,60.7,62.9,54.6,59.7,61.9,60.5,66.2,61.8,58.2,10.9,11.3,13,8.9,10.4,2096.4,21.33,36,39,39,90,129,598,1,2,Yes,No,No,No,No,No,No,No,No,No,Yes,No,No,No,No,No,No,No,No,No,No,No,No,No,No,No,No,No,No,No,No,No,No,No,No,No,No,56,60,49,49,42,49,54,51,7281,7046,65,55,55,100,No,No,34673,80120,100,74,100,44.313,152.601,505735,187691,54,0.777,0.21,900,2096,3.9,3,0,1.2,4,0.1,2.1,0,0,43.2,1708,2248,1709,No,No,No,No,No,No,No,No,8.182,28.029,95.5,5.081,43.5,59.6,58.6,69.8,44.9,44.4,44.3,44.3,57.4,60.1,33.5,30.3,30,30,17.05,22.32,14.38,14.37,22.58,22.58,1.9,1.03,16.75,0.3,1.76,1103,53,1003.6,34.9,0
1.7.2026,48:38.9,20106,3119,86.5,7331,583,92.6,21.6,15311,3312,0.672,0.67,0.675,0.675,0.67,0.656,0.761,1351.2,1375.8,1375.8,1375.8,1277.5,98.3,1179.2,840.2,883.1,815.9,807.3,772.1,853,813.8,973.6,802.9,840.2,35.5,35.2,34.7,34.5,33.4,36.5,34,41.7,34.1,41.7,35.5,100,37.7,40.1,36.8,36.3,34.6,38.2,36.7,43.4,36,37.7,13.8,14,14,14,13,12,53,55,53,51,52,47,45,47,49,48,55,55,No,No,No,No,No,No,No,No,No,No,No,No,No,No,No,No,No,No,56,54,53,1.777,11.535,8.207,0.03,6.074,1.517,0.907,0.486,64,15,64,64,0,7.5,0,0,0,0,0,0,35.7,35.4,34.8,34.8,33.6,36.8,34.2,41.8,34.4,29.2,30.1,32.8,27.4,26.6,2096.4,21.33,36,39,39,90,129,598,1,2,Yes,No,No,No,No,No,No,No,No,No,Yes,No,No,No,No,No,No,No,No,No,No,No,No,No,No,No,No,No,No,No,No,No,No,No,No,No,No,56,60,49,49,42,50,55,52,7295,6874,65,55,55,100,No,No,34673,80121,100,3.5,100,223.289,1.47,506165,187694,53,0.777,0.03,900,2096,0.3,0,0,0.3,0.1,0,1.6,0,0,42.5,1683,2273,1684,No,No,No,No,No,No,No,No,8.177,28.029,95.5,5.127,43.5,59.6,58.6,69.8,44.9,44.4,44.3,44.3,57.4,60.1,33.5,30.3,30,30,17.05,22.32,14.38,14.37,22.58,22.58,1.9,1.03,16.75,0.3,1.76,1103,53,60.5,21.4,0
1.7.2026,48:40.9,20100,3125,86.5,7418,496,93.7,21.6,15311,3312,0.821,0.707,0.857,0.862,0.855,0.673,0.761,2653.2,1768.8,2948,2948,2948,98.3,1572.3,853.1,861.3,737.4,948.7,931.6,878.4,831.9,835.8,799.8,853.1,46.6,46.7,39.9,50.9,48.8,49.6,46.1,46.1,45,50.9,46.6,100,37.5,38.5,32.7,41.3,40.8,38.6,36.5,36.8,34.9,37.5,27,18,30,30,30,16,54,54,54,52,54,46,46,46,48,46,54,54,No,No,No,No,No,No,No,No,No,No,No,No,No,No,No,No,No,No,70,70,53,16.25,9.595,6.244,0.019,5.451,1.543,1.009,0.483,64,15,64,64,0,0,0,0,0,0,0,0,47,46.8,40.3,51.2,49,50,46.5,46.6,45.3,23.5,27.2,20.1,21.3,25.3,2096.4,21.33,36,39,39,90,129,598,1,2,Yes,No,No,No,No,No,No,No,No,No,Yes,No,No,No,No,No,No,No,No,No,No,No,No,No,No,No,No,No,No,No,No,No,No,No,No,No,No,56,60,49,49,42,50,55,52,7295,6922,65,55,55,100,No,No,34673,80121,75.8,13.7,89.5,90.984,0.744,506339,187695,54,0.722,0.019,600,2096,1.5,0.9,0,0.6,1.6,0,1.7,0,0,42.6,1686,2271,1686,No,No,No,No,No,No,No,No,8.18,28.029,95.5,5.137,43.5,59.6,58.6,69.8,44.9,44.4,44.3,44.3,57.4,60.1,33.5,30.3,30,30,17.05,22.32,14.38,14.37,22.58,22.58,1.9,1.03,16.75,0.3,1.76,1103,53,11.1,8.7,0
1.7.2026,48:42.9,20065,3160,86.3,7444,470,94,21.6,15311,3311,1.001,1.02,0.987,1.007,0.99,0.893,0.763,3734.2,3734.2,3734.2,3734.2,3734.2,98.3,3439.4,1039.5,1150.5,1053.6,1159,889.2,1040.8,1070.1,1042.6,910,1039.5,37.1,41.4,37.8,41.3,32,35.4,37.3,37.8,33.5,41.4,37.1,100,46.3,51.3,47.2,51.2,39.6,46.6,47.5,46.7,40.5,46.3,38,38,38,38,38,35,54,56,53,51,56,46,44,47,49,44,56,56,No,No,No,No,No,No,No,No,No,No,No,No,No,No,No,No,No,No,65,65,53,11.934,13.31,9.896,0.107,6.683,1.57,0.97,0.491,64,15,64,64,0,3.7,0,0,0,0,0,0,37,41.5,37.8,41.2,32,35.4,37.1,37.8,33.3,23,19.3,22.3,22.9,27.6,2096.4,21.33,36,39,39,90,129,598,1,2,Yes,No,No,No,No,No,No,No,No,No,Yes,No,No,No,No,No,No,No,No,No,No,No,No,No,No,No,No,No,No,No,No,No,No,No,No,No,No,56,60,49,49,42,50,55,52,7281,6935,65,55,55,100,No,No,34673,80121,41.6,1.4,43,70.602,4.071,506472,187703,53,0.722,0.107,600,2096,1,0.8,0,0.3,1.3,0,0,0,0,42.7,1690,2266,1691,No,No,No,No,No,No,No,No,8.177,28.036,95.5,5.111,43.5,59.6,31.6,79.5,5.1,4.9,4.8,4.8,31.6,61.6,5.3,5,5,5,31.68,196.25,12.58,11.98,207,207,0.63,0,31.68,0,37.5,1104,53,606.4,28.3,0
1.7.2026,48:44.9,20028,3197,86.2,7328,586,92.5,21.5,15311,3295,0.697,0.672,0.667,0.722,0.727,0.678,0.706,1596.9,1375.8,1277.5,1867.1,1867.1,98.3,1670.6,623.1,655.8,564.9,620.7,570.9,878.6,549.1,600.3,545,623.1,38.3,41.6,36.4,38.1,35.8,46.2,35,38.5,34.8,46.2,38.3,100,27.9,29.4,25.5,27.9,25.3,38.6,24.7,27,24.3,27.9,16.2,14,13,19,19,17,50,52,51,50,49,50,48,49,50,51,53,52,No,No,No,No,No,No,No,No,No,No,No,No,No,No,No,No,No,No,62,62,53,14.981,7.6,4.355,0.015,4.973,1.476,0.865,0.487,64,15,64,64,0,6.4,0,0,0,0,0,0,38.1,41.4,36.2,37.9,35.7,45.9,34.7,38.3,34.7,33.4,31.1,36.7,30,35.7,2096.4,21.33,36,39,39,90,129,598,1,2,Yes,No,No,No,No,No,No,No,No,No,Yes,No,No,No,No,No,No,No,No,No,No,No,No,No,No,No,No,No,No,No,No,No,No,No,No,No,No,55,59,49,49,42,50,55,52,7295,6971,65,55,55,100,No,No,34673,80121,17.9,0.1,18,19.264,0.71,506510,187704,53,0.722,0.015,600,2096,2.2,1.7,0,0.5,2.3,0.2,0,0,0,42.9,1696,2260,1697,No,No,No,No,No,No,No,No,8.178,28.036,95.5,5.119,43.5,59.6,31.6,79.5,5.1,4.9,4.8,4.8,31.6,61.6,5.3,5,5,5,31.68,196.25,12.58,11.98,207,207,0.63,0,31.68,0,37.5,1104,53,11,6.4,0
1.7.2026,48:46.9,20060,3165,86.3,7300,614,92.2,21.5,15311,3299,0.88,1.02,0.76,0.985,0.755,0.891,0.763,2972.6,3734.2,2260.2,3635.9,2260.2,98.3,3439.4,1359.4,1574.3,1308.1,1429,1258.3,1453.6,1222.7,1400.8,1228.5,1359.4,49.5,56.8,47.9,51.2,45.8,52.4,44.7,51.7,45.7,56.8,49.5,100,59.4,68.9,57.6,62.5,55,63.3,53.5,61.3,53.4,59.4,30.2,38,23,37,23,35,59,61,59,59,57,41,39,41,41,43,61,61,No,No,No,No,No,No,No,No,No,No,No,No,No,No,No,No,No,No,67,67,52,10.156,14.295,10.336,0.43,7.162,1.706,1.223,0.498,64,15,64,64,0,2.4,0,0,0,0,0,0,49.6,56.6,47.8,51.3,46,52.5,44.7,51.8,45.8,20,18.2,21.3,19,21.4,2096.4,21.33,36,39,39,90,129,598,1,2,Yes,No,No,No,No,No,No,No,No,No,Yes,No,No,No,No,No,No,No,No,No,No,No,No,No,No,No,No,No,No,No,No,No,No,No,No,No,No,56,59,49,49,42,50,55,52,7295,6959,65,55,55,100,No,No,34673,80121,53.1,3.9,56.9,38.772,2.543,506583,187709,53,0.74,0.43,700,2096,9.8,8,0,2.3,10.8,0.7,0,0,0,43.7,1729,2228,1729,No,No,No,No,No,No,No,No,8.177,28.036,95.5,5.094,43.5,59.6,58.8,151.6,32.9,29.6,29.3,29.3,38.7,61.4,5.9,5.5,5.5,5.5,17.01,30.25,6.49,5.16,33.65,33.65,1.88,2.61,16.6,0.41,3.59,1109,53,2327.6,73.9,0
1.7.2026,48:48.9,20080,3145,86.4,7088,826,89.5,23.2,15311,3559,0.985,0.955,0.987,1.007,0.99,0.893,0.763,3660.5,3439.4,3734.2,3734.2,3734.2,98.3,3439.4,1071.4,1224.5,1052.2,1158.3,941.9,1122.7,955.3,1158,958.4,1071.4,40.7,47.4,39.9,43.3,36,42.7,36.7,44.1,35.7,47.4,40.7,100,47.4,54.3,46.8,51.2,42,49.6,42.3,50.8,42,47.4,37.2,35,38,38,38,35,59,61,58,58,58,41,39,42,42,42,61,61,No,No,No,No,No,No,No,No,No,No,No,No,No,No,No,No,No,No,55,53,53,2.031,13.267,9.553,0.315,6.76,1.663,1.139,0.496,64,15,64,64,0,2,0,0,0,0,0,0,41,47.6,40.1,43.7,36.2,43,37,44.4,36.1,20,17.7,20.6,20.2,21.5,2096.4,21.33,36,39,39,90,129,598,1,2,Yes,No,No,No,No,No,No,No,No,No,Yes,No,No,No,No,No,No,No,No,No,No,No,No,No,No,No,No,No,No,No,No,No,No,No,No,No,No,55,59,49,49,42,50,55,52,7295,6971,65,55,55,100,No,No,34674,80121,84.8,76.2,100,68.473,144.328,506714,187985,52,0.725,0.315,600,2096,10.5,9,0,2.4,11.2,0.8,0,0,0,44.5,1762,2195,1762,No,No,No,No,No,No,No,No,8.177,28.044,95.5,5.094,43.5,59.6,48.1,144.8,19.9,19.8,19.8,19.8,48.4,61.7,20,20,20,20,20.81,50.29,6.95,5.54,50.44,50.44,2.22,7.47,20.41,0.4,5.24,1111,54,1155.4,41.2,0
1.7.2026,48:50.9,20136,3089,86.6,7170,744,90.5,23.1,15311,3530,0.802,0.777,0.775,0.832,0.822,0.723,0.763,2555,2358.4,2358.4,2751.5,2751.5,98.3,2161.9,1024.4,1170.6,936,1088.8,933.1,1044.3,1004.6,1092.6,925.3,1024.4,42.2,47.8,38.2,45,38.4,44.4,40.2,43.7,39.7,47.8,42.2,100,44.8,51.4,41.4,47.6,40.8,45.8,43.9,47.7,40.1,44.8,26,24,24,28,28,22,55,56,55,54,55,45,44,45,46,45,56,56,No,No,No,No,No,No,No,No,No,No,No,No,No,No,No,No,No,No,55,54,52,5.078,12.012,8.239,0.315,6.373,1.661,1.171,0.492,64,15,64,64,0,2,0,0,0,0,0,0,42.4,47.9,38.2,45.3,38.6,44.8,40.4,44,39.9,26,26.6,27,24.1,26.2,2096.4,21.33,36,39,39,90,129,598,1,2,Yes,No,No,No,No,No,No,No,No,No,Yes,No,No,No,No,No,No,No,No,No,No,No,No,No,No,No,No,No,No,No,No,No,No,No,No,No,No,55,59,49,49,42,50,55,52,7281,6984,65,54,55,100,No,No,34674,80121,11.4,0.1,11.4,25.923,0.317,506764,187986,52,0.777,0.315,900,2096,9,7.5,0,2.1,9.7,0.7,0,0,0,45.3,1792,2164,1793,No,No,No,No,No,No,No,No,8.182,28.044,95.5,5.089,43.5,59.6,44.5,83.8,6.1,3.9,3.8,3.8,44.5,62.1,6.3,4.2,4,4,22.45,163.87,11.78,11.53,266.44,266.44,1.63,3.33,22.06,0.39,12.83,1114,54,1465.7,41.7,0
1.7.2026,48:52.9,20153,3072,86.7,7231,683,91.3,22.8,15311,3496,0.704,0.702,0.705,0.702,0.707,0.668,0.763,1670.6,1670.6,1670.6,1670.6,1670.6,98.3,1474,889.9,1005.2,843.8,903.6,815.5,941.1,806.6,958.9,844.7,889.9,44.9,52.7,43.2,45.4,40.5,47.7,41.2,47.4,40.8,52.7,44.9,100,39.2,44.3,37.3,39.9,35.9,41.6,35.6,42.1,36.9,39.2,17,17,17,17,17,15,51,54,51,50,50,49,46,49,50,50,54,54,No,No,No,No,No,No,No,No,No,No,No,No,No,No,No,No,No,No,62,62,52,13.457,10.139,6.423,0.261,5.677,1.598,1.086,0.493,64,15,64,64,0,5,0,0,0,0,0,0,44.5,52.3,42.7,45.2,40.2,47.3,40.9,47.3,40.3,26.9,22.1,29.3,28.8,27.5,2096.4,21.33,36,39,39,90,129,598,1,2,Yes,No,No,No,No,No,No,No,No,No,Yes,No,No,No,No,No,No,No,No,No,No,No,No,No,No,No,No,No,No,No,No,No,No,No,No,No,No,54,59,49,49,42,50,55,52,7281,6971,65,55,55,100,No,No,34674,80121,15.3,0.2,15.5,29.214,0.791,506820,187987,52,0.725,0.261,600,2096,7.3,5.8,0,1.7,7.9,0.9,0,0,0,45.4,1798,2159,1798,No,No,No,No,No,No,No,No,8.182,28.044,95.5,5.073,43.5,59.6,41.1,147.4,8.8,6.6,6.4,6.4,41.4,62.2,9,6.8,6.7,6.7,24.32,113.41,6.69,6.38,156.77,156.77,1.22,10.25,23.91,0.41,11.75,1116,54,1081.7,31.4,0
1.7.2026,48:54.9,20275,2950,87.2,7440,475,93.9,22.7,15311,3470,1.022,1.02,0.987,1.007,1.072,0.893,0.763,3832.5,3734.2,3734.2,3734.2,4127.3,98.3,3439.4,1237,1364.1,1186.3,1303.7,1264.4,1282.4,1119.2,1244.9,1131.2,1237,48.1,54,46.4,50.2,49.3,49.8,42.2,48.2,44.3,54,48.1,100,54.3,60.2,52.8,57.2,55.1,56.2,48.8,54.3,49.6,54.3,39,38,38,38,42,35,62,64,62,57,65,38,36,38,43,35,65,65,No,No,No,No,No,No,No,No,No,No,No,No,No,No,No,No,No,No,66,66,52,7.617,13.098,9.45,0.272,6.67,1.637,1.122,0.494,64,15,64,64,0,4,0,0,0,0,0,0,48.2,54,46.3,50.3,49.6,50,42.6,48.4,44.3,24.6,21,22.3,27.6,27.3,2096.4,21.33,36,39,39,90,129,598,1,2,Yes,No,No,No,No,No,No,No,No,No,Yes,No,No,No,No,No,No,No,No,No,No,No,No,No,No,No,No,No,No,No,No,No,No,No,No,No,No,54,59,50,49,42,50,55,53,7281,6971,65,54,55,100,No,No,34674,80121,29.9,1.6,31.6,64.642,0.362,506943,187988,52,0.777,0.272,900,2096,5.5,4,0,1.8,5.8,0.4,1.3,1.7,0,47.5,1879,2078,1880,No,No,No,No,No,No,No,No,8.177,28.052,95.5,5.086,43.5,59.6,41.7,235.5,8.4,7.6,7.5,7.5,41.8,60.4,9.6,8.7,8.6,8.6,23.99,119.94,4.32,3.75,133.52,133.52,2.25,9.8,23.64,0.35,20.56,1119,54,1313.7,44.9,0
1.7.2026,48:56.9,20340,2885,87.5,7348,566,92.8,22.5,15311,3449,0.672,0.662,0.675,0.667,0.682,0.656,0.763,1326.6,1277.5,1375.8,1277.5,1375.8,98.3,1179.2,1561.2,1398.2,1791.4,1646.6,1372.2,1535.3,1521.5,1617.2,1607.4,1561.2,52.7,48.1,58.9,56.3,48,51.3,50.7,54.7,53.8,58.9,52.7,100,67.6,60.9,77.1,71.2,59.9,66.7,65.7,70,68.9,67.6,13.5,13,14,13,14,12,51,53,52,50,49,49,47,48,50,51,53,53,No,No,No,No,No,No,No,No,No,No,No,No,No,No,No,No,No,No,66,66,52,9.649,16.973,13.097,0.384,7.986,1.737,1.293,0.484,64,15,64,64,0,1,0,0,0,0,0,0,52.5,48,58.5,56,47.8,51.2,50.5,54.4,53.8,20.4,20.2,20.6,22.1,18.6,2096.4,21.33,36,39,39,90,129,598,1,2,Yes,No,No,No,No,No,No,No,No,No,Yes,No,No,No,No,No,No,No,No,No,No,No,No,No,No,No,No,No,No,No,No,No,No,No,No,No,No,56,59,50,49,42,50,55,53,7308,6947,65,54,55,100,No,No,34674,80121,20.2,0.2,20.4,39.564,0.706,507019,187990,52,0.732,0.384,650,2096,6.2,4.6,0,2.5,6.4,0,1.6,4.3,0,47.3,1871,2085,1872,No,No,No,No,No,No,No,No,8.181,28.052,95.5,5.056,43.5,59.6,59.9,62.8,58,57.8,57.8,57.8,60,60.6,59.4,59.2,59.2,59.2,16.68,17.25,15.93,15.83,17.3,17.3,0.28,0,16.68,0,0.25,1119,54,29.6,12.7,0
1.7.2026,48:59.0,20410,2815,87.8,7369,545,93.1,22.5,15311,3441,0.846,0.855,0.842,0.845,0.84,0.773,0.761,2849.8,2849.8,2849.8,2849.8,2849.8,98.3,2653.2,1154.7,1158.5,1038.6,1202.8,1129.2,1163.1,1174.6,1199.6,1171,1154.7,53.2,53.4,47.4,55.9,52.9,55.3,53.1,55.2,52.1,55.9,53.2,100,50.7,51.1,45.9,53,49.5,51.6,51.2,52.5,50.9,50.7,29,29,29,29,29,27,56,58,55,56,55,44,42,45,44,45,58,58,No,No,No,No,No,No,No,No,No,No,No,No,No,No,No,No,No,No,68,68,53,10.156,11.655,7.896,0.356,6.21,1.649,1.189,0.492,64,15,64,64,0,1.6,0,0,0,0,0,0,52.7,53,47,55.5,52.5,54.5,52.8,54.7,51.6,21.5,24.2,20.2,20.3,21.5,2096.4,21.33,36,39,39,90,129,598,1,2,Yes,No,No,No,No,No,No,No,No,No,Yes,No,No,No,No,No,No,No,No,No,No,No,No,No,No,No,No,No,No,No,No,No,No,No,No,No,No,55,59,50,49,42,50,55,53,7295,6984,65,54,55,100,No,No,34674,80122,17.2,0.2,17.4,37.34,0.314,507090,187990,52,0.777,0.356,900,2096,7.7,6,0,2.9,7.9,0,2.5,4.1,0,42.8,1694,2263,1694,No,No,No,No,No,No,No,No,8.178,28.052,95.5,5.079,43.5,59.6,25.9,64.1,4.1,3.8,3.8,3.8,25.9,60.4,4.1,3.8,3.8,3.8,38.6,245.81,15.6,15.53,265.66,265.66,0.67,0,38.6,0,22.25,1122,54,1646.2,33.8,0
1.7.2026,49:01.0,20377,2848,87.7,7102,812,89.7,23.7,15311,3628,0.762,0.72,0.775,0.777,0.777,0.678,0.763,2235.6,1867.1,2358.4,2358.4,2358.4,98.3,1670.6,1190.5,1254.4,1068.6,1165.5,1211.1,1336.9,1107.6,1261.8,1118.4,1190.5,44.1,47.9,42,43.2,43,48.7,42,46.2,40,48.7,44.1,100,52,55.2,47.3,51,52.7,58.1,48.5,54.8,48.2,52,22.8,19,24,24,24,17,51,54,51,49,51,49,46,49,51,49,54,54,No,No,No,No,No,No,No,No,No,No,No,No,No,No,No,No,No,No,73,73,53,16.758,15.503,11.721,0.227,6.96,1.708,1.213,0.49,64,15,64,64,0,2.3,0,0,0,0,0,0,44.1,47.7,41.8,43.2,43,48.7,41.8,46.1,40.3,23.7,23.5,23.7,22.6,24.9,2096.4,21.33,36,39,39,90,129,598,1,2,Yes,No,No,No,No,No,No,No,No,No,Yes,No,No,No,No,No,No,No,No,No,No,No,No,No,No,No,No,No,No,No,No,No,No,No,No,No,No,56,59,50,49,42,50,55,53,7295,6971,65,55,55,100,No,No,34674,80122,7.6,55.1,62.8,13.877,110.441,507117,188203,53,0.857,0.227,900,2096,4.8,3,0,2.5,4.9,0,4.1,3.5,0,42,1661,2296,1661,No,No,No,No,No,No,No,No,8.178,28.059,95.6,5.062,43.5,59.6,38.6,64.5,4.7,3.6,3.5,3.5,38.6,62.3,4.7,3.6,3.5,3.5,25.93,212.94,15.5,15.43,283.15,283.15,0.29,0,25.93,0,18.99,1123,54,548.9,15.9,0
1.7.2026,49:03.0,20259,2966,87.2,7184,730,90.7,23.4,15311,3582,0.686,0.682,0.685,0.685,0.69,0.661,0.763,1474,1474,1474,1474,1474,98.3,1277.5,1297.7,1374.3,1253.6,1317.3,1226.7,1364,1219.4,1283.4,1342.8,1297.7,53.9,58.9,51.4,55.3,51.4,56.8,49.8,52.3,55.6,58.9,53.9,100,57.1,60.5,55.4,58,54.1,59.7,53.4,56.6,58.9,57.1,15,15,15,15,15,13,51,53,51,50,50,49,47,49,50,50,53,53,No,No,No,No,No,No,No,No,No,No,No,No,No,No,No,No,No,No,62,62,52,12.442,13.132,9.059,0.614,6.721,1.731,1.333,0.49,64,15,64,64,0,2.3,0,0,0,0,0,0,53.5,58.4,50.9,54.9,51,56.5,49.4,51.9,54.8,21.1,19.9,21.7,24.2,18.7,2096.4,21.33,36,39,39,90,129,598,1,2,Yes,No,No,No,No,No,No,No,No,No,Yes,No,No,No,No,No,No,No,No,No,No,No,No,No,No,No,No,No,No,No,No,No,No,No,No,No,No,55,59,50,49,42,50,55,53,7295,6984,65,55,55,100,No,No,34674,80122,13.8,0.1,13.9,16.506,0.108,507149,188203,52,0.777,0.614,900,2096,15.7,13.7,0,4.3,16.5,0,3.5,1.5,0,42.8,1692,2264,1693,No,No,No,No,No,No,No,No,8.178,28.059,95.6,5.062,43.5,59.6,40.3,63.5,7.3,6.7,6.7,6.7,37.3,62.6,6.7,6.7,6.7,6.7,24.79,137.79,15.75,15.65,149.89,149.89,0.74,0,24.79,0,7.99,1124,54,771.8,32.5,0
1.7.2026,49:05.0,20335,2890,87.5,7353,562,92.8,23.2,15311,3559,0.697,0.7,0.702,0.7,0.688,0.668,0.763,1621.4,1670.6,1670.6,1670.6,1474,98.3,1474,1432.6,1532,1330.9,1486.2,1401.4,1377.5,1392.4,1477.6,1463,1432.6,52.5,56.4,48.6,55.4,51.6,51.7,51,53.1,52.3,56.4,52.5,100,62.2,66.6,58.4,64.6,60.8,59.7,60.2,63.8,63.2,62.2,16.5,17,17,17,15,15,53,55,52,52,52,47,45,48,48,48,55,55,No,No,No,No,No,No,No,No,No,No,No,No,No,No,No,No,No,No,74,74,53,16.25,14.853,10.925,0.355,7.259,1.735,1.314,0.493,64,15,64,64,0,1,0,0,0,0,0,0,52.4,56.3,48.4,55.3,51.4,51.7,50.9,53.2,52.1,20.6,20.7,19.4,21.3,21.1,2096.4,21.33,36,39,39,90,129,598,1,2,Yes,No,No,No,No,No,No,No,No,No,Yes,No,No,No,No,No,No,No,No,No,No,No,No,No,No,No,No,No,No,No,No,No,No,No,No,No,No,56,59,50,49,42,50,55,53,7295,6971,65,55,55,100,No,No,34674,80122,16.1,1.6,17.7,35.111,0.919,507217,188205,53,0.775,0.355,900,2096,7.4,6.1,0,2.2,7.9,0,3.3,0,0,42.2,1669,2288,1669,No,No,No,No,No,No,No,No,8.178,28.067,95.6,5.046,43.5,59.6,13.7,70.1,1.7,1.6,1.5,1.5,13.7,60.3,1.7,1.6,1.5,1.5,72.97,585.59,14.27,14.24,649.35,649.35,0.7,0,72.97,0,96.61,1125,54,262.5,97.5,0
1.7.2026,49:07.0,20445,2780,88,7363,551,93,22.7,15311,3481,0.704,0.702,0.705,0.702,0.707,0.668,0.763,1670.6,1670.6,1670.6,1670.6,1670.6,98.3,1474,1218.7,1186.4,1514.9,1178.8,1377.7,1215.6,1109.3,1171.2,995.9,1218.7,49,49.2,56.1,48.5,52.1,49.7,45.5,49.1,41.6,56.1,49,100,53.3,52.2,65.7,51.4,60,53.3,48.8,51.6,43.3,53.3,17,17,17,17,17,15,52,54,52,51,51,48,46,48,49,49,53,54,No,No,No,No,No,No,No,No,No,No,No,No,No,No,No,No,No,No,70,70,52,9.902,13.243,9.648,0.168,6.738,1.655,1.161,0.493,64,15,64,64,0,2.1,0,0,0,0,0,0,48.9,49.2,55.8,48.5,51.8,49.7,45.3,48.9,41.8,21.5,17.5,21.9,21.6,24.8,2096.4,21.33,36,39,39,90,129,598,1,2,Yes,No,No,No,No,No,No,No,No,No,Yes,No,Yes,No,No,No,No,No,No,No,No,No,No,No,No,Yes,No,No,No,No,No,No,No,No,No,No,No,55,59,50,49,42,50,55,53,7308,6984,65,55,55,100,No,No,34674,80122,19.2,0.2,19.4,39.371,0.833,507291,188207,52,0.777,0.168,900,2096,4,2.8,0,1.7,4.2,0.6,3.7,0,0,46.5,1838,2118,1839,No,No,No,No,No,No,No,No,8.18,28.067,95.6,5.047,43.5,59.6,24.6,92.3,2.5,2.1,2.1,2.1,24.5,62.6,2.5,2.1,2.1,2.1,40.59,394.06,11.17,10.91,476.42,476.42,3.04,20.87,40.1,0.5,43.86,1127,54,970.3,37.9,0
1.7.2026,49:09.1,20400,2825,87.8,7359,555,92.9,22.4,15311,3435,0.981,1.02,0.987,1.007,0.907,0.893,0.763,3635.9,3734.2,3734.2,3734.2,3341.1,98.3,3439.4,885.6,965.4,972.2,901.2,903.7,918.7,768.8,937.7,716.8,885.6,40.4,43.7,41.6,41.5,40.5,42.7,35.8,43.6,34.2,43.7,40.4,100,39,42.5,43.1,39.4,39.7,40.5,33.8,41.2,31.4,39,37,38,38,38,34,35,64,65,63,65,63,36,35,37,35,37,65,65,No,No,No,No,No,No,No,No,No,No,No,No,No,No,No,No,No,No,68,68,52,10.918,9.613,6.19,0.101,5.828,1.549,0.992,0.484,64,15,64,64,0,5,0,0,0,0,0,0,40.7,43.7,41.6,41.8,40.8,43,36,43.9,34.5,30.2,27.3,31.9,31.1,30.5,2096.4,21.33,36,39,39,90,129,598,1,2,Yes,No,No,No,No,No,No,No,No,No,Yes,No,No,No,No,No,No,No,No,No,No,No,No,No,No,No,No,No,No,No,No,No,No,No,No,No,No,55,58,50,49,42,50,55,53,7281,6984,65,55,55,100,No,No,34674,80122,33.3,3,36.3,66.267,4.6,507418,188216,52,0.742,0.101,700,2096,1.2,0.4,0,0.9,1,0,3.3,0,0,43.4,1716,2240,1717,No,No,No,No,No,No,No,No,8.182,28.067,95.6,5.056,43.5,59.6,24.6,92.3,2.5,2.1,2.1,2.1,24.5,62.6,2.5,2.1,2.1,2.1,40.59,394.06,11.17,10.91,476.42,476.42,3.04,20.87,40.1,0.5,43.86,1127,54,2.3,5.7,0
1.7.2026,49:11.1,20212,3013,87,7198,717,90.9,22.4,15311,3426,0.656,0.65,0.657,0.655,0.662,0.648,0.763,1179.2,1179.2,1179.2,1179.2,1179.2,98.3,982.7,1300.2,1321.2,1116.9,1320.5,1258.3,1251.2,1145.6,1610.9,1376.8,1300.2,46.2,48.2,40.6,47.4,45.7,46,41.2,53.7,46.8,53.7,46.2,100,56.6,57.8,49.1,57.4,54.9,54.5,49.8,69.4,59.5,56.6,12,12,12,12,12,10,52,54,52,51,51,48,46,48,49,49,54,54,No,No,No,No,No,No,No,No,No,No,No,No,No,No,No,No,No,No,60,60,53,8.633,14.2,10.6,0.156,7.037,1.68,1.193,0.491,64,15,64,64,0,2.3,0,0,0,0,0,0,46.1,48.1,40.4,47.4,45.7,46,41,53.6,46.6,26.1,28,24.9,29.1,22.4,1048.2,10.67,20,20,20,45,129,299,1,2,Yes,No,No,No,No,No,No,No,No,No,Yes,No,No,No,No,No,No,No,No,No,No,No,No,No,No,No,No,No,No,No,No,No,No,No,No,No,No,54,59,50,49,42,50,55,53,7281,6984,65,55,55,100,No,No,34674,80122,29.2,1.4,30.6,48.827,2.08,507512,188220,52,0.777,0.156,900,1048,3.4,2.6,0,1.4,3.3,0,3.5,0,0,39.8,1575,2382,1575,No,No,No,No,No,No,No,No,8.178,28.074,95.6,5.046,43.5,59.6,43.7,145.5,7.2,5.4,5.3,5.3,43.3,61.5,7,5.2,5,5,22.9,138.53,6.87,5.84,188.71,188.71,2.1,6.29,22.55,0.36,12.43,1128,54,463.8,53.2,0
1.7.2026,49:13.1,20176,3049,86.8,7174,741,90.6,22.3,15311,3409,0.893,0.955,0.93,0.94,0.747,0.858,0.763,3120,3439.4,3439.4,3439.4,2161.9,98.3,3242.8,1117.3,1180.7,1118.1,1060.7,1116.1,1144.1,1030.8,1169.3,1119,1117.3,49.9,53.1,49.8,47,48.9,51,46,52.4,50.7,53.1,49.9,100,48.9,52.1,49.2,46.6,48.8,49.9,44.9,50.4,49,48.9,31.8,35,35,35,22,33,56,57,52,61,52,44,43,48,39,48,61,61,No,No,No,No,No,No,No,No,No,No,No,No,No,No,No,No,No,No,55,54,52,4.316,11.322,7.876,0.048,6.201,1.606,1.081,0.488,64,15,64,64,0,1.5,0,0,0,0,0,0,49.6,52.7,49.4,46.8,48.6,51,45.9,52.8,49.9,20.8,19.9,22.3,22.1,19.1,2096.4,21.33,36,39,39,90,129,598,1,2,Yes,No,No,No,No,No,No,No,No,No,Yes,No,No,No,No,No,No,No,No,No,No,No,No,No,No,No,No,No,No,No,No,No,No,No,No,No,No,54,58,50,49,42,50,55,53,7308,6996,65,55,55,100,No,No,34674,80122,34.1,0.8,35,45.755,0.38,507600,188220,52,0.777,0.048,900,2096,1,0.4,0,0.7,0.8,0,2.8,0,0,39.4,1558,2398,1559,No,No,No,No,No,No,No,No,8.179,28.074,95.6,5.046,43.5,59.6,26.9,149.6,5.5,5.5,5.5,5.5,26.5,60.4,5.5,5.5,5.5,5.5,37.24,182.74,6.71,4.45,183.02,183.02,1.64,14.21,36.82,0.42,26.71,1129,54,399.8,6.2,0
1.7.2026,49:15.1,20165,3060,86.8,6918,996,87.4,23,15311,3520,0.975,1.02,0.987,0.997,0.895,0.893,0.763,3611.4,3734.2,3734.2,3734.2,3242.8,98.3,3439.4,874.2,954.7,808.2,845.7,837.3,1038.9,868.6,911.3,728.6,874.2,44,47.8,40.9,43.8,43,49.4,42.3,46.3,38.4,49.4,44,100,38.8,42.4,36.2,37.6,37,45.9,38.4,41,32.1,38.8,36.8,38,38,38,33,35,58,59,58,56,57,42,41,42,44,43,59,59,No,No,No,No,No,No,No,No,No,No,No,No,No,No,No,No,No,No,62,62,52,12.188,9.748,6.312,0.075,5.653,1.579,1.063,0.486,64,15,64,64,0,3.5,0,0,0,0,0,0,44,47.8,40.8,44,43.1,49.4,42.2,45.9,38.6,26.1,26.7,26.1,23.6,28.1,2096.4,21.33,36,39,39,90,129,598,1,2,Yes,No,No,No,No,No,No,No,No,No,Yes,No,No,No,No,No,No,No,No,No,No,No,No,No,No,No,No,No,No,No,No,No,No,No,No,No,No,55,58,50,49,42,50,55,53,7295,6996,65,55,55,100,No,No,34674,80122,29.1,30.1,59.1,38.577,71.488,507673,188355,52,0.857,0.075,900,2096,3,2,0,1.2,3.6,0,2.4,0,0,39.6,1566,2391,1566,No,No,No,No,No,No,No,No,8.181,28.074,95.6,5.048,43.5,59.6,60,154.1,39.4,38.6,38.5,38.5,60,62,58.2,58.1,58.1,58.1,16.66,25.33,6.51,6.3,25.92,25.92,1.24,12.67,16.12,0.55,1.98,1129,54,6.5,8.2,0
1.7.2026,49:17.1,20232,2993,87.1,6957,958,87.8,23.8,15311,3648,0.689,0.73,0.685,0.667,0.672,0.681,0.763,1498.6,1965.4,1474,1277.5,1277.5,98.3,1768.8,1366.2,1434,1273.7,1428,1309.3,1400.6,1331.4,1480.3,1271.9,1366.2,47.8,51.4,44.5,50,46.5,49.1,46.2,50.5,44.1,51.4,47.8,100,60.1,63.5,56.3,62.9,57.6,61.6,58.5,65,55.7,60.1,15.2,20,15,13,13,18,52,55,51,50,50,48,45,49,50,50,55,55,No,No,No,No,No,No,No,No,No,No,No,No,No,No,No,No,No,No,54,54,51,4.57,14.979,11.282,0.203,7.371,1.692,1.202,0.497,64,15,64,64,0,3,0,0,0,0,0,0,47.5,50.9,44.4,50,46.2,48.8,46,50.2,43.7,17.7,16.8,17.5,17.2,19.4,2096.4,21.33,36,39,39,90,129,598,1,2,Yes,No,No,No,No,No,No,No,No,No,Yes,No,No,No,No,No,No,No,No,No,No,No,No,No,No,No,No,No,No,No,No,No,No,No,No,No,No,54,58,50,49,42,50,55,53,7308,6996,65,55,55,100,No,No,34674,80122,50.8,49.3,100,72.111,74,507813,188499,51,0.777,0.203,900,2096,4.2,3.1,0,1.6,4.2,0.6,3.2,0,0,39.7,1571,2386,1571,No,No,No,No,No,No,No,No,8.179,28.082,95.7,5.014,43.5,59.6,35.9,113,4.2,3.3,3.2,3.2,36.7,62.2,4.2,3.2,3.2,3.2,27.88,239.23,8.87,7.88,314.5,314.5,2.36,8.45,27.48,0.39,22.6,1132,55,1571.1,86.6,0
1.7.2026,49:19.1,20149,3076,86.7,6993,921,88.3,23.3,15311,3575,0.861,0.827,0.817,0.905,0.895,0.756,0.763,2948,2653.2,2653.2,3242.8,3242.8,98.3,2456.7,745.3,740.9,696.8,870.8,688.6,751.4,760.5,765.4,688.1,745.3,41.4,41,39.2,47.7,39.6,42.2,40.2,42.9,38.6,47.7,41.4,100,32.7,32.8,31,38.2,30,32.9,33.1,33.4,29.8,32.7,30,27,27,33,33,25,52,53,51,50,52,48,47,49,50,48,54,53,No,No,No,No,No,No,No,No,No,No,No,No,No,No,No,No,No,No,54,52,51,4.316,7.981,4.494,0.137,5.323,1.582,1.101,0.486,64,15,64,64,0,2.7,0,0,0,0,0,0,41.5,41,39.2,47.3,39.8,42.4,40.2,42.9,38.8,31,32.5,29.6,30.5,31.4,2096.4,21.33,36,39,39,90,129,598,1,2,Yes,No,No,No,No,No,No,No,No,No,Yes,No,No,No,No,No,No,No,No,No,No,No,No,No,No,No,No,No,No,No,No,No,No,No,No,No,No,54,58,50,49,42,50,55,53,7281,6984,65,55,55,100,No,No,34674,80122,9.5,1.6,11.1,9.661,0.33,507831,188499,51,0.725,0.137,600,2096,5,3.8,0,1.7,5.7,0,2.5,0,0,39.9,1580,2377,1577,No,No,No,No,No,No,No,No,8.179,28.082,95.7,5.03,43.5,59.6,41.8,273.2,5.3,3.6,3.5,3.5,41.3,61.2,5.3,3.7,3.5,3.5,23.9,189.65,3.63,3.53,288.4,288.4,1.49,4.58,23.4,0.5,16.59,1132,55,103.5,12.9,0
1.7.2026,49:21.1,20287,2938,87.3,7286,628,92,23,15311,3521,0.659,0.652,0.66,0.657,0.665,0.648,0.763,1179.2,1179.2,1179.2,1179.2,1179.2,98.3,982.7,1422.9,1494.8,1325.3,1464.9,1365,1580.2,1318.6,1533.7,1300.7,1422.9,53.3,56.7,49.5,55,50.5,58.9,49.1,58.9,48.1,58.9,53.3,100,61.6,65,57.7,64.4,59,68.1,56.8,66,56.1,61.6,12,12,12,12,12,10,51,54,51,50,49,49,46,49,50,51,54,54,No,No,No,No,No,No,No,No,No,No,No,No,No,No,No,No,No,No,71,71,52,11.172,14.83,11.028,0.232,7.22,1.712,1.288,0.491,64,15,64,64,0,1.3,0,0,0,0,0,0,53.2,56.5,49.5,54.4,50.5,58.6,49.2,58.7,48.1,18.6,18.9,20.6,17,18,2096.4,21.33,36,39,39,90,129,598,1,2,Yes,No,No,No,No,No,No,No,No,No,Yes,No,No,No,No,No,No,No,No,No,No,No,No,No,No,No,No,No,No,No,No,No,No,No,No,No,No,55,58,50,49,42,50,55,53,7281,6984,65,55,55,100,No,No,34674,80122,15.4,0.1,15.5,22.551,0.44,507874,188500,52,0.752,0.232,600,2096,5.2,3.9,0,1.8,5.6,0.5,2.7,0,0,43,1700,2257,1700,No,No,No,No,No,No,No,No,8.177,28.082,95.7,4.996,43.5,59.6,55,85.6,21.1,16.7,16.3,16.3,54.8,61.4,17.5,12.4,12,12,18.18,47.36,11.77,11.61,61.39,61.39,1.5,2.11,17.86,0.33,3.82,1133,55,433,81,0
1.7.2026,49:23.1,20271,2954,87.2,7304,610,92.2,22.1,15311,3380,0.661,0.655,0.662,0.66,0.665,0.648,0.766,1179.2,1179.2,1179.2,1179.2,1179.2,98.3,982.7,911,1100.4,1092.8,847.8,701.5,908.7,691.3,798.5,1147,911,36.6,42.5,39.6,37.6,30.9,37.4,28.9,33.4,43,43,36.6,100,40,48.3,48,37.5,31.1,39.7,30.4,35.2,49.5,40,12,12,12,12,12,10,49,51,49,48,48,51,49,51,52,52,51,51,No,No,No,No,No,No,No,No,No,No,No,No,No,No,No,No,No,No,71,71,52,9.395,11.245,7.728,0.167,6.215,1.603,1.09,0.493,64,15,64,64,0,5.9,0,0,0,0,0,0,36.8,42.5,39.7,37.7,31.2,37.6,29,33.6,42.9,33.2,26,35.2,38.3,33.3,2096.4,21.33,36,39,39,90,129,598,1,2,Yes,No,No,No,No,No,No,No,No,No,Yes,No,No,No,No,No,No,No,No,No,No,No,No,No,No,No,No,No,No,No,No,No,No,No,No,No,No,56,58,50,49,42,50,55,53,7281,6996,65,55,55,100,No,No,34674,80122,15,0.3,15.3,39.886,0.773,507951,188502,52,0.722,0.167,600,2096,3.7,2.7,0,1.3,4.2,0,2.2,0,0,43.1,1704,2253,1704,No,No,No,No,No,No,No,No,8.179,28.09,95.7,5.014,43.5,59.6,24.1,73.1,2.6,2.2,2.2,2.2,24,62.2,2.6,2.2,2.1,2.1,41.49,387.14,13.72,13.52,464.73,464.73,1.84,11.48,41.08,0.41,47.36,1135,55,1026,24,0
1.7.2026,49:25.1,20223,3002,87,7277,637,91.9,22,15311,3366,0.66,0.655,0.66,0.66,0.665,0.648,0.763,1179.2,1179.2,1179.2,1179.2,1179.2,98.3,982.7,763.1,754.3,630.6,691.3,763.9,800.9,1000,853.9,609.5,763.1,35.4,36.6,30.9,33.3,36.6,35.5,41.8,39.8,28.7,41.8,35.4,100,33.3,33.3,27.8,30.5,33.2,34.9,43,37.3,26.7,33.3,12,12,12,12,12,10,50,51,50,49,49,50,49,50,51,51,51,51,No,No,No,No,No,No,No,No,No,No,No,No,No,No,No,No,No,No,61,61,51,10.664,9.098,5.702,0.096,5.583,1.528,0.999,0.484,64,15,64,64,0,10.3,0,0,0,0,0,0,35.2,36.5,30.7,33.3,36.4,35.4,41.4,39.5,28.4,39.7,41.9,39.5,35.5,41.8,2096.4,21.33,36,39,39,90,129,598,1,2,Yes,No,No,No,No,No,No,No,No,No,Yes,No,No,No,No,No,No,No,No,No,No,No,No,No,No,No,No,No,No,No,No,No,No,No,No,No,No,54,58,50,49,42,50,56,53,7268,6984,65,55,55,100,No,No,34674,80122,7.5,0,7.5,7.34,0.035,507965,188502,52,0.725,0.096,600,2096,2.3,1.4,0,1,2.4,2.2,0.5,0,0,43.2,1708,2249,1708,No,No,No,No,No,No,No,No,8.179,28.09,95.7,5.014,43.5,59.6,5.3,330.8,1,0.9,0.9,0.9,5.2,60.7,1,0.9,0.9,0.9,187.89,1008.08,2.92,2.45,1060.16,1060.16,6.19,122.2,187.42,0.46,351.13,1135,55,19.8,12.8,0
1.7.2026,49:27.1,20224,3001,87,7287,627,92,22,15311,3364,0.885,0.712,0.932,0.985,0.91,0.723,0.708,3046.3,1768.8,3439.4,3635.9,3341.1,98.3,2161.9,566,626.5,508.6,559.4,509.7,606.4,689.1,541.2,486.9,566,27.1,32.6,26.1,29,24.8,27,27.8,26.1,23.1,32.6,27.1,100,25,27.9,23,25,22.6,26.6,29.8,24,21.3,25,31,18,35,37,34,22,50,52,49,49,49,50,48,51,51,51,52,52,No,No,No,No,No,No,No,No,No,No,No,No,No,No,No,No,No,No,53,50,51,1.777,7.781,4.505,0.078,5.177,1.467,0.876,0.486,64,15,64,64,0,12.1,0,0,0,0,0,0,27.8,33.3,26.7,29.6,25.5,27.9,28.4,26.8,24,48.1,43.2,48.7,48.1,52.2,1048.2,10.67,20,20,20,45,129,299,1,2,Yes,No,No,No,No,No,No,No,No,No,Yes,No,No,No,No,No,No,No,No,No,No,No,No,No,No,No,No,No,No,No,No,No,No,No,No,No,No,53,57,50,49,42,50,56,53,7295,6984,65,55,55,100,No,No,34674,80122,8.9,0.2,9.2,3.651,0.365,507972,188502,51,0.735,0.078,650,1048,1.3,0.6,0,1,1.1,3.8,0,0,0,42.8,1692,2264,1693,No,No,No,No,No,No,No,No,8.179,28.09,95.7,5.014,43.5,59.6,5.3,330.8,1,0.9,0.9,0.9,5.2,60.7,1,0.9,0.9,0.9,187.89,1008.08,2.92,2.45,1060.16,1060.16,6.19,122.2,187.42,0.46,351.13,1135,55,0.4,2.7,0
1.7.2026,49:29.1,20222,3003,87,7282,632,92,22,15311,3364,0.666,0.675,0.66,0.66,0.667,0.658,0.763,1228.4,1375.8,1179.2,1179.2,1179.2,98.3,1179.2,652.7,756.1,571.7,665.7,655.5,735.8,608.7,677.3,550.8,652.7,40.2,46.9,36.1,41.3,39.7,43.4,35.6,43.5,35.3,46.9,40.2,100,28.9,33.4,25.7,29.6,28.8,32.3,26.7,29.9,24.5,28.9,12.5,14,12,12,12,12,50,52,50,50,48,50,48,50,50,52,52,52,No,No,No,No,No,No,No,No,No,No,No,No,No,No,No,No,No,No,54,54,51,6.094,7.397,3.861,0.136,5.128,1.542,1.048,0.492,64,15,64,64,0,4.9,0,0,0,0,0,0,40.3,46.8,36.1,41.4,39.7,43.6,35.7,43.5,35.5,32.7,31.2,32.4,33.7,33.4,2096.4,21.33,36,39,39,90,129,598,1,2,Yes,No,No,No,No,No,No,No,No,No,Yes,No,No,No,No,No,No,No,No,No,No,No,No,No,No,No,No,No,No,No,No,No,No,No,No,No,No,53,57,50,49,42,50,56,53,7295,6984,65,56,55,100,No,No,34674,80122,3.3,0.1,3.4,1.055,0.095,507974,188503,50,0.742,0.136,700,2096,4.6,3.3,0,1.9,5.2,4.4,0,0,0,43.5,1722,2235,1721,No,No,No,No,No,No,No,No,8.183,28.097,95.7,5.016,43.5,59.6,51,140.4,11.5,10.8,10.7,10.7,49.7,61.3,10.8,10.1,10,10,19.62,86.68,7.08,4.5,93.17,93.17,1.72,3.57,19.1,0.51,8.45,1137,55,971.9,23.8,0
1.7.2026,49:31.2,20133,3092,86.6,7247,667,91.5,21.7,15311,3322,0.689,0.685,0.677,0.695,0.7,0.661,0.763,1498.6,1474,1375.8,1572.3,1572.3,98.3,1277.5,1110.1,1268.9,1022.2,1093.5,1074.6,1117,1062.2,1139,1103.3,1110.1,46.3,52.1,42.9,46.9,44.4,47.5,44.1,48.4,44.5,52.1,46.3,100,48.3,55.7,44.8,47.6,46.5,48.5,46,49.5,47.5,48.2,15.2,15,14,16,16,13,51,53,51,50,51,49,47,49,50,49,53,53,No,No,No,No,No,No,No,No,No,No,No,No,No,No,No,No,No,No,55,55,50,7.617,11.762,8.096,0.285,6.387,1.642,1.197,0.496,64,15,64,64,0,3.3,0,0,0,0,0,0,46.3,52.1,42.7,46.7,44.8,47.5,44,48.4,44.6,26.9,23.5,28.8,26.8,28.6,2096.4,21.33,36,39,39,90,129,598,1,2,Yes,No,No,No,No,No,No,Yes,No,No,Yes,No,Yes,No,No,No,No,No,No,No,Yes,No,No,No,No,Yes,No,No,No,No,No,No,No,No,No,No,No,52,57,50,49,42,50,56,53,7308,6984,65,56,55,100,No,No,34674,80122,15.7,4.4,20.1,22.517,2.358,508017,188507,51,0.932,0.285,1250,2096,7.2,5.6,0,2.6,7.4,4.2,0.6,0.8,0,43,1702,2254,1703,No,No,No,No,No,No,No,No,8.182,28.097,95.7,4.999,43.5,59.6,47.5,82.3,10.3,7.7,7.5,7.5,25.9,60.7,4.6,4.3,4.3,4.3,21.05,96.8,12.15,11.27,132.79,132.79,0.59,0,21.05,0,11.04,1140,55,1893.9,68.4,0
1.7.2026,49:33.2,20314,2911,87.4,7274,640,91.9,22.7,15311,3482,0.661,0.657,0.662,0.66,0.665,0.651,0.766,1179.2,1179.2,1179.2,1179.2,1179.2,98.3,982.7,1068.5,1214.2,946.6,1119.3,1007.8,1126,1032.9,1111.9,989.6,1068.5,39.7,46.5,35.3,41.6,38.5,41,36.7,41.4,37.1,46.5,39.7,100,46.6,53.1,41.6,49,43.7,49,44.8,48.4,42.8,46.6,12,12,12,12,12,10,48,49,48,47,48,52,51,52,53,52,51,49,No,No,No,No,No,No,No,No,No,No,No,No,No,No,No,No,No,No,53,53,50,12.696,12.482,8.918,0.14,6.539,1.61,1.112,0.498,64,15,64,64,0,7.1,0,0,0,0,0,0,39.6,46.1,35.4,41.7,38,41.1,36.6,41.4,36.6,31.5,27.3,33.3,33.5,32,2096.4,21.33,36,39,39,90,129,598,1,2,Yes,No,No,No,No,No,No,No,No,No,Yes,No,Yes,No,No,No,No,No,No,No,No,No,No,No,No,Yes,No,No,No,No,No,No,No,No,No,No,No,52,57,50,49,42,50,56,53,7308,6996,65,56,55,100,No,No,34674,80123,9.2,42.3,51.6,15.621,92.411,508047,188683,50,0.78,0.14,900,2096,1.4,0.8,0,1.1,1,4.3,0,0,0,45.9,1817,2140,1818,No,No,No,No,No,No,No,No,8.178,28.097,95.7,4.964,43.5,59.6,60.4,62.9,58.3,58.2,58.2,58.2,60,60.3,59.8,59.8,59.8,59.8,16.55,17.16,15.89,15.87,17.18,17.18,0.57,0,16.55,0,0.34,1145,55,2503.2,73.7,0
1.7.2026,49:35.2,20315,2910,87.4,7109,805,89.8,22.7,15311,3479,0.996,0.977,0.987,1.007,1.01,0.893,0.766,3709.6,3537.6,3734.2,3734.2,3832.5,98.3,3439.4,553.4,578,504.5,534.1,526.3,551,456.4,613.3,663.2,553.4,35.6,38.8,33.4,36.3,34.8,37.1,30.3,38.4,35.9,38.8,35.6,100,24.5,25.8,22.4,23.7,23.2,24.7,20.3,27,28.8,24.5,37.8,36,38,38,39,35,50,52,49,50,49,50,48,51,50,51,52,52,No,No,No,No,No,No,No,No,No,No,No,No,No,No,No,No,No,No,52,49,50,1.523,6.419,3.097,0.055,4.817,1.465,0.922,0.489,64,15,64,64,0,11.3,0,0,0,0,0,0,36.2,39.2,33.9,36.8,35.5,37.8,30.9,39,36.5,40,39.7,41.9,41.2,37.3,2096.4,21.33,36,39,39,90,129,598,1,2,Yes,No,No,No,No,No,No,No,No,No,Yes,No,No,No,No,No,No,No,No,No,No,No,No,No,No,No,No,No,No,No,No,No,No,No,No,No,No,53,56,50,49,42,50,56,53,7295,7046,65,56,55,100,No,No,34674,80123,11.3,0.2,11.4,8.773,0.408,508063,188684,49,0.78,0.055,900,2096,0.9,0.3,0,0.9,0.7,3.7,0,0,0,45.9,1818,2139,1818,No,No,No,No,No,No,No,No,8.182,28.105,95.7,5.007,43.5,59.6,3.7,84.8,0.6,0.5,0.5,0.5,3.7,61.6,0.6,0.5,0.5,0.5,270.07,1796.72,11.79,11.6,1934.74,1934.74,0.55,12.33,270.07,0,428.52,1146,55,625.1,15,0
1.7.2026,49:37.2,20293,2932,87.3,7120,794,89.9,22.7,15311,3479,0.671,0.667,0.672,0.67,0.675,0.656,0.708,1277.5,1277.5,1277.5,1277.5,1277.5,98.3,1080.9,527.1,685,477.5,546.4,489,601.4,458.7,524.8,434.2,527.1,29.1,37,26.9,30.4,26.5,33.2,24,30.5,24.5,37,29.1,100,23.6,30.4,21.7,24.6,21.7,26.8,20.4,23.5,19.4,23.6,13,13,13,13,13,11,48,49,47,47,48,52,51,53,53,52,50,49,No,No,No,No,No,No,No,No,No,No,No,No,No,No,No,No,No,No,53,51,49,4.824,7.229,3.931,0.063,5.024,1.458,0.898,0.487,64,15,64,64,0,9.1,0,0,0,0,0,0,29.2,36.9,26.8,30.5,26.5,33.3,23.9,30.6,24.6,42.8,39.4,44.5,43,44.2,2096.4,21.33,36,39,39,90,129,598,1,2,Yes,No,No,No,No,No,No,No,No,No,Yes,No,No,No,No,No,No,No,No,No,No,No,No,No,No,No,No,No,No,No,No,No,No,No,No,No,No,52,56,50,49,42,50,56,53,7295,7084,65,56,55,100,No,No,34674,80123,9,0.2,9.1,7.479,0.25,508078,188685,50,0.78,0.063,900,2096,1,0.4,0,0.9,0.9,3.5,0,0,0,42.4,1679,2277,1680,No,No,No,No,No,No,No,No,8.179,28.105,95.7,4.997,43.5,59.6,11.4,67.1,2.4,2.3,2.3,2.3,11.4,61.4,2.4,2.3,2.3,2.3,87.91,409.06,14.91,14.83,430.76,430.76,0.54,0,87.91,0,105.3,1147,55,216.6,4.1,0
1.7.2026,49:39.2,20210,3015,87,7091,824,89.5,22.7,15311,3478,1.001,1.02,0.987,1.007,0.99,0.893,0.766,3734.2,3734.2,3734.2,3734.2,3734.2,98.3,3439.4,391.8,434.8,403.3,415.2,371.1,442.7,367.9,409.6,289.4,391.8,21.4,23.7,21.3,21.7,20.5,25.3,20.7,22.2,15.8,25.3,21.4,100,17.9,20.2,18.4,19,17,20.1,16.8,18.6,13.3,17.9,38,38,38,38,38,35,52,53,52,52,50,48,47,48,48,50,53,53,No,No,No,No,No,No,No,No,No,No,No,No,No,No,No,No,No,No,52,48,48,1.27,6.476,3.371,0.061,4.717,1.338,0.705,0.483,64,15,64,64,0,16.8,0,0,0,0,0,0,21.8,24.2,21.6,22.1,20.9,25.7,21.1,22.6,16,52.2,49.7,53.3,51.2,54.6,2096.4,21.33,36,39,39,90,129,598,1,2,Yes,No,No,No,No,No,No,No,No,No,Yes,No,No,No,No,No,No,No,No,No,No,No,No,No,No,No,No,No,No,No,No,No,No,No,No,No,No,52,55,50,49,42,50,56,53,7405,7059,65,56,55,100,No,No,34674,80123,24.8,0.1,24.9,10.389,0.082,508097,188685,49,0.78,0.061,900,2096,0.7,0.2,0,0.8,0.4,3.5,0,0,0,41.8,1653,2304,1653,No,No,No,No,No,No,No,No,8.18,28.105,95.7,4.998,43.5,59.6,7.1,80.3,1,0.9,0.9,0.9,7.1,60.5,1,0.9,0.9,0.9,140,1001.22,12.45,12.17,1081.4,1081.4,0.6,11.98,140,0,214.63,1147,55,4.1,5.7,0
1.7.2026,49:41.2,20167,3058,86.8,7097,817,89.6,22.7,15311,3474,0.664,0.66,0.665,0.66,0.67,0.651,0.768,1179.2,1179.2,1179.2,1179.2,1179.2,98.3,982.7,641.2,683.4,567.8,729.9,734.1,640.6,535.1,651,587.9,641.2,26.1,28.4,22.5,28.5,29.2,26.3,20.9,29.1,24.3,29.2,26.1,100,28.8,30.9,25.5,32.8,32.8,28.8,24.1,29.2,26.2,28.8,12,12,12,12,12,10,47,48,47,46,46,53,52,53,54,54,49,48,No,No,No,No,No,No,No,No,No,No,No,No,No,No,No,No,No,No,52,48,48,0.762,8.677,5.532,0.052,5.441,1.383,0.754,0.489,64,15,64,64,0,18.4,0,0,0,0,0,0,26.7,29.2,22.7,29.2,30,26.6,21.8,29.3,24.9,42.1,40.9,41.3,42.5,43.7,2096.4,21.33,36,39,39,90,129,598,1,2,Yes,No,No,No,No,No,No,No,No,No,Yes,No,No,No,No,No,No,No,No,No,No,No,No,No,No,No,No,No,No,No,No,No,No,No,No,No,No,53,55,50,50,42,50,56,52,7308,7021,65,57,55,100,No,No,34674,80123,4,0,4,1.519,0.009,508100,188685,49,0.78,0.052,900,2096,0.5,0,0,0.7,0.1,3.3,0,0,0,41.5,1642,2315,1642,No,No,No,No,No,No,No,No,8.179,28.112,95.8,4.989,43.5,59.6,7.1,80.3,1,0.9,0.9,0.9,7.1,60.5,1,0.9,0.9,0.9,140,1001.22,12.45,12.17,1081.4,1081.4,0.6,11.98,140,0,214.63,1149,55,1029.2,17.4,0
1.7.2026,49:43.2,20164,3061,86.8,7108,807,89.8,22.7,15311,3472,0.955,0.957,0.91,0.962,0.99,0.893,0.708,3513.1,3439.4,3341.1,3537.6,3734.2,98.3,3439.4,408.8,484,349.7,440.3,444,471,321.3,432,328.5,408.8,21.9,26.3,19.7,23.4,24.3,24.7,16.5,23,17.1,26.3,21.9,100,18.9,22.4,16.4,20.3,20.2,21.6,15,20.1,15.3,18.9,35.8,35,34,36,38,35,52,51,57,50,50,48,49,43,50,50,57,57,No,No,No,No,No,No,No,No,No,No,No,No,No,No,No,No,No,No,52,48,49,1.27,6.819,3.71,0.05,4.771,1.342,0.702,0.486,64,15,64,64,0,19.7,0,0,0,0,0,0,22.4,26.5,20.7,23.7,24.3,25.7,16.7,23.9,17.3,47.2,43.4,48.5,48.3,48.6,2096.4,21.33,36,39,39,90,129,598,1,2,Yes,No,No,No,No,No,No,No,No,No,Yes,No,No,No,No,No,No,No,No,No,No,No,No,No,No,No,No,No,No,No,No,No,No,No,No,No,No,52,54,50,50,42,50,56,52,7295,7021,65,57,55,100,No,No,34674,80123,5.1,0.1,5.2,3.049,0.039,508106,188685,49,0.78,0.05,900,2096,0.4,0,0,0.7,0.1,3.2,0,0,0,41.4,1639,2318,1639,No,No,No,No,No,No,No,No,8.179,28.112,95.8,4.989,43.5,59.6,7.1,80.3,1,0.9,0.9,0.9,7.1,60.5,1,0.9,0.9,0.9,140,1001.22,12.45,12.17,1081.4,1081.4,0.6,11.98,140,0,214.63,1150,55,571.7,11.2,0
1.7.2026,49:45.3,20097,3128,86.5,6954,960,87.8,23.2,15311,3547,0.664,0.657,0.665,0.662,0.67,0.651,0.766,1179.2,1179.2,1179.2,1179.2,1179.2,98.3,982.7,746.3,884.3,728.4,771.5,730.8,803.7,622.2,754.2,675.4,746.3,34.6,40.5,32.7,34.6,33.8,39.7,28.2,35.2,31.8,40.5,34.6,100,33,39.2,32.5,34.1,32.2,35.7,27.4,33.3,29.8,33,12,12,12,12,12,10,47,48,47,47,46,53,52,53,53,54,49,48,No,No,No,No,No,No,No,No,No,No,No,No,No,No,No,No,No,No,52,51,49,5.586,9.349,5.813,0.24,5.524,1.511,1.001,0.487,64,15,64,64,0,10.9,0,0,0,0,0,0,34.7,40.5,32.7,34.7,33.8,40,28.5,35.4,32.1,35.8,33.6,36.2,34.6,38.9,2096.4,21.33,36,39,39,90,129,598,1,2,Yes,No,No,No,No,No,No,No,No,No,Yes,No,No,No,No,No,No,No,No,No,No,No,No,No,No,No,No,No,No,No,No,No,No,No,No,No,No,52,54,50,50,42,50,56,52,7241,7021,65,56,55,100,No,No,34674,80123,5.5,20.4,25.9,4.949,38.844,508116,188760,49,0.78,0.24,900,2096,6.5,4.8,0,2.5,6.6,3.8,1.3,1,0,43.3,1711,2245,1712,No,No,No,No,No,No,No,No,8.18,28.112,95.8,4.965,43.5,59.6,40.3,76.5,6.5,5.5,5.4,5.4,34.2,61.6,5.6,5.5,5.5,5.5,24.8,152.9,13.08,12.31,184.33,184.33,0.59,0,24.8,0,11.92,1151,55,212.5,25.5,0
1.7.2026,49:47.3,20135,3090,86.6,6990,924,88.3,23.2,15311,3547,0.751,0.78,0.67,0.777,0.777,0.726,0.768,2088.2,2358.4,1277.5,2358.4,2358.4,98.3,2161.9,917.4,1028.2,888.3,906.6,862.9,963.9,840.3,972.7,876.2,917.4,48.9,54.9,47.4,49,46.3,50.7,44.3,52.6,46.2,54.9,48.9,100,40.2,45.2,39.4,40,37.7,42.2,36.6,42.3,38,40.2,21.2,24,13,24,24,22,50,52,50,49,48,50,48,50,51,52,52,52,No,No,No,No,No,No,No,No,No,No,No,No,No,No,No,No,No,No,53,53,49,9.395,9.124,5.478,0.342,5.625,1.615,1.201,0.486,64,15,64,64,0,1.3,0,0,0,0,0,0,49.2,55,47.6,49.4,46.7,50.8,44.7,52.9,46.5,23.7,20.9,26,25.5,22.5,2096.4,21.33,36,39,39,90,129,598,1,2,Yes,No,No,No,No,No,No,No,No,No,Yes,No,No,No,No,No,No,No,No,No,No,No,No,No,No,No,No,No,No,No,No,No,No,No,No,No,No,52,54,50,50,42,50,56,52,7254,7021,65,56,55,100,No,No,34674,80123,4.6,0.4,5,2.47,0.28,508121,188761,49,0.762,0.342,800,2096,11.2,8.9,0,3.8,11.8,3.8,1.4,1.8,0,41.5,1642,2315,1642,No,No,No,No,No,No,No,No,8.179,28.12,95.8,4.956,43.5,59.6,53.7,68.7,19,15.4,15,15,40,61.7,6.7,6.1,6,6,18.63,52.63,14.57,13.67,66.47,66.47,0.26,0,18.63,0,3.88,1151,55,132.5,3.8,0
1.7.2026,49:49.3,20155,3070,86.7,7071,843,89.3,23.2,15311,3546,0.879,0.797,0.795,0.952,0.97,0.736,0.766,3021.7,2456.7,2456.7,3537.6,3635.9,98.3,2260.2,983.8,1120,936.8,980.3,894.3,1063.1,1003.9,999.4,872.8,983.8,45.8,52.3,43.5,46.4,41.5,48.4,46.5,47.2,40.6,52.3,45.8,100,43.3,49.5,41.9,43.4,39.4,45.5,43.8,44.1,38.6,43.3,30.8,25,25,36,37,23,50,50,47,56,48,50,50,53,44,52,50,56,No,No,No,No,No,No,No,No,No,No,No,No,No,No,No,No,No,No,52,49,49,3.555,10.85,6.682,0.796,6.233,1.676,1.364,0.496,64,15,64,64,0,2.3,0,0,0,0,0,0,45.5,51.9,43.1,46.2,41.2,48.9,45.9,46.7,40.1,23.8,23.1,25.8,21.2,25.2,2096.4,21.33,36,39,39,90,129,598,1,2,Yes,No,No,No,No,No,No,No,No,No,Yes,No,No,No,No,No,No,No,No,No,No,No,No,No,No,No,No,No,No,No,No,No,No,No,No,No,No,52,54,50,50,42,50,56,52,7281,7034,65,56,55,100,No,No,34674,80123,17.8,0.1,17.9,42.402,0.647,508202,188762,49,0.727,0.796,600,2096,19.3,17.4,0,5.3,20,4.3,1.9,0.4,0,42,1662,2295,1662,No,No,No,No,No,No,No,No,8.179,28.12,95.8,4.932,43.5,59.6,57.3,72.4,26.2,19.9,19.3,19.3,60,62.6,57.8,57.8,57.8,57.8,17.46,38.24,13.81,13.64,51.68,51.68,0.69,0,17.46,0,0.64,1153,55,1313.5,14.1,0
1.7.2026,49:51.3,20121,3104,86.6,7049,865,89,23.2,15311,3546,0.853,0.667,0.872,0.942,0.93,0.861,0.766,2800.6,1277.5,3046.3,3439.4,3439.4,98.3,3242.8,728.1,827.8,722.2,748.3,635.4,761.3,603.5,808,718.6,728.1,42.2,48.3,41.6,43.7,36.7,45.9,34.4,45.7,40.9,48.3,42.2,100,32.3,36.6,32.2,33,28,35,27,35.1,31.2,32.3,28.5,13,31,35,35,33,50,50,53,48,50,50,50,47,52,50,53,53,No,No,No,No,No,No,No,No,No,No,No,No,No,No,No,No,No,No,64,64,49,8.125,8.256,4.436,0.527,5.463,1.601,1.246,0.487,64,15,64,64,0,4.3,0,0,0,0,0,0,42.5,48.7,41.9,44.1,37.2,45.7,34.8,46.4,41.5,30.1,26.4,33.7,32,28.5,2096.4,21.33,36,39,39,90,129,598,1,2,Yes,No,No,No,No,No,No,No,No,No,Yes,No,No,No,No,No,No,No,No,No,No,No,No,No,No,No,No,No,No,No,No,No,No,No,No,No,No,52,54,50,50,42,50,56,52,7308,7009,65,57,55,100,No,No,34674,80123,4.3,0.1,4.4,1.316,0.096,508205,188762,50,0.727,0.527,600,2096,12.3,10.7,0,3.8,12.8,4.3,1.5,0.3,0,38.3,1514,2443,1514,No,No,No,No,No,No,No,No,8.183,28.12,95.8,4.943,43.5,59.6,58.9,66.7,52.2,52.2,52.2,52.2,60,60.2,59.8,59.8,59.8,59.8,17,19.32,14.89,14.87,19.33,19.33,5.21,8.2,16.64,0.36,1.74,1154,55,245.7,8.4,0
1.7.2026,49:53.3,20212,3013,87,7153,761,90.3,23.2,15311,3545,0.889,0.872,0.685,1.007,0.99,0.786,0.766,2972.6,2948,1474,3734.2,3734.2,98.3,2751.5,1386.3,1509.9,1274.5,1255.5,1286.7,1516.8,1370.1,1498.2,1378.4,1386.3,49.5,53.8,45.3,46.8,47.1,52.5,48.4,53.9,48.1,53.9,49.5,100,60.3,65.8,56.3,55.1,56.5,64.6,59.5,65.4,58.9,60.3,30.2,30,15,38,38,28,56,56,53,65,51,44,44,47,35,49,56,65,No,No,No,No,No,No,No,No,No,No,No,No,No,No,No,No,No,No,51,49,49,2.793,15.335,11.63,0.337,7.379,1.666,1.278,0.501,64,15,64,64,0,0.2,0,0,0,0,0,0,49.2,53.5,45,46.6,46.7,52.9,47.8,53.1,48.2,24.2,23,29,22.9,21.9,2096.4,21.33,36,39,39,90,129,598,1,2,Yes,No,No,No,No,No,No,No,No,No,Yes,No,No,No,No,No,No,No,No,No,No,No,No,No,No,No,No,No,No,No,No,No,No,No,No,No,No,53,54,50,50,42,50,56,52,7281,7021,65,56,55,100,No,No,34674,80123,7.3,0.1,7.4,5.018,0.374,508215,188763,49,0.727,0.337,600,2096,6.8,5.1,0,2.6,6.9,5.5,0.7,0,0,39.9,1580,2376,1581,No,No,No,No,No,No,No,No,8.179,28.128,95.8,4.916,43.5,59.6,15.5,64.8,1.8,1.6,1.5,1.5,12.4,60.7,1.7,1.6,1.5,1.5,64.49,567.84,15.43,15.42,652.6,652.6,0.51,0,64.49,0,108.35,1159,55,2610.5,52.2,0
1.7.2026,49:55.3,20256,2969,87.2,7237,677,91.4,23.1,15311,3541,0.927,0.66,0.987,1.007,1.052,0.893,0.766,3193.7,1277.5,3734.2,3734.2,4029,98.3,3439.4,1384.1,1454.5,1205.9,1503.9,1289.1,1298.4,1500.8,1537.2,1282.9,1384.1,45.2,47.8,40.7,45.3,44.3,44,47.2,49.6,42.7,49.6,45.2,100,60.1,63.3,53.2,61.7,57.1,57.9,65.5,65.4,56.7,60.1,32.5,13,38,38,41,35,60,55,66,56,64,40,45,34,44,36,69,66,No,No,No,No,No,No,No,No,No,No,No,No,No,No,No,No,No,No,63,63,51,11.172,15.411,11.671,0.312,7.659,1.67,1.253,0.485,64,15,64,64,0,1.3,0,0,0,0,0,0,44.8,47.5,40.5,47,43,43,46.2,49.8,41.3,28.9,30.8,30.2,29.5,25.2,2096.4,21.33,36,39,39,90,129,598,1,2,Yes,No,No,No,No,No,No,Yes,No,No,Yes,No,Yes,No,No,No,No,No,No,No,Yes,No,No,No,No,Yes,Yes,No,No,No,No,No,No,No,Yes,No,No,53,55,50,50,42,50,56,52,7281,6996,65,56,55,100,No,No,34674,80123,8.9,0.9,9.8,12.559,0.624,508239,188764,52,0.76,0.312,800,2096,5.5,3.6,0,3.3,4.8,5.1,5,1.8,0,40.1,1585,2372,1585,No,No,No,No,No,No,No,No,8.179,28.128,95.8,4.924,43.5,59.6,26,71.1,7.6,7.5,7.5,7.5,21.1,60.1,6.2,6,6,6,38.51,130.81,14.07,13.88,133.02,133.02,0.42,0,38.51,0,83.8,1159,55,54.2,11.9,0
1.7.2026,49:57.3,20193,3032,86.9,7186,728,90.7,23.1,15311,3540,0.998,0.957,0.957,1.007,1.07,0.858,0.766,3734.2,3439.4,3635.9,3734.2,4127.3,98.3,3242.8,914.6,949.7,1182,967,939.5,909.1,758.1,835.8,775.6,914.6,40.7,42.4,47.6,43.9,40.6,40.9,34.6,40.2,35.4,47.6,40.7,100,40.7,41.8,51.5,45.9,40.2,40.4,33.5,38.1,34,40.7,38,35,37,38,42,33,52,51,58,50,50,48,49,42,50,50,54,58,No,No,No,No,No,No,No,No,No,No,No,No,No,No,No,No,No,No,54,54,51,3.047,11.557,7.674,0.412,6.224,1.627,1.18,0.486,64,15,64,64,0,3.2,0,0,0,0,0,0,40.4,42.1,47.3,42,41.1,40.7,34.6,39.8,35.5,32.6,27,30.8,35.6,37,2096.4,21.33,36,39,39,90,129,598,1,2,Yes,No,No,No,No,No,No,No,No,No,Yes,No,No,No,No,No,No,No,No,No,No,No,No,No,No,No,No,No,No,No,No,No,No,No,No,No,No,53,55,50,50,42,50,55,52,7322,7046,65,56,55,100,No,No,34674,80123,7.3,0.2,7.5,5.929,0.232,508250,188765,51,0.75,0.412,750,2096,7.8,5.7,0,3.8,7.7,6.1,1.9,3.1,0,39.8,1574,2382,1575,No,No,No,No,No,No,No,No,8.18,28.128,95.8,4.916,43.5,59.6,45.3,66.1,16.8,15.4,15.2,15.2,38.2,61.8,10,8.7,8.6,8.6,22.1,59.57,15.12,14.85,65.64,65.64,0.47,0,22.1,0,9.22,1159,55,23.7,6.7,0
1.7.2026,49:59.4,20178,3047,86.8,7158,756,90.4,23.1,15311,3539,0.704,0.74,0.682,0.688,0.707,0.693,0.766,1670.6,2063.6,1474,1474,1670.6,98.3,1867.1,862.2,951.7,884,867.6,857.6,854,793.6,888,801.2,862.2,45.8,51.3,46.4,46.5,46.7,46.4,41,46.7,41.5,51.3,45.8,100,38.4,42.4,39.2,39.1,38.1,38.1,35.1,39.7,35.5,38.4,17,21,15,15,17,19,52,53,53,49,51,48,47,47,51,49,53,53,No,No,No,No,No,No,No,No,No,No,No,No,No,No,No,No,No,No,52,50,51,0.762,8.852,5.068,0.34,5.564,1.597,1.16,0.494,64,15,64,64,0,3.1,0,0,0,0,0,0,45.9,51.3,46.5,46.8,46.7,46.6,41.2,46.8,41.6,26.6,23.1,25.6,29.9,28,2096.4,21.33,36,39,39,90,129,598,1,2,Yes,No,No,No,No,No,No,No,No,No,Yes,No,No,No,No,No,No,No,No,No,No,No,No,No,No,No,No,No,No,No,No,No,No,No,No,No,No,53,55,50,50,42,50,55,52,7295,7021,65,56,55,100,No,No,34674,80123,11.4,0.1,11.5,15.975,0.1,508281,188765,51,0.777,0.34,900,2096,7.5,5.1,0,3.7,7.5,5.7,1.9,3.5,0,39.6,1568,2389,1566,No,No,No,No,No,No,No,No,8.179,28.135,95.8,4.924,43.5,59.6,48.5,63.9,10.4,8.7,8.5,8.5,48.5,62.1,10.4,8.7,8.6,8.6,20.62,96.35,15.66,15.54,117.11,117.11,0.31,0,20.62,0,7.56,1161,56,1105.6,30.4,0
1.7.2026,50:01.4,20252,2973,87.1,7243,671,91.5,23.1,15311,3538,0.94,0.812,0.95,1.007,0.99,0.743,0.766,3390.2,2555,3537.6,3734.2,3734.2,98.3,2358.4,877.1,922.5,800.5,924.1,804.2,939.5,787,972.5,866.7,877.1,47,51.6,42.9,50.3,43.4,50.3,41.8,49.6,45.9,51.6,47,100,38.2,41,35.6,39.6,34.9,40.6,33.9,42.1,37.6,38.2,34.5,26,36,38,38,24,55,51,60,56,52,45,49,40,44,48,52,60,No,No,No,No,No,No,No,No,No,No,No,No,No,No,No,No,No,No,53,50,50,2.031,9.586,5.694,0.634,5.775,1.653,1.301,0.492,64,15,64,64,0,3.5,0,0,0,0,0,0,47.3,51.6,43,50.6,43.7,50.8,42.3,50.1,46,25.4,25,26,26.3,24.1,2096.4,21.33,36,39,39,90,129,598,1,2,Yes,No,No,No,No,No,No,Yes,No,No,Yes,No,Yes,No,No,No,No,No,No,No,Yes,No,No,No,No,Yes,Yes,No,No,No,No,No,No,No,Yes,No,No,52,55,50,50,42,50,55,52,7295,7009,65,56,55,100,No,No,34674,80123,6.3,0.3,6.6,2.904,0.303,508286,188766,51,0.742,0.634,700,2096,17.2,15,0,5.4,17.7,6.1,2.3,1,0,39.4,1561,2396,1561,No,No,No,No,No,No,No,No,8.18,28.135,95.8,4.916,43.5,59.6,60,69.7,52.9,49.7,49.4,49.4,59,62.3,40.7,30.8,30,30,16.66,18.92,14.35,12.77,20.25,20.25,0.73,0,16.66,0,0.51,1163,56,679.8,25,0
1.7.2026,50:03.4,20255,2970,87.2,7318,596,92.4,22.3,15311,3409,0.921,1.02,0.675,0.997,0.99,0.893,0.768,3144.6,3734.2,1375.8,3734.2,3734.2,98.3,3439.4,768.7,850.6,674.1,784.7,656.1,841.8,717.4,819.2,805.6,768.7,43.5,48.9,39.5,46.1,38.1,47.1,39.1,47.8,41.6,48.9,43.5,100,34.2,38,30.3,36.2,29.7,37.9,31.3,36.6,33.3,34.2,32,38,14,38,38,35,57,56,53,65,53,43,44,47,35,47,64,65,No,No,No,No,No,No,No,No,No,No,No,No,No,No,No,No,No,No,52,49,49,1.777,9.299,5.566,0.499,5.666,1.612,1.237,0.486,64,15,64,64,0,2.4,0,0,0,0,0,0,43.4,48.7,39.3,45.4,38,46.5,39.1,47.5,42.6,24.1,23.1,26,24.7,22.6,2096.4,21.33,36,39,39,90,129,598,1,2,Yes,No,No,No,No,No,No,No,No,No,Yes,No,No,No,No,No,No,No,No,No,No,No,No,No,No,No,No,No,No,No,No,No,No,No,No,No,No,52,54,50,50,42,50,55,52,7308,6971,65,56,55,100,No,No,34674,80123,14.8,0.1,14.9,25.458,0.148,508335,188766,51,0.727,0.499,600,2096,13.3,12.1,0,4.5,13.9,6,2.5,0,0,39.3,1555,2401,1556,No,No,No,No,No,No,No,No,8.183,28.135,95.8,4.918,43.5,59.6,60.1,81.6,44.9,43.6,43.5,43.5,60,60.8,59.2,58.8,58.8,58.8,16.64,22.14,12.05,9.62,22.79,22.79,3.11,12.97,16.23,0.42,1.14,1163,56,6.3,7.8,0
1.7.2026,50:05.4,20570,2655,88.5,7364,550,93,22.3,15311,3409,0.996,1.01,0.977,1.007,0.99,0.893,0.766,3734.2,3734.2,3734.2,3734.2,3734.2,98.3,3439.4,939.4,1018.3,980.1,899.8,832.3,1020.5,920.8,983.2,860.6,939.4,46.1,52.4,47.5,45.1,40.4,49.6,42.2,49.1,42.5,52.4,46.1,100,40.6,44.7,41.8,38.8,34.9,43.5,40,42.4,38.9,40.6,38,38,38,38,38,35,64,65,65,65,59,36,35,35,35,41,65,65,No,No,No,No,No,No,No,No,No,No,No,No,No,No,No,No,No,No,54,54,49,7.109,9.758,6.051,0.46,5.913,1.61,1.235,0.495,64,15,64,64,0,5.9,0,0,0,0,0,0,46.2,52.6,47.9,45.6,41.1,50.3,41.9,49.1,41.4,28.8,23.7,32.9,28.3,30.4,2096.4,21.33,36,39,39,90,129,598,1,2,Yes,No,No,No,No,No,No,No,No,No,Yes,No,No,No,No,No,No,No,No,No,No,No,No,No,No,No,No,No,No,No,No,No,No,No,No,No,No,51,54,50,50,42,50,55,52,7308,6984,65,56,55,100,No,No,34674,80123,4.1,0.1,4.2,0.782,0.322,508337,188766,49,0.882,0.46,950,2096,11.3,9.9,0,4.6,11.2,8.7,2.5,0.6,0,46.3,1833,2123,1835,No,No,No,No,No,No,No,No,8.179,28.143,95.9,4.899,43.5,59.6,53.3,368.5,11.8,7.8,7.5,7.5,54.5,62.1,16.6,10.4,10,10,18.76,84.52,2.65,2.18,133.46,133.46,3.05,12.45,18.35,0.41,6.08,1166,56,1593.7,17.8,0
1.7.2026,50:07.4,20721,2504,89.2,7615,300,96.2,22.3,15311,3410,1.001,1.02,0.987,1.007,0.99,0.893,0.763,3734.2,3734.2,3734.2,3734.2,3734.2,98.3,3439.4,1783,1972.6,1547.1,2191.2,1554,1948.5,1635.2,1835.1,1580.5,1783,55.3,62.1,48.4,65.6,48.8,58.8,50.6,57.3,50.5,65.6,55.3,100,78.2,86.3,69.6,94.6,69.3,83.5,72.1,79.9,70.2,78.2,38,38,38,38,38,35,63,58,58,70,65,37,42,42,30,35,64,70,No,No,No,No,No,No,No,No,No,No,No,No,No,No,No,No,No,No,63,63,52,7.617,19.55,14.998,1.042,8.73,1.832,1.569,0.516,64,15,64,64,0,1.2,0,0,0,0,0,0,54.5,61.3,47.5,65.3,47.9,58.7,49.7,56.8,49.2,16.7,15.8,16.1,15.8,19.2,2096.4,21.33,36,39,39,90,129,598,1,2,Yes,No,No,No,No,No,No,Yes,No,No,Yes,No,Yes,No,No,No,No,No,No,No,No,No,No,No,No,Yes,Yes,No,No,No,No,No,No,No,Yes,No,No,53,55,50,50,42,50,55,52,7295,6971,65,56,55,100,No,No,34674,80123,22.6,1.5,24.1,20.492,5.104,508377,188776,52,0.725,1.042,600,2096,14.9,12.5,0,8.1,14.9,16.8,1.7,7.1,0,51.7,2044,1913,2044,No,No,No,No,No,No,No,No,8.183,28.143,95.9,4.885,43.5,59.6,57.9,64.9,30.6,30.5,30.5,30.5,53.7,61.7,29.9,29.9,29.9,29.9,17.27,32.67,15.42,15.09,32.79,32.79,0.51,0,17.27,0,1.57,1180,56,7260.2,58.4,0
1.7.2026,50:09.4,20722,2503,89.2,7572,342,95.6,22.3,15311,3412,0.975,0.955,0.947,1.007,0.99,0.893,0.763,3611.4,3439.4,3537.6,3734.2,3734.2,98.3,3439.4,1353.7,1483.5,1138.9,1238.9,1716.1,1335.6,1241.9,1366.9,1307.5,1353.7,49.9,56.7,43,47.7,58.9,50.6,44.5,50.3,47.2,58.9,49.9,100,59.6,65.7,51.2,54.9,74.2,61.4,53.8,60.3,55.7,59.6,36.8,35,36,38,38,35,64,64,62,62,66,36,36,38,38,34,65,66,No,No,No,No,No,No,No,No,No,No,No,No,No,No,No,No,No,No,64,64,52,13.711,15.568,11.004,1.013,7.516,1.769,1.413,0.51,64,15,64,64,0,2.6,0,0,0,0,0,0,50,56.5,43,47.8,59,49.5,45.3,50.5,48.6,21.5,20.3,17.6,26.1,21.8,2096.4,21.33,36,39,39,90,129,598,1,2,Yes,No,No,No,No,No,No,Yes,No,No,Yes,No,Yes,No,No,No,No,No,No,No,Yes,No,No,No,No,Yes,Yes,No,No,No,No,No,No,No,Yes,No,No,53,56,50,50,42,50,55,52,7281,6996,65,56,55,100,No,No,34674,80123,12.7,10,22.6,14.411,2.067,508404,188780,52,0.95,1.013,1100,2096,14.7,12.2,0,8.2,14.7,18.1,0,8.3,0,53.6,2119,1838,2119,No,No,No,No,No,No,No,No,8.183,28.143,95.9,4.893,43.5,59.6,55.8,68.7,20.5,15.5,15.1,15.1,50.6,62,17,15.2,15,15,17.91,48.7,14.55,14.28,66.15,66.15,0.51,0,17.91,0,2.64,1194,56,6925.4,49.7,0
1.7.2026,50:11.4,20836,2389,89.7,7204,710,91,23.6,15311,3621,1.001,1.02,0.987,1.007,0.99,0.893,0.763,3734.2,3734.2,3734.2,3734.2,3734.2,98.3,3439.4,2138.8,2397,1962.6,1977.6,2374,2180.1,2020.1,2187.1,2012,2138.8,60.6,68.1,55.1,55.6,66.7,62,57.7,62.2,57.2,68.1,60.6,100,92.8,104,85.7,86,102.3,94.5,88,94.5,87.4,92.8,38,38,38,38,38,35,58,60,57,57,59,42,40,43,43,41,60,60,No,No,No,No,No,No,No,No,No,No,No,No,No,No,No,No,No,No,56,52,52,1.777,22.339,17.719,1.151,9.736,1.927,1.637,0.534,64,15,64,64,0,0.4,0,0,0,0,0,0,60.2,67.6,54.8,55.6,66.2,61.9,57.1,62.1,56.7,9.9,7.7,10,11.6,10.3,2096.4,21.33,36,39,39,90,129,598,1,2,Yes,No,No,No,No,No,No,Yes,No,No,Yes,No,Yes,No,No,No,No,No,No,No,Yes,No,No,No,No,Yes,Yes,No,No,No,No,No,No,No,Yes,No,No,55,57,50,50,42,50,55,52,7295,6984,65,55,55,100,No,No,34674,80123,16.4,52,68.4,22.349,115.445,508446,188998,52,0.75,1.151,750,2096,13.7,11.6,0,6.8,13.8,13.4,0,7.1,0,53.4,2113,1844,2113,No,No,No,No,No,No,No,No,8.179,28.15,95.9,4.85,43.5,59.6,57.8,70.6,29,20.6,20,20,53.4,61,19.7,15.4,15.1,15.1,17.3,34.46,14.15,13.83,50.04,50.04,0.47,0,17.3,0,0.49,1220,56,13628.6,98.3,0
1.7.2026,50:13.4,20848,2377,89.7,7174,740,90.6,24.2,15311,3706,0.995,0.997,0.987,1.007,0.987,0.893,0.763,3709.6,3635.9,3734.2,3734.2,3734.2,98.3,3439.4,1025.9,1072.3,907.3,997.1,979.4,1058.5,900.5,1079,1213,1025.9,48.2,51.6,43.5,48.1,46.2,50.3,42.7,50.5,52.8,52.8,48.2,100,44.7,47.3,40.3,44.2,43.1,46.6,39.7,47.3,49.4,44.7,37.8,37,38,38,38,35,62,61,62,59,66,38,39,38,41,34,66,66,No,No,No,No,No,No,No,No,No,No,No,No,No,No,No,No,No,No,72,72,53,15.489,11.584,7.413,0.76,6.4,1.728,1.356,0.506,64,15,64,64,0,1.4,0,0,0,0,0,0,48.3,51.4,43.4,47.9,46.2,50.2,42.6,50.4,54,21.1,20.4,22.8,22.8,18.3,2096.4,21.33,36,39,39,90,129,598,1,2,Yes,No,No,No,No,No,No,No,No,No,Yes,No,No,No,No,No,No,No,No,No,No,No,No,No,No,No,No,No,No,No,No,No,No,No,No,No,No,55,57,50,50,42,50,55,52,7281,6984,65,56,55,100,No,No,34675,80123,100,24.8,100,208.137,42.152,508857,189082,53,0.75,0.76,600,2096,13.3,10.8,0,7.4,13.1,10.8,0,13.2,0,53.2,2105,1852,2105,No,No,No,No,No,No,No,No,8.183,28.15,95.9,4.893,43.5,59.6,59,68.1,38.5,30.9,30.2,30.2,58.9,61.3,39.9,30.8,30,30,16.96,25.96,14.68,14.34,33.06,33.06,0.53,0,16.96,0,1.1,1231,56,5628.2,40.2,0
1.7.2026,50:15.5,20876,2349,89.8,7376,538,93.1,24.1,15311,3697,0.984,1.02,0.987,0.94,0.987,0.893,0.763,3660.5,3734.2,3734.2,3439.4,3734.2,98.3,3439.4,1755.6,2081.1,1634.1,1636,1625,1833.7,1691.4,1882.7,1660.6,1755.6,60.2,67.6,53.6,57.2,56.8,62.3,59.2,66,59,67.6,60.2,100,76.5,90.8,71.5,71.7,71.1,79.3,73.1,81.2,73.4,76.5,37.2,38,38,35,38,35,62,60,60,57,69,38,40,40,43,31,66,69,No,No,No,No,No,No,No,No,No,No,No,No,No,No,No,No,No,No,55,54,52,1.777,18.482,14.202,0.642,8.34,1.788,1.398,0.493,64,15,64,64,0,0,0,0,0,0,0,0,59.9,66.8,53.4,57.1,56.5,62.2,58.9,65.9,58,13.3,11.6,16.6,12.9,12.1,2096.4,21.33,36,39,39,90,129,598,1,2,Yes,No,No,No,No,No,No,No,No,No,Yes,No,Yes,No,No,No,No,No,No,No,No,No,No,No,No,Yes,No,No,No,No,No,No,No,No,No,No,No,55,59,50,50,42,50,55,52,7295,7021,65,56,55,100,No,No,34675,80124,97.3,21.8,100,176.547,0.232,509190,189082,52,0.797,0.642,950,2096,5.9,4.1,0,5.1,5.3,9.5,0,10.5,0,53.2,2106,1851,2106,No,No,No,No,No,No,No,No,8.179,28.158,95.9,4.867,43.5,59.6,24.8,32.2,19.4,19.3,19.3,19.3,24.8,30.1,20,20,20,20,40.26,51.7,30.97,30.83,51.7,51.7,8.79,15.05,39.94,0.32,13.74,1235,56,2018.8,28.4,0
1.7.2026,50:17.5,20878,2347,89.8,7280,634,91.9,23.7,15311,3626,0.847,0.857,0.842,0.845,0.842,0.776,0.763,2849.8,2849.8,2849.8,2849.8,2849.8,98.3,2653.2,980.9,1121,904.5,1418,934.3,931.9,796.3,898.3,843.1,980.9,45.2,50.1,42.1,56.4,42.5,45.7,39.7,43.6,41.5,56.4,45.2,100,43.3,49.4,39.9,61.2,40.8,41,35,40,38.8,43.3,29,29,29,29,29,27,55,56,54,56,54,45,44,46,44,46,56,56,No,No,No,No,No,No,No,No,No,No,No,No,No,No,No,No,No,No,54,53,52,2.031,12.57,8.612,0.438,6.173,1.668,1.22,0.502,64,15,64,64,0,2,0,0,0,0,0,0,44.9,49.7,42,56,42.3,45.8,39.6,43.4,40.6,27.3,25.2,21.8,31.3,31,2096.4,21.33,36,39,39,90,129,598,1,2,Yes,No,No,No,No,No,No,No,No,No,Yes,No,Yes,No,No,No,No,No,No,No,No,No,No,No,No,Yes,No,No,No,No,No,No,No,No,No,No,No,54,59,50,50,42,50,55,52,7322,7034,65,55,55,100,No,No,34675,80124,16.7,1.4,18.1,29.44,0.243,509246,189082,52,0.817,0.438,1000,2096,4.7,3.1,0,4.4,4.3,8.1,0,9.6,0,52.6,2082,1875,2082,No,No,No,No,No,No,No,No,8.179,28.158,95.9,4.875,43.5,59.6,25.5,32.3,19,18.9,18.9,18.9,25.6,30.1,19.9,19.9,19.9,19.9,39.22,52.78,30.84,30.81,53,53,8.33,18.04,38.72,0.5,11.03,1241,56,3048.9,33,0
1.7.2026,50:19.5,20931,2294,90.1,7184,730,90.7,23.7,15311,3622,0.719,0.717,0.72,0.717,0.722,0.676,0.706,1867.1,1867.1,1867.1,1867.1,1867.1,98.3,1670.6,859.6,954,902.8,851.5,807.1,934.9,760.9,884.3,781.6,859.6,45.5,49.2,45.9,45.6,43.9,48.6,39.6,48.7,42.7,49.2,45.5,100,37.9,42.2,39.9,37.7,35.7,41.2,33.5,38.8,34.3,37.9,19,19,19,19,19,17,54,56,53,54,52,46,44,47,46,48,56,56,No,No,No,No,No,No,No,No,No,No,No,No,No,No,No,No,No,No,56,56,52,9.902,9.016,5.202,0.48,5.641,1.603,1.152,0.485,64,15,64,64,0,2.5,0,0,0,0,0,0,45.8,49.3,46.1,46,44.2,48.9,39.9,48.9,43,25.8,22.4,26.5,27.4,26.8,2096.4,21.33,36,39,39,90,129,598,1,2,Yes,No,No,No,No,No,No,No,No,No,Yes,No,Yes,No,No,No,No,No,No,No,No,No,No,No,No,Yes,No,No,No,No,No,No,No,No,No,No,No,54,59,50,50,42,50,55,52,7295,7021,65,55,55,100,No,No,34675,80124,22.7,0.1,22.8,42.377,0.425,509327,189083,53,0.817,0.48,1000,2096,7.2,5.4,0,5.4,6.9,9,0,11.1,0,53.2,2107,1850,2107,No,No,No,No,No,No,No,No,8.18,28.158,95.9,4.9,43.5,59.6,28,62.3,11,10.1,10.1,10.1,27.9,60.7,11,10.1,10,10,35.73,90.95,16.05,15.98,99.38,99.38,0.52,0.44,35.73,0,8.24,1242,56,673.8,11.5,0
1.7.2026,50:21.5,20952,2273,90.2,7152,762,90.3,23.6,15311,3620,0.771,0.765,0.765,0.762,0.79,0.713,0.763,2309.3,2260.2,2260.2,2260.2,2456.7,98.3,2063.6,1181.1,1402.2,1153.7,1192.8,1068,1224,1076,1157.9,1174.3,1181.1,50.5,58.1,48.7,51.8,46.7,51.9,46,49.6,50.8,58.1,50.5,100,51.6,61.3,50.9,52.5,46.8,53.5,46.7,50.5,50.9,51.6,23.5,23,23,23,25,21,52,54,52,51,53,48,46,48,49,47,54,54,No,No,No,No,No,No,No,No,No,No,No,No,No,No,No,No,No,No,60,60,52,14.473,12.719,8.488,0.766,6.555,1.744,1.359,0.521,64,15,64,64,0,2.6,0,0,0,0,0,0,50.4,57.9,48.5,51.8,46.7,51.9,45.9,49.6,50.8,21.9,18.2,22.4,25.5,21.3,2096.4,21.33,36,39,39,90,129,598,1,2,Yes,No,No,No,No,No,No,No,No,No,Yes,No,Yes,No,No,No,No,No,No,No,No,No,No,No,No,Yes,No,No,No,No,No,No,No,No,No,No,No,54,58,50,50,42,50,55,52,7295,7021,65,55,55,100,No,No,34675,80124,24.5,0,24.5,32.8,0.133,509390,189084,52,0.75,0.766,750,2096,13.2,10.8,0,6.9,13.3,10.1,0,11.3,0,53.3,2108,1848,2109,No,No,No,No,No,No,No,No,8.179,28.166,95.9,4.867,43.5,59.6,59,66.2,39.1,30.7,30,30,59,62.2,40.8,30.8,30,30,16.96,25.58,15.1,14.23,33.37,33.37,0.54,0.25,16.96,0,1.03,1260,56,8905.4,61.2,0
1.7.2026,50:23.5,20883,2342,89.9,7060,854,89.2,24.3,15311,3719,0.665,0.672,0.662,0.657,0.667,0.648,0.763,1228.4,1375.8,1179.2,1179.2,1179.2,98.3,982.7,830.9,918.5,825.4,820.5,770.6,842.9,774.6,888.4,806.5,830.9,45.7,50.5,45.8,45.1,42,46,43.8,48.2,44.1,50.5,45.7,100,37,40.9,37.1,36.8,34.4,37.5,34.3,39.4,35.6,37,12.5,14,12,12,12,10,50,51,50,51,48,50,49,50,49,52,51,51,No,No,No,No,No,No,No,No,No,No,No,No,No,No,No,No,No,No,54,51,51,2.031,10.4,6.238,0.704,5.771,1.706,1.315,0.486,64,15,64,64,0,2,0,0,0,0,0,0,45.7,50.5,45.7,45.4,42,46.1,43.6,48,44,23,20.2,26.4,23.6,21.7,2096.4,21.33,36,39,39,90,129,598,1,2,Yes,No,No,No,No,No,No,No,No,No,Yes,No,No,No,No,No,No,No,No,No,No,No,No,No,No,No,No,No,No,No,No,No,No,No,No,No,No,54,58,50,50,42,50,55,52,7281,7021,65,55,55,100,No,No,34675,80124,100,39.7,100,55.299,68.968,509496,189217,51,0.772,0.704,650,2096,13.5,11,0,7.5,14,10.1,0,13.2,0,53.3,2108,1849,2108,No,No,No,No,No,No,No,No,8.183,28.166,95.9,4.877,43.5,59.6,59,66.3,40.5,31,30.2,30.2,59,62,41.1,30.8,30,30,16.96,24.68,15.08,14.52,33.1,33.1,0.56,0.17,16.96,0,1.11,1260,56,0.8,5.6,0
1.7.2026,50:25.5,20900,2325,89.9,6907,1007,87.2,25.1,15311,3844,0.661,0.655,0.662,0.66,0.665,0.648,0.766,1179.2,1179.2,1179.2,1179.2,1179.2,98.3,982.7,613.8,723.6,621,619,533.2,634.8,564.5,654.6,559.5,613.8,42.2,50.4,42.7,42.9,36.8,43.8,38.7,43.9,38.7,50.4,42.2,100,27.3,32.3,28,27.6,23.6,28.3,24.9,28.9,24.7,27.3,12,12,12,12,12,10,49,50,49,49,48,51,50,51,51,52,51,50,No,No,No,No,No,No,No,No,No,No,No,No,No,No,No,No,No,No,53,51,51,6.348,7.316,3.24,0.627,5.097,1.654,1.257,0.486,64,15,64,64,0,5.1,0,0,0,0,0,0,42.6,50.5,42.7,43.4,37.3,44.2,39,44.4,39,30.2,24.6,33.5,31.9,30.8,2096.4,21.33,36,39,39,90,129,598,1,2,Yes,No,No,No,No,No,No,No,No,No,Yes,No,No,No,No,No,No,No,No,No,No,No,No,No,No,No,No,No,No,No,No,No,No,No,No,No,No,53,57,50,50,42,50,55,52,7308,7021,65,55,55,100,No,No,34675,80124,20.2,31.7,51.9,18.658,81.722,509532,189372,51,0.777,0.627,900,2096,13.4,10.7,0,7.7,14.2,10.8,0,13.2,0,53.2,2106,1851,2106,No,No,No,No,No,No,No,No,8.183,28.166,95.9,4.877,43.5,59.6,59,71.4,38.8,31.8,31.1,31.1,59,62,41.1,30.9,30.1,30.1,16.96,25.75,14,12.32,32.13,32.13,0.56,0.1,16.96,0,1.19,1260,56,0.3,0.3,0
1.7.2026,50:27.5,20881,2344,89.9,6959,955,87.9,25,15311,3828,0.661,0.655,0.662,0.66,0.667,0.648,0.766,1179.2,1179.2,1179.2,1179.2,1179.2,98.3,982.7,866.9,965.9,849.8,885.8,813.2,884.4,802.6,870,863.6,866.9,46.6,52.2,45,47.4,42.7,47.7,43.1,47.4,47,52.2,46.6,100,38.1,42.7,37.7,38.9,35.6,38.7,35.1,38,37.6,38.1,12,12,12,12,12,10,49,51,48,50,47,51,49,52,50,53,51,51,No,No,No,No,No,No,No,No,No,No,No,No,No,No,No,No,No,No,54,52,50,10.918,9.462,5.447,0.696,5.754,1.664,1.289,0.49,64,15,64,64,0,3.6,0,0,0,0,0,0,46.7,52.3,45.1,47.7,42.8,48,43.4,47.5,47.2,26.1,23,28.3,28.3,25.1,2096.4,21.33,36,39,39,90,129,598,1,2,Yes,No,No,No,No,No,No,No,No,No,Yes,No,No,No,No,No,No,No,No,No,No,No,No,No,No,No,No,No,No,No,No,No,No,No,No,No,No,53,57,50,50,42,50,56,53,7308,7021,65,56,55,100,No,No,34675,80124,23.2,0.1,23.3,32.602,0.245,509594,189373,51,0.725,0.696,600,2096,13.6,11,0,7.4,14.2,9.5,0,13.1,0,53.2,2105,1851,2106,No,No,No,No,No,No,No,No,8.179,28.166,95.9,4.858,43.5,59.6,60,65.7,56,54.5,54.4,54.4,60,62.4,58.1,57.4,57.4,57.4,16.66,17.87,15.23,15,18.4,18.4,0.56,0.19,16.66,0,0.45,1261,56,586.6,10.1,0
1.7.2026,50:29.5,20857,2368,89.8,7088,827,89.5,24.7,15311,3784,0.916,0.902,0.882,0.887,0.99,0.808,0.766,3292,3144.6,3144.6,3144.6,3734.2,98.3,2948,845.3,932.5,808,821.7,794.5,882.2,788.7,917.4,817,845.3,44.2,49.3,43.2,43.1,40.4,46.3,39.7,48.3,43.1,49.3,44.2,100,36.9,41,35.7,36.1,34.7,38.4,34.3,39.6,35.5,36.9,33.5,32,32,32,38,30,57,57,57,58,56,43,43,43,42,44,57,58,No,No,No,No,No,No,No,No,No,No,No,No,No,No,No,No,No,No,52,52,51,3.301,9.27,5.323,0.677,5.816,1.658,1.282,0.49,64,15,64,64,0,3.2,0,0,0,0,0,0,44.4,49.5,43.4,43.5,40.7,46.6,40.1,48.6,43.3,28.8,26.2,31.7,30.9,26.3,2096.4,21.33,36,39,39,90,129,598,1,2,Yes,No,No,No,No,No,No,No,No,No,Yes,No,No,No,No,No,No,No,No,No,No,No,No,No,No,No,No,No,No,No,No,No,No,No,No,No,No,53,56,50,50,42,50,56,53,7322,7021,65,56,55,100,No,No,34675,80124,21.7,0,21.7,14.436,0.053,509622,189373,51,0.777,0.677,900,2096,13.4,10.9,0,7.6,13.6,10.9,0,13.4,0,53.3,2110,1847,2110,No,No,No,No,No,No,No,No,8.183,28.173,96,4.869,43.5,59.6,60,68.7,51.5,49,48.7,48.7,60.1,62.7,57.7,57.7,57.7,57.7,16.66,19.43,14.55,13.03,20.53,20.53,0.57,0.16,16.66,0,0.55,1264,56,1382,10.6,0
1.7.2026,50:31.5,20908,2317,90,7250,664,91.6,24.7,15311,3784,1.001,1.02,0.987,1.007,0.99,0.893,0.763,3734.2,3734.2,3734.2,3734.2,3734.2,98.3,3439.4,1195.7,1373,1126.6,1176.2,1049.3,1226.4,1239.1,1273.4,1102,1195.7,49.4,57.4,46.2,49.6,44,51.2,50,52,45.1,57.4,49.4,100,52.4,60.4,49.8,51.8,46,53.7,54,55.7,48,52.4,38,38,38,38,38,35,63,62,61,62,68,37,38,39,38,32,68,68,No,No,No,No,No,No,No,No,No,No,No,No,No,No,No,No,No,No,58,58,52,14.981,12.49,8.212,0.788,6.696,1.733,1.37,0.525,64,15,64,64,0,1.9,0,0,0,0,0,0,49.2,57.2,46.1,49.5,43.8,51,49.8,51.7,45,22.5,19.5,25.9,21.6,22.9,2096.4,21.33,36,39,39,90,129,598,1,2,Yes,No,No,No,No,No,No,No,No,No,Yes,No,Yes,No,No,No,No,No,No,No,No,No,No,No,No,Yes,No,No,No,No,No,No,No,No,No,No,No,54,56,50,50,42,50,56,53,7308,7021,65,56,55,100,No,No,34675,80124,33.5,0.1,33.6,53.461,0.178,509724,189373,51,0.777,0.788,900,2096,10.8,8.9,0,5.6,10.9,9.2,0,7.7,0,53.3,2108,1848,2109,No,No,No,No,No,No,No,No,8.183,28.173,96,4.853,43.5,59.6,44.2,91.2,16.7,15.5,15.4,15.4,26.1,60.9,4.3,3.8,3.8,3.8,22.61,59.85,10.97,9.06,64.94,64.94,0.38,0.25,22.61,0,6.87,1286,57,11131.1,76.8,0
1.7.2026,50:33.5,20966,2259,90.2,7390,524,93.3,24.6,15311,3764,1.001,1.02,0.987,1.007,0.987,0.893,0.763,3734.2,3734.2,3734.2,3734.2,3734.2,98.3,3439.4,1347.8,1495,1235.5,1325,1173.3,1397.5,1289.1,1564.8,1302.4,1347.8,50.8,59,46.8,52.4,45.9,50.9,47.5,56.7,47.1,59,50.8,100,58.9,65.7,54.7,58.3,51.7,61.3,56,67.7,56,58.9,38,38,38,38,38,35,70,68,67,70,73,30,32,33,30,27,72,73,No,No,No,No,No,No,No,No,No,No,No,No,No,No,No,No,No,No,58,58,52,6.094,13.614,9.566,0.623,7.152,1.722,1.31,0.52,64,15,64,64,0,0.5,0,0,0,0,0,0,51,58.9,46.8,52.6,46.2,51.2,48,56.9,47.7,20.7,18.8,22.2,22.1,19.7,2096.4,21.33,36,39,39,90,129,598,1,2,Yes,No,No,No,No,No,No,Yes,No,No,Yes,No,Yes,No,No,No,No,No,No,No,Yes,No,No,No,No,Yes,Yes,No,No,No,No,No,No,No,Yes,No,No,54,56,50,50,42,50,56,53,7295,7021,65,56,55,100,No,No,34675,80124,56.4,2.2,58.7,105.255,0.214,509928,189374,53,0.777,0.623,900,2096,6.8,4.9,0,4.8,6.5,8,2.5,7.2,0,53.6,2121,1835,2122,No,No,No,No,No,No,No,No,8.179,28.173,96,4.842,43.5,59.6,28.8,69.4,7.7,6.8,6.7,6.7,28.5,62,8.2,7.6,7.5,7.5,34.77,129.22,14.41,14.16,149.12,149.12,0.49,1.02,34.77,0,5.63,1306,57,10234.3,71.1,0
1.7.2026,50:35.6,20972,2253,90.2,7409,506,93.6,24,15311,3672,0.996,1.02,0.967,1.007,0.99,0.893,0.763,3709.6,3734.2,3635.9,3734.2,3734.2,98.3,3439.4,1533.9,1574,1457,1426.5,1787.7,1578.3,1476,1486.2,1485.5,1533.9,51.7,54,49.4,48.6,58.1,52.6,48.9,50.9,50.7,58.1,51.7,100,67,69.2,64.6,62.5,77.4,67.8,64.4,64.9,65,67,37.8,38,37,38,38,35,65,61,64,69,66,35,39,36,31,34,67,69,No,No,No,No,No,No,No,No,No,No,No,No,No,No,No,No,No,No,57,57,53,8.887,16.074,11.94,0.633,7.783,1.74,1.316,0.484,64,15,64,64,0,2.2,0,0,0,0,0,0,51.3,53.5,48.9,48.4,57.6,52.8,48.2,50.7,50,19.2,20.2,17.1,18.1,21.4,2096.4,21.33,36,39,39,90,129,598,1,2,Yes,No,No,No,No,No,No,No,No,No,Yes,No,Yes,No,No,No,No,No,No,No,No,No,No,No,No,Yes,No,No,No,No,No,No,No,No,No,No,No,54,57,50,50,42,50,56,53,7308,7021,65,55,55,100,No,No,34675,80124,14.6,0.4,15,38.446,2.614,510002,189379,53,0.777,0.633,900,2096,10.5,8.4,0,5.1,10.5,9.6,2,3.7,0,53.1,2100,1856,2101,No,No,No,No,No,No,No,No,8.18,28.181,96,4.818,43.5,59.6,31.1,74.7,3.9,3.8,3.7,3.7,31.9,60.4,4.4,3.8,3.8,3.8,32.17,254.69,13.38,12.6,267.41,267.41,0.16,0,32.17,0,15.16,1306,57,0.2,0.2,0
1.7.2026,50:37.6,20962,2263,90.2,7332,582,92.6,23.5,15311,3591,0.974,0.87,0.987,1.007,1.03,0.893,0.763,3586.8,2948,3734.2,3734.2,3930.7,98.3,3439.4,1075.6,1219.3,1125.1,1192,1104.5,1097.7,955.2,1038.2,872.7,1075.6,41.7,46.5,43.1,45.2,40.2,43.3,37.8,42.1,35.6,46.5,41.7,100,47.7,53.6,49.7,52,48.2,49.5,42.1,47,39.2,47.7,36.5,30,38,38,40,35,59,58,58,61,58,41,42,42,39,42,62,61,No,No,No,No,No,No,No,No,No,No,No,No,No,No,No,No,No,No,54,53,52,1.016,12.474,8.71,0.415,6.779,1.672,1.205,0.485,64,15,64,64,0,2.5,0,0,0,0,0,0,41.6,46.6,43.1,45.1,40.3,42.7,37.9,41.7,35.5,27,23.5,24.8,28.4,31.4,2096.4,21.33,36,39,39,90,129,598,1,2,Yes,No,No,No,No,No,No,No,No,No,Yes,No,Yes,No,No,No,No,No,No,No,No,No,No,No,No,Yes,No,No,No,No,No,No,No,No,No,No,No,54,56,50,50,42,50,56,53,7295,7034,65,55,55,100,No,No,34675,80125,22.5,9.8,32.3,46.263,28.577,510089,189432,51,0.86,0.415,1100,2096,4.8,3.2,0,3.6,4.2,8.9,1.6,3.3,0,52.9,2092,1865,2093,No,No,No,No,No,No,No,No,8.179,28.181,96,4.834,43.5,59.6,23.9,31.7,18,17.7,17.7,17.7,24,30.5,19.9,19.8,19.8,19.8,41.87,55.41,31.49,31.41,56.57,56.57,6.7,16.33,41.25,0.61,16.47,1306,57,0,0,0
1.7.2026,50:39.6,20819,2406,89.6,7127,788,90,24.8,15311,3791,0.768,0.747,0.805,0.805,0.715,0.701,0.763,2260.2,2161.9,2555,2555,1768.8,98.3,1965.4,1033.4,1219.1,1039.4,1045.9,1063.2,1139.1,828.9,1007.8,924,1033.4,42.3,49.1,42.8,42.8,42.5,45.4,34.9,41.9,38.7,49.1,42.3,100,45.7,53.8,46.5,46.3,46.8,50.3,36.8,44.4,40.6,45.7,23,22,26,26,18,20,52,56,52,51,51,48,44,48,49,49,56,56,No,No,No,No,No,No,No,No,No,No,No,No,No,No,No,No,No,No,54,52,51,3.047,13.276,9.031,0.659,6.652,1.727,1.327,0.49,64,15,64,64,0,1.7,0,0,0,0,0,0,42.3,49.1,42.7,43.1,42.8,45.6,34.8,42,38.6,21,15.9,19.1,24.6,24.3,2096.4,21.33,36,39,39,90,129,598,1,2,Yes,No,No,No,No,No,No,Yes,No,No,Yes,No,Yes,No,No,No,No,No,No,No,Yes,No,No,No,No,Yes,Yes,No,No,No,No,No,No,No,Yes,No,No,54,56,50,50,42,50,56,53,7281,7021,65,55,55,100,No,No,34675,80125,28.7,60.3,89,48.805,110.177,510183,189644,52,0.777,0.659,900,2096,12.2,9.9,0,5.6,12.2,9.7,1.9,4,0,53,2096,1861,2096,No,No,No,No,No,No,No,No,8.18,28.181,96,4.834,43.5,59.6,56.5,72.2,29.7,29.3,29.3,29.3,56.4,62,30,30,30,30,17.69,33.64,13.85,13.84,34.13,34.13,0.66,0.05,17.69,0,2.69,1307,57,486.6,9.8,0
1.7.2026,50:41.6,20763,2462,89.3,7150,765,90.3,24.3,15311,3727,0.675,0.665,0.677,0.675,0.682,0.656,0.763,1351.2,1277.5,1375.8,1375.8,1375.8,98.3,1179.2,760.8,887.6,722,766.5,761.8,865.8,634.2,745.5,703.1,760.8,40.9,48,40.7,42.3,38.9,46.2,35.2,39.8,36.4,48,40.9,100,33.6,39.3,32.2,33.9,33.6,38,27.9,33,30.8,33.6,13.8,13,14,14,14,12,50,52,51,49,48,50,48,49,51,52,52,52,No,No,No,No,No,No,No,No,No,No,No,No,No,No,No,No,No,No,54,51,51,0.762,9.504,5.452,0.63,5.626,1.671,1.285,0.485,64,15,64,64,0,4.7,0,0,0,0,0,0,41.1,48,40.8,42.5,39,46.4,35.5,40.1,36.6,28.6,23.4,29.3,28.8,33,2096.4,21.33,36,39,39,90,129,598,1,2,Yes,No,No,No,No,No,No,No,No,No,Yes,No,Yes,No,No,No,No,No,No,No,No,No,No,No,No,Yes,No,No,No,No,No,No,No,No,No,No,No,54,56,50,50,42,50,56,53,7322,7009,65,55,55,100,No,No,34675,80125,16.2,0.4,16.6,22.289,0.08,510225,189644,51,0.77,0.63,850,2096,12.5,10.1,0,5.7,12.7,9.9,2,4.1,0,52.8,2090,1867,2090,No,No,No,No,No,No,No,No,8.18,28.188,96,4.843,43.5,59.6,50,67.7,21.8,20.9,20.8,20.8,27.1,61.6,4,3.6,3.5,3.5,20,45.84,14.77,14.62,48.18,48.18,0.42,0,20,0,6.24,1307,57,0.8,4.6,0
1.7.2026,50:43.6,20765,2460,89.4,7171,743,90.6,24.2,15311,3708,0.724,0.725,0.725,0.667,0.777,0.678,0.766,1842.5,1867.1,1867.1,1277.5,2358.4,98.3,1670.6,657.4,754.9,666.9,695.3,576.6,655.6,584.4,660.5,665.2,657.4,41.9,47.9,42.6,44.3,36.5,42.7,36.9,42,42.8,47.9,41.9,100,29.2,33.7,30,30.8,25.7,29.2,25.7,29.3,29.2,29.2,18.8,19,19,13,24,17,50,51,50,49,49,50,49,50,51,51,51,51,No,No,No,No,No,No,No,No,No,No,No,No,No,No,No,No,No,No,54,49,51,1.27,7.225,3.515,0.393,5.014,1.587,1.138,0.489,64,15,64,64,0,4.4,0,0,0,0,0,0,42.5,48.3,42.9,44.8,37.1,43.3,37.6,42.6,43.3,31,25.6,32.6,34.8,31.2,2096.4,21.33,36,39,39,90,129,598,1,2,Yes,No,No,No,No,No,No,No,No,No,Yes,No,Yes,No,No,No,No,No,No,No,No,No,No,No,No,Yes,No,No,No,No,No,No,No,No,No,No,No,54,56,51,50,42,51,56,53,7308,7034,65,55,55,100,No,No,34675,80125,6.1,0.2,6.2,8.066,0.359,510241,189645,51,0.735,0.393,650,2096,8.7,6.6,0,4.3,8.5,7.1,1.9,4,0,53.2,2105,1851,2104,No,No,No,No,No,No,No,No,8.179,28.188,96,4.834,43.5,59.6,31.8,94.4,4.5,4,3.9,3.9,14.6,60.3,4.2,4,4,4,31.45,220.01,10.59,9.68,256.54,256.54,0.34,1.55,31.45,0,31.76,1308,57,362.6,5.8,0
1.7.2026,50:45.6,20771,2454,89.4,7197,717,90.9,24.2,15311,3708,0.667,0.667,0.662,0.66,0.677,0.656,0.708,1228.4,1277.5,1179.2,1179.2,1277.5,98.3,1080.9,563.1,671.5,580.1,598.2,552.6,567,475.5,568,491.5,563.1,38.6,46.3,40.2,41.2,37.8,38.9,32.6,38.3,33.5,46.3,38.6,100,25.3,30.1,26.5,27,24.7,25.5,21.3,25.5,22.1,25.3,12.5,13,12,12,13,11,48,49,50,49,46,52,51,50,51,54,51,50,No,No,No,No,No,No,No,No,No,No,No,No,No,No,No,No,No,No,53,49,51,2.285,6.651,3.001,0.337,4.897,1.541,1.054,0.485,64,15,64,64,0,8.5,0,0,0,0,0,0,38.6,46.2,40.2,41.2,37.7,39,32.6,38.5,33.5,36.4,29.6,35.5,40.9,39.5,1048.2,10.67,20,20,20,45,129,299,1,2,Yes,No,No,No,No,No,No,No,No,No,Yes,No,No,No,No,No,No,No,No,No,No,No,No,No,No,No,No,No,No,No,No,No,No,No,No,No,No,53,55,51,50,42,51,56,53,7295,7009,65,56,55,100,No,No,34675,80125,14.5,0.1,14.6,4.922,0.059,510250,189645,49,0.78,0.337,900,1048,6.4,4.7,0,3.1,6.1,3.5,1.9,4,0,52.8,2090,1867,2090,No,No,No,No,No,No,No,No,8.179,28.188,96,4.834,43.5,59.6,24.3,31.8,19.8,19.8,19.8,19.8,24,30.1,20,20,20,20,41.1,50.45,31.43,31.23,50.46,50.46,4.11,13.09,40.64,0.46,13.15,1308,57,0.8,4,0
1.7.2026,50:47.6,20786,2439,89.4,7272,642,91.8,23.7,15311,3635,0.804,0.797,0.805,0.807,0.805,0.736,0.766,2530.4,2456.7,2555,2555,2555,98.3,2260.2,612.4,745.8,653.5,655.2,584.3,597.8,498.7,575.4,588.7,612.4,31.2,37,32.3,34.3,29.5,31.5,25.2,31.1,28.5,37,31.2,100,27.8,33.7,30,29.6,26.7,27.3,22.5,26.1,26.4,27.7,25.8,25,26,26,26,23,50,52,50,49,50,50,48,50,51,50,52,52,No,No,No,No,No,No,No,No,No,No,No,No,No,No,No,No,No,No,60,60,50,11.934,8.572,5.005,0.311,5.415,1.511,0.972,0.486,64,15,64,64,0,9.9,0,0,0,0,0,0,31.5,37.1,32.5,34.6,29.9,32,25.4,31.5,28.8,34.2,29.8,34.6,37.5,34.7,2096.4,21.33,36,39,39,90,129,598,1,2,Yes,No,No,No,No,No,No,No,No,No,Yes,No,Yes,No,No,No,No,No,No,No,No,No,No,No,No,Yes,No,No,No,No,No,No,No,No,No,No,No,52,55,51,50,42,51,56,53,7295,7034,65,56,55,100,No,No,34675,80125,15.5,0.3,15.8,32.193,0.179,510312,189646,50,0.77,0.311,850,2096,6.8,5.1,0,3.2,6.8,3.5,2,3.7,0,52.7,2086,1871,2086,No,No,No,No,No,No,No,No,8.183,28.196,96,4.82,43.5,59.6,28.8,65.1,4.1,3.8,3.8,3.8,29.1,61.2,4.1,3.8,3.8,3.8,34.78,245.42,15.36,15.18,266.57,266.57,0.67,0.33,34.78,0,23.64,1308,57,11.6,10.5,0
1.7.2026,50:49.6,20847,2378,89.7,7350,564,92.8,23.6,15311,3614,0.996,1.02,0.987,0.985,0.99,0.893,0.763,3709.6,3734.2,3734.2,3635.9,3734.2,98.3,3439.4,1216.1,1187.4,1029.7,1347.5,1333.7,1423.3,1064.8,1265.4,1077,1216.1,43.1,44.2,38.8,48.1,44.9,49.5,36.5,45.2,37.7,49.5,43.1,100,53.2,52.8,46.3,59.5,56,62.4,45.7,55.2,47.5,53.2,37.8,38,38,37,38,35,61,57,71,58,59,39,43,29,42,41,71,71,No,No,No,No,No,No,No,No,No,No,No,No,No,No,No,No,No,No,68,68,51,11.934,14.499,10.72,0.342,7.083,1.651,1.195,0.487,64,15,64,64,0,2.9,0,0,0,0,0,0,43.7,44.5,39.3,48.4,46.5,49.8,37.5,45.7,38.1,24.3,26,21.1,23.4,26.7,2096.4,21.33,36,39,39,90,129,598,1,2,Yes,No,No,No,No,No,No,No,No,No,Yes,No,No,No,No,No,No,No,No,No,No,No,No,No,No,No,No,No,No,No,No,No,No,No,No,No,No,53,56,51,50,42,51,56,53,7281,7021,65,56,55,100,No,No,34675,80125,19.9,0,20,37.625,0.04,510386,189646,51,0.77,0.342,850,2096,7.1,5.6,0,2.7,7.3,4.2,2.2,0,0,53.9,2131,1826,2131,No,No,No,No,No,No,No,No,8.18,28.196,96,4.802,43.5,59.6,35.8,63.7,4,3,2.9,2.9,35.8,60.7,4,2.9,2.9,2.9,27.95,249.31,15.7,15.58,345.88,345.88,0.94,0,27.95,0,20.67,1308,57,425.1,56.8,0
1.7.2026,50:51.6,20826,2399,89.6,7378,536,93.2,23.3,15311,3566,0.991,1.02,0.987,1.007,0.947,0.893,0.763,3685.1,3734.2,3734.2,3734.2,3537.6,98.3,3439.4,2067.7,2264.4,1921.9,2162.3,1901.7,2124.5,2042.4,2097.3,2027.3,2067.7,60.7,66.7,57.1,63.9,57.8,61.7,58.8,61,58.8,66.7,60.7,100,88.6,97.5,83.1,92.5,83.5,90.7,87.1,89.2,85.3,88.6,37.5,38,38,38,36,35,66,66,65,67,66,34,34,35,33,34,66,67,No,No,No,No,No,No,No,No,No,No,No,No,No,No,No,No,No,No,55,55,51,8.633,20.901,17.007,0.174,9.025,1.806,1.348,0.532,64,15,64,64,0,0.8,0,0,0,0,0,0,60.5,66.1,56.5,63.6,56.7,61.7,58.7,61.1,59.5,15.2,13.1,15.5,16.2,16,2096.4,21.33,36,39,39,90,129,598,1,2,Yes,No,No,No,No,No,No,No,No,No,Yes,No,No,No,No,No,No,No,No,No,No,No,No,No,No,No,No,No,No,No,No,No,No,No,No,No,No,54,57,51,50,42,51,56,53,7295,7021,65,55,55,100,No,No,34675,80125,17.2,1.3,18.5,38.882,0.358,510458,189646,51,0.777,0.174,900,2096,2.4,1.3,0,1.6,2,3.9,2.1,0,0,53.7,2124,1832,2125,No,No,No,No,No,No,No,No,8.18,28.196,96,4.777,43.5,59.6,1.1,1.1,1.1,1.1,1.1,1.1,1.1,1.1,1.1,1.1,1.1,1.1,882.21,882.21,882.21,882.21,882.21,882.21,0.66,126.64,882.21,0,867.26,1344,57,18622.2,127.7,0
1.7.2026,50:53.7,20894,2331,89.9,7454,460,94.1,23.3,15311,3563,1.027,1.02,1.007,1.007,1.072,0.891,0.761,3857,3734.2,3832.5,3734.2,4127.3,98.3,3439.4,1610.2,1758.8,1511.2,1611.7,1825.9,1565.2,1514.7,1550.6,1543.3,1610.2,48.8,53.5,45.1,48.5,53.5,48.4,45.8,48.2,47.1,53.5,48.8,100,70.1,76.5,64.4,70.5,79,68.7,65.8,68.5,67.3,70.1,39.2,38,39,38,42,35,61,70,58,59,56,39,30,42,41,44,70,70,No,No,No,No,No,No,No,No,No,No,No,No,No,No,No,No,No,No,74,74,52,14.981,19.608,15.799,0.133,8.281,1.753,1.249,0.506,64,15,64,64,0,0.4,0,0,0,0,0,0,48.7,53.4,46.1,48.1,53.6,48.2,45.6,47.8,46.8,19.5,17.6,16.6,21.1,22.7,2096.4,21.33,36,39,39,90,129,598,1,2,Yes,No,No,No,No,No,No,Yes,No,No,Yes,No,Yes,No,No,No,No,No,No,No,Yes,No,No,No,No,Yes,Yes,No,No,No,No,No,No,No,Yes,No,No,54,58,51,50,42,51,56,53,7281,7034,65,55,55,100,No,No,34675,80125,34.8,0.1,34.9,70.418,0.191,510597,189647,55,0.882,0.133,1150,2096,2.5,1.5,0,1.6,2.6,3.7,1.9,0,0,54.5,2154,1802,2154,No,No,No,No,No,No,No,No,8.179,28.204,96.1,4.785,43.5,59.6,14.4,296.4,3.6,3.5,3.5,3.5,14.2,61.7,3.7,3.5,3.5,3.5,69.58,276.69,3.07,2.8,289.06,289.06,4.01,35.06,69.26,0.33,65.21,1355,57,5550.2,88.2,0
1.7.2026,50:55.6,20904,2321,90,7100,814,89.7,24.6,15311,3763,1.007,1.02,0.987,1.007,1.015,0.893,0.763,3734.2,3734.2,3734.2,3734.2,3734.2,98.3,3439.4,914.5,1027.2,843.4,959.9,922.9,1027.9,796.7,959.6,778.1,914.5,38.8,42.8,37.6,41.2,39.5,43.6,34.3,39.4,31.8,43.6,38.8,100,40.9,45.4,40.4,42.5,41.5,45.3,35.5,42.2,34.7,40.9,38,38,38,38,38,35,60,61,60,58,62,40,39,40,42,38,61,62,No,No,No,No,No,No,No,No,No,No,No,No,No,No,No,No,No,No,54,51,52,2.539,11.267,7.585,0.206,6.212,1.643,1.115,0.485,64,15,64,64,0,6.1,0,0,0,0,0,0,38.9,43.1,36.5,41.7,39.4,44.1,34.6,40.1,32,30,27.3,28.4,30.3,34.1,2096.4,21.33,36,39,39,90,129,598,1,2,Yes,No,No,No,No,No,No,No,No,No,Yes,No,Yes,No,No,No,No,No,No,No,No,No,No,No,No,Yes,No,No,No,No,No,No,No,No,No,No,No,54,58,51,50,42,51,56,53,7308,7046,65,55,55,100,No,No,34675,80125,10.1,71.1,81.1,7.671,112.38,510611,189856,51,0.725,0.206,600,2096,5.2,3.6,0,2.3,5.7,3.8,2.2,0,0,54.6,2159,1798,2160,No,No,No,No,No,No,No,No,8.18,28.204,96.1,4.777,43.5,59.6,47.1,83.2,8.3,7.8,7.8,7.8,47.6,61.9,8.6,8.6,8.6,8.6,21.22,120.73,12.1,11.31,128.36,128.36,1.64,1.41,20.75,0.47,10,1355,57,11.8,18.7,0
1.7.2026,50:57.7,20934,2291,90.1,7142,772,90.2,25,15311,3834,0.779,0.782,0.777,0.777,0.777,0.723,0.766,2358.4,2358.4,2358.4,2358.4,2358.4,98.3,2161.9,982.9,1043.6,980,1021.9,955.3,1037,917.2,990.7,917.4,982.9,41.4,45.5,41.4,44.2,40.7,44.7,36.7,41.7,36.5,45.5,41.4,100,43,46,43.4,44.8,41.8,45.4,39.9,43.2,39.9,43.1,24,24,24,24,24,22,51,51,51,51,50,49,49,49,49,50,52,51,No,No,No,No,No,No,No,No,No,No,No,No,No,No,No,No,No,No,55,55,51,6.602,10.092,6.557,0.144,6.047,1.626,1.092,0.486,64,15,64,64,0,7.4,0,0,0,0,0,0,41.4,45.4,41.2,44.3,40.7,44.7,36.6,41.8,36.5,31.4,26.4,30.4,34,35,2096.4,21.33,36,39,39,90,129,598,1,2,Yes,No,No,No,No,No,No,No,No,No,Yes,No,No,No,No,No,No,No,No,No,No,No,No,No,No,No,No,No,No,No,No,No,No,No,No,No,No,54,58,51,50,42,51,56,53,7308,7046,65,55,55,100,No,No,34675,80125,28.2,19.4,47.6,43.071,37.087,510694,189927,51,0.957,0.144,1300,2096,3.8,2.4,0,2,4,4.2,1.9,0,0,54.1,2139,1817,2140,No,No,No,No,No,No,No,No,8.183,28.204,96.1,4.787,43.5,59.6,41.4,96.1,5.1,3.5,3.4,3.4,41.2,62.2,5,3.5,3.3,3.3,24.15,194.83,10.33,9.57,295.39,295.39,2.55,7.63,23.54,0.6,16.28,1355,57,18.9,20.8,0
1.7.2026,50:59.7,20925,2300,90,7164,750,90.5,25,15311,3833,0.669,0.665,0.67,0.667,0.672,0.653,0.766,1277.5,1277.5,1277.5,1277.5,1277.5,98.3,1080.9,626.4,680.6,593.3,702.2,651.1,576.1,516,653,638.7,626.4,39.2,43.2,37,42.3,40,37.3,33.7,41.6,38.1,43.2,39.2,100,27.8,30.5,26.8,31.1,28.7,25.8,22.9,28.9,28.1,27.9,13,13,13,13,13,11,50,51,50,49,49,50,49,50,51,51,51,51,No,No,No,No,No,No,No,No,No,No,No,No,No,No,No,No,No,No,53,50,51,0.762,6.966,3.467,0.152,4.982,1.545,1.002,0.487,64,15,64,64,0,5.5,0,0,0,0,0,0,39.5,43.3,37.3,42.7,40.2,37.9,34.1,41.9,38.4,34.7,31.7,32.3,40,34.6,2096.4,21.33,36,39,39,90,129,598,1,2,Yes,No,No,No,No,No,No,No,No,No,Yes,No,No,No,No,No,No,No,No,No,No,No,No,No,No,No,No,No,No,No,No,No,No,No,No,No,No,54,58,51,50,42,51,56,53,7295,7034,65,55,55,100,No,No,34675,80125,7.9,0.1,8.1,6.822,0.386,510707,189928,51,0.727,0.152,600,2096,4.5,3,0,1.8,5.1,4.1,0,0,0,54.1,2142,1815,2142,No,No,No,No,No,No,No,No,8.179,28.211,96.1,4.801,43.5,59.6,42.6,74.2,7.8,6.3,6.2,6.2,42.4,61.3,7.5,6.1,6,6,23.48,128.33,13.86,13.48,161.33,161.33,1.66,3.96,22.96,0.53,12.59,1355,57,6.7,19.1,0
1.7.2026,51:01.7,20908,2317,90,7196,719,90.9,25,15311,3833,0.672,0.675,0.67,0.667,0.675,0.658,0.766,1302.1,1375.8,1277.5,1277.5,1277.5,98.3,1179.2,725.3,784.9,684.8,742.9,632.5,697.1,780.2,759.9,720,725.3,36.5,40.7,34.8,38.4,32.3,35.1,37,38.6,34.8,40.7,36.5,100,32.1,34.9,30.6,33,28,31.1,34.1,33.5,31.4,32.1,13.2,14,13,13,13,12,49,50,50,49,48,51,50,50,51,52,51,50,No,No,No,No,No,No,No,No,No,No,No,No,No,No,No,No,No,No,60,60,51,14.219,8.63,5.117,0.159,5.327,1.543,1.007,0.489,64,15,64,64,0,8.2,0,0,0,0,0,0,36.8,41,35.1,38.7,32.7,35.5,37.2,38.9,35.1,38.2,36.4,40.9,37.9,37.7,2096.4,21.33,36,39,39,90,129,598,1,2,Yes,No,No,No,No,No,No,No,No,No,Yes,No,No,No,No,No,No,No,No,No,No,No,No,No,No,No,No,No,No,No,No,No,No,No,No,No,No,53,57,51,50,42,51,56,53,7322,7059,65,56,55,100,No,No,34675,80125,17,0.1,17.1,15.934,0.113,510737,189928,51,0.797,0.159,950,2096,3.5,2.4,0,1.6,3.7,4.3,0,0,0,54.3,2150,1807,2150,No,No,No,No,No,No,No,No,8.183,28.211,96.1,4.795,43.5,59.6,42.9,80.1,8.2,7.5,7.5,7.5,42.5,61.4,8.2,7.6,7.5,7.5,23.31,122.28,12.63,12.6,134.15,134.15,1.6,0.89,22.88,0.43,12.35,1356,57,513.6,19.9,0
1.7.2026,51:03.7,21383,1842,92,7659,255,96.7,25,15311,3830,0.909,1.02,0.977,0.657,0.98,0.893,0.763,3120,3734.2,3734.2,1277.5,3734.2,98.3,3439.4,1169.8,1277.7,1198.4,1250.6,1080,1103.8,1022.4,1422.8,1002.5,1169.8,41.2,44.9,42.2,44.9,37.5,39.7,36.3,47.9,36.3,47.9,41.2,100,52.1,57.1,52.7,55.9,49,50.5,46.1,60.9,44.9,52.1,31.8,38,38,13,38,35,64,71,62,57,68,36,29,38,43,32,71,71,No,No,No,No,No,No,No,No,No,No,No,No,No,No,No,No,No,No,69,69,52,10.664,13.671,9.975,0.196,7.048,1.639,1.149,0.485,64,15,64,64,0,3.8,0,0,0,0,0,0,40.9,44.4,42.3,44.4,36.9,39,35.8,48.6,35.6,23.2,20.8,23.6,25.9,22.2,2096.4,21.33,36,39,39,90,129,598,1,2,Yes,No,No,No,No,No,No,No,No,No,Yes,No,No,No,No,No,No,No,No,No,No,No,No,No,No,No,No,No,No,No,No,No,No,No,No,No,No,54,57,51,50,42,51,56,53,7295,7021,65,56,55,100,No,No,34675,80125,66.6,0.8,67.5,127.018,0.405,510992,189929,52,0.837,0.196,1050,2096,2.6,1.6,0,2.9,2.4,12,0,0,0,63,2491,1466,2491,No,No,No,No,No,No,No,No,8.183,28.211,96.1,4.779,43.5,59.6,25.8,78.9,3.5,3.1,3,3,32.3,61.8,3.7,3.1,3,3,32.33,276.43,8.89,6.72,328,328,4.19,7.92,31.27,1.06,37.2,1356,57,19.9,19.2,0
1.7.2026,51:05.7,21384,1841,92,7542,372,95.2,24.8,15311,3804,0.986,1.02,0.927,1.007,0.99,0.893,0.763,3660.5,3734.2,3439.4,3734.2,3734.2,98.3,3439.4,1074.4,1150.7,935.4,1025.5,1365.4,1168.8,986.4,992.5,970.5,1074.4,37.2,41.2,33.8,36,43.8,39,33.7,36.4,33.7,43.8,37.2,100,47.4,51.1,43.1,45.9,57.7,50.2,42.2,46.4,42.9,47.4,37.2,38,35,38,38,35,61,57,65,59,62,39,43,35,41,38,65,65,No,No,No,No,No,No,No,No,No,No,No,No,No,No,No,No,No,No,55,55,52,7.363,13.782,10.003,0.297,6.921,1.675,1.181,0.485,64,15,64,64,0,2.4,0,0,0,0,0,0,37.5,41.5,33.6,36.2,45.2,40,34.4,35.3,34,28.2,28.2,24.2,27.8,32.6,2096.4,21.33,36,39,39,90,129,598,1,2,Yes,No,No,No,No,No,No,No,No,No,Yes,No,Yes,No,No,No,No,No,No,No,Yes,No,No,No,No,Yes,No,No,No,No,No,No,No,No,No,No,No,54,57,51,50,42,51,56,53,7295,6984,65,55,55,100,No,No,34675,80125,15,1,16,31.139,3.697,511050,189936,52,0.957,0.297,1300,2096,4.2,2.8,0,3.8,4.5,14.6,0,0,0,63.5,2512,1445,2512,No,No,No,No,No,No,No,No,8.179,28.219,96.1,4.777,43.5,59.6,33.3,69.3,3.7,2.9,2.9,2.9,33.1,60.3,3.6,2.9,2.9,2.9,30.02,273.88,14.44,14.32,347.71,347.71,4.21,1.04,29.52,0.5,27.22,1356,58,2,19.1,0
1.7.2026,51:07.7,21330,1895,91.8,7499,415,94.7,24.8,15311,3798,1.006,0.977,0.987,1.007,1.052,0.893,0.763,3758.8,3537.6,3734.2,3734.2,4029,98.3,3439.4,1278.1,1255.4,1364.8,1205.1,1280,1570,1199.5,1137.4,1213,1278.1,41.7,41.7,44.7,39.6,42.7,50.5,38.9,38.1,37.4,50.5,41.7,100,55.9,55.3,59.8,53,57.5,69,52.5,50.4,49.9,55.9,38.2,36,38,38,41,35,58,58,54,57,63,42,42,46,43,37,63,63,No,No,No,No,No,No,No,No,No,No,No,No,No,No,No,No,No,No,67,67,53,10.41,15.243,11.394,0.316,7.352,1.692,1.216,0.485,64,15,64,64,0,2.6,0,0,0,0,0,0,41.9,42,44.9,40.1,42.1,50.1,38.9,38.5,39,24.7,21.6,26.6,20.2,30.3,2096.4,21.33,36,39,39,90,129,598,1,2,Yes,No,No,No,No,No,No,Yes,No,No,Yes,No,Yes,No,No,No,No,No,No,No,Yes,No,No,No,No,Yes,No,No,No,No,No,No,No,No,No,No,No,54,57,51,50,42,51,56,53,7308,6996,65,55,55,100,No,No,34675,80125,39.7,1.6,41.3,32.693,0.338,511112,189937,53,0.775,0.316,900,2096,4,2.7,0,3.8,4.2,14.6,0,0,0,63.4,2508,1449,2508,No,No,No,No,No,No,No,No,8.18,28.219,96.1,4.785,43.5,59.6,51.7,100.8,12.8,12,12,12,51.8,61.9,12,11.9,11.9,11.9,19.33,77.79,9.81,8.56,83.65,83.65,3.44,2.62,18.98,0.35,5.82,1356,58,217.8,19.3,0
1.7.2026,51:09.7,21265,1960,91.5,7129,786,90,26,15311,3988,0.991,0.997,0.987,1.007,0.97,0.893,0.763,3685.1,3635.9,3734.2,3734.2,3635.9,98.3,3439.4,1021.9,1215,927.9,1070.9,927.6,1132.9,848.8,1033.6,1018.6,1021.9,37.6,43.9,36,39.9,34.3,40,30.9,37.6,38.4,43.9,37.6,100,45.4,53.5,41.7,47.1,41,49.8,37.5,45.6,47,45.4,37.5,37,38,38,37,35,58,58,61,57,57,42,42,39,43,43,59,61,No,No,No,No,No,No,No,No,No,No,No,No,No,No,No,No,No,No,54,52,52,3.555,13.715,10.012,0.175,6.75,1.648,1.136,0.488,64,15,64,64,0,4,0,0,0,0,0,0,37.7,43.9,36,40.1,34.4,40.7,31,37.8,37.4,26.2,22.1,25.8,30.4,26.4,2096.4,21.33,36,39,39,90,129,598,1,2,Yes,No,No,No,No,No,No,No,No,No,Yes,No,No,No,No,No,No,No,No,No,No,No,No,No,No,No,No,No,No,No,No,No,No,No,No,No,No,54,57,51,50,42,51,56,53,7308,7009,65,55,55,100,No,No,34676,80125,59.5,70.2,100,34.058,110.308,511176,190143,52,0.837,0.175,1050,2096,1,0.3,0,2.7,0.6,13.2,0,0,0,63.7,2521,1435,2522,No,No,No,No,No,No,No,No,8.179,28.219,96.1,4.777,43.5,59.6,51.7,100.8,12.8,12,12,12,51.8,61.9,12,11.9,11.9,11.9,19.33,77.79,9.81,8.56,83.65,83.65,3.44,2.62,18.98,0.35,5.82,1357,58,273.8,10.8,0
1.7.2026,51:11.7,21290,1935,91.6,7347,568,92.8,26,15311,3987,0.944,0.792,0.987,1.007,0.99,0.891,0.761,3414.8,2456.7,3734.2,3734.2,3734.2,98.3,3439.4,1177,1417.2,1137.5,1192.2,1053.3,1203.2,1185.5,1172.1,1055,1177,40,47.6,38.8,40.9,36.4,41.3,40.2,39.9,34.5,47.6,40,100,51.9,62,50.9,52.7,46.4,53,52.2,51.7,46.2,51.9,34.8,25,38,38,38,35,62,63,62,62,62,38,37,38,38,38,63,63,No,No,No,No,No,No,No,No,No,No,No,No,No,No,No,No,No,No,63,63,53,11.426,14.557,10.913,0.139,7.112,1.66,1.136,0.519,64,15,64,64,0,2,0,0,0,0,0,0,40.2,47.8,39,41.1,36.8,41.7,40.4,40.3,34.8,19.3,17.2,20.2,18.1,21.7,2096.4,21.33,36,39,39,90,129,598,1,2,Yes,No,No,No,No,No,No,No,No,No,Yes,No,No,No,No,No,No,No,No,No,No,No,No,No,No,No,No,No,No,No,No,No,No,No,No,No,No,54,57,51,50,42,51,56,53,7295,6971,65,55,55,100,No,No,34676,80125,55.9,0.1,55.9,110.092,0.311,511386,190144,53,0.857,0.139,900,2096,1,0.3,0,2.9,0.6,14.1,0,0,0,63.4,2508,1449,2508,No,No,No,No,No,No,No,No,8.18,28.226,96.1,4.777,43.5,59.6,34.2,119.3,7.6,7.2,7.1,7.1,31.8,60.3,7.2,6.7,6.7,6.7,29.21,131.19,8.3,8.11,140.81,140.81,4.02,1.14,28.92,0.29,92.26,1382,58,12838,95.3,0
1.7.2026,51:13.7,21306,1919,91.7,7402,512,93.5,26,15311,3986,0.984,0.955,0.985,1.007,0.987,0.891,0.761,3660.5,3439.4,3734.2,3734.2,3734.2,98.3,3439.4,1898.4,2060.8,1717.1,1953.8,2001.6,1996.3,1781.1,2023.7,1653,1898.4,54.9,60.1,49.6,57.7,57.4,57.5,50.6,57.5,48.4,60.1,54.9,100,83,90.1,76.3,85.5,86.4,87.4,78.2,87.5,72.8,83,37.2,35,38,38,38,35,69,67,73,62,73,31,33,27,38,27,73,73,No,No,No,No,No,No,No,No,No,No,No,No,No,No,No,No,No,No,56,55,54,4.57,20.683,16.537,0.343,9.11,1.822,1.368,0.508,64,15,64,64,0,0.6,0,0,0,0,0,0,54.6,59.8,49.2,57.5,57.5,57.3,50.3,57.8,47.8,13.2,13.7,11.3,12.7,15.3,2096.4,21.33,36,39,39,90,129,598,1,2,Yes,No,No,No,No,No,No,No,No,No,Yes,No,No,No,No,No,No,No,No,No,No,No,No,No,No,No,No,No,No,No,No,No,No,No,No,No,No,56,58,51,50,42,51,56,53,7295,7034,65,56,55,100,No,No,34676,80125,90.7,1.8,92.5,189.793,3.683,511761,190151,53,0.857,0.343,900,2096,4,2.8,0,3.5,4.3,13.3,0,0,0,63.6,2514,1442,2515,No,No,No,No,No,No,No,No,8.18,28.226,96.1,4.736,43.5,59.6,44.5,71.7,6.4,4.5,4.4,4.4,44.3,61,6.3,4.4,4.3,4.3,22.48,155.2,11.86,10.68,229.49,229.49,2.5,0.69,22.05,0.43,12.27,1397,58,7167.4,68.9,0
1.7.2026,51:15.7,21342,1883,91.8,7393,521,93.4,25.8,15311,3947,1.001,1.02,0.987,1.007,0.987,0.891,0.761,3734.2,3734.2,3734.2,3734.2,3734.2,98.3,3439.4,1108.4,987.1,905.3,1007.1,1232.5,1211.5,1018.4,1522.4,983.3,1108.4,42.2,39.9,36.4,39.6,47.1,44.8,38,55.5,36.5,55.5,42.2,100,48.7,43.8,40,44.1,54.4,53,44.7,67,42.4,48.7,38,38,38,38,38,35,66,63,68,64,71,34,37,32,36,29,71,71,No,No,No,No,No,No,No,No,No,No,No,No,No,No,No,No,No,No,56,52,53,1.523,13.019,9.193,0.26,6.78,1.695,1.219,0.485,64,15,64,64,0,4.2,0,0,0,0,0,0,42.3,40,36.7,39.9,46.7,45,38.1,54.8,37.1,29.5,33.3,29.3,30.1,25.3,2096.4,21.33,36,39,39,90,129,598,1,2,Yes,No,No,No,No,No,No,No,No,No,Yes,No,Yes,No,No,No,No,No,No,No,No,No,No,No,No,Yes,No,No,No,No,No,No,No,No,No,No,No,55,58,50,50,42,51,56,53,7363,7021,65,55,55,100,No,No,34676,80125,33.5,0,33.5,47.895,0.159,511851,190152,52,0.77,0.26,850,2096,2.4,1.5,0,2.8,2.3,11.7,0,0,0,63.7,2519,1437,2520,No,No,No,No,No,No,No,No,8.179,28.226,96.1,4.752,43.5,59.6,13.1,67.4,9.4,9.4,9.4,9.4,13.3,53.4,10,10,10,10,76.23,106.7,14.75,12.71,106.98,106.98,5.72,2.77,75.83,0.4,52.3,1397,58,35.8,22,0
1.7.2026,51:17.7,21445,1780,92.3,7526,388,95,25.6,15311,3926,0.98,0.955,0.987,1.007,0.97,0.891,0.761,3635.9,3439.4,3734.2,3734.2,3635.9,98.3,3439.4,1345.2,1267.9,1167.4,1399.2,1778.2,1270.4,1172.1,1409.3,1297.4,1345.2,46.3,43.9,41.4,43.8,58.5,46.8,41.3,50.4,44.2,58.5,46.3,100,59.7,56.7,52.3,60.8,78.2,56.9,52.6,63.3,57.2,59.7,37,35,38,38,37,35,60,57,71,54,57,40,43,29,46,43,68,71,No,No,No,No,No,No,No,No,No,No,No,No,No,No,No,No,No,No,73,73,54,15.742,15.816,12.143,0.14,7.711,1.72,1.214,0.485,64,15,64,64,0,1.3,0,0,0,0,0,0,46.4,44.1,41.7,44.3,57.8,46.8,41.3,50.5,44.3,17.3,21,12.6,18.4,17.2,2096.4,21.33,36,39,39,90,129,598,1,2,Yes,No,No,No,No,No,No,No,No,No,Yes,No,No,No,No,No,No,No,No,No,No,No,No,No,No,No,No,No,No,No,No,No,No,No,No,No,No,56,59,50,50,42,51,56,53,7295,7009,65,56,55,100,No,No,34676,80126,100,38.8,100,418.187,0.88,512657,190153,53,0.775,0.14,900,2096,0.7,0.1,0,2.7,0.2,13.5,0,0,0,63.7,2519,1438,2519,No,No,No,No,No,No,No,No,8.181,28.226,96.1,4.761,43.5,59.6,13.1,67.4,9.4,9.4,9.4,9.4,13.3,53.4,10,10,10,10,76.23,106.7,14.75,12.71,106.98,106.98,5.72,2.77,75.83,0.4,52.3,1397,58,98.1,23.1,0
1.7.2026,51:19.7,21469,1756,92.4,7158,756,90.4,27,15311,4133,0.661,0.66,0.665,0.655,0.665,0.651,0.763,1228.4,1277.5,1277.5,1179.2,1179.2,98.3,1080.9,1193.3,1142.9,1052.7,1166.6,1143.1,1380.2,1264.7,1286.9,1109.3,1193.3,43.2,41.5,38.8,44,40.1,49.4,44.7,46.5,40.9,49.4,43.2,100,52.5,50.6,46.7,52.2,49.9,60.2,55.1,56.2,49.3,52.5,12.5,13,13,12,12,11,52,54,53,52,50,48,46,47,48,50,54,54,No,No,No,No,No,No,No,No,No,No,No,No,No,No,No,No,No,No,56,52,53,1.523,15.145,11.507,0.129,7.168,1.675,1.167,0.487,64,15,64,64,0,3.1,0,0,0,0,0,0,43.1,41.3,38.7,43.5,40,49.6,44.8,46.5,40.2,23.3,25.1,25.2,19,23.8,2096.4,21.33,36,39,39,90,129,598,1,2,Yes,No,No,No,No,No,No,No,No,No,Yes,No,No,No,No,No,No,No,No,No,No,No,No,No,No,No,No,No,No,No,No,No,No,No,No,No,No,56,59,50,50,42,51,56,53,7295,7021,65,55,55,100,No,No,34676,80126,31.8,70.4,100,54.793,127.345,512761,190394,53,0.837,0.129,1050,2096,0.6,0.1,0,2.6,0.2,12.7,0,0,0,63.8,2525,1431,2526,No,No,No,No,No,No,No,No,8.183,28.234,96.2,4.754,43.5,59.6,0.5,0.5,0.5,0.5,0.5,0.5,0,0,0,0,0,0,2016.65,2016.65,2016.65,2016.65,2016.65,2016.65,0,0,2016.65,0,0,1398,58,499.1,14.1,0
1.7.2026,51:21.8,21444,1781,92.3,7383,531,93.2,27,15311,4133,0.923,1.01,0.947,1.007,0.727,0.891,0.763,3242.8,3734.2,3537.6,3734.2,1965.4,98.3,3439.4,860.7,837.2,1315.5,776.5,760.8,799.8,826.7,861.7,707.8,860.7,36.4,37,48.3,33.9,34.8,33.8,35.6,37.2,30.8,48.3,36.4,100,38.2,37.4,57.2,34.9,33.7,35.6,36.9,38.4,31.2,38.2,33,38,36,38,20,35,66,70,61,67,64,34,30,39,33,36,70,70,No,No,No,No,No,No,No,No,No,No,No,No,No,No,No,No,No,No,58,58,53,4.824,11.794,8.268,0.116,6.243,1.594,1.065,0.481,64,15,64,64,0,4.1,0,0,0,0,0,0,36.8,37.3,48.4,34.3,35.2,34.3,36,37.8,31.2,26.9,19.5,34.4,25.3,28.5,2096.4,21.33,36,39,39,90,129,598,1,2,Yes,No,No,No,No,No,No,No,No,No,Yes,No,No,No,No,No,No,No,No,No,No,No,No,No,No,No,No,No,No,No,No,No,No,No,No,No,No,55,59,50,50,42,51,56,53,7268,7046,65,55,55,100,No,No,34676,80127,68.7,2.6,71.3,172.28,0.216,513088,190395,52,0.837,0.116,1050,2096,0.6,0.1,0,2.5,0.2,12.3,0,0,0,62.6,2476,1481,2476,No,No,No,No,No,No,No,No,8.179,28.234,96.2,4.752,43.5,59.6,0.5,0.5,0.5,0.5,0.5,0.5,0,0,0,0,0,0,2016.65,2016.65,2016.65,2016.65,2016.65,2016.65,0,0,2016.65,0,0,1398,58,4.8,2.5,0
1.7.2026,51:23.8,21431,1794,92.2,7452,463,94.1,26.7,15311,4087,0.694,0.65,0.697,0.712,0.715,0.648,0.763,1572.3,1179.2,1572.3,1768.8,1768.8,98.3,982.7,817.5,1103,866.5,686,617.3,900.9,948.2,890.4,528.1,817.5,27.2,34.8,26,24.8,23.1,29.9,29.6,29.7,19.3,34.8,27.2,100,36.6,48.1,38.2,31.2,28.1,40.4,42.3,40.1,24,36.6,16,12,16,18,18,10,51,54,51,50,48,49,46,49,50,52,54,54,No,No,No,No,No,No,No,No,No,No,No,No,No,No,No,No,No,No,68,68,53,8.379,13.434,9.901,0.113,6.666,1.585,1.023,0.483,64,15,64,64,0,5,0,0,0,0,0,0,27.2,34.8,26.4,24.8,23.2,29.9,29.5,29.7,19.2,33,27.5,45.7,24.2,34.7,2096.4,21.33,36,39,39,90,129,598,1,2,Yes,No,No,No,No,No,No,No,No,No,Yes,No,No,No,No,No,No,No,No,No,No,No,No,No,No,No,No,No,No,No,No,No,No,No,No,No,No,56,59,50,50,42,51,56,53,7295,7021,65,55,55,100,No,No,34676,80127,29.2,0,29.2,83.02,0.111,513249,190395,52,0.837,0.113,1050,2096,0.5,0,0,2.6,0.1,13,0,0,0,62.6,2475,1481,2476,No,No,No,No,No,No,No,No,8.179,28.234,96.2,4.744,43.5,59.6,0.5,0.5,0.5,0.5,0.5,0.5,0,0,0,0,0,0,2016.65,2016.65,2016.65,2016.65,2016.65,2016.65,0,0,2016.65,0,0,1398,58,227.4,4.1,0
1.7.2026,51:25.8,21412,1813,92.1,7475,439,94.4,26.1,15311,4001,0.712,0.727,0.662,0.727,0.73,0.678,0.761,1793.4,1965.4,1277.5,1965.4,1965.4,98.3,1768.8,1036,953.3,1171,970.5,1203.6,979.1,942.5,1106,961.8,1036,32.6,30.6,36.4,31.7,37.8,31.3,29,33.7,30.3,37.8,32.6,100,45.7,42.4,51.6,43.2,52.8,43.2,41.4,49,42.2,45.7,18.2,20,13,20,20,18,55,57,55,54,53,45,43,45,46,47,57,57,No,No,No,No,No,No,No,No,No,No,No,No,No,No,No,No,No,No,56,51,52,2.539,14.916,11.189,0.229,6.982,1.654,1.143,0.483,64,15,64,64,0,4.4,0,0,0,0,0,0,33.1,31.1,36.5,32.2,38.3,31.9,29.8,34.3,30.8,31.3,31.2,29.3,32.4,32.4,2096.4,21.33,36,39,39,90,129,598,1,2,Yes,No,No,No,No,No,No,No,No,No,Yes,No,No,No,No,No,No,No,No,No,No,No,No,No,No,No,No,No,No,No,No,No,No,No,No,No,No,56,59,50,50,42,51,56,53,7268,7021,65,55,55,100,No,No,34676,80127,24.1,0.1,24.2,64.13,0.241,513371,190395,52,0.76,0.229,800,2096,2.1,1.3,0,3.1,2.1,13.3,0,0,0,63,2492,1464,2493,No,No,No,No,No,No,No,No,8.184,28.242,96.2,4.747,43.5,59.6,8.3,70.9,0.6,0.5,0.5,0.5,8.3,62.7,0.6,0.5,0.5,0.5,120.23,1622.74,14.11,14.07,2000.04,2000.04,0.58,5.42,120.23,0,115.83,1398,58,1.1,7.3,0
1.7.2026,51:27.8,21388,1837,92,7422,492,93.7,25.8,15311,3949,0.666,0.66,0.665,0.665,0.672,0.671,0.763,1277.5,1277.5,1277.5,1277.5,1277.5,98.3,1572.3,785,805.2,695.8,970,729.9,757.1,783.2,830.3,708.9,785,41.3,44.6,38.9,47.4,41,39.8,40.7,42.4,35.3,47.4,41.3,100,34.9,36.1,31.4,42.6,32.3,33.8,34.7,36.8,31.3,34.9,13,13,13,13,13,16,52,53,53,51,50,48,47,47,49,50,54,53,No,No,No,No,No,No,No,No,No,No,No,No,No,No,No,No,No,No,54,52,52,4.316,9.573,5.787,0.318,5.63,1.639,1.158,0.487,64,15,64,64,0,4.4,0,0,0,0,0,0,41.2,44.5,39,47.4,40.9,39.9,40.5,42.5,35.3,28.8,27.4,25.5,30.3,32.1,2096.4,21.33,36,39,39,90,129,598,1,2,Yes,No,No,No,No,No,No,No,No,No,Yes,No,Yes,No,No,No,No,No,No,No,Yes,No,No,No,No,Yes,No,No,No,No,No,No,No,No,No,No,No,55,59,50,50,42,51,56,53,7268,7034,65,55,55,100,No,No,34676,80127,17.9,0.1,17.9,33.265,0.354,513435,190396,52,0.725,0.318,600,2096,6,4.2,0,4.4,7,14.8,0,0,0,63.1,2496,1461,2496,No,No,No,No,No,No,No,No,8.18,28.242,96.2,4.744,43.5,59.6,54.7,88.4,19.5,17,16.7,16.7,51.6,62.6,15,15,15,15,18.29,51.22,11,10.74,59.59,59.59,2.89,4.03,17.82,0.48,4.15,1399,58,404.1,12.6,0
1.7.2026,51:29.8,21400,1825,92.1,7414,500,93.6,25.6,15311,3922,0.66,0.655,0.662,0.657,0.665,0.648,0.766,1179.2,1179.2,1179.2,1179.2,1179.2,98.3,982.7,628.2,725.2,629.7,644.2,585.9,650,578.3,699,513.3,628.2,41.8,48.2,41.8,43.5,39.5,43.3,37.8,45.9,34.3,48.2,41.8,100,28.1,32.3,28.6,28.9,26.1,29.2,25.7,31.1,22.8,28.1,12,12,12,12,12,10,49,51,49,50,47,51,49,51,50,53,51,51,No,No,No,No,No,No,No,No,No,No,No,No,No,No,No,No,No,No,54,51,51,1.016,6.877,3.314,0.205,4.851,1.576,1.074,0.484,64,15,64,64,0,4,0,0,0,0,0,0,42.3,48.5,42.1,44,40,43.9,38.3,46.4,34.9,30.7,25.9,32.3,30.5,34.3,2096.4,21.33,36,39,39,90,129,598,1,2,Yes,No,No,No,No,No,No,No,No,No,Yes,No,Yes,No,No,No,No,No,No,No,Yes,No,No,No,No,Yes,No,No,No,No,No,No,No,No,No,No,No,54,59,51,50,42,51,56,54,7281,7021,65,55,55,100,No,No,34676,80127,22.4,0.1,22.5,45.784,0.4,513523,190397,51,0.725,0.205,600,2096,4.1,2.7,0,3.6,4.4,13.8,0,0,0,61,2406,1550,2465,No,No,No,No,No,No,No,No,8.18,28.242,96.2,4.744,43.5,59.6,30.4,99.8,4.1,3.6,3.6,3.6,30.5,62,4,3.6,3.5,3.5,32.87,245.79,9.95,8.22,279.38,279.38,4.6,12.29,32.31,0.56,24.73,1399,58,0.8,8.9,0
1.7.2026,51:31.8,21477,1748,92.4,7429,485,93.8,25.6,15311,3914,1.004,1.045,0.987,0.997,0.987,0.891,0.761,3734.2,3734.2,3734.2,3734.2,3734.2,98.3,3439.4,2063,2155.1,1791.2,2014.5,2107.9,2100,2062.2,2156.2,2116.5,2063,64.1,67.6,56.6,63.7,65,66.4,62.9,66.4,64.3,67.6,64.1,100,89,93.3,78.1,87.5,91,90.5,88.4,92.5,90.4,88.9,38,38,38,38,38,35,66,64,67,67,68,34,36,33,33,32,66,68,No,No,No,No,No,No,No,No,No,No,No,No,No,No,No,No,No,No,61,61,53,12.442,18.398,14.412,0.302,8.505,1.794,1.366,0.51,64,15,64,64,0,1.2,0,0,0,0,0,0,63.7,67.2,56,63.2,64.7,65.9,62.6,66.1,63.8,11.7,12.8,12.2,9.6,12.2,2096.4,21.33,36,39,39,90,129,598,1,2,Yes,No,No,No,No,No,No,Yes,No,No,Yes,No,Yes,No,No,No,No,No,No,No,Yes,No,No,No,No,Yes,No,No,No,No,No,No,No,No,No,No,No,56,59,51,50,42,51,56,54,7295,7009,65,55,55,100,No,No,34676,80127,21.2,2.2,23.3,47.734,6.075,513613,190408,53,0.957,0.302,1300,2096,3.4,2.2,0,3.6,3.4,14.7,0,0,0,39.9,1579,2378,1580,No,No,No,No,No,No,No,No,8.179,28.249,96.2,4.711,43.5,59.6,36.7,88.3,13.3,12.7,12.6,12.6,36.6,61.9,12.9,12.1,12,12,27.25,74.92,10.81,10.4,79.16,79.16,4.22,3.24,26.91,0.34,20.57,1420,58,10705.6,90.1,0
1.7.2026,51:33.8,21462,1763,92.4,6981,933,88.2,25.4,15311,3894,0.664,0.662,0.665,0.665,0.665,0.651,0.763,1252.9,1277.5,1277.5,1277.5,1179.2,98.3,1080.9,1603.6,1660.7,1445.8,1848.9,1367.6,1627.6,1428.9,1840.1,1609.5,1603.6,47.8,51.1,43.2,54.2,41.1,49,42.6,54.7,46.8,54.7,47.8,100,69.6,72.4,63.5,79.9,59.6,70.8,62.2,79.7,69.1,69.7,12.8,13,13,13,12,11,52,54,53,51,50,48,46,47,49,50,54,54,No,No,No,No,No,No,No,No,No,No,No,No,No,No,No,No,No,No,56,52,52,1.777,18.887,15.001,0.339,8.105,1.763,1.275,0.508,64,15,64,64,0,1.2,0,0,0,0,0,0,47.7,50.9,43.1,54,41.1,48.9,42.5,54.5,46.7,20.4,20.3,20.1,23.1,18.2,2096.4,21.33,36,39,39,90,129,598,1,2,Yes,No,No,No,No,No,No,Yes,No,No,Yes,No,Yes,No,No,No,No,No,No,No,Yes,No,No,No,No,Yes,No,No,No,No,No,No,No,No,No,No,No,55,60,51,50,42,51,56,54,7268,7021,65,55,55,100,No,No,34676,80127,9,0.1,9.1,23.898,0.245,513659,190409,52,0.797,0.339,950,2096,3.4,2.3,0,3.5,3.4,14.2,0,0,0,40,1582,2374,1583,No,No,No,No,No,No,No,No,8.179,28.249,96.2,4.695,43.5,59.6,38.7,90.2,5.1,3.9,3.8,3.8,38.8,60.5,5.1,3.9,3.8,3.8,25.83,194.8,10.97,10.74,265.19,265.19,2.09,0.82,25.4,0.43,16.68,1436,58,7958.1,69.2,0
1.7.2026,51:35.9,21466,1759,92.4,6605,1309,83.4,26.6,15311,4070,0.666,0.665,0.657,0.665,0.675,0.648,0.763,1252.9,1277.5,1179.2,1277.5,1277.5,98.3,982.7,553.1,661,542.2,595,526.8,648.4,466.2,562.9,422.7,553.1,38.3,45,38.3,40.5,37.3,43.6,32.2,39.5,30.2,45,38.3,100,24.8,29.6,24.6,26.7,23.5,28.9,21,25.2,18.9,24.8,12.8,13,12,13,13,10,50,52,51,50,48,50,48,49,50,52,54,52,No,No,No,No,No,No,No,No,No,No,No,No,No,No,No,No,No,No,54,51,52,2.539,6.657,3.013,0.194,4.859,1.601,1.071,0.485,64,15,64,64,0,7.8,0,0,0,0,0,0,38,44.7,37.9,40.2,37,43.4,31.8,39.3,29.9,34.9,30.5,34.2,35.2,39.8,2096.4,21.33,36,39,39,90,129,598,1,2,Yes,No,No,No,No,No,No,No,No,No,Yes,No,No,No,No,No,No,No,No,No,No,No,No,No,No,No,No,No,No,No,No,No,No,No,No,No,No,55,59,51,50,42,51,56,54,7308,7034,65,55,55,100,No,No,34676,80127,10.9,36,46.9,5.272,93.658,513669,190588,52,0.837,0.194,1050,2096,3,1.9,0,3.5,3.4,13.9,0,0,0,40,1582,2374,1583,No,No,No,No,No,No,No,No,8.181,28.257,96.2,4.729,43.5,59.6,47.7,125.8,8.5,6.8,6.7,6.7,47.6,62,8.3,6.8,6.7,6.7,20.94,117.88,7.58,7.15,149.63,149.63,3.26,3.56,20.3,0.64,10.28,1436,58,0.7,6.9,0
1.7.2026,51:37.9,21499,1726,92.5,6654,1260,84,26.5,15311,4056,0.747,0.73,0.732,0.762,0.765,0.681,0.763,2112.8,1965.4,1965.4,2260.2,2260.2,98.3,1768.8,658.2,731.8,651.9,680.4,608.4,658.3,675.6,692.8,566,658.2,37.8,42.2,37.8,39.5,34.7,39.6,38,38.7,32,42.2,37.8,100,29.1,32.5,29.5,30.4,26.6,29.1,29.5,30.5,24.8,29.1,21.5,20,20,23,23,18,52,52,53,51,50,48,48,47,49,50,52,53,No,No,No,No,No,No,No,No,No,No,No,No,No,No,No,No,No,No,54,52,52,3.301,7.718,4.079,0.23,5.135,1.594,1.116,0.484,64,15,64,64,0,2.7,0,0,0,0,0,0,38.2,42.5,37.9,39.9,35.2,40.1,38.3,39.3,32.4,32,28.1,33.5,31.5,35.1,2096.4,21.33,36,39,39,90,129,598,1,2,Yes,No,No,No,No,No,No,No,No,No,Yes,No,Yes,No,No,No,No,No,No,No,No,No,No,No,No,Yes,No,No,No,No,No,No,No,No,No,No,No,54,59,51,50,42,51,56,54,7295,7034,65,55,55,100,No,No,34676,80127,25.5,0.1,25.7,22.316,0.454,513712,190589,52,0.777,0.23,900,2096,3.4,2.2,0,3.5,3.6,14.1,0,0,0,40,1583,2374,1584,No,No,No,No,No,No,No,No,8.181,28.257,96.2,4.737,43.5,59.6,35.8,83.6,10.1,9.9,9.9,9.9,36,61.8,10,10,10,10,27.95,99.25,12.14,11.58,100.91,100.91,3.37,1.9,27.48,0.47,14.04,1436,58,7.4,10.8,0
1.7.2026,51:39.9,21532,1693,92.7,6528,1386,82.4,26.5,15311,4052,0.671,0.667,0.67,0.67,0.677,0.653,0.766,1277.5,1277.5,1277.5,1277.5,1277.5,98.3,1080.9,575.1,700.1,543.6,615,538.2,591.1,568.3,617,427.3,575.1,38,45.4,35.8,40.8,36,39.3,36.8,41.3,28.3,45.4,38,100,25.8,31.3,24.6,27.6,24.1,26.5,25.4,27.6,19.1,25.8,13,13,13,13,13,11,48,49,48,49,47,52,51,52,51,53,51,49,No,No,No,No,No,No,No,No,No,No,No,No,No,No,No,No,No,No,53,51,51,3.301,7.039,3.421,0.218,4.853,1.574,1.082,0.491,64,15,64,64,0,6.9,0,0,0,0,0,0,37.9,45.3,35.9,40.8,35.8,39.4,36.7,41.3,28.3,33.1,28.2,33.7,32.2,38.5,1048.2,10.67,20,20,20,45,129,299,1,2,Yes,No,No,No,No,No,No,Yes,No,No,Yes,No,Yes,No,No,No,No,No,No,No,Yes,No,No,No,No,Yes,Yes,No,No,No,No,No,No,No,Yes,No,No,53,58,51,50,42,51,56,54,7268,7034,65,55,55,100,No,No,34676,80127,8.6,0.1,8.8,18.593,1.022,513748,190591,51,0.8,0.218,950,1048,2.7,1.7,0,3.1,3,12.7,0,0,0,40.4,1597,2359,1598,No,No,No,No,No,No,No,No,8.183,28.257,96.2,4.73,43.5,59.6,40.4,187.3,7,6.9,6.8,6.8,39.6,61.7,6.9,6.7,6.7,6.7,24.73,143.27,5.33,4.09,145.05,145.05,3.81,5,24.18,0.56,12.12,1437,58,616.9,22.1,0
1.7.2026,51:41.9,21525,1700,92.6,6506,1408,82.1,26.4,15311,4044,0.75,0.742,0.755,0.75,0.752,0.693,0.766,2137.3,2063.6,2161.9,2161.9,2161.9,98.3,1867.1,348.4,488,377.3,349.9,302.3,392.5,337.3,340.3,200,348.4,20.5,28.5,22.1,21,17.9,22.3,19.3,20.4,12.6,28.5,20.5,100,15.9,22,17.4,16.1,13.7,17.8,15.3,15.8,9.1,15.9,21.8,21,22,22,22,19,49,51,48,48,48,51,49,52,52,52,51,51,No,No,No,No,No,No,No,No,No,No,No,No,No,No,No,No,No,No,52,48,51,0.762,6.153,2.679,0.18,4.526,1.46,0.888,0.486,64,15,64,64,0,16.7,0,0,0,0,0,0,20.7,28.6,22.3,21.3,18,22.7,19.5,20.7,12.7,53.9,45.8,56.4,52.4,61.1,2096.4,21.33,36,39,39,90,129,598,1,2,Yes,No,No,No,No,No,No,No,No,No,Yes,No,Yes,No,No,No,No,No,No,No,No,No,No,No,No,Yes,No,No,No,No,No,No,No,No,No,No,No,53,57,51,50,42,51,56,54,7295,7034,65,55,55,100,No,No,34676,80127,7.6,0.1,7.7,15.743,0.307,513778,190592,51,0.78,0.18,900,2096,1.9,0.9,0,3.3,1.7,14.7,0,0,0,40.3,1594,2363,1594,No,No,No,No,No,No,No,No,8.182,28.264,96.3,4.721,43.5,59.6,38.2,69.6,8.3,7.6,7.5,7.5,37.9,62.6,8.3,7.5,7.5,7.5,26.17,121.06,14.37,14.33,133.66,133.66,0.31,0.8,26.17,0,113.22,1437,58,13,8.9,0
1.7.2026,51:43.9,21523,1702,92.6,6610,1304,83.5,25.7,15311,3937,0.685,0.682,0.685,0.682,0.69,0.661,0.766,1474,1474,1474,1474,1474,98.3,1277.5,629.4,777,630.3,657.1,590.5,629.6,618.2,686.1,446.5,629.4,24.9,32.2,24.4,26.5,22.9,26.1,23.1,26.7,17.2,32.2,24.9,100,27.9,34.5,28.2,29.1,26.1,27.8,27.2,30.4,19.5,27.9,15,15,15,15,15,13,52,54,52,52,51,48,46,48,48,49,54,54,No,No,No,No,No,No,No,No,No,No,No,No,No,No,No,No,No,No,62,62,51,4.824,9.01,5.528,0.179,5.423,1.51,0.966,0.489,64,15,64,64,0,11.9,0,0,0,0,0,0,25.6,32.9,25,27.2,23.7,26.9,23.8,27.5,17.8,43.1,37.9,42.8,42.9,48.8,1048.2,10.67,20,20,20,45,129,299,1,2,Yes,No,No,No,No,No,No,No,No,No,Yes,No,No,No,No,No,No,No,No,No,No,No,No,No,No,No,No,No,No,No,No,No,No,No,No,No,No,53,57,51,50,42,51,56,54,7281,7034,65,55,55,100,No,No,34676,80127,21.2,0.1,21.2,51.072,0.09,513876,190592,51,0.84,0.179,1050,1048,1.1,0.4,0,2.7,0.7,12.9,0,0,0,39.9,1578,2379,1578,No,No,No,No,No,No,No,No,8.182,28.264,96.3,4.713,43.5,59.6,66.7,117.5,42.7,42.3,42.2,42.2,59.6,61.5,57.6,57.5,57.5,57.5,14.99,23.46,8.48,8.36,23.73,23.73,6.8,0.07,14.73,0.26,65.83,1438,59,475.7,11.4,0
1.7.2026,51:45.9,21457,1768,92.3,6611,1303,83.5,25.4,15311,3889,0.663,0.657,0.665,0.66,0.67,0.651,0.768,1179.2,1179.2,1179.2,1179.2,1179.2,98.3,982.7,501.7,564.8,459.4,598,452.7,520.1,403,571.4,444.5,501.7,27.5,32,26.7,32.4,25.7,28.9,22.9,28.9,22.3,32.4,27.5,100,22.5,25.5,21.1,26.6,20.3,23.4,18.1,25.6,19.5,22.5,12,12,12,12,12,10,47,49,47,47,46,53,51,53,53,54,50,49,No,No,No,No,No,No,No,No,No,No,No,No,No,No,No,No,No,No,55,55,51,8.125,7.748,4.1,0.218,5.057,1.543,1.029,0.485,64,15,64,64,0,11.4,0,0,0,0,0,0,27.5,32.1,26.9,32.5,25.7,28.8,22.8,29.1,22.2,43.2,40.4,43.4,44.8,44.1,2096.4,21.33,36,39,39,90,129,598,1,2,Yes,No,No,No,No,No,No,No,No,No,Yes,No,Yes,No,No,No,No,No,No,No,No,No,No,No,No,Yes,No,No,No,No,No,No,No,No,No,No,No,53,56,51,50,42,51,56,53,7281,7021,65,55,55,100,No,No,34676,80127,12.2,0,12.2,18.678,0.032,513912,190592,50,0.84,0.218,1050,2096,3.4,2.2,0,3.5,3.9,13.7,0,0,0,40.2,1591,2365,1592,No,No,No,No,No,No,No,No,8.182,28.264,96.3,4.705,43.5,59.6,39.9,83.3,5.1,3.9,3.9,3.9,40.4,61.5,5.2,4.1,4,4,25.07,196.39,12.12,11.92,259.31,259.31,3.15,2.89,24.55,0.52,17.72,1438,59,0.9,10.6,0
1.7.2026,51:47.9,21480,1745,92.4,6707,1207,84.7,24.9,15311,3817,0.702,0.73,0.73,0.667,0.68,0.683,0.766,1646,1965.4,1965.4,1277.5,1375.8,98.3,1768.8,655.6,739.4,694.5,678.5,657.3,643.6,581.9,596.8,653.2,655.6,34.8,38.7,37.6,35.7,34.9,35.1,31.4,33.5,31.8,38.7,34.8,100,29.1,33.1,31.2,30.2,29,28.7,25.9,26.6,28.5,29.1,16.8,20,20,13,14,18,52,54,53,50,52,48,46,47,50,48,54,54,No,No,No,No,No,No,No,No,No,No,No,No,No,No,No,No,No,No,53,49,51,2.793,8.445,4.895,0.213,5.396,1.574,1.104,0.485,64,15,64,64,0,5.2,0,0,0,0,0,0,35.4,39.3,38.1,36.4,35.5,35.8,31.6,33.8,32.5,30.7,25.8,30.1,32.7,34.3,2096.4,21.33,36,39,39,90,129,598,1,2,Yes,No,No,No,No,No,No,No,No,No,Yes,No,Yes,No,No,No,No,No,No,No,No,No,No,No,No,Yes,No,No,No,No,No,No,No,No,No,No,No,52,56,51,50,42,51,56,53,7295,7021,65,55,55,100,No,No,34676,80127,25.5,0.2,25.7,51.062,0.369,514009,190593,51,0.752,0.213,750,2096,2.9,1.8,0,3.2,3.1,12.7,0,0,0,40.3,1595,2362,1596,No,No,No,No,No,No,No,No,8.18,28.264,96.3,4.704,43.5,59.6,16,62.3,7.7,7.5,7.5,7.5,16.1,61.7,7.8,7.5,7.5,7.5,62.49,129.34,16.02,16.01,134,134,8.64,14.84,62.05,0.44,28.27,1438,59,41.1,16.2,0
1.7.2026,51:49.9,21472,1753,92.4,6759,1155,85.4,24.8,15311,3798,0.663,0.657,0.662,0.662,0.67,0.651,0.766,1179.2,1179.2,1179.2,1179.2,1179.2,98.3,982.7,464.6,607,491.7,511.4,413.7,569.9,399.2,423.4,300.8,464.6,27.7,37,29.5,30.9,25.4,33.8,22.1,24.7,17.9,37,27.7,100,21,27.3,22.6,23.1,18.7,25.6,17.9,19.3,13.7,21,12,12,12,12,12,10,47,48,47,46,46,53,52,53,54,54,50,48,No,No,No,No,No,No,No,No,No,No,No,No,No,No,No,No,No,No,51,47,49,1.016,6.725,3.257,0.178,4.867,1.509,0.991,0.487,64,15,64,64,0,12.3,0,0,0,0,0,0,27.9,37.1,29.5,31.1,25.5,33.9,22.7,25.5,18,42.3,34.8,42,40.8,51.5,2096.4,21.33,36,39,39,90,129,598,1,2,Yes,No,No,No,No,No,No,No,No,No,Yes,No,Yes,No,No,No,No,No,No,No,No,No,No,No,No,Yes,No,No,No,No,No,No,No,No,No,No,No,52,56,51,50,42,51,56,53,7295,7021,65,55,55,100,No,No,34676,80128,11.5,0.1,11.6,17.645,0.075,514043,190593,50,0.82,0.178,1000,2096,1.9,1.1,0,2.8,2,12,0,0,0,39.8,1576,2380,1577,No,No,No,No,No,No,No,No,8.181,28.272,96.3,4.688,43.5,59.6,31.2,85.7,3.7,3,2.9,2.9,31.1,61.8,3.7,2.9,2.9,2.9,32.02,266.73,11.59,11.23,339.9,339.9,3.66,5.24,31.55,0.48,27.67,1438,59,14.4,1.2,0
1.7.2026,51:51.9,21475,1750,92.4,6969,945,88,24.7,15311,3783,1.018,1.097,0.977,1.007,0.99,0.893,0.766,3832.5,4127.3,3734.2,3734.2,3734.2,98.3,3439.4,585.5,729.1,624,657.8,590.7,606.2,466.9,602.4,407.1,585.5,23,28.9,23.8,25.8,21.8,24.4,19,23.2,16.9,28.9,23,100,26,32.4,28.1,29.1,26.1,26.9,20.6,26.8,17.8,26,39,42,38,38,38,35,57,54,58,52,63,43,46,42,48,37,66,63,No,No,No,No,No,No,No,No,No,No,No,No,No,No,No,No,No,No,53,53,50,6.094,9.576,6.04,0.248,5.569,1.498,0.99,0.487,64,15,64,64,0,13.1,0,0,0,0,0,0,23,28.9,23.8,25.8,22,24.7,18.9,23.4,16.8,49.3,43.5,48.5,50.5,54.9,2096.4,21.33,36,39,39,90,129,598,1,2,Yes,No,No,No,No,No,No,No,No,No,Yes,No,Yes,No,No,No,No,No,No,No,No,No,No,No,No,Yes,No,No,No,No,No,No,No,No,No,No,No,52,55,51,50,42,51,56,53,7281,7021,65,56,55,100,No,No,34676,80128,14.8,0.1,14.9,24.807,0.239,514091,190593,51,0.84,0.248,1050,2096,2.8,1.7,0,3.3,2.9,13.5,0,0,0,39.9,1580,2377,1580,No,No,No,No,No,No,No,No,8.181,28.272,96.3,4.696,43.5,59.6,26.5,194.8,2,1.4,1.4,1.4,26.5,61.8,2,1.4,1.4,1.4,37.7,491.71,5.07,2.04,715.87,715.87,4.39,5.73,37.42,0.28,27.33,1439,59,561.1,17.1,0
1.7.2026,51:54.0,21420,1805,92.2,6795,1120,85.8,25.2,15311,3865,0.987,1.02,0.93,1.007,0.99,0.893,0.763,3660.5,3734.2,3439.4,3734.2,3734.2,98.3,3439.4,1510.8,1754.5,1429,1569.3,1449.4,1507,1416.4,1535.9,1425.2,1510.8,51.5,59.4,47.7,53.3,48.8,52,48.4,52.5,49.5,59.4,51.5,100,65.7,76.2,62.7,68.4,63,65.6,61.6,66.7,61.8,65.7,37.2,38,35,38,38,35,53,54,53,54,51,47,46,47,46,49,54,54,No,No,No,No,No,No,No,No,No,No,No,No,No,No,No,No,No,No,53,51,51,4.063,15.349,11.378,0.313,7.602,1.705,1.279,0.53,64,15,64,64,0,1.5,0,0,0,0,0,0,51.5,59.1,47.8,53.4,48.9,52.2,48.4,52.6,49.5,20.3,15.9,20.5,22.5,22.3,2096.4,21.33,36,39,39,90,129,598,1,2,Yes,No,No,No,No,No,No,No,No,No,Yes,No,No,No,No,No,No,No,No,No,No,No,No,No,No,No,No,No,No,No,No,No,No,No,No,No,No,53,55,51,50,42,51,56,53,7308,7021,65,55,55,100,No,No,34676,80128,35.2,53.7,88.9,12.084,73.584,514114,190734,51,0.932,0.313,1250,2096,4.6,3.2,0,3.8,4.9,14.3,0,0,0,39.7,1571,2386,1571,No,No,No,No,No,No,No,No,8.181,28.272,96.3,4.671,43.5,59.6,51.2,82.7,12.7,9.2,8.9,8.9,51.3,61.1,12,8.8,8.6,8.6,19.55,78.95,12.07,11.15,112.35,112.35,2.05,0.75,19.17,0.38,6.37,1475,59,18487.1,118.7,0
1.7.2026,51:56.0,21378,1847,92,6700,1214,84.6,25.3,15311,3869,0.661,0.655,0.662,0.66,0.667,0.648,0.766,1179.2,1179.2,1179.2,1179.2,1179.2,98.3,982.7,677.8,791.4,706,732.5,690.9,704.1,587.7,688.4,521.6,677.8,29.3,35.7,31.1,32.1,29.7,30.1,24.3,29.6,21.8,35.7,29.3,100,30.9,36.1,32.2,33.4,31.3,32.1,26.8,31.7,23.9,30.9,12,12,12,12,12,10,48,50,48,48,48,52,50,52,52,52,51,50,No,No,No,No,No,No,No,No,No,No,No,No,No,No,No,No,No,No,53,53,51,1.27,9.583,5.982,0.3,5.832,1.541,1.029,0.484,64,15,64,64,0,8.8,0,0,0,0,0,0,30,36.4,31.8,32.9,30.4,30.8,25.1,30.4,22.5,30.6,26.3,29,31.4,35.7,2096.4,21.33,36,39,39,90,129,598,1,2,Yes,No,No,No,No,No,No,Yes,No,No,Yes,No,Yes,No,No,No,No,No,No,No,Yes,No,No,No,No,Yes,Yes,No,No,No,No,No,No,No,Yes,No,No,53,55,51,50,42,51,56,53,7295,7034,65,56,55,100,No,No,34676,80128,31.7,31.3,63,25.484,71.561,514163,190872,51,0.837,0.3,1050,2096,3.5,2.3,0,3.6,3.8,14.1,0,0,0,39.7,1570,2386,1571,No,No,No,No,No,No,No,No,8.18,28.28,96.3,4.663,43.5,59.6,34.5,89,3.9,3.4,3.4,3.4,34.4,62.1,3.8,3.4,3.3,3.3,29,256.81,11.23,10.64,295.45,295.45,4.9,8.35,28.59,0.41,25.02,1475,59,0.8,11.6,0
1.7.2026,51:58.0,21292,1933,91.6,6686,1228,84.4,24.7,15311,3784,0.98,1.02,1.065,0.887,0.947,0.893,0.766,3635.9,3734.2,4127.3,3144.6,3537.6,98.3,3439.4,961.7,1045.4,892,1089,913.5,995.9,900.5,985.6,871.6,961.7,44.3,49.8,40.4,50.6,42.6,46,41.4,44.9,39,50.6,44.3,100,41.7,45.8,39,47.1,39.4,43,38.8,42.8,37.4,41.7,37,38,42,32,36,35,64,65,67,62,62,36,35,33,38,38,65,67,No,No,No,No,No,No,No,No,No,No,No,No,No,No,No,No,No,No,53,53,51,2.031,9.628,6.05,0.167,5.816,1.587,1.138,0.487,64,15,64,64,0,5.2,0,0,0,0,0,0,44.2,50,40.1,50.4,42.5,46,41.2,44.9,38.8,28.4,24.9,26.7,30.2,31.8,2096.4,21.33,36,39,39,90,129,598,1,2,Yes,No,No,No,No,No,No,No,No,No,Yes,No,Yes,No,No,No,No,No,No,No,No,No,No,No,No,Yes,No,No,No,No,No,No,No,No,No,No,No,53,55,51,50,42,51,56,53,7295,7021,65,56,55,100,No,No,34676,80128,18.7,1.3,20,24.09,0.111,514209,190872,51,0.84,0.167,1050,2096,2.2,1.2,0,3,2.3,12.8,0,0,0,39.7,1572,2385,1573,No,No,No,No,No,No,No,No,8.181,28.28,96.3,4.68,43.5,59.6,19.2,135.8,5.5,5.2,5.2,5.2,19.2,60.9,5.3,5,5,5,51.95,181.73,7.39,7.38,193.25,193.25,6.92,20.94,51.47,0.48,31.85,1476,59,318.4,10.1,0
1.7.2026,52:00.0,21318,1907,91.7,6775,1139,85.6,24.4,15311,3743,0.663,0.657,0.665,0.66,0.67,0.651,0.766,1179.2,1179.2,1179.2,1179.2,1179.2,98.3,982.7,638,883.3,556.3,710.7,543.4,693.6,562.3,724.7,429.7,638,26.5,34.9,23.8,29.6,21.6,29.4,23.4,30,18.9,34.9,26.5,100,28.1,38.7,24.9,31.2,23.9,30.7,24.6,31.7,19,28.1,12,12,12,12,12,10,47,48,47,46,46,53,52,53,54,54,50,48,No,No,No,No,No,No,No,No,No,No,No,No,No,No,No,No,No,No,52,49,51,0.762,9.025,5.381,0.164,5.662,1.557,1.064,0.486,64,15,64,64,0,10,0,0,0,0,0,0,26.8,35,24.2,30,22.1,29.7,23.9,30.5,19.3,47,41.9,49.1,46,51.1,2096.4,21.33,36,39,39,90,129,598,1,2,Yes,No,No,No,No,No,No,No,No,No,Yes,No,No,No,No,No,No,No,No,No,No,No,No,No,No,No,No,No,No,No,No,No,No,No,No,No,No,53,55,51,50,42,51,56,53,7322,7034,65,56,55,100,No,No,34676,80128,6.6,0.1,6.7,12.902,0.12,514234,190872,50,0.78,0.164,900,2096,0.9,0.3,0,2.9,0.5,14,0,0,0,40,1582,2374,1583,No,No,No,No,No,No,No,No,8.18,28.28,96.3,4.654,43.5,59.6,3.7,69.3,1.1,1.1,1.1,1.1,3.7,60.3,1.1,1.1,1.1,1.1,270.15,892.09,14.42,14.36,913.01,913.01,0.62,26.53,270.15,0,361.31,1476,59,71.1,18.6,0
1.7.2026,52:02.0,21323,1902,91.8,6802,1112,85.9,24.3,15311,3726,0.667,0.67,0.665,0.662,0.672,0.656,0.768,1203.8,1277.5,1179.2,1179.2,1179.2,98.3,1080.9,260.8,326.1,224.1,230.6,183.9,294.3,286,329.2,212.4,260.8,16.8,21.6,15.4,15.6,12.5,19.8,16.8,18.8,13.3,21.6,16.8,100,11.9,15.1,10.3,10.8,8.6,13.5,12.8,14.9,9.6,12,12.2,13,12,12,12,11,46,48,47,47,44,54,52,53,53,56,49,48,No,No,No,No,No,No,No,No,No,No,No,No,No,No,No,No,No,No,52,48,49,1.523,5.666,2.404,0.134,4.422,1.393,0.828,0.485,64,15,64,64,0,22.6,0,0,0,0,0,0,16.9,22,15.5,15.8,12.6,20.1,16.9,19.1,13.4,60.7,57.5,65.6,57.7,61.9,1048.2,10.67,20,20,20,45,129,299,1,2,Yes,No,No,No,No,No,No,No,No,No,Yes,No,No,No,No,No,No,No,No,No,No,No,No,No,No,No,No,No,No,No,No,No,No,No,No,No,No,52,55,51,50,42,51,56,53,7322,7021,65,56,55,100,No,No,34676,80128,13.3,0.4,13.6,9.024,0.22,514251,190873,49,0.84,0.134,1050,1048,0.6,0.1,0,2.6,0.2,13,0,0,0,39.9,1579,2378,1579,No,No,No,No,No,No,No,No,8.181,28.287,96.3,4.671,43.5,59.6,1,2.5,0.6,0.6,0.6,0.6,0.6,0.6,0.6,0.6,0.6,0.6,997.21,1599.68,394.74,383.68,1611.98,1611.98,0.28,70.89,997.21,0,1598.51,1477,59,496.9,7.5,0
1.7.2026,52:04.0,21327,1898,91.8,6835,1079,86.3,24.2,15311,3710,0.664,0.66,0.665,0.66,0.67,0.651,0.768,1179.2,1179.2,1179.2,1179.2,1179.2,98.3,982.7,215.4,218,175.8,203.7,263.8,326.9,170,255.1,109.9,215.4,14.2,15.2,12.2,13.6,15,20.4,11.3,18.1,7.6,20.4,14.2,100,9.9,10.5,8.2,9.4,11.9,14.8,7.8,11.7,5.4,9.9,12,12,12,12,12,10,46,47,46,46,46,54,53,54,54,54,49,47,No,No,No,No,No,No,No,No,No,No,No,No,No,No,No,No,No,No,52,48,48,1.016,4.895,1.654,0.133,4.323,1.361,0.776,0.481,64,15,64,64,0,24.8,0,0,0,0,0,0,15.1,16.3,13.1,14.5,15.9,21.2,12.1,19,8.3,64.2,63.4,64.9,61.6,66.9,1048.2,10.67,20,20,20,45,129,299,1,2,Yes,No,No,No,No,No,No,No,No,No,Yes,No,No,No,No,No,No,No,No,No,No,No,No,No,No,No,No,No,No,No,No,No,No,No,No,No,No,52,54,51,50,42,51,56,53,7308,6996,65,56,55,100,No,No,34676,80128,8.1,0.3,8.4,5.16,0.095,514261,190873,49,0.782,0.133,900,1048,0.6,0,0,2.7,0.1,13.4,0,0,0,39.9,1578,2378,1579,No,No,No,No,No,No,No,No,8.181,28.287,96.3,4.655,43.5,59.6,1,2.5,0.6,0.6,0.6,0.6,0.6,0.6,0.6,0.6,0.6,0.6,997.21,1599.68,394.74,383.68,1611.98,1611.98,0.28,70.89,997.21,0,1598.51,1477,59,0.6,3.1,0
1.7.2026,52:06.0,21331,1894,91.8,6840,1074,86.4,24.2,15311,3710,0.666,0.66,0.667,0.662,0.672,0.653,0.711,1179.2,1179.2,1179.2,1179.2,1179.2,98.3,982.7,188.7,232.6,160.4,184.2,171,260.8,127.9,217.6,155.4,188.7,14.1,17.6,12.7,13.9,13.1,18,10,16.5,10.8,18,14.1,100,8.8,11,7.6,8.6,8,12,6,10,7.1,8.8,12,12,12,12,12,10,46,47,45,45,45,54,53,55,55,55,49,47,No,No,No,No,No,No,No,No,No,No,No,No,No,No,No,No,No,No,52,49,49,1.016,4.595,1.356,0.134,4.261,1.352,0.755,0.484,64,15,64,64,0,30,0,0,0,0,0,0,14,17.6,12.6,13.8,13,17.9,9.7,16.5,10.6,66.8,63.9,68,66.9,68.3,1048.2,10.67,20,20,20,45,129,299,1,2,Yes,No,No,No,No,No,No,No,No,No,Yes,No,Yes,No,No,No,No,No,No,No,No,No,No,No,No,Yes,No,No,No,No,No,No,No,No,No,No,No,51,54,51,50,42,51,56,53,7281,7072,65,56,55,100,No,No,34676,80128,4.8,0,4.8,2.391,0.004,514266,190873,48,0.842,0.134,1050,1048,0.5,0,0,2.6,0.1,12.8,0,0,0,39.9,1578,2378,1579,No,No,No,No,No,No,No,No,8.182,28.287,96.3,4.664,43.5,59.6,1,2.5,0.6,0.6,0.6,0.6,0.6,0.6,0.6,0.6,0.6,0.6,997.21,1599.68,394.74,383.68,1611.98,1611.98,0.28,70.89,997.21,0,1598.51,1477,59,242.1,4.9,0
1.7.2026,52:08.0,21278,1947,91.6,6836,1078,86.3,24.1,15311,3695,0.666,0.662,0.665,0.662,0.672,0.653,0.768,1179.2,1179.2,1179.2,1179.2,1179.2,98.3,982.7,509.2,595.6,417.8,523,635.9,561.6,418.6,474.8,446.2,509.2,21.1,25,18.1,21.4,22.9,24.6,18.2,20.6,18.2,25,21.1,100,22.2,26.2,18.4,22.8,27.3,24.5,18.2,20.9,19.4,22.2,12,12,12,12,12,10,46,47,46,45,44,54,53,54,55,56,49,47,No,No,No,No,No,No,No,No,No,No,No,No,No,No,No,No,No,No,50,47,49,1.777,7.692,4.353,0.14,5.18,1.424,0.887,0.481,64,15,64,64,0,21.7,0,0,0,0,0,0,21.4,25.4,18.4,21.7,23.1,24.9,18.4,21,18.4,59.3,56.7,59.2,59.2,62.3,1048.2,10.67,20,20,20,45,129,299,1,2,Yes,No,No,No,No,No,No,No,No,No,Yes,No,No,No,No,No,No,No,No,No,No,No,No,No,No,No,No,No,No,No,No,No,No,No,No,No,No,51,54,51,50,42,51,56,53,7308,7123,65,57,55,100,No,No,34676,80128,8.7,0.1,8.8,3.721,0.165,514273,190873,48,0.842,0.14,1050,1048,0.6,0,0,2.7,0.1,13.1,0,0,0,39,1543,2413,1544,No,No,No,No,No,No,No,No,8.182,28.295,96.4,4.672,43.5,59.6,1,2.5,0.6,0.6,0.6,0.6,0.6,0.6,0.6,0.6,0.6,0.6,997.21,1599.68,394.74,383.68,1611.98,1611.98,0.28,70.89,997.21,0,1598.51,1477,59,0.4,2.3,0
1.7.2026,52:10.0,21280,1945,91.6,6860,1054,86.6,24,15311,3678,0.669,0.66,0.665,0.672,0.68,0.653,0.768,1228.4,1179.2,1179.2,1277.5,1277.5,98.3,982.7,225.9,259.3,212.3,239.1,216.1,260.2,196.4,248.8,174.6,225.9,15.4,18.5,14.2,17,14.2,18.5,13.5,15.6,11.7,18.5,15.4,100,10.4,12.2,9.8,11,9.9,12.1,9.1,11.6,8,10.4,12.5,12,12,13,13,10,45,47,46,44,44,55,53,54,56,56,47,47,No,No,No,No,No,No,No,No,No,No,No,No,No,No,No,No,No,No,50,47,48,1.27,4.954,1.685,0.149,4.248,1.35,0.775,0.481,64,15,64,64,0,26.5,0,0,0,0,0,0,16.1,19.3,15,17.7,14.9,19.3,14.1,16.6,12.3,63.3,61.5,64,61.8,65.7,2096.4,21.33,36,39,39,90,129,598,1,2,Yes,No,No,No,No,No,No,No,No,No,Yes,No,No,No,No,No,No,No,No,No,No,No,No,No,No,No,No,No,No,No,No,No,No,No,No,No,No,50,53,51,50,42,51,56,53,7391,7021,65,57,55,100,No,No,34676,80128,20.7,0,20.8,4.893,0.025,514282,190873,48,0.842,0.149,1050,2096,0.6,0,0,2.6,0.1,12.7,0,0,0,39,1543,2413,1544,No,No,No,No,No,No,No,No,8.181,28.295,96.4,4.671,43.5,59.6,1,2.5,0.6,0.6,0.6,0.6,0.6,0.6,0.6,0.6,0.6,0.6,997.21,1599.68,394.74,383.68,1611.98,1611.98,0.28,70.89,997.21,0,1598.51,1477,59,0.2,0.2,0
1.7.2026,52:12.0,21277,1948,91.6,6904,1010,87.2,23.7,15311,3636,0.666,0.662,0.667,0.662,0.672,0.653,0.768,1179.2,1179.2,1179.2,1179.2,1179.2,98.3,982.7,248.5,303.4,203.3,247.2,209.8,279.6,286.9,278,179.8,248.5,16.5,20.6,13.8,17.2,14,18.1,17.5,18.5,12.1,20.6,16.5,100,11.5,14.1,9.5,11.6,9.8,12.9,13,13,8.2,11.5,12,12,12,12,12,10,46,47,46,45,44,54,53,54,55,56,48,47,No,No,No,No,No,No,No,No,No,No,No,No,No,No,No,No,No,No,54,54,49,6.856,5.11,1.877,0.132,4.164,1.389,0.796,0.482,64,15,64,64,0,22.3,0,0,0,0,0,0,16.8,21.1,14.1,17.6,14.4,18.5,17.8,18.9,12.3,57.8,55.1,59.8,56.2,59.9,2096.4,21.33,36,39,39,90,129,598,1,2,Yes,No,No,No,No,No,No,No,No,No,Yes,No,No,No,No,No,No,No,No,No,No,No,No,No,No,No,No,No,No,No,No,No,No,No,No,No,No,50,53,51,50,42,51,56,53,7281,7034,65,57,55,100,No,No,34676,80128,71.7,0.5,72.1,28.166,1.442,514336,190876,48,0.84,0.132,1050,2096,0.6,0,0,2.5,0.1,12.4,0,0,0,39,1543,2413,1544,No,No,No,No,No,No,No,No,8.181,28.295,96.4,4.655,43.5,59.6,1,2.5,0.6,0.6,0.6,0.6,0.6,0.6,0.6,0.6,0.6,0.6,997.21,1599.68,394.74,383.68,1611.98,1611.98,0.28,70.89,997.21,0,1598.51,1478,59,449.5,5.8,0
1.7.2026,52:14.0,21235,1990,91.4,6809,1105,86,25.3,15311,3878,0.662,0.657,0.662,0.66,0.67,0.651,0.766,1179.2,1179.2,1179.2,1179.2,1179.2,98.3,982.7,1417,1385.7,1215.2,1589.3,1492.7,1499.5,1423.3,1484.4,1245.7,1417,42.5,43,36.9,46.7,44.2,45.5,41.9,44.6,36.8,46.7,42.5,100,62,61.2,53.5,69.4,65.2,65.7,61.9,64.8,54.1,62,12,12,12,12,12,10,48,50,48,47,47,52,50,52,53,53,50,50,No,No,No,No,No,No,No,No,No,No,No,No,No,No,No,No,No,No,52,51,49,12.188,16.597,12.836,0.154,7.655,1.662,1.24,0.507,64,15,64,64,0,1.4,0,0,0,0,0,0,42.5,43,37,46.6,44.3,45.5,41.9,44.6,36.9,23.3,25.2,17.6,22.6,27.7,1048.2,10.67,20,20,20,45,129,299,1,2,Yes,No,No,No,No,No,No,No,No,No,Yes,No,No,No,No,No,No,No,No,No,No,No,No,No,No,No,No,No,No,No,No,No,No,No,No,No,No,51,53,51,50,42,51,56,53,7241,6971,65,57,55,100,No,No,34677,80128,57,73.5,100,52.769,130.559,514436,191122,49,0.78,0.154,900,1048,1.6,0.5,0,3,1.4,13.7,0,0,0,39,1544,2413,1544,No,No,No,No,No,No,No,No,8.184,28.302,96.4,4.608,43.5,59.6,5.5,18.8,3.2,3.2,3.2,3.2,5.5,19,3.2,3.2,3.2,3.2,183.19,313.32,53.06,50.67,315.98,315.98,0.35,51.6,183.19,0,241.62,1490,59,6387.9,50.3,0
1.7.2026,52:16.0,21247,1978,91.4,6902,1013,87.2,24.6,15311,3759,0.977,1.01,0.9,1.007,0.99,0.893,0.768,3611.4,3734.2,3242.8,3734.2,3734.2,98.3,3439.4,780.7,1016.5,671.4,773.7,727.2,875.9,725.1,832.7,623,780.7,38.1,49,32.4,38.4,34.7,42.8,34.9,41.2,31,49,38.1,100,34.3,44.5,29.7,33.9,32.1,38.4,32,36.6,27.2,34.3,36.8,38,33,38,38,35,51,52,51,51,50,49,48,49,49,50,52,52,No,No,No,No,No,No,No,No,No,No,No,No,No,No,No,No,No,No,58,58,49,6.856,9.251,5.747,0.135,5.408,1.504,0.995,0.53,64,15,64,64,0,8.3,0,0,0,0,0,0,38.3,49.1,32.6,38.7,35,43.1,35,41.5,31.3,31.9,27.1,36.8,30.4,33.3,2096.4,21.33,36,39,39,90,129,598,1,2,Yes,No,No,No,No,No,No,No,No,No,Yes,No,No,No,No,No,No,No,No,No,No,No,No,No,No,No,No,No,No,No,No,No,No,No,No,No,No,52,53,51,50,42,51,56,53,7308,6996,65,56,55,100,No,No,34677,80128,28.7,0,28.8,20.952,0.17,514476,191122,49,0.842,0.135,1050,2096,0.6,0.1,0,2.5,0.2,12.4,0,0,0,39,1543,2413,1544,No,No,No,No,No,No,No,No,8.18,28.302,96.4,4.622,43.5,59.6,5.5,18.8,3.2,3.2,3.2,3.2,5.5,19,3.2,3.2,3.2,3.2,183.19,313.32,53.06,50.67,315.98,315.98,0.35,51.6,183.19,0,241.62,1512,59,10899.1,74.4,0
1.7.2026,52:18.1,21272,1953,91.5,6939,975,87.6,24.3,15311,3728,0.728,0.782,0.727,0.725,0.677,0.726,0.708,1842.5,2358.4,1867.1,1867.1,1277.5,98.3,2161.9,251.5,280.2,217.9,227.9,200.6,390.4,233.4,288,174,251.5,15.6,17.6,14.3,15.4,13.1,21.8,13.1,18.4,10.7,21.8,15.6,100,11.6,13,10.2,10.5,9.4,17.6,10.6,13.3,7.9,11.6,18.8,24,19,19,13,22,47,49,47,46,46,53,51,53,54,54,49,49,No,No,No,No,No,No,No,No,No,No,No,No,No,No,No,No,No,No,58,58,48,10.156,5.414,2.127,0.144,4.168,1.355,0.764,0.505,64,15,64,64,0,26.5,0,0,0,0,0,0,15.9,17.9,14.5,15.6,13.3,22.1,13.8,18.8,10.8,62.1,60.9,65,58.2,64.3,1048.2,10.67,20,20,20,45,129,299,1,2,Yes,No,No,No,No,No,No,No,No,No,Yes,No,No,No,No,No,No,No,No,No,No,No,No,No,No,No,No,No,No,No,No,No,No,No,No,No,No,51,53,50,50,42,50,55,52,7241,7009,65,56,55,100,No,No,34677,80128,10.4,0.1,10.5,11.988,0.053,514499,191123,48,0.84,0.144,1050,1048,0.5,0,0,2.3,0.1,11.5,0,0,0,39,1543,2413,1544,No,No,No,No,No,No,No,No,8.181,28.302,96.4,4.63,43.5,59.6,5.5,18.8,3.2,3.2,3.2,3.2,5.5,19,3.2,3.2,3.2,3.2,183.19,313.32,53.06,50.67,315.98,315.98,0.35,51.6,183.19,0,241.62,1512,59,0.3,2.3,0
1.7.2026,52:20.1,21265,1960,91.5,6952,962,87.8,24.2,15311,3705,0.821,0.827,0.817,0.82,0.817,0.756,0.768,2653.2,2653.2,2653.2,2653.2,2653.2,98.3,2456.7,602.6,646.1,567.1,617.6,566.7,615,648.5,683.4,476.4,602.6,25.2,28.5,23.8,26,24.5,26.2,26.5,27.4,18.5,28.5,25.2,100,27,29.1,25.5,27.7,25.4,27.6,28.8,30.4,21.3,27,27,27,27,27,27,25,50,52,50,50,49,50,48,50,50,51,52,52,No,No,No,No,No,No,No,No,No,No,No,No,No,No,No,No,No,No,54,54,49,8.125,8.608,5.262,0.173,5.17,1.411,0.828,0.507,64,15,64,64,0,10.7,0,0,0,0,0,0,25.6,28.9,24.2,26.6,25,26.8,26.4,27.8,19,48.4,45,49,46.1,53.3,2096.4,21.33,36,39,39,90,129,598,1,2,Yes,No,No,No,No,No,No,No,No,No,Yes,No,No,No,No,No,No,No,No,No,No,No,No,No,No,No,No,No,No,No,No,No,No,No,No,No,No,51,53,50,50,42,50,55,52,7254,7059,65,57,55,100,No,No,34677,80128,7.5,0,7.5,6.215,0.04,514511,191123,50,0.84,0.173,1050,2096,1,0.2,0,2.7,0.7,13,0,0,0,39,1544,2413,1544,No,No,No,No,No,No,No,No,8.181,28.31,96.4,4.622,43.5,59.6,3.5,3.7,3.4,3.3,3.3,3.3,3.5,3.8,3.3,3.3,3.3,3.3,282.93,298.48,267.39,267.1,298.8,298.8,0.32,92.45,282.93,0,632.14,1512,59,0.6,2.2,0
1.7.2026,52:22.1,21281,1944,91.6,6841,1073,86.4,24.9,15311,3811,0.665,0.66,0.665,0.662,0.672,0.663,0.711,1179.2,1179.2,1179.2,1179.2,1179.2,98.3,1277.5,489.6,600.7,384.6,554.1,404.9,504.1,502.9,515.5,449.6,489.6,22.3,27.7,18.1,24.6,19.1,23.4,21.2,23.5,20.9,27.7,22.3,100,21.8,26.8,17.4,24.5,18.1,22.7,22.2,23,19.9,21.8,12,12,12,12,12,13,45,47,45,44,45,55,53,55,56,55,48,47,No,No,No,No,No,No,No,No,No,No,No,No,No,No,No,No,No,No,65,65,49,10.156,7.804,4.47,0.134,4.932,1.411,0.855,0.509,64,15,64,64,0,15.9,0,0,0,0,0,0,22.3,27.7,18.1,24.7,19,23.5,21.2,23.6,20.8,51.2,47.6,52.7,52.2,52.3,2096.4,21.33,36,39,39,90,129,598,1,2,Yes,No,No,No,No,No,No,No,No,No,Yes,No,No,No,No,No,No,No,No,No,No,No,No,No,No,No,No,No,No,No,No,No,No,No,No,No,No,51,53,50,50,42,50,55,52,7349,7046,65,57,55,100,No,No,34677,80128,5.5,31.1,36.7,1.614,55.846,514514,191230,49,0.78,0.134,900,2096,0.5,0,0,2.6,0.1,12.8,0,0,0,38.6,1526,2430,1527,No,No,No,No,No,No,No,No,8.181,28.31,96.4,4.606,43.5,59.6,3.5,3.7,3.4,3.3,3.3,3.3,3.5,3.8,3.3,3.3,3.3,3.3,282.93,298.48,267.39,267.1,298.8,298.8,0.32,92.45,282.93,0,632.14,1513,59,506.3,8.1,0
1.7.2026,52:24.1,21233,1992,91.4,6878,1036,86.8,24.8,15311,3792,0.677,0.665,0.697,0.67,0.675,0.668,0.711,1351.2,1277.5,1572.3,1277.5,1277.5,98.3,1375.8,562.7,555.3,536.5,582.1,511.7,712.2,556,571.2,476.6,562.7,26.8,27.5,26.5,27.6,24.4,31.7,26.1,27.8,22.4,31.7,26.8,100,25.1,25.2,24,26,22.8,31.6,24.7,25.5,21.2,25.1,13.8,13,16,13,13,14,49,51,49,48,47,51,49,51,52,53,51,51,No,No,No,No,No,No,No,No,No,No,No,No,No,No,No,No,No,No,50,46,48,4.063,7.625,4.253,0.142,4.881,1.437,0.912,0.507,64,15,64,64,0,16.2,0,0,0,0,0,0,26.9,27.7,26.7,27.7,24.6,32,26.2,28.1,22.4,47.7,46.5,50.2,44.3,49.7,2096.4,21.33,36,39,39,90,129,598,1,2,Yes,No,No,No,No,No,No,No,No,No,Yes,No,No,No,No,No,No,No,No,No,No,No,No,No,No,No,No,No,No,No,No,No,No,No,No,No,No,50,52,50,50,42,50,55,52,7419,7072,65,57,55,100,No,No,34677,80128,11.6,1,12.6,18.558,0.164,514549,191230,48,0.842,0.142,1050,2096,0.7,0.1,0,2.8,0.2,14,0,0,0,38.6,1527,2430,1527,No,No,No,No,No,No,No,No,8.182,28.31,96.4,4.615,43.5,59.6,1.3,26.8,0.5,0.5,0.5,0.5,1.3,26.1,0.5,0.5,0.5,0.5,777.05,1980.74,37.36,32.84,2015.38,2015.38,0.3,43.76,777.05,0,1066.63,1513,59,0.6,3.2,0
1.7.2026,52:26.1,21244,1981,91.4,6903,1012,87.2,24.8,15311,3790,0.736,0.735,0.737,0.735,0.737,0.683,0.768,1965.4,1965.4,1965.4,1965.4,1965.4,98.3,1768.8,439.3,447.7,384.9,610,401.6,490.5,393,461.5,325.2,439.3,22.4,23.7,19.7,28.3,20.9,25.8,20.4,24.2,16.2,28.3,22.4,100,19.5,20.3,17.2,26.8,17.8,21.7,17.4,20.6,14.4,19.6,20,20,20,20,20,18,46,47,46,44,45,54,53,54,56,55,48,47,No,No,No,No,No,No,No,No,No,No,No,No,No,No,No,No,No,No,50,47,47,1.777,6.619,3.293,0.17,4.636,1.393,0.839,0.508,64,15,64,64,0,23.1,0,0,0,0,0,0,22.9,24.3,20.2,28.8,21.4,26.4,20.8,24.8,16.7,56.5,54.7,54.4,56.5,60.4,1048.2,10.67,20,20,20,45,129,299,1,2,Yes,No,No,No,No,No,No,No,No,No,Yes,No,No,No,No,No,No,No,No,No,No,No,No,No,No,No,No,No,No,No,No,No,No,No,No,No,No,50,52,50,50,42,50,55,52,7322,7046,65,56,55,100,No,No,34677,80128,3.9,0.1,3.9,2.682,0.115,514554,191230,48,0.93,0.17,1050,1048,0.9,0.2,0,2.7,0.6,12.6,0,0,0,38.6,1526,2430,1527,No,No,No,No,No,No,No,No,8.181,28.31,96.4,4.606,43.5,59.6,1.3,26.8,0.5,0.5,0.5,0.5,1.3,26.1,0.5,0.5,0.5,0.5,777.05,1980.74,37.36,32.84,2015.38,2015.38,0.3,43.76,777.05,0,1066.63,1513,59,0.1,0.1,0
1.7.2026,52:28.1,21220,2005,91.3,6906,1008,87.2,24.7,15311,3786,0.699,0.707,0.685,0.7,0.705,0.666,0.768,1547.7,1670.6,1375.8,1572.3,1572.3,98.3,1277.5,225.4,276,174.5,200.3,215.7,279,207,244.1,206.6,225.4,16.4,20.5,13.2,14.9,15.9,20.2,15.4,17.5,13.7,20.5,16.4,100,10.4,12.9,8.2,9.4,9.8,12.7,9.4,11.3,9.2,10.4,15.8,17,14,16,16,13,45,46,45,45,45,55,54,55,55,55,48,46,No,No,No,No,No,No,No,No,No,No,No,No,No,No,No,No,No,No,50,45,47,1.27,4.738,1.489,0.139,4.05,1.35,0.781,0.51,64,15,64,64,0,25.6,0,0,0,0,0,0,16.4,20.7,13.1,15,15.8,20.3,15.3,17.6,13.5,63.2,60.7,65.4,61.8,64.8,1048.2,10.67,20,20,20,45,129,299,1,2,Yes,No,No,No,No,No,No,No,No,No,Yes,No,No,No,No,No,No,No,No,No,No,No,No,No,No,No,No,No,No,No,No,No,No,No,No,No,No,51,52,50,50,42,50,55,52,7241,7034,65,56,55,100,No,No,34677,80128,2.7,0.2,2.9,1.412,0.16,514557,191230,47,0.842,0.139,1050,1048,0.6,0,0,2.5,0.1,12.3,0,0,0,38.6,1526,2430,1527,No,No,No,No,No,No,No,No,8.182,28.318,96.5,4.606,43.5,59.6,1.3,26.8,0.5,0.5,0.5,0.5,1.3,26.1,0.5,0.5,0.5,0.5,777.05,1980.74,37.36,32.84,2015.38,2015.38,0.3,43.76,777.05,0,1066.63,1514,59,469.6,10.1,0
1.7.2026,52:30.1,21047,2178,90.6,6783,1131,85.7,24.7,15311,3785,0.927,0.732,0.977,1.007,0.99,0.706,0.768,3292,1965.4,3734.2,3734.2,3734.2,98.3,1965.4,551,558.7,481.7,563.8,500.3,637.8,543.3,610.9,511.2,551,25.7,27.2,23.7,25,23.3,29.8,24.6,28.1,23.7,29.8,25.7,100,24.7,25.6,21.7,25.5,22.5,28.5,24.2,27.2,22.6,24.7,33.5,20,38,38,38,20,49,51,50,48,48,51,49,50,52,52,51,51,No,No,No,No,No,No,No,No,No,No,No,No,No,No,No,No,No,No,62,62,48,10.156,7.437,4.177,0.089,4.924,1.405,0.863,0.509,64,15,64,64,0,17.8,0,0,0,0,0,0,25.8,27.3,23.6,25.7,23.3,29.9,24.6,28.2,23.6,47.4,47.1,48.5,46.1,47.8,2096.4,21.33,36,39,39,90,129,598,1,2,Yes,No,No,No,No,No,No,No,No,No,Yes,No,No,No,No,No,No,No,No,No,No,No,No,No,No,No,No,No,No,No,No,No,No,No,No,No,No,50,52,50,50,42,50,55,52,7281,6996,65,57,55,100,No,No,34677,80128,19,0,19.1,28.536,0.053,514612,191231,47,0.727,0.089,600,2096,0.8,0.3,0,1.1,0.7,4.8,0,0,0,26.5,1050,2907,1051,No,No,No,No,No,No,No,No,8.181,28.318,96.5,4.606,43.5,59.6,2.2,32.2,0.5,0.5,0.5,0.5,2.2,29.4,0.5,0.5,0.5,0.5,445.97,1842.22,31.03,30.33,1914.01,1914.01,0.42,11.37,445.97,0,423.48,1514,59,95.7,16,0
1.7.2026,52:32.1,21099,2126,90.8,6808,1106,86,24.7,15311,3774,0.672,0.67,0.665,0.672,0.68,0.656,0.768,1252.9,1277.5,1179.2,1277.5,1277.5,98.3,1080.9,1098.7,1140.5,1054.3,1096.6,1001.7,1177.5,1130,1146.9,1042.3,1098.7,53.5,54.9,49.3,52.6,48.9,57,53.2,59.3,52.7,59.3,53.5,100,48.4,50.4,46.3,48.3,44,52.2,49.7,50.6,45.5,48.4,12.8,13,12,13,13,11,46,47,46,44,45,54,53,54,56,55,48,47,No,No,No,No,No,No,No,No,No,No,No,No,No,No,No,No,No,No,50,48,48,2.031,10.82,7.319,0.084,5.766,1.553,1.101,0.514,64,15,64,64,0,0,0,0,0,0,0,0,52.4,53.8,48.6,51.4,48.1,55.5,52,57.9,51.8,21.7,20.9,25.7,20.4,19.8,2096.4,21.33,36,39,39,90,129,598,1,2,Yes,No,No,No,No,No,No,No,No,No,Yes,No,No,No,No,No,No,No,No,No,No,No,No,No,No,No,No,No,No,No,No,No,No,No,No,No,No,50,52,50,50,42,50,55,52,7268,6959,65,56,55,100,No,No,34677,80128,16.8,0.1,16.8,27.688,0.345,514665,191231,48,0.73,0.084,600,2096,2.9,1.8,0,0.8,3.8,0,0,0,0,26.6,1052,2904,1052,No,No,No,No,No,No,No,No,8.181,28.318,96.5,4.573,43.5,59.6,28.4,63.9,2.9,2.4,2.3,2.3,28.4,60.4,2.9,2.4,2.3,2.3,35.18,346.78,15.65,15.63,430.48,430.48,0.35,3.55,35.18,0,26.53,1515,59,442.1,28.6,0
1.7.2026,52:34.1,21072,2153,90.7,6780,1135,85.6,24.6,15311,3768,0.666,0.662,0.667,0.662,0.672,0.653,0.768,1179.2,1179.2,1179.2,1179.2,1179.2,98.3,982.7,649.1,718.3,543.8,662.7,720.8,706.2,647.8,653.3,540.1,649.1,37.9,42.5,31.7,38.7,40.7,40,38.2,39.1,32.3,42.5,37.9,100,28.7,32,24.2,29.3,31.8,31.3,28.5,29,23.9,28.8,12,12,12,12,12,10,45,47,45,45,42,55,53,55,55,58,48,47,No,No,No,No,No,No,No,No,No,No,No,No,No,No,No,No,No,No,50,48,48,1.523,7.424,4.071,0.064,4.865,1.46,0.973,0.539,64,15,64,64,0,4.8,0,0,0,0,0,0,37.7,42.4,31.5,38.5,40.4,39.9,38,39,32.2,35,35.4,32.9,33.3,38.3,1048.2,10.67,20,20,20,45,129,299,1,2,Yes,No,No,No,No,No,No,No,No,No,Yes,No,No,No,No,No,No,No,No,No,No,No,No,No,No,No,No,No,No,No,No,No,No,No,No,No,No,50,52,50,50,42,50,55,52,7281,6984,65,56,55,100,No,No,34677,80128,14.7,0,14.7,13.313,0.107,514690,191231,49,0.78,0.064,900,1048,0.9,0.4,0,0.6,0.9,2.1,0,0,0,28.3,1121,2836,1122,No,No,No,No,No,No,No,No,8.181,28.325,96.5,4.59,43.5,59.6,28.4,63.9,2.9,2.4,2.3,2.3,28.4,60.4,2.9,2.4,2.3,2.3,35.18,346.78,15.65,15.63,430.48,430.48,0.35,3.55,35.18,0,26.53,1529,59,7063.2,64.2,0
1.7.2026,52:36.2,20905,2320,90,6800,1114,85.9,24.6,15311,3767,0.969,0.957,0.932,0.997,0.99,0.861,0.768,3586.8,3439.4,3439.4,3734.2,3734.2,98.3,3242.8,464.2,632.7,509,484.6,381.2,598.1,335,459.9,313.4,464.2,24.9,34.8,22.7,25.7,22.5,32.4,19,25.6,16.6,34.8,24.9,100,20.3,28.1,22.2,21.3,16.8,26.2,14.8,20.3,12.6,20.3,36.5,35,35,38,38,33,50,49,53,48,48,50,51,47,52,52,52,53,No,No,No,No,No,No,No,No,No,No,No,No,No,No,No,No,No,No,50,48,48,1.523,7.045,3.817,0.035,4.7,1.387,0.829,0.536,64,15,64,64,0,15.2,0,0,0,0,0,0,25.3,34.8,22.9,26,22.9,32.8,19.3,26,18,51.5,43,53.9,50.1,58.8,2096.4,21.33,36,39,39,90,129,598,1,2,Yes,No,No,No,No,No,No,No,No,No,Yes,No,No,No,No,No,No,No,No,No,No,No,No,No,No,No,No,No,No,No,No,No,No,No,No,No,No,51,52,50,50,42,50,55,52,7349,7059,65,56,55,100,No,No,34677,80128,13.7,0.1,13.7,15.307,0.147,514720,191232,48,0.782,0.035,900,2096,0.3,0,0,0.4,0.1,2,0,0,0,28.3,1121,2836,1122,No,No,No,No,No,No,No,No,8.185,28.325,96.5,4.6,43.5,59.6,28.4,63.9,2.9,2.4,2.3,2.3,28.4,60.4,2.9,2.4,2.3,2.3,35.18,346.78,15.65,15.63,430.48,430.48,0.35,3.55,35.18,0,26.53,1542,60,6810.5,58.4,0
1.7.2026,52:38.2,20933,2292,90.1,6869,1045,86.7,24.6,15311,3767,0.731,0.747,0.677,0.747,0.75,0.703,0.766,1965.4,2161.9,1375.8,2161.9,2161.9,98.3,1965.4,766.1,841.4,558.6,751.3,728.6,874.5,735.2,865.3,773.6,766.1,33.2,39.2,23.4,32.3,32.4,37.5,32.8,36.4,31.5,39.2,33.2,100,33.7,36.9,24.7,32.9,32,38.1,32.2,37.9,34.6,33.7,20,22,14,22,22,20,53,56,53,54,50,47,44,47,46,50,56,56,No,No,No,No,No,No,No,No,No,No,No,No,No,No,No,No,No,No,52,52,49,14.219,10.205,6.889,0.029,5.632,1.472,0.958,0.533,64,15,64,64,0,7.9,0,0,0,0,0,0,33.3,39.3,24.1,32.5,32.3,37.6,33.3,36.5,30.8,37.1,37.8,38.4,35.5,36.6,2096.4,21.33,36,39,39,90,129,598,1,2,Yes,No,No,No,No,No,No,No,No,No,Yes,No,No,No,No,No,No,No,No,No,No,No,No,No,No,No,No,No,No,No,No,No,No,No,No,No,No,50,52,50,50,42,50,55,52,7349,7046,65,56,55,100,No,No,34677,80128,70.3,0.1,70.4,42.061,0.202,514800,191232,49,0.735,0.029,650,2096,0.3,0,0,0.4,0.1,2,0,0,0,28.4,1124,2832,1125,No,No,No,No,No,No,No,No,8.181,28.325,96.5,4.565,43.5,59.6,28.4,63.9,2.9,2.4,2.3,2.3,28.4,60.4,2.9,2.4,2.3,2.3,35.18,346.78,15.65,15.63,430.48,430.48,0.35,3.55,35.18,0,26.53,1556,60,7129,62.2,0
1.7.2026,52:40.2,20954,2271,90.2,6968,946,88,24.6,15311,3764,1.001,1.02,0.987,1.007,0.99,0.893,0.766,3734.2,3734.2,3734.2,3734.2,3734.2,98.3,3439.4,1038.1,1161.6,820.3,931.9,1029.6,1186.2,955.7,1169.8,1049.8,1038.1,33.7,37.8,26.9,30.4,33.9,38.4,31.2,38.4,32.6,38.4,33.7,100,45.4,51,36.2,40.9,45,51.8,41.6,51,45.5,45.4,38,38,38,38,38,35,56,57,55,57,54,44,43,45,43,46,58,57,No,No,No,No,No,No,No,No,No,No,No,No,No,No,No,No,No,No,53,53,49,10.664,15.32,11.951,0.041,6.704,1.507,0.977,0.505,64,15,64,64,0,8.4,0,0,0,0,0,0,34,38.3,26.7,31,34.4,38.9,31.2,38.9,32.5,34.1,36.3,35.3,31.3,33.3,2096.4,21.33,36,39,39,90,129,598,1,2,Yes,No,No,No,No,No,No,No,No,No,Yes,No,No,No,No,No,No,No,No,No,No,No,No,No,No,No,No,No,No,No,No,No,No,No,No,No,No,51,52,50,50,42,50,55,52,7254,7034,65,56,55,100,No,No,34677,80128,35.3,0.5,35.8,38.346,1.704,514872,191235,48,0.78,0.041,900,2096,0.4,0,0,0.5,0.2,2.2,0,0,0,28.4,1122,2835,1122,No,No,No,No,No,No,No,No,8.181,28.333,96.5,4.54,43.5,59.6,0.5,0.5,0.5,0.5,0.5,0.5,0.5,0.5,0.5,0.5,0.5,0.5,1982,1982,1982,1982,1982,1982,0.37,122.07,1982,0,32.65,1556,60,5.6,5.8,0
1.7.2026,52:42.2,20907,2318,90,6946,968,87.7,24.6,15311,3762,0.676,0.688,0.665,0.672,0.68,0.666,0.768,1302.1,1474,1179.2,1277.5,1277.5,98.3,1277.5,906.8,915.5,824.7,906.8,863.6,975.8,864.3,949.5,954.1,906.8,40.4,40,37.6,39.5,38.7,43.2,36.8,44.1,43.5,44.1,40.4,100,39.7,40.4,36.2,39.8,37.8,42.7,38.1,41.4,41.4,39.7,13.2,15,12,13,13,13,46,47,46,46,44,54,53,54,54,56,49,47,No,No,No,No,No,No,No,No,No,No,No,No,No,No,No,No,No,No,61,61,48,7.871,9.794,6.568,0.053,5.449,1.433,0.866,0.507,64,15,64,64,0,3.8,0,0,0,0,0,0,40.4,39.9,37.5,39.5,38.6,43.3,36.7,44,43.5,35.8,36.4,38.9,35.8,31.9,1048.2,10.67,20,20,20,45,129,299,1,2,Yes,No,No,No,No,No,No,No,No,No,Yes,No,No,No,No,No,No,No,No,No,No,No,No,No,No,No,No,No,No,No,No,No,No,No,No,No,No,51,53,50,50,42,50,55,52,7214,6971,65,56,55,100,No,No,34677,80128,8.5,0.2,8.7,13.599,0.333,514898,191236,49,0.78,0.053,900,1048,0.8,0.3,0,0.6,0.7,2.1,0,0,0,28.4,1122,2835,1122,No,No,No,No,No,No,No,No,8.185,28.333,96.5,4.543,43.5,59.6,1.1,1.1,1.1,1.1,1.1,1.1,1.1,1.1,1.1,1.1,1.1,1.1,916.4,916.4,916.4,916.4,916.4,916.4,0.71,0,916.4,0,814.25,1556,60,13.6,10,0
1.7.2026,52:44.2,20865,2360,89.8,6923,992,87.4,24.5,15311,3757,1.001,1.02,0.987,1.007,0.99,0.893,0.768,3734.2,3734.2,3734.2,3734.2,3734.2,98.3,3439.4,1049.7,982.1,863.8,1166.6,999.6,1306.1,991.9,1094.4,992.8,1049.7,36.7,35,30.4,40.8,35.2,45.5,33.5,39.3,33.8,45.5,36.7,100,45.7,43.3,37.7,50.5,43.5,56.3,43.2,47.8,43,45.7,38,38,38,38,38,35,57,55,59,58,55,43,45,41,42,45,59,59,No,No,No,No,No,No,No,No,No,No,No,No,No,No,No,No,No,No,52,48,49,3.555,12.456,9.102,0.057,6.167,1.49,0.963,0.51,64,15,64,64,0,10.4,0,0,0,0,0,0,36.8,35.4,30.6,41,35.4,45.7,33.6,39.2,33.9,38.4,43.6,38.5,34.5,37,2096.4,21.33,36,39,39,90,129,598,1,2,Yes,No,No,No,No,No,No,No,No,No,Yes,No,No,No,No,No,No,No,No,No,No,No,No,No,No,No,No,No,No,No,No,No,No,No,No,No,No,52,53,50,50,42,50,55,52,7336,7021,65,55,55,100,No,No,34677,80128,11.3,0.9,12.2,7.221,1.482,514912,191239,49,0.78,0.057,900,2096,0.9,0.3,0,0.5,0.8,1.9,0,0,0,28.1,1112,2845,1113,No,No,No,No,No,No,No,No,8.181,28.333,96.5,4.565,43.5,59.6,3.2,3.7,2.9,2.9,2.9,2.9,3.2,3.7,2.9,2.9,2.9,2.9,308.1,349.32,266.87,266.11,350.16,350.16,0.37,60.29,308.1,0,599.99,1557,60,474,25.2,0
1.7.2026,52:46.2,20862,2363,89.8,6941,973,87.6,24.5,15311,3757,0.694,0.707,0.665,0.7,0.705,0.673,0.768,1498.6,1670.6,1179.2,1572.3,1572.3,98.3,1474,371.8,402.5,320.9,420.4,352.4,468,252.7,462,295.3,371.8,19.5,21.9,16.5,21.9,17.6,24.4,14,23.6,15.9,24.4,19.5,100,16.9,18.3,14.6,19,15.9,21.4,11.7,20.9,13.6,16.9,15.2,17,12,16,16,15,46,48,45,44,45,54,52,55,56,55,49,48,No,No,No,No,No,No,No,No,No,No,No,No,No,No,No,No,No,No,62,62,49,5.586,5.943,2.842,0.05,4.409,1.333,0.692,0.506,64,15,64,64,0,20.9,0,0,0,0,0,0,19.7,22.1,16.8,22.1,17.9,24.4,14.2,23.8,16,58.4,57.8,57.2,58.9,59.7,2096.4,21.33,36,39,39,90,129,598,1,2,Yes,No,No,No,No,No,No,No,No,No,Yes,No,No,No,No,No,No,No,No,No,No,No,No,No,No,No,No,No,No,No,No,No,No,No,No,No,No,51,53,50,50,42,50,55,52,7295,6996,65,55,55,100,No,No,34677,80128,2.7,0.1,2.8,1.483,0.205,514915,191239,49,0.78,0.05,900,2096,0.3,0,0,0.4,0.1,1.8,0,0,0,28.2,1117,2840,1117,No,No,No,No,No,No,No,No,8.182,28.34,96.5,4.557,43.5,59.6,0.7,0.7,0.7,0.7,0.7,0.7,0.7,0.7,0.7,0.7,0.7,0.7,1464.36,1464.36,1464.36,1464.36,1464.36,1464.36,0.52,124.28,1464.36,0,897.92,1557,60,0.7,5.4,0
1.7.2026,52:48.2,20829,2396,89.6,6836,1078,86.3,24.2,15311,3711,0.664,0.66,0.665,0.66,0.67,0.651,0.768,1179.2,1179.2,1179.2,1179.2,1179.2,98.3,982.7,1001.2,1023.5,1151.2,1121.9,972,1036.9,876.2,1008,820.1,1001.2,38.5,38.4,42,41.4,37.6,42.1,34.8,39.6,31.8,42.1,38.5,100,43.7,45,50.1,48.7,42.4,45.3,38.2,43.9,35.6,43.7,12,12,12,12,12,10,47,48,47,47,46,53,52,53,53,54,49,48,No,No,No,No,No,No,No,No,No,No,No,No,No,No,No,No,No,No,52,49,49,1.777,11.785,8.431,0.065,6.18,1.504,0.983,0.508,64,15,64,64,0,6,0,0,0,0,0,0,38.3,38.2,41.8,41.3,37.6,42,34.6,39.6,31.7,35.2,29.3,32.8,37.8,41,2096.4,21.33,36,39,39,90,129,598,1,2,Yes,No,No,No,No,No,No,No,No,No,Yes,No,No,No,No,No,No,No,No,No,No,No,No,No,No,No,No,No,No,No,No,No,No,No,No,No,No,51,53,50,49,42,50,54,51,7268,6971,65,56,55,100,No,No,34677,80128,19.4,0.1,19.5,22.465,0.73,514958,191241,49,0.78,0.065,900,2096,0.8,0.3,0,0.6,0.8,2.3,0,0,0,28.3,1118,2839,1119,No,No,No,No,No,No,No,No,8.181,28.34,96.5,4.54,43.5,59.6,1.2,1.2,1.2,1.2,1.2,1.2,1.2,1.2,1.2,1.2,1.2,1.2,853.58,853.58,853.58,853.58,853.58,853.58,0.56,0,853.58,0,566.97,1557,60,5.7,8.8,0
1.7.2026,52:50.2,20830,2395,89.6,6812,1102,86,24.1,15311,3692,0.684,0.68,0.685,0.682,0.69,0.661,0.768,1375.8,1375.8,1375.8,1375.8,1375.8,98.3,1179.2,332.8,423.4,268.1,321.3,317.3,416.5,279.1,395.6,240.7,332.8,24.1,31.5,19.5,23.4,22.9,29.9,19.9,28.4,17.3,31.5,24.1,100,15,19.3,12.1,14.5,14.3,18.7,12.5,17.7,10.8,15,14,14,14,14,14,12,46,47,46,45,44,54,53,54,55,56,49,47,No,No,No,No,No,No,No,No,No,No,No,No,No,No,No,No,No,No,51,47,48,1.777,5.22,2.017,0.04,4.174,1.37,0.791,0.52,64,15,64,64,0,19.5,0,0,0,0,0,0,24.7,32.2,20,24,23.6,30.6,20.5,29,17.9,52.1,49.1,53.7,51.2,54.4,2096.4,21.33,36,39,39,90,129,598,1,2,Yes,No,No,No,No,No,No,No,No,No,Yes,No,No,No,No,No,No,No,No,No,No,No,No,No,No,No,No,No,No,No,No,No,No,No,No,No,No,50,53,50,49,42,50,54,51,7281,7009,65,56,55,100,No,No,34677,80128,5.7,0.1,5.8,3.284,0.266,514965,191241,49,0.727,0.04,600,2096,1.1,0.7,0,0.6,1.2,2,0,0,0,28.6,1132,2825,1132,No,No,No,No,No,No,No,No,8.181,28.34,96.5,4.549,43.5,59.6,1.2,1.2,1.2,1.2,1.2,1.2,1.2,1.2,1.2,1.2,1.2,1.2,853.58,853.58,853.58,853.58,853.58,853.58,0.56,0,853.58,0,566.97,1559,60,1360.6,13.6,0
1.7.2026,52:52.3,20862,2363,89.8,6985,929,88.2,24,15311,3669,0.67,0.667,0.672,0.67,0.67,0.656,0.768,1252.9,1277.5,1277.5,1277.5,1179.2,98.3,1080.9,817.8,879.4,769.6,906.8,769.2,906.9,718.9,896.2,695.4,817.8,40.6,45.5,38.6,42.9,38.4,44.4,35.3,43.2,36.6,45.5,40.6,100,36.4,39.4,35,40.2,34,40.3,31.9,39.8,30.6,36.4,12.8,13,13,13,12,11,48,49,47,47,47,52,51,53,53,53,50,49,No,No,No,No,No,No,No,No,No,No,No,No,No,No,No,No,No,No,54,54,49,11.934,9.057,5.48,0.334,5.721,1.55,1.099,0.516,64,15,64,64,0,5.6,0,0,0,0,0,0,40.3,45.1,38.1,42.7,38.1,44.3,35,42.9,36.3,31.9,29.2,33.1,32.5,32.6,2096.4,21.33,36,39,39,90,129,598,1,2,Yes,No,No,No,No,No,No,No,No,No,Yes,No,No,No,No,No,No,No,No,No,No,No,No,No,No,No,No,No,No,No,No,No,No,No,No,No,No,51,53,50,49,42,50,54,51,7281,6984,65,55,55,100,No,No,34677,80128,13.1,0,13.2,14.52,0.121,514993,191241,49,0.78,0.334,900,2096,8,6.1,0,3.6,8.2,2.4,4.6,2.9,0,34.1,1349,2608,1350,No,No,No,No,No,No,No,No,8.184,28.348,96.6,4.542,43.5,59.6,50.3,70,10.6,9.9,9.9,9.9,47.4,61.7,8.5,7.6,7.5,7.5,19.88,94.57,14.29,12.99,101.4,101.4,0.54,0.04,19.88,0,4.94,1561,60,582.8,12.2,0
1.7.2026,52:54.3,20881,2344,89.9,6964,950,87.9,24.3,15311,3727,0.691,0.688,0.692,0.688,0.695,0.663,0.768,1474,1474,1474,1474,1474,98.3,1277.5,756.8,857.1,773.4,760.8,664.8,973.6,666.1,759.3,599,756.8,39.6,44.2,41.3,40.5,36.2,45.9,34,41,34.1,45.9,39.6,100,33.4,38,34.6,33.7,29.5,42.6,29.2,33.5,26.3,33.4,15,15,15,15,15,13,47,48,46,47,46,53,52,54,53,54,49,48,No,No,No,No,No,No,No,No,No,No,No,No,No,No,No,No,No,No,50,48,49,2.285,8.753,4.854,0.487,5.609,1.592,1.192,0.513,64,15,64,64,0,6.8,0,0,0,0,0,0,39.9,44.5,41.4,40.8,36.5,46,34.2,41.2,34.3,31.3,27.3,31.6,30.9,35.2,2096.4,21.33,36,39,39,90,129,598,1,2,Yes,No,No,No,No,No,No,No,No,No,Yes,No,No,No,No,No,No,No,No,No,No,No,No,No,No,No,No,No,No,No,No,No,No,No,No,No,No,51,53,50,49,42,50,54,51,7254,6971,65,55,55,100,No,No,34677,80128,9.3,28.6,37.9,8.772,56.454,515009,191349,49,0.82,0.487,1000,2096,11.5,10,0,3.4,12.1,0.5,1.9,2.4,0,34.4,1360,2596,1361,No,No,No,No,No,No,No,No,8.181,28.348,96.6,4.532,43.5,59.6,51.4,68.5,14.2,10.5,10.2,10.2,23.2,61.5,4,4,4,4,19.46,70.49,14.6,14.49,97.64,97.64,0.53,0,19.46,0,4.86,1562,60,1018.3,9.3,0
1.7.2026,52:56.3,20887,2338,89.9,6982,932,88.2,24.2,15311,3707,0.678,0.67,0.692,0.67,0.68,0.661,0.768,1326.6,1277.5,1474,1277.5,1277.5,98.3,1179.2,706.7,856.4,675.2,774.8,656.1,792,668,677.3,553.4,706.7,42.6,52.1,40.8,45.1,40.6,47.3,38.1,41.7,35,52.1,42.6,100,31.4,37.9,30.1,34.2,29.6,35,29.4,30.3,24.6,31.4,13.5,13,15,13,13,12,46,48,47,44,44,54,52,53,56,56,48,48,No,No,No,No,No,No,No,No,No,No,No,No,No,No,No,No,No,No,57,57,48,8.633,7.547,3.946,0.212,5.232,1.529,1.061,0.538,64,15,64,64,0,3.6,0,0,0,0,0,0,42.5,51.9,40.6,45.3,40.3,47.3,38.2,41.4,35,29.9,26.2,28.2,30.4,35,2096.4,21.33,36,39,39,90,129,598,1,2,Yes,No,No,No,No,No,No,Yes,No,No,Yes,No,Yes,No,No,No,No,No,No,No,Yes,No,No,No,No,No,Yes,No,No,No,No,No,No,No,Yes,No,No,50,52,50,49,42,50,54,51,7281,6971,65,55,55,100,No,No,34677,80128,12.6,1.2,13.7,6.512,0.158,515022,191349,50,0.727,0.212,600,2096,4.8,3.9,0,1.5,5.3,0,2.3,0,0,34.7,1373,2583,1374,No,No,No,No,No,No,No,No,8.181,28.348,96.6,4.532,43.5,59.6,27.8,63.1,8,7.7,7.6,7.6,16.2,60.3,4.7,4.6,4.6,4.6,35.94,125.24,15.84,15.8,130.75,130.75,0.51,0,35.94,0,26.57,1574,60,5641.5,40.7,0
1.7.2026,52:58.3,20874,2351,89.8,7023,891,88.7,24.2,15311,3702,0.996,1.02,0.987,1.007,0.967,0.893,0.766,3709.6,3734.2,3734.2,3734.2,3635.9,98.3,3439.4,1081.6,1213.3,1083.4,1055.2,1002.1,1133.4,1093.9,1088.4,983.1,1081.6,46.2,52.5,46.5,46.5,43,47.1,45.2,46.4,42.6,52.5,46.2,100,46.9,53.1,47.4,46.1,43.2,49.1,47,46.8,42.1,46.8,37.8,38,38,38,37,35,64,63,64,62,68,36,37,36,38,32,66,68,No,No,No,No,No,No,No,No,No,No,No,No,No,No,No,No,No,No,51,49,49,2.031,11.259,7.711,0.081,6.245,1.561,1.093,0.54,64,15,64,64,0,2.9,0,0,0,0,0,0,46.5,52.7,46.6,46.9,43.7,47.5,45.4,46.6,42.6,26.3,21,27.8,25.3,31.1,2096.4,21.33,36,39,39,90,129,598,1,2,Yes,No,No,No,No,No,No,No,No,No,Yes,No,No,No,No,No,No,No,No,No,No,No,No,No,No,No,No,No,No,No,No,No,No,No,No,No,No,51,52,50,49,42,50,54,51,7308,6971,65,55,55,100,No,No,34677,80129,8.9,1.5,10.4,9.238,0.154,515039,191349,49,0.78,0.081,900,2096,2.6,1.9,0,1,2.9,0,2.4,0,0,34.7,1375,2582,1375,No,No,No,No,No,No,No,No,8.185,28.348,96.6,4.518,43.5,59.6,27.8,63.1,8,7.7,7.6,7.6,16.2,60.3,4.7,4.6,4.6,4.6,35.94,125.24,15.84,15.8,130.75,130.75,0.51,0,35.94,0,26.57,1587,60,6837.7,55,0
1.7.2026,53:00.3,20876,2349,89.8,7032,882,88.8,24.1,15311,3691,1.016,0.957,1.045,1.052,1.01,0.861,0.766,3807.9,3439.4,4029,3930.7,3832.5,98.3,3242.8,723,855.9,706.7,787.3,683.9,736,637.6,755.8,621.1,723,34.9,42.3,34,38.1,32.1,34.9,31,38.1,28.4,42.3,34.9,100,32.8,38.3,32.1,35.6,31.1,33.4,29.1,34.4,28.3,32.8,38.8,35,41,40,39,33,49,53,47,49,46,51,47,53,51,54,53,53,No,No,No,No,No,No,No,No,No,No,No,No,No,No,No,No,No,No,60,60,49,12.442,8.828,5.425,0.138,5.62,1.48,0.941,0.518,64,15,64,64,0,8.4,0,0,0,0,0,0,34.9,42.3,33.8,38.1,32,35,31.3,38.4,28.6,32.5,25.6,34.3,33.9,36.3,1048.2,10.67,20,20,20,45,129,299,1,2,Yes,No,No,No,No,No,No,No,No,No,Yes,No,No,No,No,No,No,No,No,No,No,No,No,No,No,No,No,No,No,No,No,No,No,No,No,No,No,51,52,50,49,42,50,54,51,7268,7009,65,55,55,100,No,No,34677,80129,5.8,0.1,5.9,3.421,0.148,515046,191350,48,0.727,0.138,600,1048,2.1,1.6,0,0.9,2.1,0,2.2,0,0,34.6,1369,2588,1369,No,No,No,No,No,No,No,No,8.181,28.356,96.6,4.5,43.5,59.6,14.7,71.3,3.8,3.5,3.4,3.4,14.8,61.9,3.9,3.6,3.5,3.5,67.81,264.1,14.07,13.74,290.4,290.4,2.62,18.51,67.42,0.39,63,1589,60,1095.9,16,0
1.7.2026,53:02.3,20877,2348,89.8,7047,867,89,24.1,15311,3687,0.671,0.662,0.675,0.672,0.672,0.653,0.768,1228.4,1179.2,1277.5,1277.5,1179.2,98.3,982.7,531.4,658.6,518.4,571.4,516.3,550.7,443.5,518,474,531.4,30.3,35.7,29.9,32.5,30.4,32.1,26.1,29.7,26.1,35.7,30.3,100,23.9,29.3,23.7,25.8,23.1,24.9,20,23.4,21.2,23.9,12.5,12,13,13,12,10,45,47,45,44,44,55,53,55,56,56,48,47,No,No,No,No,No,No,No,No,No,No,No,No,No,No,No,No,No,No,51,47,48,1.27,7.293,3.792,0.157,4.99,1.443,0.896,0.509,64,15,64,64,0,15.8,0,0,0,0,0,0,30.4,35.8,29.8,32.5,30.5,32.3,26.3,29.9,26.3,43.2,39.1,43.6,43.1,47,2096.4,21.33,36,39,39,90,129,598,1,2,Yes,No,No,No,No,No,No,No,No,No,Yes,No,Yes,No,No,No,No,No,No,No,No,No,No,No,No,Yes,No,No,No,No,No,No,No,No,No,No,No,51,52,50,49,42,50,54,51,7308,7021,65,56,55,100,No,No,34677,80129,10.5,0.1,10.6,5.426,0.221,515056,191350,48,0.78,0.157,900,2096,2.8,2.3,0,1,3.1,0,1.7,0,0,34.5,1365,2591,1366,No,No,No,No,No,No,No,No,8.182,28.356,96.6,4.516,43.5,59.6,16.8,48.5,10.2,10.1,10.1,10.1,17.1,57.1,10.1,10,10,10,59.21,98.56,19.85,19.13,99.37,99.37,1.5,0.29,58.78,0.42,42.92,1589,60,0.5,2.1,0
1.7.2026,53:04.3,20875,2350,89.8,7055,859,89.1,24,15311,3677,0.665,0.66,0.665,0.662,0.672,0.653,0.768,1179.2,1179.2,1179.2,1179.2,1179.2,98.3,982.7,554.2,618.3,525.5,559.3,572,616.1,565.7,565.4,411.4,554.2,23.6,26.3,21.8,23.9,25.1,26,22.5,25.3,17.9,26.3,23.6,100,24.9,27.7,23.7,25.3,25.9,27.5,25.1,25.3,18.5,24.9,12,12,12,12,12,10,45,47,46,44,44,55,53,54,56,56,49,47,No,No,No,No,No,No,No,No,No,No,No,No,No,No,No,No,No,No,50,47,48,1.016,8.364,5.137,0.075,5.297,1.378,0.788,0.506,64,15,64,64,0,16.8,0,0,0,0,0,0,24.1,26.8,22.3,24.4,25.5,26.6,23.1,25.9,18.2,47.8,44.5,47.6,48,51.2,2096.4,21.33,36,39,39,90,129,598,1,2,Yes,No,No,No,No,No,No,No,No,No,Yes,No,No,No,No,No,No,No,No,No,No,No,No,No,No,No,No,No,No,No,No,No,No,No,No,No,No,51,52,50,49,42,50,54,51,7281,6996,65,56,55,100,No,No,34677,80129,8.6,0,8.6,3.267,0.09,515063,191350,49,0.782,0.075,900,2096,1.1,0.8,0,0.6,1,0,1.9,0,0,34.2,1352,2604,1353,No,No,No,No,No,No,No,No,8.181,28.356,96.6,4.516,43.5,59.6,4.1,72.2,0.5,0.4,0.4,0.4,4.1,62.1,0.5,0.4,0.4,0.4,241.42,2064.51,13.97,13.88,2266.89,2266.89,5.45,202.76,241.11,0.31,451.06,1590,60,324.7,4.7,0
1.7.2026,53:06.3,20876,2349,89.8,7061,853,89.2,24,15311,3676,0.692,0.707,0.675,0.707,0.68,0.673,0.768,1474,1670.6,1277.5,1670.6,1277.5,98.3,1474,506.1,651.5,498.2,535.6,436.8,561.7,432.5,523.6,409.4,506.1,32.3,40.7,31.6,34.5,28.4,36.1,27.6,32.8,26.7,40.7,32.3,100,22.6,29,22.4,23.9,19.6,25,19.3,23.3,18.1,22.6,15,17,13,17,13,15,45,46,44,44,45,55,54,56,56,55,48,46,No,No,No,No,No,No,No,No,No,No,No,No,No,No,No,No,No,No,50,47,48,2.285,6.183,2.809,0.163,4.757,1.449,0.933,0.503,64,15,64,64,0,11.7,0,0,0,0,0,0,32.8,41,32,35.1,28.9,36.6,28.1,33.4,27.1,41.3,36.5,42.6,41.3,45.1,1048.2,10.67,20,20,20,45,129,299,1,2,Yes,No,No,No,No,No,No,No,No,No,Yes,No,No,No,No,No,No,No,No,No,No,No,No,No,No,No,No,No,No,No,No,No,No,No,No,No,No,50,52,50,49,42,50,54,51,7268,7009,65,56,55,100,No,No,34677,80129,4.3,0,4.3,0.942,0.014,515064,191350,47,0.782,0.163,900,1048,4.8,3.9,0,1.5,5.2,0,2.3,0,0,34.1,1347,2609,1348,No,No,No,No,No,No,No,No,8.181,28.363,96.6,4.5,43.5,59.6,59.8,131.1,38.3,36.2,36,36,58.6,62.5,36.6,30.6,30,30,16.73,26.29,7.42,5.78,28.11,28.11,2.03,4.88,16.11,0.62,2.77,1593,60,1569.5,15.4,0
1.7.2026,53:08.3,20875,2350,89.8,7062,853,89.2,24,15311,3675,0.817,0.86,0.847,0.85,0.712,0.778,0.768,2555,2849.8,2849.8,2849.8,1670.6,98.3,2653.2,441.1,608.8,487,518.7,347.6,462.8,390.9,398.8,314.3,441.1,23.7,32.2,25.4,28.6,18.8,25.6,20.3,21.7,16.7,32.2,23.7,100,20,27.3,22.1,23.3,15.9,21.1,17.5,18.2,14.2,20,26,29,29,29,17,27,48,49,49,48,47,52,51,51,52,53,49,49,No,No,No,No,No,No,No,No,No,No,No,No,No,No,No,No,No,No,50,47,48,1.523,6.58,3.402,0.075,4.847,1.384,0.797,0.485,64,15,64,64,0,14.3,0,0,0,0,0,0,23.9,32.8,25.4,28.8,18.9,25.9,20.3,21.9,17.4,48.6,41.6,47.4,49.7,56,2096.4,21.33,36,39,39,90,129,598,1,2,Yes,No,No,No,No,No,No,No,No,No,Yes,No,No,No,No,No,No,No,No,No,No,No,No,No,No,No,No,No,No,No,No,No,No,No,No,No,No,50,52,50,49,42,50,54,51,7268,6996,65,56,55,100,No,No,34677,80129,10.8,0.1,10.9,3.126,0.052,515070,191350,48,0.782,0.075,900,2096,0.9,0.4,0,0.6,0.9,0,1.9,0,0,34.5,1364,2593,1364,No,No,No,No,No,No,No,No,8.182,28.363,96.6,4.508,43.5,59.6,11.1,282.4,0.8,0.6,0.6,0.6,11,61.7,0.8,0.6,0.6,0.6,90.38,1294.35,3.53,1.05,1670.42,1670.42,2.08,61.56,90.09,0.28,145.83,1593,60,0.4,2.4,0
1.7.2026,53:10.3,20896,2329,89.9,7079,835,89.4,24,15311,3671,0.664,0.662,0.657,0.662,0.672,0.653,0.768,1154.6,1179.2,1080.9,1179.2,1179.2,98.3,982.7,460.1,652.7,517.9,434.7,416.4,460.1,350.7,454.1,394,460.1,24.9,34.3,25.4,24.3,23.8,25.6,19.8,25.4,20.5,34.3,24.9,100,20.7,29.3,23.3,19.7,18.7,20.9,15.9,20.5,17.5,20.7,11.8,12,11,12,12,10,44,45,45,44,42,56,55,55,56,58,48,45,No,No,No,No,No,No,No,No,No,No,No,No,No,No,No,No,No,No,51,46,48,3.047,6.563,3.382,0.045,4.836,1.378,0.784,0.495,64,15,64,64,0,13.9,0,0,0,0,0,0,25.4,34.5,26.1,25,24.5,26.3,20.5,26.2,20.5,49.2,40.6,50.8,51.6,53.7,1048.2,10.67,20,20,20,45,129,299,1,2,Yes,No,No,No,No,No,No,No,No,No,Yes,No,No,No,No,No,No,No,No,No,No,No,No,No,No,No,No,No,No,No,No,No,No,No,No,No,No,50,51,50,49,42,50,54,51,7281,6996,65,56,55,100,No,No,34677,80129,16.4,0,16.4,4.248,0.042,515079,191351,48,0.782,0.045,900,1048,0.4,0.1,0,0.4,0.2,0,1.7,0,0,34.5,1364,2593,1365,No,No,No,No,No,No,No,No,8.181,28.363,96.6,4.5,43.5,59.6,11.1,282.4,0.8,0.6,0.6,0.6,11,61.7,0.8,0.6,0.6,0.6,90.38,1294.35,3.53,1.05,1670.42,1670.42,2.08,61.56,90.09,0.28,145.83,1595,60,1212.6,10.7,0
1.7.2026,53:12.4,20868,2357,89.8,7067,847,89.2,24,15311,3670,0.667,0.662,0.667,0.665,0.675,0.653,0.768,1179.2,1179.2,1179.2,1179.2,1179.2,98.3,982.7,486.9,625.7,648.7,498.4,413.7,420.5,462,517.8,308.6,486.9,29.4,38.6,35.9,31,26.5,26.9,25.3,32.1,19.3,38.6,29.4,100,21.8,27.9,29,22.4,18.6,19.2,20.4,23.1,13.9,21.8,12,12,12,12,12,10,44,46,44,45,42,56,54,56,55,58,48,46,No,No,No,No,No,No,No,No,No,No,No,No,No,No,No,No,No,No,49,46,47,2.031,6.34,3.01,0.057,4.88,1.437,0.904,0.485,64,15,64,64,0,9.2,0,0,0,0,0,0,29.7,38.7,35.9,31.4,26.8,27.4,25.5,32.4,19.4,44,33.7,45.2,48,49.2,2096.4,21.33,36,39,39,90,129,598,1,2,Yes,No,No,No,No,No,No,No,No,No,Yes,No,No,No,No,No,No,No,No,No,No,No,No,No,No,No,No,No,No,No,No,No,No,No,No,No,No,50,51,50,49,42,50,54,51,7281,6996,65,57,55,100,No,No,34677,80129,5,0.1,5.1,2.88,0.189,515084,191351,48,0.782,0.057,900,2096,0.8,0.3,0,0.6,0.9,0,2,0,0,34.5,1363,2593,1364,No,No,No,No,No,No,No,No,8.181,28.363,96.6,4.491,43.5,59.6,11.7,63.4,1.6,1.4,1.4,1.4,10.4,62.2,1.3,1.1,1.1,1.1,85.16,630.98,15.76,15.72,698.77,698.77,0.4,6.78,85.16,0,88.52,1595,60,0.2,0.1,0
1.7.2026,53:14.3,20831,2394,89.6,7053,861,89.1,24,15311,3670,0.664,0.66,0.665,0.66,0.67,0.651,0.768,1179.2,1179.2,1179.2,1179.2,1179.2,98.3,982.7,690.8,809.5,676.1,719.1,710.8,770.8,549.5,685.9,604.6,690.8,38.9,43,39,41.1,37.5,42.5,32.6,40.7,35,43,38.9,100,30.6,35.8,30.1,32,31.3,33.9,24.4,30.5,26.5,30.6,12,12,12,12,12,10,47,48,46,47,46,53,52,54,53,54,49,48,No,No,No,No,No,No,No,No,No,No,No,No,No,No,No,No,No,No,50,45,47,1.27,8.068,4.759,0.043,5.201,1.452,0.949,0.493,64,15,64,64,0,6.9,0,0,0,0,0,0,39,43.2,38.9,41.1,37.7,42.8,32.7,40.8,35.1,35.1,31.2,34,37.8,37.2,2096.4,21.33,36,39,39,90,129,598,1,2,Yes,No,No,No,No,No,No,No,No,No,Yes,No,No,No,No,No,No,No,No,No,No,No,No,No,No,No,No,No,No,No,No,No,No,No,No,No,No,50,51,50,49,42,50,54,51,7241,6996,65,56,55,100,No,No,34677,80129,7.9,0.2,8.1,5.354,0.701,515094,191352,48,0.78,0.043,900,2096,0.6,0.3,0,0.4,0.5,0,1.6,0,0,34.3,1356,2601,1356,No,No,No,No,No,No,No,No,8.184,28.371,96.6,4.493,43.5,59.6,5.4,63.2,0.8,0.8,0.8,0.8,5.4,60.4,0.8,0.8,0.8,0.8,186.74,1238.09,15.82,15.79,1332.6,1332.6,0.57,13.28,186.74,0,253.55,1599,60,1794.2,22.1,0
1.7.2026,53:16.4,20835,2390,89.7,7045,869,89,24,15311,3669,0.764,0.785,0.782,0.782,0.707,0.726,0.768,2161.9,2358.4,2358.4,2358.4,1572.3,98.3,2161.9,564,734.3,654.7,629.8,535.8,583.7,460.3,539.5,373.8,564,25.7,32,28.8,29.5,25.3,26,20.5,25.6,17.8,32,25.7,100,25.4,32.9,29.7,28.3,24.2,26.5,20.7,24.4,16.8,25.4,22,24,24,24,16,22,45,47,45,45,44,55,53,55,55,56,48,47,No,No,No,No,No,No,No,No,No,No,No,No,No,No,No,No,No,No,50,46,47,2.539,8.255,4.919,0.089,5.257,1.439,0.876,0.486,64,15,64,64,0,10.9,0,0,0,0,0,0,26.1,32.4,28.9,30,25.8,26.6,20.9,26.3,18.2,44.9,38.2,43.6,47.7,50,2096.4,21.33,36,39,39,90,129,598,1,2,Yes,No,No,No,No,No,No,No,No,No,Yes,No,No,No,No,No,No,No,No,No,No,No,No,No,No,No,No,No,No,No,No,No,No,No,No,No,No,50,51,50,49,42,50,54,51,7308,7009,65,56,55,100,No,No,34677,80129,5.2,0.1,5.4,2.103,0.189,515098,191353,47,0.782,0.089,900,2096,1.5,0.5,0,0.8,1.9,0,2.1,0,0,34.3,1356,2600,1357,No,No,No,No,No,No,No,No,8.182,28.371,96.6,4.484,43.5,59.6,40.3,65.3,15.1,14.9,14.9,14.9,40.4,61.1,15,15,15,15,24.84,66,15.33,15.2,67.17,67.17,0.85,1.46,24.57,0.27,6.92,1599,60,0.7,3.9,0
1.7.2026,53:18.4,20867,2358,89.8,7066,848,89.2,24,15311,3667,0.666,0.662,0.667,0.662,0.672,0.666,0.768,1179.2,1179.2,1179.2,1179.2,1179.2,98.3,1277.5,428.7,527.1,440.1,438.4,446.5,454.3,341.3,456.6,325.2,428.7,27.5,34,26.8,28.3,29,29,22.2,29.6,21,34,27.5,100,19.6,24.2,20.1,20,20.3,20.8,15.6,20.7,14.7,19.6,12,12,12,12,12,13,45,47,44,44,45,55,53,56,56,55,48,47,No,No,No,No,No,No,No,No,No,No,No,No,No,No,No,No,No,No,50,50,47,7.109,5.685,2.554,0.044,4.611,1.356,0.776,0.499,64,15,64,64,0,14.5,0,0,0,0,0,0,28.1,34.6,27.2,29,29.7,29.8,22.9,30.3,21.6,45.9,40.9,44.5,47.1,51.2,1048.2,10.67,20,20,20,45,129,299,1,2,Yes,No,No,No,No,No,No,No,No,No,Yes,No,No,No,No,No,No,No,No,No,No,No,No,No,No,No,No,No,No,No,No,No,No,No,No,No,No,50,51,50,49,42,50,54,51,7308,6984,65,56,55,100,No,No,34677,80129,13.9,0,13.9,13.802,0.018,515125,191353,48,0.727,0.044,600,1048,1,0.6,0,0.6,0.9,0,1.9,0,0,34.5,1365,2592,1365,No,No,No,No,No,No,No,No,8.181,28.378,96.7,4.483,43.5,59.6,40.3,65.3,15.1,14.9,14.9,14.9,40.4,61.1,15,15,15,15,24.84,66,15.33,15.2,67.17,67.17,0.85,1.46,24.57,0.27,6.92,1603,60,2073.6,19.7,0
1.7.2026,53:20.4,20933,2292,90.1,7219,695,91.2,23.9,15311,3667,0.667,0.662,0.667,0.665,0.672,0.653,0.768,1179.2,1179.2,1179.2,1179.2,1179.2,98.3,982.7,625.1,695.7,568.6,624.1,622.4,735.3,706.4,578.8,469.5,625.1,30.1,34.5,27.8,30,30.6,34.2,31.3,28.9,23.5,34.5,30.1,100,27.8,31.5,25.7,27.9,27.6,32.5,30.9,25.9,20.9,27.8,12,12,12,12,12,10,44,45,45,44,42,56,55,55,56,58,47,45,No,No,No,No,No,No,No,No,No,No,No,No,No,No,No,No,No,No,50,46,47,1.016,8.296,4.915,0.153,5.227,1.431,0.918,0.484,64,15,64,64,0,9.9,0,0,0,0,0,0,30.5,34.8,28.2,30.6,31.1,34.6,31.5,29.5,23.8,41.3,39.4,40.4,37.1,48.2,2096.4,21.33,36,39,39,90,129,598,1,2,Yes,No,No,No,No,No,No,No,No,No,Yes,No,No,No,No,No,No,No,No,No,No,No,No,No,No,No,No,No,No,No,No,No,No,No,No,No,No,50,51,49,50,42,49,54,51,7322,6984,65,56,55,100,No,No,34677,80129,10.7,0,10.8,13.524,0.047,515151,191353,47,0.782,0.153,900,2096,2.5,1.7,0,1,2.8,0,2.1,0,0,35.7,1411,2546,1412,No,No,No,No,No,No,No,No,8.181,28.378,96.7,4.467,43.5,59.6,36.6,69.8,4.5,3.5,3.5,3.5,37.2,61.3,4.6,3.6,3.5,3.5,27.3,222.28,14.21,14.15,289.39,289.39,1.61,4.19,26.88,0.42,21.88,1603,60,1.2,4.1,0
1.7.2026,53:22.4,20936,2289,90.1,7376,538,93.1,23.9,15311,3664,0.702,0.7,0.7,0.702,0.705,0.671,0.768,1572.3,1572.3,1572.3,1572.3,1572.3,98.3,1375.8,683.8,794,661.8,642.1,627.5,903.5,664.1,591.3,585.9,683.8,32.5,38.5,29.3,32.7,31.4,39.8,29.8,31.1,27.2,39.8,32.5,100,30,34.9,29.2,28.3,27.8,39.4,29.1,26.2,25.5,30,16,16,16,16,16,14,46,47,46,44,45,54,53,54,56,55,48,47,No,No,No,No,No,No,No,No,No,No,No,No,No,No,No,No,No,No,66,66,47,7.871,8.215,4.987,0.042,5.393,1.412,0.892,0.49,64,15,64,64,0,11.5,0,0,0,0,0,0,32.3,38.3,29.1,32.5,31.2,39.7,29.5,31,26.9,42.4,40.9,43.6,38.2,46.9,2096.4,21.33,36,39,39,90,129,598,1,2,Yes,No,No,No,No,No,No,No,No,No,Yes,No,No,No,No,No,No,No,No,No,No,No,No,No,No,No,No,No,No,No,No,No,No,No,No,No,No,50,51,49,50,42,49,54,51,7295,6984,65,56,55,100,No,No,34677,80129,13.2,0.7,13.9,17.378,0.051,515184,191353,47,0.782,0.042,900,2096,0.6,0.2,0,0.5,0.7,0,1.9,0,0,35.1,1389,2568,1389,No,No,No,No,No,No,No,No,8.181,28.378,96.7,4.467,43.5,59.6,14.2,152.4,1.6,1.4,1.4,1.4,13.3,60.3,1.6,1.4,1.4,1.4,70.13,622.05,6.48,5.58,710.21,710.21,1.56,34.91,69.77,0.36,70.28,1605,60,1153.8,21.2,0
1.7.2026,53:24.4,20935,2290,90.1,7249,665,91.5,23.5,15311,3592,0.666,0.662,0.665,0.662,0.672,0.653,0.768,1179.2,1179.2,1179.2,1179.2,1179.2,98.3,982.7,844.9,1123.5,692.9,997.2,654.3,960.6,735.5,832.2,762.6,844.9,38.1,47.1,33.1,43.6,31.4,42.5,32.8,39.9,34.7,47.1,38.1,100,37.1,48.9,30.6,43.6,29,42.2,32.2,36.6,33.3,37.1,12,12,12,12,12,10,45,46,46,44,44,55,54,54,56,56,48,46,No,No,No,No,No,No,No,No,No,No,No,No,No,No,No,No,No,No,49,47,48,14.219,10.256,6.936,0.042,5.866,1.488,1.008,0.486,64,15,64,64,0,5.3,0,0,0,0,0,0,38.6,47.4,33.7,44.2,31.9,43,33.3,40.5,35.2,32.9,30,34.6,31.9,35.2,1048.2,10.67,20,20,20,45,129,299,1,2,Yes,No,No,No,No,No,No,No,No,No,Yes,No,No,No,No,No,No,No,No,No,No,No,No,No,No,No,No,No,No,No,No,No,No,No,No,No,No,50,51,49,50,42,49,54,51,7295,6984,65,56,55,100,No,No,34677,80129,11.9,2.8,14.7,7.005,4.141,515197,191361,47,0.782,0.042,900,1048,0.5,0.1,0,0.5,0.4,0,2,0,0,35.1,1389,2568,1389,No,No,No,No,No,No,No,No,8.182,28.378,96.7,4.459,43.5,59.6,9.2,50.2,5.5,5.5,5.5,5.5,9.2,50,5.5,5.5,5.5,5.5,108.21,180.66,19.93,16.94,183.09,183.09,0.25,20.46,108.21,0,58.5,1606,60,500.4,11.7,0
1.7.2026,53:26.4,20916,2309,90,7266,648,91.8,23.4,15311,3585,0.674,0.67,0.667,0.675,0.682,0.656,0.768,1252.9,1277.5,1179.2,1277.5,1277.5,98.3,1080.9,425.8,432.6,377.3,469.7,384.1,422,355,442.5,523,425.8,23.8,26.1,20.9,25.7,22.1,25.3,20.6,25.5,24,26.1,23.8,100,19.1,19.7,17.1,20.9,17.1,19.1,15.9,19.9,22.8,19.1,12.8,13,12,13,13,11,45,47,44,44,45,55,53,56,56,55,47,47,No,No,No,No,No,No,No,No,No,No,No,No,No,No,No,No,No,No,50,47,48,3.047,6.672,3.513,0.058,4.753,1.348,0.769,0.48,64,15,64,64,0,16.2,0,0,0,0,0,0,24.2,26.6,21.2,26.1,22.5,26,20.9,26.1,24.3,52.5,50.6,52.4,53.9,53.3,2096.4,21.33,36,39,39,90,129,598,1,2,Yes,No,No,No,No,No,No,No,No,No,Yes,No,No,No,No,No,No,No,No,No,No,No,No,No,No,No,No,No,No,No,No,No,No,No,No,No,No,50,51,49,50,42,49,54,51,7295,6984,65,56,55,100,No,No,34677,80129,9.2,0,9.3,6.165,0.03,515209,191361,47,0.73,0.058,600,2096,0.6,0.3,0,0.5,0.5,0,1.8,0,0,34.6,1371,2586,1371,No,No,No,No,No,No,No,No,8.181,28.386,96.7,4.467,43.5,59.6,2.4,2.7,2.1,2.1,2.1,2.1,2.4,2.7,2.1,2.1,2.1,2.1,424.96,481.82,368.09,367.05,482.98,482.98,0.41,0,424.96,0,91.05,1606,60,0,0,0
1.7.2026,53:28.4,20902,2323,89.9,7269,645,91.8,23.4,15311,3583,0.674,0.67,0.675,0.672,0.68,0.658,0.768,1277.5,1277.5,1277.5,1277.5,1277.5,98.3,1080.9,865.4,1015.8,926.8,919.6,809.9,811.9,806.7,863.8,768.5,865.4,32.1,37.7,31.9,33.9,29.9,31.1,29.7,33.4,29.2,37.7,32.1,100,37.7,44.4,40.2,40.1,35.4,35.6,34.9,37.8,33.4,37.7,13,13,13,13,13,11,46,47,47,45,45,54,53,53,55,55,48,47,No,No,No,No,No,No,No,No,No,No,No,No,No,No,No,No,No,No,50,47,47,8.887,11.825,8.43,0.152,6.243,1.452,0.93,0.488,64,15,64,64,0,5.9,0,0,0,0,0,0,32.2,37.8,32,34.1,30.1,31.3,29.8,33.5,29.4,43.3,40,42.9,45,45.3,2096.4,21.33,36,39,39,90,129,598,1,2,Yes,No,No,No,No,No,No,No,No,No,Yes,No,No,No,No,No,No,No,No,No,No,No,No,No,No,No,No,No,No,No,No,No,No,No,No,No,No,49,51,49,50,42,49,54,51,7295,6996,65,56,55,100,No,No,34677,80129,5.9,0.1,6,6.871,0.116,515222,191361,47,0.73,0.152,600,2096,3.8,2.6,0,1.3,4.4,0,2.1,0,0,34.8,1375,2581,1376,No,No,No,No,No,No,No,No,8.181,28.386,96.7,4.434,43.5,59.6,28.6,121.8,2,1.1,1.1,1.1,28.1,60.5,2,1.1,1.1,1.1,34.92,488.99,8.27,3.07,945.36,945.36,1.66,16.94,34.51,0.42,2.2,1607,60,517.5,44.2,0
1.7.2026,53:30.4,20912,2313,90,7278,636,91.9,23.4,15311,3582,0.671,0.67,0.667,0.662,0.682,0.658,0.768,1228.4,1277.5,1179.2,1179.2,1277.5,98.3,1080.9,483.8,536.3,421.9,471,481,528.4,434.9,509.1,487.5,483.8,36.1,40.3,31.7,35.5,36.4,39.6,32.8,37.6,35.1,40.3,36.1,100,21.6,24.2,19.1,21.3,21.4,23.6,19.5,22.6,21.3,21.6,12.5,13,12,12,13,11,45,47,44,45,44,55,53,56,55,56,48,47,No,No,No,No,No,No,No,No,No,No,No,No,No,No,No,No,No,No,51,49,47,5.84,5.575,2.352,0.075,4.607,1.402,0.891,0.49,64,15,64,64,0,9.8,0,0,0,0,0,0,36.2,40.2,31.7,35.6,36.4,39.8,32.9,37.7,34.9,38.4,38.6,40.3,37.7,37.1,2096.4,21.33,36,39,39,90,129,598,1,2,Yes,No,No,No,No,No,No,No,No,No,Yes,No,No,No,No,No,No,No,No,No,No,No,No,No,No,No,No,No,No,No,No,No,No,No,No,No,No,51,51,49,50,42,49,54,51,7308,6984,65,56,55,100,No,No,34677,80129,6.1,0,6.1,2.431,0.114,515227,191361,48,0.73,0.075,600,2096,2.2,1,0,0.7,3.2,0,0.3,0,0,34.6,1371,2586,1371,No,No,No,No,No,No,No,No,8.186,28.386,96.7,4.461,43.5,59.6,54.8,107.8,15.6,9.3,8.9,8.9,55.8,60.5,20.4,12.5,12,12,18.24,63.78,9.23,5.63,111.37,111.37,0.57,3.55,17.73,0.51,3.68,1609,60,1107.4,14.8,0
1.7.2026,53:32.4,20913,2312,90,7291,623,92.1,23.4,15311,3582,1.012,1.107,0.9,1.052,0.99,0.911,0.768,3758.8,4127.3,3242.8,3930.7,3734.2,98.3,3537.6,710.7,715.7,626.9,803.4,592.6,605.7,605.4,926.1,809.7,710.7,28.3,31,25.1,31.1,24.4,27.7,23.9,32.4,30.5,32.4,28.3,100,30.8,31.4,27.2,34.6,25.7,26.7,26.2,40,34.4,30.8,38.2,42,33,40,38,36,52,61,51,47,50,48,39,49,53,50,61,61,No,No,No,No,No,No,No,No,No,No,No,No,No,No,No,No,No,No,53,53,49,9.141,10.83,7.602,0.052,5.949,1.41,0.881,0.487,64,15,64,64,0,6.6,0,0,0,0,0,0,28.8,31,25.7,31.7,25.1,28.2,24.5,32.9,30.8,47.1,48.4,47.9,51.3,40.9,2096.4,21.33,36,39,39,90,129,598,1,2,Yes,No,No,No,No,No,No,No,No,No,Yes,No,No,No,No,No,No,No,No,No,No,No,No,No,No,No,No,No,No,No,No,No,No,No,No,No,No,50,52,49,50,42,49,54,51,7295,6984,65,56,55,100,No,No,34677,80129,3.7,0,3.8,1.6,0.022,515230,191361,48,0.727,0.052,600,2096,1.8,1.2,0,0.5,2.3,0,0,0,0,34.6,1368,2588,1369,No,No,No,No,No,No,No,No,8.182,28.394,96.7,4.451,43.5,59.6,48.3,154.1,11.5,10.2,10.1,10.1,47.6,60.6,10.9,10.1,10,10,20.7,86.8,6.51,5.15,99.15,99.15,0.55,2.12,20.37,0.33,14.42,1611,60,731.1,10.1,0
1.7.2026,53:34.4,20446,2779,88,7273,641,91.8,23.4,15311,3581,0.854,1.02,0.752,0.655,0.99,0.893,0.766,2702.4,3734.2,2161.9,1179.2,3734.2,98.3,3439.4,1096.6,1305.4,950.3,1073.6,868.5,1234.2,1012.6,1056.5,1271.5,1096.6,34.1,41.1,29.8,35,27.4,37.6,31.5,32.8,37.3,41.1,34.1,100,47.4,56.7,41.5,46.5,37.7,53.2,43.7,45.7,53.9,47.4,27.5,38,22,12,38,35,54,57,51,54,55,46,43,49,46,45,57,57,No,No,No,No,No,No,No,No,No,No,No,No,No,No,No,No,No,No,65,65,49,9.902,15.565,12.076,0.192,7.309,1.517,1.032,0.488,64,15,64,64,0,3.4,0,0,0,0,0,0,34.2,41.4,29.8,35,27.5,37.7,31.6,32.8,38,38.5,34.6,42.3,39,38.2,2096.4,21.33,36,39,39,90,129,598,1,2,Yes,No,No,No,No,No,No,No,No,No,Yes,No,No,No,No,No,No,No,No,No,No,No,No,No,No,No,No,No,No,No,No,No,No,No,No,No,No,50,53,49,50,42,49,54,51,7295,6996,65,55,55,100,No,No,34677,80129,7.8,0,7.8,10.647,0.08,515250,191361,50,0.727,0.192,600,2096,4.7,4.2,0,1.1,5,0.3,0,0,0,35.9,1418,2538,1419,No,No,No,No,No,No,No,No,8.181,28.394,96.7,4.418,43.5,59.6,43.7,125.4,10.6,9.1,9,9,44.2,61.9,10.7,10.1,10,10,22.87,94.72,7.99,6.46,111.03,111.03,1.4,0.26,22.53,0.34,6.83,1611,61,439.3,17.2,0
1.7.2026,53:36.4,20400,2825,87.8,7279,635,91.9,22.8,15311,3485,0.689,0.685,0.69,0.688,0.692,0.663,0.766,1474,1474,1474,1474,1474,98.3,1277.5,1440.1,1495.7,1316.5,1430,1323.3,1514,1350.8,1608.9,1481.3,1440.1,47.9,50.3,44,48,44.1,50.5,45.2,53.2,47.6,53.2,47.9,100,62.3,65,57.5,61.9,57.1,65.2,58.2,69.2,64.1,62.3,15,15,15,15,15,13,49,51,48,48,48,51,49,52,52,52,51,51,No,No,No,No,No,No,No,No,No,No,No,No,No,No,No,No,No,No,52,50,49,3.555,16.538,12.961,0.156,7.763,1.666,1.261,0.49,64,15,64,64,0,0.5,0,0,0,0,0,0,47.4,49.9,43.6,47.5,43.7,50,44.8,52.7,46.8,23.4,23.9,26.4,23.3,20,2096.4,21.33,36,39,39,90,129,598,1,2,Yes,No,No,No,No,No,No,No,No,No,Yes,No,No,No,No,No,No,No,No,No,No,No,No,No,No,No,No,No,No,No,No,No,No,No,No,No,No,52,54,49,49,42,50,54,51,7308,6996,65,55,55,100,No,No,34677,80129,9.7,0.1,9.7,19.583,0.259,515288,191362,49,0.725,0.156,600,2096,4.7,3.9,0,1.3,4.9,1.8,0,0,0,36.3,1438,2519,1438,No,No,No,No,No,No,No,No,8.185,28.394,96.7,4.412,43.5,59.6,31.7,68.6,6.3,5.7,5.6,5.6,31.5,62.7,6.1,5.5,5.5,5.5,31.56,157.99,14.41,14.3,177.43,177.43,1.95,4.3,31.13,0.42,24.36,1612,61,436.7,21.4,0
1.7.2026,53:38.5,20187,3038,86.9,7301,613,92.2,22.7,15311,3470,0.666,0.67,0.665,0.66,0.67,0.656,0.766,1203.8,1277.5,1179.2,1179.2,1179.2,98.3,1080.9,920.9,1115.2,851.9,884.8,757,1067.7,951.2,908.6,830.8,920.9,44.6,56.3,41,43.8,37.6,50.1,43.2,43.8,40.9,56.3,44.6,100,40.4,49,37.7,39,33.4,46.4,41.4,40,36.2,40.4,12.2,13,12,12,12,11,47,49,46,47,47,53,51,54,53,53,50,49,No,No,No,No,No,No,No,No,No,No,No,No,No,No,No,No,No,No,55,55,49,7.363,9.729,6.261,0.142,5.763,1.549,1.112,0.496,64,15,64,64,0,3.4,0,0,0,0,0,0,44.8,56.3,41.2,44.5,37.9,50.4,43.3,44,41.1,28.5,22.8,32.4,26.6,32.2,2096.4,21.33,36,39,39,90,129,598,1,2,Yes,No,No,No,No,No,No,No,No,No,Yes,No,No,No,No,No,No,No,No,No,No,No,No,No,No,No,No,No,No,No,No,No,No,No,No,No,No,52,54,49,49,42,50,54,51,7322,6996,65,55,55,100,No,No,34677,80129,10.1,0.2,10.3,11.556,0.412,515310,191363,49,0.727,0.142,600,2096,3.5,2.5,0,1.1,3.9,1.8,0,0,0,36.6,1447,2510,1447,No,No,No,No,No,No,No,No,8.181,28.401,96.7,4.426,43.5,59.6,35,79,4.5,3.9,3.8,3.8,35,61.2,4.4,3.8,3.8,3.8,28.56,222.79,12.76,12.11,260.95,260.95,1.48,7.2,28.06,0.5,22.88,1615,61,1402.3,22.8,0
1.7.2026,53:40.5,20224,3001,87,7391,523,93.3,22.6,15311,3466,1.001,1.02,0.987,1.007,0.99,0.893,0.766,3734.2,3734.2,3734.2,3734.2,3734.2,98.3,3439.4,1086.2,1164.9,1025.5,1086.1,971.3,1071.6,1060.6,1202.6,1107,1086.2,47.7,52.8,44.7,48.7,43.7,46.9,45.9,51.1,47.6,52.8,47.7,100,47,51,45.2,47.8,41.9,46.1,45.3,51.4,47,47,38,38,38,38,38,35,62,59,59,62,66,38,41,41,38,34,62,66,No,No,No,No,No,No,No,No,No,No,No,No,No,No,No,No,No,No,52,51,51,4.316,10.774,7.259,0.204,6.219,1.563,1.122,0.49,64,15,64,64,0,0.5,0,0,0,0,0,0,48,52.9,44.6,48.6,44.1,47.5,46.4,51.7,48.1,23.1,21.4,24.8,25.2,21.2,2096.4,21.33,36,39,39,90,129,598,1,2,Yes,No,No,No,No,No,No,No,No,No,Yes,No,No,No,No,No,No,No,No,No,No,No,No,No,No,No,No,No,No,No,No,No,No,No,No,No,No,52,54,49,49,42,50,54,51,7295,6996,65,55,55,100,No,No,34677,80129,11.3,0.1,11.3,10.748,0.05,515330,191363,50,0.735,0.204,650,2096,6.7,5.2,0,2.2,7.1,2.1,0,1.9,0,37.5,1483,2473,1485,No,No,No,No,No,No,No,No,8.182,28.401,96.7,4.435,43.5,59.6,60.6,75.7,54.3,54.3,54.3,54.3,60.1,60.3,59.9,59.9,59.9,59.9,16.39,18.21,13.23,13.13,18.23,18.23,1.51,0.44,15.91,0.48,1.64,1616,61,291,37.9,0
1.7.2026,53:42.5,20218,3007,87,7416,498,93.7,22.6,15311,3464,0.718,0.717,0.717,0.717,0.72,0.676,0.766,1768.8,1768.8,1768.8,1768.8,1768.8,98.3,1572.3,761.3,897.1,701.5,696.7,616.1,793.5,886.9,849.8,648.5,761.3,41.1,48.9,38.9,39.6,34.9,41.7,44.3,43.6,37.3,48.9,41.1,100,34,39.7,31.4,31.1,27.8,35.6,39.2,38,29.3,34,18,18,18,18,18,16,47,48,47,47,46,53,52,53,53,54,50,48,No,No,No,No,No,No,No,No,No,No,No,No,No,No,No,No,No,No,64,64,50,9.902,8.966,5.237,0.435,5.582,1.569,1.141,0.488,64,15,64,64,0,3.8,0,0,0,0,0,0,41.1,48.9,39.1,39.9,34.9,41.6,44,43.4,37.1,31.5,27.2,37.5,28.8,32.4,2096.4,21.33,36,39,39,90,129,598,1,2,Yes,No,No,No,No,No,No,No,No,No,Yes,No,No,No,No,No,No,No,No,No,No,No,No,No,No,No,No,No,No,No,No,No,No,No,No,No,No,52,54,49,49,42,50,54,51,7308,6996,65,55,55,100,No,No,34677,80129,10.4,0.1,10.5,10.527,0.193,515351,191363,50,0.78,0.435,900,2096,11.7,10,0,3.2,13,2.1,0,1.2,0,37.3,1474,2482,1475,No,No,No,No,No,No,No,No,8.182,28.401,96.7,4.418,43.5,59.6,54.8,69.7,23.8,20.3,20,20,53.7,62,17.1,15.2,15,15,18.25,42.03,14.34,13.06,50.06,50.06,0.63,0.21,18.25,0,2.45,1616,61,426,15.7,0
1.7.2026,53:44.5,20196,3029,86.9,7418,497,93.7,22.6,15311,3463,0.743,0.715,0.755,0.75,0.752,0.676,0.766,2063.6,1768.8,2161.9,2161.9,2161.9,98.3,1572.3,1015.5,1017.3,959.4,1136.3,1008.5,998.1,1146.8,973,884.4,1015.5,46.1,47,44.3,48.2,43.4,47.7,49.9,46.6,42.3,49.9,46.1,100,44.8,45.7,42.8,49.9,44.5,43.9,49.8,43.1,38.9,44.8,21,18,22,22,22,16,49,51,49,49,48,51,49,51,51,52,51,51,No,No,No,No,No,No,No,No,No,No,No,No,No,No,No,No,No,No,54,54,51,14.727,11.267,7.499,0.363,6.307,1.587,1.181,0.485,64,15,64,64,0,1.5,0,0,0,0,0,0,45.9,46.5,43.9,48,43.1,47.5,49.6,46.5,42.2,23.5,22.7,23.1,22.1,26.1,2096.4,21.33,36,39,39,90,129,598,1,2,Yes,No,No,No,No,No,No,No,No,No,Yes,No,No,No,No,No,No,No,No,No,No,No,No,No,No,No,No,No,No,No,No,No,No,No,No,No,No,51,54,49,49,42,50,54,51,7322,6996,65,55,55,100,No,No,34677,80129,12.1,0.9,13.1,10.096,0.599,515370,191364,49,0.725,0.363,600,2096,11,9.8,0,2.7,11.6,1.9,0,0,0,37,1463,2494,1464,No,No,No,No,No,No,No,No,8.182,28.401,96.7,4.418,43.5,59.6,59.8,69.6,46.8,45.6,45.4,45.4,60,62,58.4,57.8,57.8,57.8,16.73,21.41,14.32,14.29,21.91,21.91,2.19,0.5,16.24,0.49,1.03,1617,61,99.3,8.8,0
1.7.2026,53:46.5,20532,2693,88.4,7852,62,99.2,22.6,15311,3463,1.001,1.02,0.987,1.007,0.987,0.893,0.763,3734.2,3734.2,3734.2,3734.2,3734.2,98.3,3439.4,2202.5,2195,2100.7,2217.1,2102.9,2296.9,2237.1,2287.2,2183.3,2202.5,66.6,67.4,63.4,67.6,63.5,70.1,67,69.3,64.5,70.1,66.6,100,94.1,95.4,90.5,95.3,90.1,98,95,96.9,91.7,94.1,38,38,38,38,38,35,72,70,73,71,74,28,30,27,29,26,76,74,No,No,No,No,No,No,No,No,No,No,No,No,No,No,No,No,No,No,71,71,52,9.141,21.162,17.064,0.369,9.137,1.79,1.452,0.493,64,15,64,64,0,0.9,0,0,0,0,0,0,66.7,66.9,63.4,67.1,63.7,70.1,67.4,69.6,65.2,13.1,13.5,14.9,11.1,12.9,2096.4,21.33,36,39,39,90,129,598,1,2,Yes,No,No,No,No,No,No,No,No,No,Yes,No,No,No,No,No,No,No,No,No,No,No,No,No,No,No,No,No,No,No,No,No,No,No,No,No,No,52,55,49,49,42,50,54,51,7308,7021,65,55,55,100,No,No,34677,80129,100,0.3,100,187.857,1.878,515742,191368,52,0.777,0.369,900,2096,8,7,0,2,8.5,1.7,0,0,0,39.7,1570,2386,1571,No,No,No,No,No,No,No,No,8.186,28.409,96.8,4.396,43.5,59.6,38,343.1,9.6,9.1,9.1,9.1,38.9,60.1,10.6,10.1,10,10,26.36,103.93,3.02,2.62,110.53,110.53,2.24,10.17,25.99,0.37,18.62,1618,61,528.9,58,0
1.7.2026,53:48.5,20519,2706,88.3,7479,436,94.4,22.5,15311,3440,0.744,0.715,0.737,0.735,0.787,0.676,0.716,2112.8,1867.1,2063.6,2063.6,2456.7,98.3,1670.6,2672.7,2675,2461.3,2814.2,2669.4,2735.8,2575.3,2693.6,2756.8,2672.7,72.9,72.4,67.1,77.3,72.8,74.1,70.1,73.5,75.8,77.3,72.9,100,116.3,116.1,108.2,121.9,116.2,118.9,112.4,117.3,119.8,116.4,21.5,19,21,21,25,17,57,58,58,56,55,43,42,42,44,45,58,58,No,No,No,No,No,No,No,No,No,No,No,No,No,No,No,No,No,No,68,68,52,9.141,26.488,22.527,0.218,10.872,1.881,1.46,0.496,64,15,64,64,0,0.1,0,0,0,0,0,0,72,71.8,66.3,76.1,72,73.3,69.2,72.7,74.6,2.8,3.7,1,3.7,3,2096.4,21.33,36,39,39,90,129,598,1,2,Yes,No,No,No,No,No,No,No,No,No,Yes,No,No,No,No,No,No,No,No,No,No,No,No,No,No,No,No,No,No,No,No,No,No,No,No,No,No,54,57,49,49,42,50,54,51,7322,7009,65,55,55,100,No,No,34677,80129,100,18.5,100,111.234,25.121,515949,191415,53,0.775,0.218,900,2096,2.7,1.8,0,0.9,2.8,1.9,0,0,0,37.3,1474,2482,1475,No,No,No,No,No,No,No,No,8.181,28.409,96.8,4.36,43.5,59.6,35.7,144.8,19.1,19,18.9,18.9,35.2,62.1,16.3,15.1,15,15,27.97,51.08,6.87,6.25,51.29,51.29,1.28,2.39,27.6,0.37,23.18,1619,61,643.5,49.5,0
1.7.2026,53:50.5,20604,2621,88.7,7252,662,91.6,24,15311,3672,0.942,0.902,0.93,0.985,0.95,0.891,0.761,3439.4,3144.6,3439.4,3635.9,3537.6,98.3,3439.4,1502,1470.2,1385.4,1498,1447.3,1643.3,1577.5,1587.4,1406.9,1502,50.1,49.9,45.5,51.6,49.1,54.3,51.2,52.6,46.4,54.3,50.1,100,65.8,65,60.9,66,63.6,71.9,68.7,69.1,61.4,65.8,35,32,35,37,36,35,54,55,55,52,52,46,45,45,48,48,58,55,No,No,No,No,No,No,No,No,No,No,No,No,No,No,No,No,No,No,64,64,52,5.84,16.484,12.877,0.115,7.823,1.696,1.205,0.489,64,15,64,64,0,1.1,0,0,0,0,0,0,49.9,49.9,45.5,51.5,49.1,54.1,50.9,52.3,45.9,17.4,17.6,18.3,15.2,18.3,2096.4,21.33,36,39,39,90,129,598,1,2,Yes,No,No,No,No,No,No,No,No,No,Yes,No,No,No,No,No,No,No,No,No,No,No,No,No,No,No,No,No,No,No,No,No,No,No,No,No,No,54,58,49,49,42,50,54,51,7308,7034,65,55,55,100,No,No,34677,80129,20.4,74.2,94.6,34.528,128.869,516014,191659,52,0.777,0.115,900,2096,2.1,1.5,0,0.7,2.1,1.7,0,0,0,37.7,1493,2464,1493,No,No,No,No,No,No,No,No,8.181,28.409,96.8,4.385,43.5,59.6,10,63.2,3.3,3.2,3.2,3.2,10.2,55.6,3.4,3.3,3.3,3.3,99.66,305.96,15.69,14.42,315.98,315.98,3.1,36.9,99.26,0.4,81.91,1619,61,111.9,37,0
1.7.2026,53:52.5,20532,2693,88.4,7202,712,90.9,24,15311,3672,0.661,0.655,0.662,0.66,0.667,0.648,0.763,1179.2,1179.2,1179.2,1179.2,1179.2,98.3,982.7,473.4,558,513,410.1,463.2,438.7,410.3,530.1,463.7,473.4,21.7,25.6,23.3,20.3,20.2,21.4,18.7,24.2,20.1,25.6,21.7,100,21,24.9,23.1,18.4,20.4,19.7,18,23.3,20.3,21,12,12,12,12,12,10,48,50,48,48,47,52,50,52,52,53,51,50,No,No,No,No,No,No,No,No,No,No,No,No,No,No,No,No,No,No,54,50,51,2.793,7.696,4.476,0.057,5.07,1.435,0.818,0.483,64,15,64,64,0,16.6,0,0,0,0,0,0,21.6,25.5,23,20.2,20.1,21.4,18.5,24.4,19.9,55.1,49.9,58,58.2,54.5,2096.4,21.33,36,39,39,90,129,598,1,2,Yes,No,No,No,No,No,No,No,No,No,Yes,No,No,No,No,No,No,No,No,No,No,No,No,No,No,No,No,No,No,No,No,No,No,No,No,No,No,54,57,50,49,42,50,54,51,7308,7021,65,55,55,100,No,No,34677,80129,7,0.8,7.8,4.488,0.628,516023,191660,51,0.735,0.057,650,2096,1,0.6,0,0.5,0.9,1.6,0,0,0,37.6,1489,2468,1489,No,No,No,No,No,No,No,No,8.185,28.416,96.8,4.412,43.5,59.6,9.8,40.2,3.2,3.1,3.1,3.1,9.6,30.1,3.2,3.2,3.2,3.2,101.56,312.71,24.78,24.65,321.42,321.42,2.76,45.65,101.27,0.29,99.35,1620,61,153.5,8.9,0
1.7.2026,53:54.5,20504,2721,88.2,7238,676,91.4,23.5,15311,3592,0.996,1.01,0.987,1.007,0.98,0.893,0.763,3734.2,3734.2,3734.2,3734.2,3734.2,98.3,3439.4,499.4,533,441.3,503.7,458.2,585.4,498.6,538.7,436.3,499.4,28.1,30.8,24.7,28,25.5,33.1,27.7,30.4,24.8,33.1,28.1,100,22.5,24.3,20.2,22.7,20.8,26.3,22,24.1,19.5,22.5,38,38,38,38,38,35,55,56,55,54,54,45,44,45,46,46,56,56,No,No,No,No,No,No,No,No,No,No,No,No,No,No,No,No,No,No,58,58,52,7.871,6.966,3.754,0.057,4.864,1.409,0.815,0.486,64,15,64,64,0,11.8,0,0,0,0,0,0,28.9,31.5,25.6,28.8,26.2,33.8,28.6,31.1,25.5,41.8,39.7,45.4,40.4,41.8,2096.4,21.33,36,39,39,90,129,598,1,2,Yes,No,No,No,No,No,No,No,No,No,Yes,No,No,No,No,No,No,No,No,No,No,No,No,No,No,No,No,No,No,No,No,No,No,No,No,No,No,53,57,50,49,42,50,54,51,7322,6996,65,55,55,100,No,No,34677,80130,19.4,3.8,23.2,35.479,0.759,516091,191662,52,0.777,0.057,900,2096,0.9,0.5,0,0.5,0.7,1.7,0,0,0,36.9,1459,2497,1460,No,No,No,No,No,No,No,No,8.182,28.416,96.8,4.418,43.5,59.6,10.6,47.5,5.4,5.3,5.3,5.3,10.7,60.2,5.5,5.5,5.5,5.5,94.37,186.44,20.89,20.54,187.75,187.75,2.15,20.49,94.02,0.35,98.35,1620,61,383.5,16.3,0
1.7.2026,53:56.5,20450,2775,88,7290,624,92.1,22.5,15311,3443,0.663,0.657,0.665,0.66,0.67,0.651,0.766,1179.2,1179.2,1179.2,1179.2,1179.2,98.3,982.7,603.8,705.3,575,547,603.2,671.4,600,620.4,508.1,603.8,24.1,28,23,22.3,24.1,27,23.3,24.6,20.6,28,24.1,100,27,31.4,25.7,24.6,26.8,30,27.1,28.1,22.5,27,12,12,12,12,12,10,47,49,47,47,46,53,51,53,53,54,51,49,No,No,No,No,No,No,No,No,No,No,No,No,No,No,No,No,No,No,53,50,51,1.523,10.032,6.723,0.071,5.753,1.456,0.876,0.486,64,15,64,64,0,10.1,0,0,0,0,0,0,24.2,28.1,23.1,22.5,24.2,27.1,23.1,24.8,20.7,38,37.7,38.8,36.2,39.3,2096.4,21.33,36,39,39,90,129,598,1,2,Yes,No,No,No,No,No,No,No,No,No,Yes,No,No,No,No,No,No,No,No,No,No,No,No,No,No,No,No,No,No,No,No,No,No,No,No,No,No,52,57,50,49,42,50,54,51,7295,7009,65,56,55,100,No,No,34677,80130,29.5,1,30.4,62.809,0.602,516212,191663,51,0.78,0.071,900,2096,1.4,0.9,0,0.6,1.4,1.7,0,0,0,36.9,1459,2498,1459,No,No,No,No,No,No,No,No,8.183,28.416,96.8,4.402,43.5,59.6,5.8,30.5,2.5,2.5,2.5,2.5,5.8,30,2.5,2.5,2.5,2.5,173.82,398.11,32.81,32.75,401.03,401.03,0.48,16.74,173.82,0,140.49,1621,61,463,14.2,0
1.7.2026,53:58.5,20467,2758,88.1,7125,789,90,23.6,15311,3618,0.941,1.02,0.912,0.92,0.91,0.893,0.766,3439.4,3734.2,3341.1,3341.1,3341.1,98.3,3439.4,503,576.5,434.2,463.1,456.6,611.2,450.7,609.1,422.7,503,24.4,28.5,21.9,23.1,22.9,28.5,21.8,29,19.4,29,24.4,100,22.7,26.2,19.5,21.1,20.8,27.4,20.3,27.3,18.7,22.6,35,38,34,34,34,35,54,58,52,52,54,46,42,48,48,46,58,58,No,No,No,No,No,No,No,No,No,No,No,No,No,No,No,No,No,No,52,52,51,3.555,7.5,4.298,0.077,5.087,1.406,0.812,0.483,64,15,64,64,0,11.9,0,0,0,0,0,0,25,29.1,22.7,23.8,23.4,29,22.3,29.4,20.1,44.6,43.8,46.6,45.5,42.7,2096.4,21.33,36,39,39,90,129,598,1,2,Yes,No,No,No,No,No,No,No,No,No,Yes,No,No,No,No,No,No,No,No,No,No,No,No,No,No,No,No,No,No,No,No,No,No,No,No,No,No,52,56,50,49,42,50,54,51,7322,7034,65,56,55,100,No,No,34677,80130,11.4,58.9,70.3,13.385,104.452,516237,191861,51,0.727,0.077,600,2096,1.7,1.1,0,0.7,1.7,1.7,0,0,0,37,1463,2493,1464,No,No,No,No,No,No,No,No,8.182,28.424,96.8,4.394,43.5,59.6,6.2,60.8,2.1,2.1,2.1,2.1,6.2,59.9,2.1,2.1,2.1,2.1,162.36,468.75,16.45,16.43,482.68,482.68,0.46,15.18,162.36,0,191.25,1622,61,242.1,11.5,0
1.7.2026,54:00.5,20462,2763,88.1,7138,776,90.1,23.6,15311,3618,0.731,0.705,0.707,0.705,0.805,0.671,0.766,1891.7,1670.6,1670.6,1670.6,2555,98.3,1474,473.5,574.2,422.5,507.7,446.2,539.4,411.9,493.9,392.5,473.5,22.3,27.2,20.7,24.2,20.4,23.3,18,25.6,19.3,27.2,22.3,100,21.4,25.9,19.8,22.9,20,24.2,18.3,22.3,18,21.4,19.2,17,17,17,26,15,49,50,49,48,48,51,50,51,52,52,50,50,No,No,No,No,No,No,No,No,No,No,No,No,No,No,No,No,No,No,52,51,49,6.602,7.468,4.237,0.09,5.024,1.377,0.764,0.483,64,15,64,64,0,16,0,0,0,0,0,0,22.5,27.3,20.7,24.5,20.6,23.5,18.3,25.6,19.2,50.7,47.2,50.8,53.8,51,2096.4,21.33,36,39,39,90,129,598,1,2,Yes,No,No,No,No,No,No,No,No,No,Yes,No,No,No,No,No,No,No,No,No,No,No,No,No,No,No,No,No,No,No,No,No,No,No,No,No,No,53,56,50,49,42,50,54,51,7308,7034,65,56,55,100,No,No,34677,80130,6.9,0.1,6.9,4.209,0.206,516246,191862,49,0.78,0.09,900,2096,1.8,1.1,0,0.7,2,1.6,0,0,0,37.1,1467,2490,1467,No,No,No,No,No,No,No,No,8.182,28.424,96.8,4.402,43.5,59.6,4.4,7.4,2.9,2.9,2.9,2.9,4.4,7.4,2.9,2.9,2.9,2.9,229.1,345.83,135.35,133.52,349.33,349.33,0.56,29.27,229.1,0,132.78,1622,61,12.8,4.9,0
1.7.2026,54:02.5,20544,2681,88.4,7266,648,91.8,23.6,15311,3607,0.991,0.997,0.97,1.007,0.99,0.893,0.768,3685.1,3635.9,3635.9,3734.2,3734.2,98.3,3439.4,1013.7,1105.7,925.3,947,1036.5,1034.1,951.1,1043,1066.6,1013.7,42.3,46.6,38.8,41.6,41.6,42.2,40.2,44.1,43.4,46.6,42.3,100,43.9,48.6,40.4,41.7,44.4,44.8,41,44.8,45.2,43.8,37.5,37,37,38,38,35,54,52,51,54,58,46,48,49,46,42,54,58,No,No,No,No,No,No,No,No,No,No,No,No,No,No,No,No,No,No,52,51,50,7.871,11.356,7.737,0.241,6.168,1.579,1.135,0.494,64,15,64,64,0,2.9,0,0,0,0,0,0,42.7,46.7,39.2,41.8,42.2,42.6,40.4,44.6,43.9,30.8,30.8,31.5,32.4,28.7,2096.4,21.33,36,39,39,90,129,598,1,2,Yes,No,No,No,No,No,No,No,No,No,Yes,No,No,No,No,No,No,No,No,No,No,No,No,No,No,No,No,No,No,No,No,No,No,No,No,No,No,52,55,50,49,42,50,54,51,7308,7021,65,55,55,100,No,No,34677,80130,12,0.2,12.2,14.779,0.627,516274,191863,50,0.725,0.241,600,2096,5.3,3.8,0,1.6,5.4,1.8,0.5,0,0,38,1501,2455,1502,No,No,No,No,No,No,No,No,8.183,28.424,96.8,4.386,43.5,59.6,27.9,258.3,3.6,3.2,3.2,3.2,25,60.3,3.5,3.2,3.2,3.2,35.84,281.54,3.76,3.65,312.86,312.86,1.73,8.32,35.38,0.47,31.96,1625,61,1483,38.8,0
1.7.2026,54:04.5,20705,2520,89.1,7364,550,93,23.5,15311,3591,0.992,1.02,0.95,1.007,0.99,0.893,0.763,3685.1,3734.2,3537.6,3734.2,3734.2,98.3,3439.4,1644.3,1735.7,1508.1,1714.9,1755.7,1598.8,1633.1,1648.5,1559.3,1644.3,54.2,58.3,49.7,55.4,57,53.3,53,55.8,51.4,58.3,54.2,100,72.1,76.1,67.4,75,77.1,70.4,71,71.9,68,72.1,37.5,38,36,38,38,35,61,61,61,61,62,39,39,39,39,38,64,62,No,No,No,No,No,No,No,No,No,No,No,No,No,No,No,No,No,No,54,53,52,7.871,16.98,13.193,0.279,7.971,1.691,1.258,0.492,64,15,64,64,0,1.6,0,0,0,0,0,0,53.7,57.7,48.8,55.2,56.1,52.8,52.5,55.4,50.8,19.7,19.9,16.6,21.9,20.4,2096.4,21.33,36,39,39,90,129,598,1,2,Yes,No,No,No,No,No,No,No,No,No,Yes,No,No,No,No,No,No,No,No,No,No,No,No,No,No,No,No,No,No,No,No,No,No,No,No,No,No,53,56,50,49,42,50,54,51,7308,7021,65,55,55,100,No,No,34677,80130,10.3,0.1,10.3,12.738,0.169,516298,191863,52,0.725,0.279,600,2096,6.9,5.3,0,2.8,6.8,3.7,0,3.6,0,40.3,1594,2363,1595,No,No,No,No,No,No,No,No,8.183,28.424,96.8,4.378,43.5,59.6,50.9,65.5,12.9,12.1,12,12,50.7,62.1,13,12.1,12,12,19.65,77.34,15.26,15.25,83.39,83.39,0.44,0.05,19.65,0,6.61,1627,61,1098.6,40,0
1.7.2026,54:06.6,20739,2486,89.2,7426,488,93.8,23,15311,3524,0.724,0.685,0.725,0.722,0.765,0.661,0.763,1867.1,1474,1867.1,1867.1,2260.2,98.3,1277.5,1273.2,1432.9,1242,1252.9,1119.2,1320.9,1225.6,1332.1,1260.4,1273.2,48,54,47.2,47.5,43,48.8,45.5,51.1,46.7,54,48,100,56,63.1,55.1,55.3,49.6,58,53.8,58.4,54.9,56.1,19,15,19,19,23,13,50,51,50,50,48,50,49,50,50,52,52,51,No,No,No,No,No,No,No,No,No,No,No,No,No,No,No,No,No,No,54,53,51,2.031,13.76,9.681,0.635,7.134,1.728,1.354,0.485,64,15,64,64,0,1.3,0,0,0,0,0,0,47.9,53.9,47.2,47.5,43.1,48.6,45.4,50.9,46.4,19.9,16.7,23.3,21.4,18.4,2096.4,21.33,36,39,39,90,129,598,1,2,Yes,No,No,No,No,No,No,No,No,No,Yes,No,No,No,No,No,No,No,No,No,No,No,No,No,No,No,No,No,No,No,No,No,No,No,No,No,No,53,56,49,50,42,50,55,52,7322,7034,65,55,55,100,No,No,34677,80130,11.6,0.2,11.8,28,0.315,516352,191864,52,0.78,0.635,900,2096,14.7,12.5,0,4.7,15.3,3.6,0,4.6,0,40,1581,2375,1582,No,No,No,No,No,No,No,No,8.183,28.432,96.8,4.378,43.5,59.6,55.3,69,29.4,29.2,29.2,29.2,28.6,62,4.6,4.1,4,4,18.07,34.03,14.48,14.36,34.28,34.28,0.17,0,18.07,0,1.26,1627,61,22.5,5,0
1.7.2026,54:08.6,20775,2450,89.4,7452,462,94.1,23,15311,3524,0.695,0.695,0.725,0.677,0.682,0.666,0.763,1547.7,1572.3,1867.1,1375.8,1375.8,98.3,1375.8,1153,1313.9,1166.1,1265.4,989.4,1217,1001.3,1168.9,1102,1153,46.8,53.3,46,51.4,40.6,49.2,40.4,47.5,46.2,53.3,46.8,100,50.9,58,51.8,55.8,43.9,53.7,44.2,51.5,48.1,50.9,15.8,16,19,14,14,14,50,52,51,49,50,50,48,49,51,50,52,52,No,No,No,No,No,No,No,No,No,No,No,No,No,No,No,No,No,No,53,53,51,7.363,12.596,8.667,0.39,6.653,1.651,1.182,0.509,64,15,64,64,0,3.6,0,0,0,0,0,0,46.9,53.2,46.1,51.5,40.6,49.4,40.6,47.6,46.3,24.4,19.7,24.2,26.9,26.8,2096.4,21.33,36,39,39,90,129,598,1,2,Yes,No,No,No,No,No,No,No,No,No,Yes,No,No,No,No,No,No,No,No,No,No,No,No,No,No,No,No,No,No,No,No,No,No,No,No,No,No,54,56,49,50,42,50,55,52,7295,7021,65,55,55,100,No,No,34677,80130,4.5,0,4.5,2.555,0.111,516357,191864,51,0.78,0.39,900,2096,5.3,3.2,0,2.8,5.8,3.6,0,4.4,0,39.6,1566,2391,1570,No,No,No,No,No,No,No,No,8.186,28.432,96.8,4.38,43.5,59.6,60,63.6,56.5,55.6,55.5,55.5,60,61.1,59.1,58.9,58.9,58.9,16.67,17.69,15.72,15.64,18.01,18.01,0.26,0.27,16.67,0,0.33,1644,61,8995.3,66.6,0
1.7.2026,54:10.5,21155,2070,91,7833,81,98.9,23,15311,3524,0.67,0.66,0.667,0.662,0.69,0.651,0.761,1326.6,1277.5,1277.5,1277.5,1474,98.3,1080.9,1476.5,1509.5,1453,1404.2,1465.6,1476.7,1446.5,1599.9,1456.8,1476.5,52.7,54.2,53.3,50.9,51.6,53.3,50.8,56.7,50.6,56.7,52.7,100,65.8,67.6,65.9,63.4,65.6,65.5,63.7,70.7,64.2,65.8,13.5,13,13,13,15,11,52,55,51,52,50,48,45,49,48,50,55,55,No,No,No,No,No,No,No,No,No,No,No,No,No,No,No,No,No,No,73,73,52,11.68,16.64,12.555,0.61,7.552,1.704,1.292,0.493,64,15,64,64,0,2.2,0,0,0,0,0,0,52,53.6,51.9,50.1,50.9,53.2,50.6,56.1,49.9,18,16.2,18.3,19,18.7,2096.4,21.33,36,39,39,90,129,598,1,2,Yes,No,No,No,No,No,No,No,No,No,Yes,No,Yes,No,No,No,No,No,No,No,No,No,No,No,No,Yes,No,No,No,No,No,No,No,No,No,No,No,54,57,49,50,42,50,55,52,7295,7021,65,55,55,100,No,No,34677,80130,26.9,1,27.8,41.919,1.717,516438,191867,52,0.76,0.61,800,2096,13.9,12.3,0,4.9,14.5,7,0,3.1,0,47,1859,2097,1860,No,No,No,No,No,No,No,No,8.182,28.432,96.8,4.361,43.5,59.6,40,72.1,6.2,5.2,5.1,5.1,33,60.6,3.5,2.6,2.5,2.5,25.01,162.25,13.87,13.84,195.39,195.39,0.51,0,25.01,0,1.09,1645,61,485.2,25.7,0
1.7.2026,54:12.6,21152,2073,91,7456,458,94.2,23,15311,3521,0.96,1.02,0.987,1.007,0.825,0.893,0.763,3488.5,3734.2,3734.2,3734.2,2751.5,98.3,3439.4,1975.5,2041.7,1761.8,1995,1940.3,1967.2,1830.2,2087.6,2179.8,1975.5,60.7,63.7,54.7,61.4,60.2,60.5,55.9,64.2,65.3,65.3,60.7,100,85.6,89.2,77.4,86.4,84.1,85.7,79.6,89.4,93.2,85.5,35.5,38,38,38,28,35,60,58,61,62,60,40,42,39,38,40,60,62,No,No,No,No,No,No,No,No,No,No,No,No,No,No,No,No,No,No,66,66,53,5.332,20.505,15.782,1.084,9.057,1.852,1.57,0.486,64,15,64,64,0,0.2,0,0,0,0,0,0,60.5,63.4,54.2,61.2,59.9,60.3,55.4,64.1,65.1,12.4,12.1,13.4,13.9,10.3,2096.4,21.33,36,39,39,90,129,598,1,2,Yes,No,No,No,No,No,No,No,No,No,Yes,No,No,No,No,No,No,No,No,No,No,No,No,No,No,No,No,No,No,No,No,No,No,No,No,No,No,55,58,49,50,42,50,55,52,7322,7009,65,55,55,100,No,No,34677,80130,17.7,0.2,17.9,29.076,1.032,516493,191869,54,0.767,1.084,850,2096,18.4,17.3,0,5.7,18.8,9.5,0,0,0,47.3,1872,2084,1873,No,No,No,No,No,No,No,No,8.182,28.439,96.9,4.32,43.5,59.6,48.9,78.1,26.3,26,25.9,25.9,27.3,60.1,8.9,8.6,8.6,8.6,20.43,38.08,12.8,12.54,38.57,38.57,0.38,0,20.43,0,3.1,1646,61,204,8.9,0
1.7.2026,54:14.6,21180,2045,91.1,7258,656,91.7,25.4,15311,3886,1.001,1.02,0.987,1.007,0.987,0.893,0.761,3734.2,3734.2,3734.2,3734.2,3734.2,98.3,3439.4,1638.4,1674.1,1594.1,1599.9,1586.5,1717.7,1596.4,1809.2,1529,1638.4,56.8,58.3,54.9,56.2,54.2,59.6,54.9,61.9,54,61.9,56.8,100,71.2,73.6,70.3,70.2,68.3,74.4,68.8,77.8,66,71.3,38,38,38,38,38,35,66,65,65,68,66,34,35,35,32,34,67,68,No,No,No,No,No,No,No,No,No,No,No,No,No,No,No,No,No,No,59,59,54,7.617,16.242,11.792,0.835,7.992,1.814,1.489,0.485,64,15,64,64,0,0.7,0,0,0,0,0,0,56.6,57.8,54.2,55.9,54.4,59.7,55.1,61.8,53.7,13.8,13.1,14.3,14.1,13.7,2096.4,21.33,36,39,39,90,129,598,1,2,Yes,No,No,No,No,No,No,No,No,No,Yes,No,No,No,No,No,No,No,No,No,No,No,No,No,No,No,No,No,No,No,No,No,No,No,No,No,No,56,58,49,50,42,50,55,52,7308,7021,65,55,55,100,No,No,34678,80130,100,100,100,83.851,191.062,516655,192238,54,0.787,0.835,700,2096,16.6,15.4,0,6,17.1,9.5,0,3.2,0,46.9,1856,2100,1857,No,No,No,No,No,No,No,No,8.183,28.439,96.9,4.329,43.5,59.6,59.9,123.6,33,28.6,28.2,28.2,60,62.6,57.6,57.5,57.5,57.5,16.7,30.39,7.78,6.58,36.01,36.01,4.31,11.49,16.33,0.37,2.1,1646,61,2.9,1.7,0
1.7.2026,54:16.6,21104,2121,90.8,7302,612,92.2,25.2,15311,3864,0.674,0.662,0.667,0.665,0.7,0.653,0.763,1351.2,1277.5,1277.5,1277.5,1572.3,98.3,1080.9,1190.9,1388.3,1159.7,1212.7,1153.6,1198.8,1133.2,1170,1110.7,1190.9,50,57.9,47,52.2,47.3,51.3,47.5,50.3,46.2,57.9,50,100,52.6,60.9,51.3,53.2,51.4,53.4,50.4,52.2,48.1,52.6,13.8,13,13,13,16,11,50,52,51,51,48,50,48,49,49,52,53,52,No,No,No,No,No,No,No,No,No,No,No,No,No,No,No,No,No,No,55,53,52,6.602,13.934,9.364,0.808,6.762,1.766,1.411,0.505,64,15,64,64,0,2.4,0,0,0,0,0,0,50.1,57.9,47.3,52.6,47.1,51.3,47.3,50.4,47.1,21.8,18.9,21.9,23.3,23,2096.4,21.33,36,39,39,90,129,598,1,2,Yes,No,No,No,No,No,No,No,No,No,Yes,No,No,No,No,No,No,No,No,No,No,No,No,No,No,No,No,No,No,No,No,No,No,No,No,No,No,55,58,49,50,42,50,55,52,7308,7009,65,55,55,100,No,No,34678,80130,22.8,0.1,22.8,26.053,0.197,516705,192238,53,0.857,0.808,900,2096,14.7,12.5,0,7.3,15.2,8.1,0,13.3,0,46.8,1854,2103,1852,No,No,No,No,No,No,No,No,8.184,28.439,96.9,4.354,43.5,59.6,45.5,66,13.1,12.1,12,12,41.4,61.3,13,12.1,12,12,21.97,76.55,15.14,15.03,83.39,83.39,0.53,0,21.97,0,6.06,1654,62,4165.4,35.6,0
1.7.2026,54:18.6,20993,2232,90.3,7246,668,91.5,24.5,15311,3751,0.858,0.887,0.867,0.837,0.84,0.796,0.763,2948,3046.3,3046.3,2849.8,2849.8,98.3,2849.8,1108.4,1268.8,1057.7,1050.4,996.8,1128.8,1065.1,1179.5,1119.9,1108.4,45.9,51.8,43,45.7,42,47.6,43,48,45.9,51.8,45.9,100,48.6,55.5,46.6,46.2,43.7,49.3,46.3,51.4,49.4,48.6,30,31,31,29,29,29,59,61,63,57,54,41,39,37,43,46,63,63,No,No,No,No,No,No,No,No,No,No,No,No,No,No,No,No,No,No,63,63,53,6.348,13.262,8.741,0.819,6.642,1.736,1.395,0.483,64,15,64,64,0,1,0,0,0,0,0,0,45.6,51.5,42.8,45.5,41.8,47.5,42.9,47.7,44.9,23.6,22.2,26.4,24.4,21.4,2096.4,21.33,36,39,39,90,129,598,1,2,Yes,No,No,No,No,No,No,No,No,No,Yes,No,No,No,No,No,No,No,No,No,No,No,No,No,No,No,No,No,No,No,No,No,No,No,No,No,No,55,58,49,50,42,50,55,52,7295,7009,65,55,55,100,No,No,34678,80130,13.2,0,13.3,15.098,0.136,516734,192238,52,0.777,0.819,900,2096,12.1,10.3,0,6.2,12.5,8.1,0,10.3,0,46.8,1853,2103,1854,No,No,No,No,No,No,No,No,8.184,28.439,96.9,4.354,43.5,59.6,34.7,65.7,19.7,19.6,19.6,19.6,26.3,60.3,9.2,8.6,8.6,8.6,28.79,50.67,15.23,15.04,50.95,50.95,0.47,0,28.79,0,14.37,1654,62,35.7,2.7,0
1.7.2026,54:20.6,21061,2164,90.6,7406,508,93.5,24.4,15311,3739,1.001,1.022,0.987,1.007,0.987,0.891,0.761,3709.6,3635.9,3734.2,3734.2,3734.2,98.3,3439.4,1364.9,1375.3,1223.9,1356.5,1304.7,1345.1,1357.6,1459.1,1497,1364.9,45.5,46.9,40.8,45.5,44.6,46,43.8,49.7,46.8,49.7,45.5,100,58.9,60.7,53.5,59.1,56.2,58.6,58.5,62.5,61.9,58.7,37.8,37,38,38,38,35,67,67,65,69,68,33,33,35,31,32,68,69,No,No,No,No,No,No,No,No,No,No,No,No,No,No,No,No,No,No,69,69,54,11.172,14.866,10.739,0.726,7.747,1.741,1.34,0.487,64,15,64,64,0,0.2,0,0,0,0,0,0,45.9,47.4,41.3,46,44.7,46,44.1,50,48.1,21.2,22.7,22.9,21.3,17.9,2096.4,21.33,36,39,39,90,129,598,1,2,Yes,No,No,No,No,No,No,Yes,No,No,Yes,No,Yes,No,No,No,No,No,No,No,Yes,No,No,No,No,Yes,Yes,No,No,No,No,No,No,No,Yes,No,No,56,58,49,50,42,50,55,52,7322,7034,65,55,55,100,No,No,34678,80131,100,2.6,100,245.531,0.13,517217,192238,54,0.74,0.726,700,2096,11,9,0,6.4,10.8,7,0,14,0,46.2,1829,2127,1830,No,No,No,No,No,No,No,No,8.183,28.447,96.9,4.337,43.5,59.6,44.2,68.3,6.6,4.4,4.3,4.3,44.2,60.5,6.6,4.4,4.3,4.3,22.62,151.37,14.65,14.03,233.55,233.55,0.46,0.46,22.62,0,11.51,1655,62,535.9,15.2,0
1.7.2026,54:22.6,21104,2121,90.8,7481,433,94.5,24.4,15311,3734,0.951,0.997,0.987,1.007,0.81,0.891,0.761,3439.4,3635.9,3734.2,3734.2,2653.2,98.3,3439.4,1998,1901.8,1942.4,1924,1745.9,2025.5,2040.2,2219.3,2185.2,1998,62.2,59.1,59.9,62.8,56.3,64.2,63,66.1,65.9,66.1,62.2,100,86.8,82.9,84.2,83.9,76.1,87.9,87.1,96,96,86.9,35,37,38,38,27,35,60,59,59,64,60,40,41,41,36,40,62,64,No,No,No,No,No,No,No,No,No,No,No,No,No,No,No,No,No,No,64,64,55,3.301,22.817,18.191,0.952,9.289,1.841,1.472,0.484,64,15,64,64,0,0,0,0,0,0,0,0,61.6,58.7,59.5,62.2,55.9,63.6,63.2,65.4,64.2,11.2,13.3,12,10.9,8.6,2096.4,21.33,36,39,39,90,129,598,1,2,Yes,No,No,No,No,No,No,No,No,No,Yes,No,No,No,No,No,No,No,No,No,No,No,No,No,No,No,No,No,No,No,No,No,No,No,No,No,No,55,59,50,49,42,51,55,53,7405,6996,65,55,55,100,No,No,34678,80131,44.3,2.9,47.3,98.138,0.251,517401,192239,55,0.857,0.952,900,2096,12.3,10.2,0,7.1,12.1,7.5,0,15.9,0,46.4,1836,2121,1836,No,No,No,No,No,No,No,No,8.183,28.447,96.9,4.312,43.5,59.6,56.9,63.4,30,30,30,30,56.9,60.4,30,30,29.9,29.9,17.57,33.3,15.77,15.2,33.35,33.35,0.51,0.07,17.57,0,1.06,1655,62,229,26.6,0
1.7.2026,54:24.7,21135,2090,90.9,7486,428,94.5,24.3,15311,3722,1,1.02,0.985,1.007,0.987,0.891,0.758,3734.2,3734.2,3734.2,3734.2,3734.2,98.3,3439.4,2050.8,2075.5,1789.9,2161.4,1896.6,2128,2100.2,2160.3,2094.7,2050.8,57.8,59.2,50.6,61.1,53.3,59.7,59.6,60.6,58.6,61.1,57.8,100,89.1,91,78.8,93.9,82.1,92.4,92.3,93.1,89.2,89.2,38,38,38,38,38,35,72,70,73,67,79,28,30,27,33,21,78,79,No,No,No,No,No,No,No,No,No,No,No,No,No,No,No,No,No,No,59,59,57,7.617,23.473,18.665,0.913,9.75,1.854,1.446,0.493,64,15,64,64,0,0.2,0,0,0,0,0,0,57.8,58.9,50.3,61.2,53.6,59.6,58.8,60.8,58.9,12.9,16,11.9,12.3,11.6,2096.4,21.33,36,39,39,90,129,598,1,2,Yes,No,No,No,No,No,No,No,No,No,Yes,No,No,No,No,No,No,No,No,No,No,No,No,No,No,No,No,No,No,No,No,No,No,No,No,No,No,57,61,50,49,42,51,55,53,7295,6984,65,55,55,100,No,No,34678,80131,55,1.5,56.5,95.6,0.258,517584,192239,57,0.855,0.913,900,2096,13.7,11.1,0,7.5,13.9,8.2,0,15.5,0,46,1820,2136,1820,No,No,No,No,No,No,No,No,8.186,28.447,96.9,4.314,43.5,59.6,59,75.1,38.5,30.8,30.1,30.1,59,60.7,41.2,30.9,30,30,16.95,25.94,13.31,13.28,33.22,33.22,0.54,0.01,16.95,0,1.07,1662,62,3325.4,32.3,0
1.7.2026,54:26.7,21108,2117,90.8,7510,404,94.8,24.2,15311,3706,0.833,0.69,0.667,0.985,0.99,0.653,0.761,2555,1572.3,1277.5,3635.9,3734.2,98.3,1179.2,1544.7,1534.3,1388.2,1653.7,1665.4,1706.4,1404.3,1538.5,1467.1,1544.7,53.5,53.6,48.8,56.2,54.9,60.1,49.2,54,51.4,60.1,53.5,100,68.8,68.1,62.2,72.4,70.2,76.6,63.9,70,67.1,68.8,26,16,13,37,38,12,56,55,54,57,58,44,45,46,43,42,55,58,No,No,No,No,No,No,No,No,No,No,No,No,No,No,No,No,No,No,57,56,55,1.777,15.815,11.702,0.585,7.785,1.76,1.274,0.485,64,15,64,64,0,2.5,0,0,0,0,0,0,52.9,53.7,48.7,56.4,56.8,58.3,47.5,52.6,49.1,18.8,20.6,15.5,18.4,20.5,2096.4,21.33,36,39,39,90,129,598,1,2,Yes,No,No,No,No,No,No,No,No,No,Yes,No,Yes,No,No,No,No,No,No,No,No,No,No,No,No,Yes,No,No,No,No,No,No,No,No,No,No,No,56,62,50,49,42,51,55,53,7308,6971,65,55,55,100,No,No,34678,80131,22.5,0,22.6,61.166,0.19,517706,192240,55,0.775,0.585,900,2096,4.3,2.9,0,3.6,3.8,6.7,5,2.5,0,46.5,1840,2117,1840,No,No,No,No,No,No,No,No,8.187,28.454,96.9,4.306,43.5,59.6,33.8,63.3,7.3,6.7,6.6,6.6,33.9,61.3,7.4,6.7,6.7,6.7,29.58,137.18,15.79,15.78,151.3,151.3,0.56,0.37,29.58,0,17.19,1662,62,0.7,0.4,0
1.7.2026,54:28.7,21112,2113,90.8,7421,493,93.7,24.2,15311,3709,0.963,1.02,0.837,1.007,0.987,0.891,0.758,3513.1,3734.2,2849.8,3734.2,3734.2,98.3,3439.4,1271.3,1293.4,1206.6,1341.6,1324.2,1343.7,1174.6,1253.2,1232.7,1271.3,50.8,53.9,48.4,52.8,54.5,52.9,44.7,50.9,48,54.5,50.8,100,55.2,57.8,53,58.4,61.1,57.2,49.2,53.2,51.2,55,35.8,38,29,38,38,35,70,70,69,67,73,30,30,31,33,27,71,73,No,No,No,No,No,No,No,No,No,No,No,No,No,No,No,No,No,No,56,56,54,2.539,13.223,9.361,0.249,6.655,1.644,1.133,0.516,64,15,64,64,0,2.8,0,0,0,0,0,0,51.4,53.9,48.7,52.7,52.2,54.5,46.6,52.5,50.2,20.4,19.6,18.7,21.7,21.6,2096.4,21.33,36,39,39,90,129,598,1,2,Yes,No,No,No,No,No,No,No,No,No,Yes,No,No,No,No,No,No,No,No,No,No,No,No,No,No,No,No,No,No,No,No,No,No,No,No,No,No,56,62,50,49,42,51,55,53,7281,6947,65,55,55,100,No,No,34678,80131,10.1,1.1,11.1,23.624,5.093,517749,192249,54,0.775,0.249,900,2096,3.8,2.5,0,2.6,3.5,7.7,1.8,0,0,45.6,1805,2151,1806,No,No,No,No,No,No,No,No,8.183,28.454,96.9,4.329,43.5,59.6,22.1,64.7,2.8,2.7,2.7,2.7,22.1,60.9,2.8,2.7,2.7,2.7,45.3,354.38,15.45,15.43,366.84,366.84,0.86,4.59,45.3,0,19.95,1663,62,420.2,7.6,0
1.7.2026,54:30.7,21065,2160,90.6,7243,671,91.5,25.2,15311,3857,0.879,0.935,0.91,0.69,0.98,0.841,0.761,2997.2,3341.1,3341.1,1572.3,3734.2,98.3,3144.6,751.2,843.8,660.5,794.6,668.1,883.5,638.6,818.2,702,751.2,35.4,39.5,32.6,37.3,32.5,41,29.8,38.1,32.4,41,35.4,100,34,37.4,30.4,35.9,30.5,39.9,29.3,36.9,31.9,34.1,30.5,34,34,16,38,32,56,58,55,55,54,44,42,45,45,46,58,58,No,No,No,No,No,No,No,No,No,No,No,No,No,No,No,No,No,No,56,54,53,2.285,9.983,6.465,0.098,5.75,1.592,1.038,0.516,64,15,64,64,0,4.6,0,0,0,0,0,0,35.4,39.2,32.2,37.5,32.8,41.2,29.7,38.3,32.3,28.9,28.9,28.6,28.6,29.5,2096.4,21.33,36,39,39,90,129,598,1,2,Yes,No,No,No,No,No,No,No,No,No,Yes,No,No,No,No,No,No,No,No,No,No,No,No,No,No,No,No,No,No,No,No,No,No,No,No,No,No,56,61,50,49,42,51,55,53,7295,6984,65,55,55,100,No,No,34678,80131,12.3,49.1,61.5,21.717,85.578,517791,192412,53,0.777,0.098,900,2096,1.2,0.4,0,2,0.6,7.8,1.8,0,0,45.3,1791,2165,1792,No,No,No,No,No,No,No,No,8.187,28.454,96.9,4.331,43.5,59.6,2.2,2.2,2.2,2.2,2.2,2.2,2.2,2.2,2.2,2.2,2.2,2.2,448.8,448.8,448.8,448.8,448.8,448.8,0.73,121.55,448.8,0,400.3,1664,62,471.3,10.3,0
1.7.2026,54:32.7,21133,2092,90.9,7387,527,93.3,24.8,15311,3804,0.99,0.977,0.987,1.007,0.987,0.891,0.761,3685.1,3537.6,3734.2,3734.2,3734.2,98.3,3439.4,1084.6,1201.5,1333.4,1092.5,1015.1,1063.2,953.6,1057.8,959.8,1084.6,43.5,46.6,50,45,41.6,44.4,38.4,42.2,39.6,50,43.5,100,47.1,52.6,58.2,47.7,44.2,46.7,41.3,45.3,40.8,47.1,37.5,36,38,38,38,35,61,58,59,56,72,39,42,41,44,28,63,72,No,No,No,No,No,No,No,No,No,No,No,No,No,No,No,No,No,No,56,56,53,5.586,12.201,8.593,0.167,6.365,1.627,1.142,0.525,64,15,64,64,0,2.1,0,0,0,0,0,0,43.5,46.5,49.7,45,41.7,44.3,38.2,42.6,40,27.3,21.8,27.3,30.7,29.5,2096.4,21.33,36,39,39,90,129,598,1,2,Yes,No,No,No,No,No,No,No,No,No,Yes,No,No,No,No,No,No,No,No,No,No,No,No,No,No,No,No,No,No,No,No,No,No,No,No,No,No,56,61,50,49,42,51,55,53,7295,6971,65,55,55,100,No,No,34678,80131,28,0.8,28.9,66.932,0.414,517920,192413,53,0.775,0.167,900,2096,2.2,1.3,0,2.3,1.7,7.7,1.9,0,0,45.7,1807,2149,1808,No,No,No,No,No,No,No,No,8.187,28.462,96.9,4.323,43.5,59.6,16.9,61,2.4,2.2,2.1,2.1,16.9,60.6,2.4,2.2,2.1,2.1,59.05,423.49,16.41,16.4,466.93,466.93,0.76,10.71,59.05,0,56.08,1674,62,5154.6,46,0
1.7.2026,54:34.7,20904,2321,90,6981,933,88.2,25.6,15311,3916,0.659,0.655,0.657,0.657,0.665,0.661,0.763,1179.2,1179.2,1179.2,1179.2,1179.2,98.3,1277.5,968.3,1102.6,947.9,1025.2,865,1016.8,918.3,1005.7,865.3,968.3,47.1,52.2,45.1,49.9,42.2,48.7,44.5,49.8,44.3,52.2,47.1,100,42.7,48.1,41.9,44.8,37.9,44.7,39.9,45.3,38.9,42.7,12,12,12,12,12,13,51,52,52,51,49,49,48,48,49,51,53,52,No,No,No,No,No,No,No,No,No,No,No,No,No,No,No,No,No,No,56,53,52,11.426,10.295,6.68,0.098,5.885,1.662,1.194,0.512,64,15,64,64,0,1.1,0,0,0,0,0,0,47.2,52.5,45.5,50.2,42.5,49,44.6,49.1,44,26.1,24.2,28.6,27,24.6,2096.4,21.33,36,39,39,90,129,598,1,2,Yes,No,No,No,No,No,No,No,No,No,Yes,No,No,No,No,No,No,No,No,No,No,No,No,No,No,No,No,No,No,No,No,No,No,No,No,No,No,56,61,50,49,42,51,55,53,7268,6971,65,55,55,100,No,No,34678,80131,10.7,29.7,40.4,17.108,64.851,517953,192537,52,0.817,0.098,1000,2096,1.1,0.3,0,2,0.6,7.6,1.7,0,0,45.5,1799,2158,1799,No,No,No,No,No,No,No,No,8.184,28.462,96.9,4.329,43.5,59.6,16.9,61,2.4,2.2,2.1,2.1,16.9,60.6,2.4,2.2,2.1,2.1,59.05,423.49,16.41,16.4,466.93,466.93,0.76,10.71,59.05,0,56.08,1675,62,325.1,5.5,0
1.7.2026,54:36.7,20890,2335,89.9,7000,914,88.4,25.2,15311,3864,0.662,0.662,0.66,0.657,0.667,0.653,0.766,1203.8,1277.5,1179.2,1179.2,1179.2,98.3,1080.9,531.4,622.5,487,513.4,523,515.4,505.6,548.8,535.5,531.4,34.9,40.8,33,33.7,34.2,33.7,33.2,36.3,34.4,40.8,34.9,100,23.7,27.7,22.2,22.9,23.4,23.3,22.4,24.5,23.5,23.8,12.2,13,12,12,12,11,50,51,51,49,47,50,49,49,51,53,52,51,No,No,No,No,No,No,No,No,No,No,No,No,No,No,No,No,No,No,55,51,52,1.016,6.383,2.923,0.073,4.786,1.537,0.98,0.509,64,15,64,64,0,6,0,0,0,0,0,0,35.1,40.8,32.9,33.9,34.3,33.9,33.3,37,35.1,36.2,33.2,38,38.7,35,1048.2,10.67,20,20,20,45,129,299,1,2,Yes,No,No,No,No,No,No,No,No,No,Yes,No,No,No,No,No,No,No,No,No,No,No,No,No,No,No,No,No,No,No,No,No,No,No,No,No,No,55,60,50,49,42,51,55,53,7268,6947,65,55,55,100,No,No,34678,80131,12.1,0.1,12.2,17.778,0.305,517987,192538,52,0.725,0.073,600,1048,0.8,0.2,0,0.8,0.5,1.9,1.9,0,0,45.3,1794,2163,1794,No,No,No,No,No,No,No,No,8.183,28.462,96.9,4.321,43.5,59.6,1.5,1.5,1.5,1.5,1.5,1.5,1.5,1.5,1.5,1.5,1.5,1.5,650.9,650.9,650.9,650.9,650.9,650.9,0.77,129.6,650.9,0,633.6,1675,62,0.1,0.1,0
1.7.2026,54:38.7,20881,2344,89.9,7081,833,89.4,24.7,15311,3776,0.665,0.655,0.67,0.667,0.667,0.648,0.766,1228.4,1179.2,1277.5,1277.5,1179.2,98.3,982.7,593,788.2,614.7,581.3,537.8,560.2,531.6,591.5,538.4,593,32.5,40.9,33,33.7,31.3,30.3,28.4,32.6,30.2,40.9,32.5,100,26.7,35.2,28.1,26.3,24.1,25.3,23.8,26.6,24.3,26.7,12.5,12,13,13,12,10,49,51,48,49,48,51,49,52,51,52,51,51,No,No,No,No,No,No,No,No,No,No,No,No,No,No,No,No,No,No,54,52,51,1.27,8.101,4.784,0.096,5.179,1.492,0.909,0.512,64,15,64,64,0,6.7,0,0,0,0,0,0,32.9,41.3,33.4,34.1,31.6,30.9,28.8,33.3,30.3,35.5,29.6,35.7,40,36.7,2096.4,21.33,36,39,39,90,129,598,1,2,Yes,No,No,No,No,No,No,No,No,No,Yes,No,No,No,No,No,No,No,No,No,No,No,No,No,No,No,No,No,No,No,No,No,No,No,No,No,No,55,59,51,50,42,51,56,54,7281,6984,65,55,55,100,No,No,34678,80132,19.1,0,19.1,38.76,0.079,518061,192538,51,0.725,0.096,600,2096,4.4,3.3,0,1.7,4.7,1.6,2.1,0,0,45.8,1812,2144,1813,No,No,No,No,No,No,No,No,8.183,28.47,97,4.312,43.5,59.6,10,62.8,0.7,0.6,0.6,0.6,10,60.5,0.7,0.6,0.6,0.6,99.95,1391.94,15.91,15.85,1731.41,1731.41,0.52,4.92,99.95,0,155.77,1676,62,500.6,7.3,0
1.7.2026,54:40.7,20907,2318,90,7058,857,89.1,24.9,15311,3818,0.996,1.02,0.977,0.997,0.99,0.893,0.766,3734.2,3734.2,3734.2,3734.2,3734.2,98.3,3439.4,600.1,640.4,719.9,637.2,553.6,621,494,593.9,540.5,600.1,31.5,33.6,34.4,34,29.2,33.7,25,32.3,29.7,34.4,31.5,100,26.8,29.1,32.1,28.3,24.4,27.6,22.1,26.5,24.1,26.6,38,38,38,38,38,35,55,56,54,56,54,45,44,46,44,46,57,56,No,No,No,No,No,No,No,No,No,No,No,No,No,No,No,No,No,No,54,50,51,2.031,7.537,4.138,0.162,5.111,1.492,0.924,0.508,64,15,64,64,0,11.1,0,0,0,0,0,0,31.6,33.8,34.5,34.2,29.7,34.1,24.8,32.3,29.7,41.9,37.4,42.8,44.2,43,2096.4,21.33,36,39,39,90,129,598,1,2,Yes,No,No,No,No,No,No,No,No,No,Yes,No,No,No,No,No,No,No,No,No,No,No,No,No,No,No,No,No,No,No,No,No,No,No,No,No,No,54,59,51,50,42,51,56,54,7268,6971,65,55,55,100,No,No,34678,80132,6.8,18.5,25.3,10.306,32.39,518081,192600,51,0.725,0.162,600,2096,3.4,2.5,0,1.4,3.7,1.5,1.8,0,0,46.1,1822,2134,1823,No,No,No,No,No,No,No,No,8.187,28.47,97,4.323,43.5,59.6,22.5,63.8,2.8,2.4,2.4,2.4,22.5,63.1,2.8,2.4,2.4,2.4,44.41,362.47,15.67,15.66,416.11,416.11,0.44,0,44.41,0,55.06,1676,62,18,1.7,0
1.7.2026,54:42.7,20923,2302,90,7035,879,88.8,25.3,15311,3867,0.664,0.657,0.662,0.66,0.675,0.651,0.766,1203.8,1179.2,1179.2,1179.2,1277.5,98.3,982.7,505.6,615.6,490.4,545.4,601,542.6,368.4,484.4,397.4,505.6,29.6,34.9,28.8,32,32.4,32.1,22.3,29.6,24.4,34.9,29.6,100,22.8,27.5,22.2,24.6,26.8,24.7,16.7,21.9,18.1,23,12.2,12,12,12,13,10,48,49,47,48,47,52,51,53,52,53,51,49,No,No,No,No,No,No,No,No,No,No,No,No,No,No,No,No,No,No,53,50,50,11.68,7.166,3.811,0.106,4.92,1.487,0.925,0.509,64,15,64,64,0,11,0,0,0,0,0,0,29.8,35.2,28.8,32.1,32.3,32.3,22.5,30.3,24.6,43.2,40.1,42,46.3,44.5,1048.2,10.67,20,20,20,45,129,299,1,2,Yes,No,No,No,No,No,No,No,No,No,Yes,No,No,No,No,No,No,No,No,No,No,No,No,No,No,No,No,No,No,No,No,No,No,No,No,No,No,53,58,51,50,42,51,56,54,7281,6971,65,55,55,100,No,No,34678,80132,8.7,14.4,23.1,10.136,27,518100,192652,50,0.735,0.106,650,1048,1.7,1,0,1,1.6,1.5,2.1,0,0,46.1,1824,2132,1825,No,No,No,No,No,No,No,No,8.186,28.47,97,4.322,43.5,59.6,32,65.7,7.7,7.5,7.4,7.4,32,60.4,7.8,7.5,7.5,7.5,31.27,129.79,15.22,15.18,134.44,134.44,0.68,0,31.27,0,33.03,1676,62,20.9,4,0
1.7.2026,54:44.8,20964,2261,90.2,7123,791,90,25.1,15311,3846,1.001,1.02,0.987,1.007,0.99,0.893,0.766,3734.2,3734.2,3734.2,3734.2,3734.2,98.3,3439.4,764.5,814.8,784.3,735.6,721.6,829.8,729.3,798.4,702.4,764.5,38.7,45.4,38.3,36.2,36,40.8,35.7,41.5,35.5,45.4,38.7,100,33.3,37.7,34.1,31.8,31,35.8,31.4,34.6,30,33.3,38,38,38,38,38,35,69,67,69,68,71,31,33,31,32,29,68,71,No,No,No,No,No,No,No,No,No,No,No,No,No,No,No,No,No,No,52,50,51,4.063,7.806,4.433,0.133,5.164,1.505,0.991,0.511,64,15,64,64,0,7.9,0,0,0,0,0,0,40,46.3,39.9,38.1,37.8,42.6,36.9,41.9,36.4,33.8,28.7,37.7,34.3,34.7,2096.4,21.33,36,39,39,90,129,598,1,2,Yes,No,No,No,No,No,No,No,No,No,Yes,No,No,No,No,No,No,No,No,No,No,No,No,No,No,No,No,No,No,No,No,No,No,No,No,No,No,53,58,51,50,42,51,56,54,7268,7009,65,55,55,100,No,No,34678,80132,19,0.3,19.4,26.49,0.562,518152,192653,50,0.735,0.133,650,2096,3.3,2.3,0,1.4,3.5,1.6,2.2,0,0,46.4,1835,2122,1836,No,No,No,No,No,No,No,No,8.183,28.47,97,4.304,43.5,59.6,25.6,211.4,3.8,3.8,3.8,3.8,24.2,60.4,3.4,3.3,3.3,3.3,39.08,264.76,4.79,2.88,266.17,266.17,1.66,11.05,38.61,0.47,21.47,1676,62,384.3,16.7,0
1.7.2026,54:46.7,20965,2260,90.2,7151,763,90.3,25.1,15311,3840,0.727,0.732,0.725,0.722,0.727,0.683,0.766,1891.7,1965.4,1867.1,1867.1,1867.1,98.3,1768.8,697,850.1,759.1,678.4,605.1,764.4,614.3,675.7,628.8,697,41.1,47.3,45.1,41.5,36.7,46.5,35.6,38.5,37.7,47.3,41.1,100,31.3,35.9,34.4,31,27.5,34.6,27.8,30.7,28.5,31.3,19.2,20,19,19,19,18,50,51,51,48,48,50,49,49,52,52,51,51,No,No,No,No,No,No,No,No,No,No,No,No,No,No,No,No,No,No,53,52,51,4.316,7.961,4.322,0.223,5.356,1.571,1.1,0.497,64,15,64,64,0,6.4,0,0,0,0,0,0,40.3,46.4,43.9,40.5,35.6,45.6,34.9,38.4,37.4,32,25,36.2,31.5,35.3,2096.4,21.33,36,39,39,90,129,598,1,2,Yes,No,No,No,No,No,No,No,No,No,Yes,No,No,No,No,No,No,No,No,No,No,No,No,No,No,No,No,No,No,No,No,No,No,No,No,No,No,53,57,51,50,42,51,56,54,7254,6996,65,56,55,100,No,No,34678,80132,7.9,0,7.9,6.303,0.018,518164,192653,50,0.725,0.223,600,2096,7.6,6,0,2.7,8.4,2.4,2.6,0,0,46.4,1835,2121,1833,No,No,No,No,No,No,No,No,8.187,28.477,97,4.29,43.5,59.6,47.7,182.6,7.5,4.9,4.7,4.7,46.7,61.4,7.8,4.8,4.6,4.6,20.95,133.5,5.58,3.47,212.96,212.96,2.49,8.76,20.47,0.48,11.72,1676,62,3.5,2.5,0
1.7.2026,54:48.7,20985,2240,90.3,7228,686,91.3,25,15311,3829,1.001,1.02,0.987,1.007,0.99,0.893,0.766,3734.2,3734.2,3734.2,3734.2,3734.2,98.3,3439.4,788.9,1025.1,714.8,835.1,643.3,830.7,708,839.6,714.8,788.9,35.7,45.4,33.7,39.8,29.4,37,31,37.7,31.9,45.4,35.7,100,35.2,45.3,32.3,37.3,28.8,36.9,31.8,37.3,32.3,35.2,38,38,38,38,38,35,56,58,55,55,54,44,42,45,45,46,58,58,No,No,No,No,No,No,No,No,No,No,No,No,No,No,No,No,No,No,53,52,51,3.047,10.594,7.158,0.124,5.867,1.523,1.001,0.488,64,15,64,64,0,2.5,0,0,0,0,0,0,36.2,45.7,34.2,40.1,30,37.6,31.5,38.1,32.3,23.6,19.6,28.6,24.1,22,2096.4,21.33,36,39,39,90,129,598,1,2,Yes,No,No,No,No,No,No,No,No,No,Yes,No,No,No,No,No,No,No,No,No,No,No,No,No,No,No,No,No,No,No,No,No,No,No,No,No,No,53,57,51,50,42,51,56,54,7281,7034,65,55,55,100,No,No,34678,80132,72.6,0,72.6,74.748,0.011,518306,192653,51,0.735,0.124,650,2096,2.8,2,0,1.3,2.7,1.7,1.9,0,0,46.8,1851,2106,1851,No,No,No,No,No,No,No,No,8.183,28.477,97,4.296,43.5,59.6,8.6,173.6,1.9,1.8,1.8,1.8,8.4,60.2,1.9,1.8,1.8,1.8,115.73,534.03,5.79,5.39,559.72,559.72,4.13,50.31,115.5,0.23,170.62,1677,62,501.1,10.8,0
1.7.2026,54:50.7,21000,2225,90.4,7309,605,92.3,24.5,15311,3750,0.823,0.672,0.667,0.962,0.99,0.893,0.766,2481.3,1375.8,1277.5,3537.6,3734.2,98.3,3439.4,678.4,748.6,712.2,672.1,534.2,681.3,716.5,722,639.9,678.4,26.8,28.5,27.3,26.7,22,27.4,27.6,28.4,26.3,28.5,26.8,100,30.4,33.6,32.3,30.2,24.1,31,31.8,32.1,28.6,30.4,25.2,14,13,36,38,35,55,54,53,50,64,45,46,47,50,36,64,64,No,No,No,No,No,No,No,No,No,No,No,No,No,No,No,No,No,No,53,53,50,1.777,11.074,7.797,0.076,5.996,1.477,0.918,0.482,64,15,64,64,0,1.5,0,0,0,0,0,0,27.2,29,27.5,27.2,22.3,27.7,28,29,26.7,23.6,21.7,30,21.6,21.1,2096.4,21.33,36,39,39,90,129,598,1,2,Yes,No,No,No,No,No,No,No,No,No,Yes,No,No,No,No,No,No,No,No,No,No,No,No,No,No,No,No,No,No,No,No,No,No,No,No,No,No,53,56,51,50,42,51,56,54,7254,7009,65,55,55,100,No,No,34678,80132,100,0.1,100,123.062,0.317,518542,192654,50,0.78,0.076,900,2096,0.9,0.3,0,0.7,0.6,1.4,1.7,0,0,46.8,1850,2107,1850,No,No,No,No,No,No,No,No,8.184,28.477,97,4.288,43.5,59.6,8.6,173.6,1.9,1.8,1.8,1.8,8.4,60.2,1.9,1.8,1.8,1.8,115.73,534.03,5.79,5.39,559.72,559.72,4.13,50.31,115.5,0.23,170.62,1677,62,14.9,2.3,0
1.7.2026,54:52.7,20973,2252,90.3,7317,597,92.4,24.5,15311,3750,0.996,1.02,0.967,1.007,0.99,0.893,0.766,3709.6,3734.2,3635.9,3734.2,3734.2,98.3,3439.4,1074,1412.4,1045.1,1107.4,1158.5,1051.9,830.5,955.6,1031,1074,40.5,54.7,38.5,42,43.9,41.4,32.1,38.2,33.2,54.7,40.5,100,45.8,61.2,45.4,48.2,50.3,45.8,36.2,42.1,37.1,45.8,37.8,38,37,38,38,35,58,59,55,57,62,42,41,45,43,38,62,62,No,No,No,No,No,No,No,No,No,No,No,No,No,No,No,No,No,No,64,64,52,14.981,11.923,8.414,0.068,6.407,1.573,1.063,0.519,64,15,64,64,0,5.2,0,0,0,0,0,0,40.7,54.3,38.3,41.8,43.6,41.3,31.9,37.9,37,33.8,26,29.8,38.7,40.8,2096.4,21.33,36,39,39,90,129,598,1,2,Yes,No,No,No,No,No,No,No,No,No,Yes,No,No,No,No,No,No,No,No,No,No,No,No,No,No,No,No,No,No,No,No,No,No,No,No,No,No,53,56,51,50,42,51,56,54,7281,7009,65,55,55,100,No,No,34678,80132,11.5,0.7,12.2,27.971,0.201,518599,192654,52,0.857,0.068,900,2096,2.3,1.4,0,1.2,2.2,1.5,2.3,0,0,46.5,1839,2118,1839,No,No,No,No,No,No,No,No,8.183,28.477,97,4.28,43.5,59.6,4.2,64.5,1.4,1.4,1.4,1.4,4.1,60.2,1.4,1.4,1.4,1.4,237.89,720.4,16.11,16.11,733.58,733.58,7.83,188.98,237.48,0.41,330.53,1706,62,13525.8,109.3,0
1.7.2026,54:54.8,21140,2085,91,7444,470,94,24.4,15311,3734,0.9,1.02,0.91,0.68,0.99,0.893,0.763,3070.9,3734.2,3341.1,1474,3734.2,98.3,3439.4,1888.5,1911.3,1967.2,1947.7,1986,1846.2,1788.4,1900.1,1760.7,1888.5,59.8,60.1,60.8,61.5,61.4,59.8,56.8,60,58,61.5,59.8,100,83,83.5,86.4,85.6,86,80.9,77.6,83.2,81.1,83,31.2,38,34,15,38,35,62,61,63,56,66,38,39,37,44,34,66,66,No,No,No,No,No,No,No,No,No,No,No,No,No,No,No,No,No,No,54,54,51,1.777,20.793,16.612,0.494,8.619,1.796,1.409,0.492,64,15,64,64,0,1.1,0,0,0,0,0,0,58.7,59.4,59.9,60,60.9,59.1,56.4,58.9,54.7,15.6,13.6,14.6,17.7,16.4,2096.4,21.33,36,39,39,90,129,598,1,2,Yes,No,No,No,No,No,No,No,No,No,Yes,No,No,No,No,No,No,No,No,No,No,No,No,No,No,No,No,No,No,No,No,No,No,No,No,No,No,54,58,50,50,42,51,56,53,7268,7034,65,55,55,100,No,No,34678,80132,13.2,3.1,16.3,29.375,8.771,518651,192670,53,0.777,0.494,900,2096,9.5,7.5,0,3.5,9.4,1.6,4.5,2,0,46.9,1857,2100,1857,No,No,No,No,No,No,No,No,8.183,28.485,97,4.255,43.5,59.6,55.2,87.2,19.6,15.8,15.4,15.4,55.2,60.8,19.9,15.4,15,15,18.1,51.04,11.53,10.51,64.9,64.9,2.74,2.7,17.76,0.33,3.85,1708,62,1111.9,28.8,0
1.7.2026,54:56.8,21137,2088,91,7137,777,90.1,25.1,15311,3842,0.92,1.02,0.867,0.802,0.99,0.893,0.763,3267.4,3734.2,3046.3,2555,3734.2,98.3,3439.4,994.4,1105.5,923.3,947.2,879.8,1218.1,885.2,1105.1,890.6,994.4,47,52.1,45.1,45.8,42.7,55.1,42.3,50.6,42.5,55.1,47,100,43.6,48.7,40.5,41.6,39.2,52.8,38.8,48.1,39.3,43.6,33.2,38,31,26,38,35,58,58,59,57,59,42,42,41,43,41,60,59,No,No,No,No,No,No,No,No,No,No,No,No,No,No,No,No,No,No,53,52,50,2.285,11.228,7.254,0.451,6.108,1.65,1.223,0.483,64,15,64,64,0,3.2,0,0,0,0,0,0,47.1,52.1,45.1,46,42.6,55.2,42.1,51,42.5,25.3,21.8,29.2,23.8,26.4,2096.4,21.33,36,39,39,90,129,598,1,2,Yes,No,No,No,No,No,No,No,No,No,Yes,No,No,No,No,No,No,No,No,No,No,No,No,No,No,No,No,No,No,No,No,No,No,No,No,No,No,53,57,50,50,42,51,56,53,7281,7009,65,55,55,100,No,No,34678,80132,6.4,50.6,56.9,7.225,68.898,518665,192802,51,0.777,0.451,900,2096,11.3,9.3,0,4.1,11.5,1.8,4.2,2.8,0,47,1858,2099,1858,No,No,No,No,No,No,No,No,8.184,28.485,97,4.272,43.5,59.6,25.4,62.3,12,12,12,12,19.3,60.3,6.6,6.1,6,6,39.33,83.15,16.05,16.02,83.19,83.19,0.51,0.62,39.33,0,17.56,1708,62,220,6.4,0
1.7.2026,54:58.8,21155,2070,91,7114,800,89.8,25.5,15311,3899,0.667,0.665,0.662,0.667,0.675,0.653,0.763,1252.9,1277.5,1179.2,1277.5,1277.5,98.3,1080.9,776,858.4,754.3,778.4,765.4,850.3,697.7,762.6,740.8,776,44.2,50.1,43,45.1,43.9,47.7,37.7,43.4,42.3,50.1,44.2,100,34.1,37.8,33.3,34.3,33.4,37.2,30.4,33.6,32.8,34.1,12.8,13,12,13,13,11,50,51,49,50,48,50,49,51,50,52,52,51,No,No,No,No,No,No,No,No,No,No,No,No,No,No,No,No,No,No,54,52,51,4.824,8.354,4.64,0.293,5.297,1.597,1.143,0.49,64,15,64,64,0,6.9,0,0,0,0,0,0,44.1,50.1,42.9,45.2,43.8,47.8,37.7,43.4,42.1,30.3,25.8,30.5,33.3,31.6,2096.4,21.33,36,39,39,90,129,598,1,2,Yes,No,No,No,No,No,No,No,No,No,Yes,No,No,No,No,No,No,No,No,No,No,No,No,No,No,No,No,No,No,No,No,No,No,No,No,No,No,53,57,50,50,42,51,56,53,7268,6996,65,55,55,100,No,No,34678,80132,7.4,9.7,17,7.049,24.311,518679,192848,50,0.742,0.293,700,2096,5.3,4,0,2.3,5.2,1.8,4.7,0,0,47.1,1863,2093,1864,No,No,No,No,No,No,No,No,8.183,28.485,97,4.28,43.5,59.6,36.6,71.7,7.5,6.5,6.4,6.4,40.5,62.5,12,12,12,12,27.29,133.67,13.94,13.82,156.48,156.48,0.77,0.4,27.29,0,7.35,1710,62,715.4,25.5,0
1.7.2026,55:00.8,21120,2105,90.9,7169,745,90.5,25.3,15311,3868,0.662,0.657,0.665,0.66,0.667,0.648,0.766,1179.2,1179.2,1179.2,1179.2,1179.2,98.3,982.7,733.2,948.4,739.3,807,675.6,717.8,622.6,686.2,668.9,733.2,37.6,46.2,37.6,41.5,34.4,37.6,32.2,35.6,35.9,46.2,37.6,100,32.3,41.5,32.8,35.4,29.6,31.9,27.1,30.3,29.5,32.3,12,12,12,12,12,10,48,50,47,48,47,52,50,53,52,53,50,50,No,No,No,No,No,No,No,No,No,No,No,No,No,No,No,No,No,No,53,49,50,2.539,8.634,5.099,0.181,5.399,1.573,1.085,0.484,64,15,64,64,0,5.1,0,0,0,0,0,0,37.8,46.3,37.7,41.7,34.6,37.8,32.7,35.7,35.7,35.6,30,35.8,38.4,38,2096.4,21.33,36,39,39,90,129,598,1,2,Yes,No,No,No,No,No,No,No,No,No,Yes,No,No,No,No,No,No,No,No,No,No,No,No,No,No,No,No,No,No,No,No,No,No,No,No,No,No,52,57,50,50,42,51,56,53,7281,7034,65,55,55,100,No,No,34678,80132,8.6,0.2,8.8,5.095,0.146,518689,192848,51,0.78,0.181,900,2096,3.8,2.6,0,2,3.7,1.9,4.3,0,0,46.7,1848,2108,1849,No,No,No,No,No,No,No,No,8.183,28.492,97,4.272,43.5,59.6,21.7,79.9,2.9,2.6,2.6,2.6,21.7,61.7,2.9,2.6,2.6,2.6,46,346.06,11.96,11.7,383.93,383.93,3.83,25.59,45.53,0.47,41.84,1710,62,0.7,4.1,0
1.7.2026,55:02.8,21102,2123,90.8,7202,712,90.9,25.2,15311,3863,1.001,1.02,0.987,1.007,0.99,0.893,0.766,3734.2,3734.2,3734.2,3734.2,3734.2,98.3,3439.4,578.7,662.5,605.4,561.7,535.3,613.7,523.9,595.6,531.9,578.7,38.6,44,40.3,37.6,35.4,40.9,34.8,40,35.5,44,38.6,100,25.7,29.6,27.2,25.2,23.6,27.3,23.3,26.3,23.5,25.7,38,38,38,38,38,35,55,57,53,58,53,45,43,47,42,47,57,58,No,No,No,No,No,No,No,No,No,No,No,No,No,No,No,No,No,No,53,50,51,1.777,6.614,3.256,0.066,4.741,1.501,0.987,0.487,64,15,64,64,0,5.9,0,0,0,0,0,0,38.8,44.1,40.3,37.9,35.8,41.3,34.6,40.4,35.9,33.6,29.3,36.1,34.4,34.4,2096.4,21.33,36,39,39,90,129,598,1,2,Yes,No,No,No,No,No,No,No,No,No,Yes,No,No,No,No,No,No,No,No,No,No,No,No,No,No,No,No,No,No,No,No,No,No,No,No,No,No,53,56,50,50,42,51,56,53,7281,6996,65,55,55,100,No,No,34678,80132,14.2,0.2,14.4,20.459,0.322,518728,192849,50,0.78,0.066,900,2096,1.1,0.2,0,1.2,0.6,1.5,3.9,0,0,46.7,1849,2107,1850,No,No,No,No,No,No,No,No,8.187,28.492,97,4.282,43.5,59.6,5,160.7,1.1,1.1,1.1,1.1,5,60,1.1,1.1,1.1,1.1,200.11,884.51,6.22,5.97,919.46,919.46,11.11,171.61,199.86,0.25,360.66,1710,62,401.5,9.9,0
1.7.2026,55:04.8,21077,2148,90.7,7280,634,91.9,25,15311,3827,0.661,0.657,0.662,0.66,0.665,0.651,0.766,1179.2,1179.2,1179.2,1179.2,1179.2,98.3,982.7,627.8,693.9,605.9,576.5,600.6,673.6,580,664.8,626.8,627.8,36.8,41.9,36.1,34.5,35.6,41.1,33.8,37.9,33.4,41.9,36.8,100,28.1,31.1,27.5,25.9,26.8,30.1,25.7,29.8,27.7,28.1,12,12,12,12,12,10,48,49,48,48,47,52,51,52,52,53,50,49,No,No,No,No,No,No,No,No,No,No,No,No,No,No,No,No,No,No,52,49,49,4.316,7.313,3.946,0.072,5.019,1.502,0.968,0.487,64,15,64,64,0,6.7,0,0,0,0,0,0,37.2,42.2,36.4,35.2,36.1,41.4,34.1,38.2,33.8,34.1,30.5,37.5,34.2,34.1,2096.4,21.33,36,39,39,90,129,598,1,2,Yes,No,No,No,No,No,No,No,No,No,Yes,No,No,No,No,No,No,No,No,No,No,No,No,No,No,No,No,No,No,No,No,No,No,No,No,No,No,52,56,50,50,42,51,56,53,7281,6971,65,55,55,100,No,No,34678,80132,11.5,0,11.5,18.824,0.02,518764,192849,50,0.735,0.072,650,2096,0.9,0.1,0,1.1,0.3,1.5,3.6,0,0,46.7,1849,2107,1850,No,No,No,No,No,No,No,No,8.183,28.492,97,4.263,43.5,59.6,5,160.7,1.1,1.1,1.1,1.1,5,60,1.1,1.1,1.1,1.1,200.11,884.51,6.22,5.97,919.46,919.46,11.11,171.61,199.86,0.25,360.66,1710,62,13,13.8,0
1.7.2026,55:06.8,21046,2179,90.6,7266,648,91.8,25,15311,3825,0.671,0.667,0.672,0.667,0.677,0.656,0.768,1277.5,1277.5,1277.5,1277.5,1277.5,98.3,1080.9,482.8,512.1,458.1,423.1,538.1,512,428,485.7,505.1,482.8,27.8,29.8,27.2,25.1,30.7,28.6,25,28.8,26.8,30.7,27.8,100,21.6,23.1,20.7,19.2,23.8,23,19,21.7,22.1,21.6,13,13,13,13,13,11,48,50,47,47,47,52,50,53,53,53,50,50,No,No,No,No,No,No,No,No,No,No,No,No,No,No,No,No,No,No,52,48,49,4.316,6.703,3.453,0.075,4.825,1.435,0.882,0.482,64,15,64,64,0,15.5,0,0,0,0,0,0,28.2,30.6,27.4,26,30.9,29,25.2,29.2,27.1,47.8,46.3,47.8,49.9,47.3,2096.4,21.33,36,39,39,90,129,598,1,2,Yes,No,No,No,No,No,No,No,No,No,Yes,No,No,No,No,No,No,No,No,No,No,No,No,No,No,No,No,No,No,No,No,No,No,No,No,No,No,51,55,50,50,42,51,56,53,7268,7021,65,55,55,100,No,No,34678,80132,10.2,0.1,10.2,8.589,0.049,518780,192849,49,0.745,0.075,700,2096,1.2,0.4,0,1.2,0.7,1.5,3.9,0,0,46.8,1851,2105,1852,No,No,No,No,No,No,No,No,8.183,28.5,97.1,4.263,43.5,59.6,0.6,0.6,0.6,0.6,0.6,0.6,0,0,0,0,0,0,1714.4,1714.4,1714.4,1714.4,1714.4,1714.4,0,0,1714.4,0,0,1710,62,0.3,0.8,0
1.7.2026,55:08.8,21041,2184,90.5,7290,624,92.1,25,15311,3824,1.001,1.02,0.987,1.007,0.99,0.893,0.766,3734.2,3734.2,3734.2,3734.2,3734.2,98.3,3439.4,607.7,715.9,574.4,605.5,579.4,641.3,585.2,647.8,511.8,607.7,31.3,38.4,29.6,33,29.7,32.5,28.5,32,26.2,38.4,31.3,100,27.2,32.2,26.4,27.5,26.2,28.9,25.9,27.6,22.7,27.2,38,38,38,38,38,35,63,62,61,64,66,37,38,39,36,34,64,66,No,No,No,No,No,No,No,No,No,No,No,No,No,No,No,No,No,No,53,49,49,2.539,8.057,4.692,0.122,5.215,1.461,0.902,0.483,64,15,64,64,0,9.9,0,0,0,0,0,0,31.6,38.2,30,33,30.1,33.1,28.9,33.2,26.5,37.2,34.6,37.2,39.8,37.1,2096.4,21.33,36,39,39,90,129,598,1,2,Yes,No,No,No,No,No,No,No,No,No,Yes,No,No,No,No,No,No,No,No,No,No,No,No,No,No,No,No,No,No,No,No,No,No,No,No,No,No,53,55,50,50,42,50,56,53,7281,7021,65,56,55,100,No,No,34678,80132,18,0.1,18,34.423,0.036,518846,192849,49,0.78,0.122,900,2096,2.1,0.9,0,1.5,2,1.4,4.2,0,0,46.5,1841,2116,1841,No,No,No,No,No,No,No,No,8.183,28.5,97.1,4.255,43.5,59.6,61.9,64.1,59.8,59.7,59.7,59.7,60,60.3,59.7,59.7,59.7,59.7,15.98,16.42,15.53,15.53,16.43,16.43,0.6,0.64,15.4,0.58,0.2,1710,62,0.1,0.1,0
1.7.2026,55:10.8,21010,2215,90.4,7378,536,93.2,24.9,15311,3820,0.892,0.935,0.845,0.905,0.885,0.876,0.766,3144.6,3341.1,2849.8,3242.8,3144.6,98.3,3341.1,783.8,774.5,738.8,807,790.3,869.5,808.9,813.5,667.8,783.8,28.6,28.8,27.3,29.5,29.3,32.3,26.6,30.7,24.1,32.3,28.6,100,35.7,35.2,33.6,36.5,35.5,39.4,36.6,38.2,30.4,35.7,32,34,29,33,32,34,51,54,50,51,48,49,46,50,49,52,54,54,No,No,No,No,No,No,No,No,No,No,No,No,No,No,No,No,No,No,52,50,49,1.777,11.614,8.321,0.053,6.195,1.477,0.926,0.485,64,15,64,64,0,4.8,0,0,0,0,0,0,28.7,29,27.6,29.9,29.5,32.6,26.6,30.3,24.3,29.5,26.7,30.3,25.7,35.4,2096.4,21.33,36,39,39,90,129,598,1,2,Yes,No,No,No,No,No,No,No,No,No,Yes,No,No,No,No,No,No,No,No,No,No,No,No,No,No,No,No,No,No,No,No,No,No,No,No,No,No,52,56,50,50,42,50,56,53,7281,6996,65,56,55,100,No,No,34678,80132,33.1,0.1,33.2,92.376,0.116,519021,192849,49,0.78,0.053,900,2096,0.7,0,0,1,0.2,1.3,3.5,0,0,46.5,1840,2116,1841,No,No,No,No,No,No,No,No,8.183,28.5,97.1,4.231,43.5,59.6,61.9,64.1,59.8,59.7,59.7,59.7,60,60.3,59.7,59.7,59.7,59.7,15.98,16.42,15.53,15.53,16.43,16.43,0.6,0.64,15.4,0.58,0.2,1711,62,469.7,15.6,0
1.7.2026,55:12.8,20936,2289,90.1,7326,588,92.5,24.8,15311,3800,1.001,1.02,0.987,1.007,0.99,0.893,0.766,3734.2,3734.2,3734.2,3734.2,3734.2,98.3,3439.4,851.7,811.8,942.2,827.1,914.1,928.8,788.6,855.6,745.5,851.7,29.3,29.3,32.4,28.9,31.2,31.4,25.7,29.8,25.7,32.4,29.3,100,37.8,38.6,41.4,36.6,40.2,40.8,34.7,37.6,32.7,37.8,38,38,38,38,38,35,66,65,67,64,68,34,35,33,36,32,66,68,No,No,No,No,No,No,No,No,No,No,No,No,No,No,No,No,No,No,62,62,51,12.188,10.486,7.203,0.066,5.912,1.455,0.892,0.482,64,15,64,64,0,10.4,0,0,0,0,0,0,31,31.2,33.9,30.7,32.9,33.3,27.5,31.7,26.8,36,32.8,36.9,35.1,39.1,2096.4,21.33,36,39,39,90,129,598,1,2,Yes,No,No,No,No,No,No,No,No,No,Yes,No,No,No,No,No,No,No,No,No,No,No,No,No,No,No,No,No,No,No,No,No,No,No,No,No,No,52,55,50,50,42,50,56,53,7268,7009,65,56,55,100,No,No,34678,80133,24.9,2.9,27.9,34.962,0.116,519091,192850,51,0.78,0.066,900,2096,0.7,0,0,1,0.1,1.5,3.7,0,0,46.4,1834,2123,1834,No,No,No,No,No,No,No,No,8.184,28.5,97.1,4.239,43.5,59.6,61.9,64.1,59.8,59.7,59.7,59.7,60,60.3,59.7,59.7,59.7,59.7,15.98,16.42,15.53,15.53,16.43,16.43,0.6,0.64,15.4,0.58,0.2,1711,62,6.4,6.4,0
1.7.2026,55:14.8,20955,2270,90.2,7360,554,92.9,24.7,15311,3789,0.663,0.657,0.665,0.66,0.67,0.651,0.766,1179.2,1179.2,1179.2,1179.2,1179.2,98.3,982.7,1072.6,1251.8,967.6,1082.9,967.3,1058.1,1042.9,1138,1072.1,1072.6,47.6,53.9,43.4,49.5,43.8,48.1,45.3,51.1,45.5,53.9,47.6,100,46.9,52.6,42.8,47.7,42.6,46.7,45.7,50,46.8,46.9,12,12,12,12,12,10,46,48,46,47,45,54,52,54,53,55,50,48,No,No,No,No,No,No,No,No,No,No,No,No,No,No,No,No,No,No,52,49,49,2.031,11.968,8.47,0.063,6.315,1.538,1.031,0.519,64,15,64,64,0,4.7,0,0,0,0,0,0,46.6,52.9,42.5,48.5,42.9,47.1,44.3,50.1,44.9,24.4,22.5,25.8,24.8,24.5,2096.4,21.33,36,39,39,90,129,598,1,2,Yes,No,No,No,No,No,No,No,No,No,Yes,No,No,No,No,No,No,No,No,No,No,No,No,No,No,No,No,No,No,No,No,No,No,No,No,No,No,52,55,50,50,42,50,56,53,7308,6996,65,55,55,100,No,No,34678,80133,12.7,0.1,12.8,22.898,0.278,519134,192850,49,0.78,0.063,900,2096,0.7,0,0,1.1,0.1,1.5,3.8,0,0,46,1820,2137,1820,No,No,No,No,No,No,No,No,8.183,28.508,97.1,4.222,43.5,59.6,61.9,64.1,59.8,59.7,59.7,59.7,60,60.3,59.7,59.7,59.7,59.7,15.98,16.42,15.53,15.53,16.43,16.43,0.6,0.64,15.4,0.58,0.2,1738,63,14132.1,110.3,0
1.7.2026,55:16.8,21078,2147,90.7,7685,229,97,24.7,15311,3787,1.007,1.02,0.987,1.032,0.987,0.893,0.763,3734.2,3734.2,3734.2,3734.2,3734.2,98.3,3439.4,1307.5,1308.1,1386.1,1416.3,1244.4,1403.5,1237.8,1339.7,1123.9,1307.5,43,43.3,44.8,46.1,39.9,46,40.3,45.1,38.1,46.1,43,100,57.8,58.3,60.7,62.4,55,62.4,54.9,59.3,49.6,57.8,38,38,38,38,38,35,68,73,65,65,67,32,27,35,35,33,73,73,No,No,No,No,No,No,No,No,No,No,No,No,No,No,No,No,No,No,72,72,52,16.758,15.863,12.342,0.062,7.536,1.602,1.106,0.483,64,15,64,64,0,5.7,0,0,0,0,0,0,43.3,43.6,45.1,46.6,40.3,46.5,40.7,45.4,38.5,23.9,22.1,22.9,23.7,26.8,2096.4,21.33,36,39,39,90,129,598,1,2,Yes,No,No,No,No,No,No,No,No,No,Yes,No,No,No,No,No,No,No,No,No,No,No,No,No,No,No,No,No,No,No,No,No,No,No,No,No,No,53,56,50,50,42,50,56,53,7241,6971,65,56,55,100,No,No,34678,80133,100,0.1,100,319.16,0.257,519743,192851,52,0.777,0.062,900,2096,0.7,0,0,1,0.1,1.3,3.6,0,0,46,1820,2137,1820,No,No,No,No,No,No,No,No,8.183,28.508,97.1,4.214,43.5,59.6,61.9,64.1,59.8,59.7,59.7,59.7,60,60.3,59.7,59.7,59.7,59.7,15.98,16.42,15.53,15.53,16.43,16.43,0.6,0.64,15.4,0.58,0.2,1738,63,12.1,16.4,0
1.7.2026,55:18.8,20968,2257,90.2,7373,541,93.1,24.3,15311,3726,0.686,0.66,0.695,0.692,0.697,0.651,0.703,1498.6,1277.5,1572.3,1572.3,1572.3,98.3,1080.9,2854.5,2831.7,2720.9,2784.7,2802.9,2929.2,2857.7,3011.8,2896.9,2854.5,79.2,78.8,75.8,77.2,77,82,79.3,83.4,79.9,83.4,79.2,100,124.4,123.8,119.2,120.8,121.8,128,124.9,131,126.1,124.5,15.2,13,16,16,16,11,52,54,53,52,50,48,46,47,48,50,54,54,No,No,No,No,No,No,No,No,No,No,No,No,No,No,No,No,No,No,54,52,51,2.539,29.318,25.472,0.064,10.963,1.904,1.484,0.481,64,15,64,64,0,0,0,0,0,0,0,0,78.2,77.7,74.8,76.4,76.4,80.8,78.2,82.5,79,2.9,4.3,4.5,2.3,0.5,2096.4,21.33,36,39,39,90,129,598,1,2,Yes,No,No,No,No,No,No,No,No,No,Yes,No,No,No,No,No,No,No,No,No,No,No,No,No,No,No,No,No,No,No,No,No,No,No,No,No,No,55,58,50,50,42,50,56,53,7281,6959,65,56,55,100,No,No,34678,80134,100,28.9,100,580.948,19.218,520856,192888,52,0.78,0.064,900,2096,1,0.1,0,1.1,0.6,1.8,3,0,0,45.2,1788,2168,1789,No,No,No,No,No,No,No,No,8.184,28.508,97.1,4.174,43.5,59.6,20,20.2,19.8,19.8,19.8,19.8,0,0,0,0,0,0,49.95,50.57,49.35,49.34,50.58,50.58,0.21,0,49.63,0.32,0,1738,63,1.8,8.8,0
1.7.2026,55:20.8,20944,2281,90.1,7535,379,95.1,25.4,15311,3886,1.001,1.02,0.987,1.007,0.987,0.893,0.763,3734.2,3734.2,3734.2,3734.2,3734.2,98.3,3439.4,1404.1,1404,1332.5,1265.8,1166.2,1539.4,1479.6,1644.5,1401,1404.1,50.6,51.1,48.5,48.3,45.3,54,53.2,54.2,50.5,54.2,50.6,100,59.9,61.8,58.7,55.8,51.1,67.3,64.4,62.8,57.3,59.9,38,38,38,38,38,35,68,66,65,65,77,32,34,35,35,23,75,77,No,No,No,No,No,No,No,No,No,No,No,No,No,No,No,No,No,No,61,61,53,11.172,14.277,10.713,0.089,7.086,1.646,1.153,0.486,64,15,64,64,0,0.1,0,0,0,0,0,0,51.1,51,48.2,48.3,45.1,53.7,53.3,58,51.2,19.2,18.9,24.5,15.1,18.2,2096.4,21.33,36,39,39,90,129,598,1,2,Yes,No,No,No,No,No,No,No,No,No,Yes,No,No,No,No,No,No,No,No,No,No,No,No,No,No,No,No,No,No,No,No,No,No,No,No,No,No,56,58,50,50,42,50,56,53,7281,6959,65,56,55,100,No,No,34679,80135,96,41.9,100,134.688,82.431,521138,193060,53,0.775,0.089,900,2096,2.7,1.4,0,1.5,2.5,1.7,3.4,0,0,45.2,1788,2168,1789,No,No,No,No,No,No,No,No,8.187,28.515,97.1,4.208,43.5,59.6,19.8,19.8,19.8,19.8,19.8,19.8,0,0,0,0,0,0,50.69,50.69,50.69,50.69,50.69,50.69,0.2,0,50.35,0.33,0,1740,63,518.8,9.9,0
1.7.2026,55:22.9,20964,2261,90.2,7464,450,94.3,24.6,15311,3763,0.909,0.74,0.947,0.96,0.987,0.891,0.758,3242.8,2161.9,3537.6,3537.6,3734.2,98.3,3439.4,1839.8,2063.2,1921.8,1857.1,1664.7,1851,1824.1,1977.6,1558.7,1839.8,54.2,59.3,55.8,55,49,54.3,52.5,60.7,47.3,60.7,54.2,100,81.6,90.4,84.8,81.6,72.8,81.6,79.7,91.2,71.1,81.6,33,22,36,36,38,35,67,67,63,69,69,33,33,37,31,31,70,69,No,No,No,No,No,No,No,No,No,No,No,No,No,No,No,No,No,No,56,56,52,2.285,20.071,16.169,0.245,9.013,1.789,1.325,0.489,64,15,64,64,0,0,0,0,0,0,0,0,53.8,59.3,55.4,55.3,49.2,54.6,52.8,57.9,45.9,6.4,5.8,7.5,6.9,5.6,2096.4,21.33,36,39,39,90,129,598,1,2,Yes,No,No,No,No,No,No,No,No,No,Yes,No,No,No,No,No,No,No,No,No,No,No,No,No,No,No,No,No,No,No,No,No,No,No,No,No,No,56,59,50,50,42,50,56,53,7268,6971,65,56,55,100,No,No,34679,80135,75.1,0.6,75.7,204.881,2.982,521506,193066,52,0.722,0.245,600,2096,5.6,4,0,1.9,6.1,0,3.6,0,0,43.2,1708,2248,1709,No,No,No,No,No,No,No,No,8.183,28.515,97.1,4.198,43.5,59.6,44.8,141.8,8.5,7,6.9,6.9,43.5,61.3,8.2,6.8,6.7,6.7,22.33,118.08,6.12,4.6,145.51,145.51,1.71,7.16,21.98,0.35,10.9,1740,63,36.3,19.7,0
1.7.2026,55:24.9,21069,2156,90.7,7715,199,97.4,24.4,15311,3739,0.986,0.975,0.985,1.007,0.977,0.891,0.761,3685.1,3537.6,3734.2,3734.2,3734.2,98.3,3439.4,1979.9,1872.6,1875.8,1946.1,1849.5,1925,2203,2116.1,2050.7,1979.9,61.6,59.2,60,60.8,57.7,61.9,64.6,66.6,62.2,66.6,61.6,100,84.3,83.2,82.8,85.9,81.5,84.6,87.7,87.1,81.4,84.3,37.5,36,38,38,38,35,70,68,69,72,72,30,32,31,28,28,72,72,No,No,No,No,No,No,No,No,No,No,No,No,No,No,No,No,No,No,71,71,54,16.504,19.18,15.338,0.192,8.547,1.768,1.295,0.491,64,15,64,64,0,0,0,0,0,0,0,0,62.2,58.4,59.4,60.2,57.3,61.5,67.8,68.1,65.3,9.9,11,12.2,8.1,8.5,2096.4,21.33,36,39,39,90,129,598,1,2,Yes,No,No,No,No,No,No,No,No,No,Yes,No,No,No,No,No,No,No,No,No,No,No,No,No,No,No,No,No,No,No,No,No,No,No,No,No,No,56,59,50,50,42,51,56,53,7281,6947,65,55,55,100,No,No,34679,80135,88.1,0.8,88.8,137.138,3.612,521798,193074,54,0.775,0.192,900,2096,3.6,2.3,0,1.6,3.7,0,4.4,0,0,45.7,1808,2149,1809,No,No,No,No,No,No,No,No,8.187,28.515,97.1,4.2,43.5,59.6,35,361.7,3.9,3,2.9,2.9,35.6,61.9,4.3,3.2,3.2,3.2,28.62,257.17,2.78,1.7,339.85,339.85,2.13,16.8,28.33,0.29,26.27,1742,63,1213.8,41.4,0
1.7.2026,55:26.9,21021,2204,90.5,7380,535,93.2,24.1,15311,3684,0.67,0.66,0.675,0.672,0.672,0.651,0.761,1326.6,1277.5,1375.8,1375.8,1277.5,98.3,1080.9,2132.2,2392.7,1990.1,2207.5,2101.1,2305.1,1888.3,2093.6,2079.6,2132.2,66.5,72.4,60.6,67.1,63.2,69.7,63.7,68.4,66.9,72.4,66.5,100,95.2,103.5,86.7,95.6,90.9,99.1,92.2,97.5,96.1,95.2,13.5,13,14,14,13,11,53,54,53,52,52,47,46,47,48,48,55,54,No,No,No,No,No,No,No,No,No,No,No,No,No,No,No,No,No,No,57,54,53,2.793,23.061,19.052,0.213,9.276,1.877,1.414,0.487,64,15,64,64,0,0.6,0,0,0,0,0,0,64.7,72,60.3,67,63.1,69.5,57.6,64.8,63.7,10.1,6.1,11,11.6,11.7,2096.4,21.33,36,39,39,90,129,598,1,2,Yes,No,No,No,No,No,No,No,No,No,Yes,No,No,No,No,No,No,No,No,No,No,No,No,No,No,No,No,No,No,No,No,No,No,No,No,No,No,56,61,50,50,42,51,56,53,7295,6959,65,55,55,100,No,No,34679,80135,22.1,0.4,22.5,66.622,2.126,521907,193077,54,0.732,0.213,650,2096,4.2,2.7,0,1.9,4.2,0,5.4,0,0,46,1821,2136,1821,No,No,No,No,No,No,No,No,8.187,28.515,97.1,4.175,43.5,59.6,55.3,76,19.2,13.1,12.7,12.7,55.5,60.4,19.4,12.5,12,12,18.08,52.02,13.18,11.47,78.77,78.77,1.89,2.59,17.68,0.4,3.38,1742,63,14.8,21.1,0
1.7.2026,55:28.9,21148,2077,91,7254,660,91.6,25.9,15311,3960,0.945,1.01,0.987,0.835,0.947,0.891,0.761,3439.4,3734.2,3734.2,2849.8,3439.4,98.3,3439.4,1225,1329.1,1216.7,1145.9,1075.4,1273.2,1108.3,1285.9,1365.2,1225,52.4,57.3,51.8,51.5,46.8,55.8,46.4,53.6,55.9,57.3,52.4,100,53.6,58.3,53.8,50.4,47,55.7,48.6,56.2,59,53.6,35,38,38,29,35,35,65,67,64,65,65,35,33,36,35,35,67,67,No,No,No,No,No,No,No,No,No,No,No,No,No,No,No,No,No,No,64,64,54,12.696,12.982,9.278,0.151,6.551,1.703,1.21,0.49,64,15,64,64,0,2.2,0,0,0,0,0,0,52.3,57,51.6,51.6,46.9,55.8,46.5,53.4,55.7,22,18.8,25.9,23.3,19.8,2096.4,21.33,36,39,39,90,129,598,1,2,Yes,No,No,No,No,No,No,No,No,No,Yes,No,No,No,No,No,No,No,No,No,No,No,No,No,No,No,No,No,No,No,No,No,No,No,No,No,No,56,61,50,50,42,51,56,53,7281,6984,65,55,55,100,No,No,34679,80135,46.4,83.6,100,44.783,146.152,521993,193357,54,0.775,0.151,900,2096,3.4,1.9,0,1.8,3.3,0,5.6,0,0,46,1821,2136,1821,No,No,No,No,No,No,No,No,8.183,28.523,97.2,4.222,43.5,59.6,31.3,93.2,3.3,2.5,2.4,2.4,31.2,61.5,3.2,2.5,2.4,2.4,31.9,305.56,10.77,10.56,409.16,409.16,2.59,12.86,31.58,0.32,31.57,1744,63,598.9,24,0
1.7.2026,55:30.9,21194,2031,91.2,7472,443,94.4,25.9,15311,3965,1,1.02,0.985,1.007,0.987,0.891,0.761,3734.2,3734.2,3734.2,3734.2,3734.2,98.3,3439.4,1401.6,1491.6,1319.7,1322.7,1142.2,1398.3,1424.8,1520.1,1593.2,1401.6,50.3,55.2,47.6,50,44,51.6,46.7,53.9,53.6,55.2,50.3,100,59.5,65.4,58.3,58.1,50,61.3,54.3,63.1,65.7,59.5,38,38,38,38,38,35,70,67,71,69,73,30,33,29,31,27,72,73,No,No,No,No,No,No,No,No,No,No,No,No,No,No,No,No,No,No,70,70,55,13.711,15.443,11.741,0.128,7.236,1.711,1.2,0.499,64,15,64,64,0,0,0,0,0,0,0,0,50.6,54.7,47.1,49.8,43.6,51.2,50.1,54.1,54.1,17.3,16.5,21.4,18.3,13,2096.4,21.33,36,39,39,90,129,598,1,2,Yes,No,No,No,No,No,No,No,No,No,Yes,No,No,No,No,No,No,No,No,No,No,No,No,No,No,No,No,No,No,No,No,No,No,No,No,No,No,56,60,50,50,42,51,56,53,7281,6971,65,55,55,100,No,No,34679,80136,34.7,1.1,35.9,106.008,4.15,522216,193366,55,0.72,0.128,600,2096,2.1,1.1,0,1.3,1.7,0,4.7,0,0,46.1,1824,2133,1824,No,No,No,No,No,No,No,No,8.183,28.523,97.2,4.198,43.5,59.6,36.4,160,10,10,10,10,35.8,61.2,10,10,10,10,27.44,100.05,6.17,4,100.34,100.34,2.23,11.86,27.17,0.28,29.51,1750,63,3209.1,32.8,0
1.7.2026,55:32.9,21191,2034,91.2,7629,285,96.3,25.1,15311,3839,1,1.02,0.985,1.007,0.987,0.891,0.758,3734.2,3734.2,3734.2,3734.2,3734.2,98.3,3439.4,2618.8,2713.8,2462.6,2627,2408.2,2618.6,2772.9,2720,2627.3,2618.8,71,73.6,66.8,72,66,70.7,76.3,72.4,70.2,76.3,71,100,113.8,118.3,108.4,114.5,104.8,114.1,122.1,116.2,112.3,113.8,38,38,38,38,38,35,75,75,73,77,75,25,25,27,23,25,76,77,No,No,No,No,No,No,No,No,No,No,No,No,No,No,No,No,No,No,73,73,56,16.758,25.066,21.014,0.175,10.524,1.937,1.41,0.507,64,15,64,64,0,0,0,0,0,0,0,0,70.6,72.9,66.2,71.6,65.6,70,74.1,73.5,70.9,3.9,4.4,5,2.4,3.9,2096.4,21.33,36,39,39,90,129,598,1,2,Yes,No,No,No,No,No,No,No,No,No,Yes,No,No,No,No,No,No,No,No,No,No,No,No,No,No,No,No,No,No,No,No,No,No,No,No,No,No,58,62,50,50,42,51,56,53,7281,6984,65,55,55,100,No,No,34679,80136,100,6.8,100,427.532,0.305,522980,193366,57,0.792,0.175,950,2096,2.4,1.6,0,1.1,2.3,0,3.5,0,0,46.4,1834,2123,1834,No,No,No,No,No,No,No,No,8.183,28.523,97.2,4.173,43.5,59.6,18.5,190.4,2.6,2.3,2.3,2.3,18.4,62.1,2.6,2.3,2.3,2.3,54.07,390.93,5.27,5.15,432.85,432.85,3.39,33.26,53.67,0.41,57.63,1768,63,9425.4,78.7,0
1.7.2026,55:34.9,21182,2043,91.1,7417,497,93.7,24.5,15311,3751,0.834,0.852,0.812,0.835,0.837,0.773,0.758,2800.6,2849.8,2653.2,2849.8,2849.8,98.3,2653.2,2761.7,2732.1,2648,2830.9,2857,2779,2766.5,2806.6,2673.6,2761.7,80.2,79.2,76,82.3,82.8,79.3,80.6,82.6,78.8,82.8,80.2,100,119.9,118.6,114.9,122.2,122.8,120.5,120.3,122.7,117.2,119.9,28.5,29,27,29,29,27,60,62,60,61,58,40,38,40,39,42,62,62,No,No,No,No,No,No,No,No,No,No,Yes,Yes,Yes,Yes,Yes,No,No,Yes,57,54,57,2.539,25.341,21.429,0.072,10.158,1.956,1.438,0.49,64,15,64,64,0,0,0,0,0,0,0,0,79,78.2,75.1,81.3,81.9,78.2,79.3,81,76.8,1.9,2.9,1.5,1.6,1.7,2096.4,21.33,36,39,39,90,129,598,1,2,Yes,No,No,No,No,No,No,No,Yes,No,Yes,No,No,No,No,No,No,No,No,No,No,No,No,No,No,No,No,No,No,No,No,No,No,No,No,No,No,57,63,50,50,42,51,56,53,7281,6996,65,56,55,100,No,No,34679,80137,100,19,100,212.574,27.255,523383,193418,56,0.775,0.072,900,2096,1,0.3,0,0.8,0.7,0,3.5,0,0,46.1,1823,2134,1823,No,No,No,No,No,No,No,No,8.184,28.523,97.2,4.157,43.5,59.6,18.5,125.3,3,2.7,2.7,2.7,18.6,60.2,3,2.8,2.7,2.7,54.12,336.02,8.02,6.62,373.06,373.06,1.92,23.62,53.79,0.32,44.55,1769,63,469.2,45.8,0
1.7.2026,55:36.9,21168,2057,91.1,7102,812,89.7,26.5,15311,4056,0.681,0.69,0.682,0.68,0.67,0.661,0.761,1449.5,1572.3,1474,1474,1277.5,98.3,1375.8,596,702.1,551.6,655.6,471.1,789.7,583.4,551.1,463.8,596,29.7,34.4,28.3,31.1,24,34.5,30,30.1,25.3,34.5,29.7,100,27.3,31.4,24.8,29.1,20.8,34.7,28.6,26.8,22.3,27.3,14.8,16,15,15,13,14,54,56,54,54,52,46,44,46,46,48,56,56,No,No,No,No,No,No,No,No,No,No,Yes,Yes,Yes,Yes,Yes,No,No,Yes,57,54,55,2.031,8.382,4.951,0.052,5.385,1.575,0.944,0.484,64,15,64,64,0,8.4,0,0,0,0,0,0,29.8,34.6,28.5,32,24.9,34.8,28.6,29.7,25,36.7,32.3,41,32.8,40.5,2096.4,21.33,36,39,39,90,129,598,1,2,Yes,No,No,No,No,No,No,No,Yes,No,Yes,No,No,No,No,No,No,No,No,No,No,No,No,No,No,No,No,No,No,No,No,No,No,No,No,No,No,57,63,50,50,42,51,56,53,7268,6984,65,56,55,100,No,No,34679,80137,15.7,85.8,100,24.385,163.229,523429,193725,54,0.775,0.052,900,2096,0.6,0.1,0,0.7,0.2,0,3.1,0,0,46.1,1823,2134,1823,No,No,No,No,No,No,No,No,8.184,28.53,97.2,4.19,43.5,59.6,8.8,8.8,8.8,8.8,8.8,8.8,8.6,8.6,8.6,8.6,8.6,8.6,113.03,113.03,113.03,113.03,113.03,113.03,0.37,0.08,112.79,0.24,5.31,1769,63,450.9,6.6,0
1.7.2026,55:38.9,21286,1939,91.6,7341,573,92.7,26.5,15311,4056,1.001,1.02,0.987,1.007,0.99,0.891,0.761,3734.2,3734.2,3734.2,3734.2,3734.2,98.3,3439.4,1108.1,1296,1067.4,1065.7,944.5,1210,1014.1,1139,1128.2,1108.1,42.8,47.7,39.1,42.6,38.9,47,40,44.8,42.4,47.7,42.8,100,48.6,57.3,47.1,47.4,41.8,53.2,44.8,50.2,47.2,48.6,38,38,38,38,38,35,65,72,61,68,60,35,28,39,32,40,72,72,No,No,No,No,No,No,No,No,No,No,No,No,No,No,No,No,No,No,57,57,54,3.047,14.512,11.003,0.04,6.768,1.651,1.082,0.484,64,15,64,64,0,4,0,0,0,0,0,0,42.9,47.4,39.3,42.7,38.7,46.9,39.9,44.8,43.5,22,19,25.2,21.4,22.2,2096.4,21.33,36,39,39,90,129,598,1,2,Yes,No,No,No,No,No,No,No,No,No,Yes,No,No,No,No,No,No,No,No,No,No,No,No,No,No,No,No,No,No,No,No,No,No,No,No,No,No,56,63,50,50,42,51,56,53,7281,6984,65,56,55,100,No,No,34679,80137,100,14.4,100,294.799,0.206,524001,193725,54,0.775,0.04,900,2096,0.6,0.1,0,0.7,0.3,0,3.2,0,0,45.1,1783,2174,1783,No,No,No,No,No,No,No,No,8.183,28.53,97.2,4.198,43.5,59.6,2.9,6.5,1.8,1.8,1.8,1.8,2.9,6.5,1.8,1.8,1.8,1.8,349.68,544.47,154.89,151.31,548.45,548.45,0.63,63.65,349.68,0,207.04,1770,63,37.1,14.9,0
1.7.2026,55:40.9,21331,1894,91.8,7480,434,94.5,26.4,15311,4046,0.991,1.02,0.987,1.007,0.947,0.891,0.758,3685.1,3734.2,3734.2,3734.2,3537.6,98.3,3439.4,1351.8,1458,1296.3,1308.5,1126.1,1370,1359.4,1568.6,1327.8,1351.8,46.3,48.6,43.5,45.8,39.5,46.6,45.7,54.6,46.6,54.6,46.3,100,60.1,65.1,57.2,58.2,49.7,61,60.6,68.4,60.8,60.1,37.5,38,38,38,36,35,64,64,66,62,64,36,36,34,38,36,66,66,No,No,No,No,No,No,No,No,No,No,No,No,No,No,No,No,No,No,62,62,54,8.887,16.887,13.297,0.049,7.645,1.711,1.166,0.486,64,15,64,64,0,0.5,0,0,0,0,0,0,46,48.2,43.4,46,39.5,46.4,45.4,54.5,45.1,16.1,15.7,19.5,15.6,13.7,2096.4,21.33,36,39,39,90,129,598,1,2,Yes,No,No,No,No,No,No,No,No,No,Yes,No,No,No,No,No,No,No,No,No,No,No,No,No,No,No,No,No,No,No,No,No,No,No,No,No,No,57,63,51,50,42,51,56,54,7254,6984,65,56,55,100,No,No,34679,80138,76.4,10.6,87,181.12,0.414,524341,193726,56,0.775,0.049,900,2096,0.8,0.2,0,0.7,0.5,0,3.2,0,0,45.4,1796,2161,1796,No,No,No,No,No,No,No,No,8.187,28.53,97.2,4.184,43.5,59.6,5.7,28.7,3.2,3.2,3.2,3.2,5.7,28.8,3.2,3.2,3.2,3.2,176.88,313.81,34.8,33.63,317.1,317.1,0.25,17.5,176.88,0,123.53,1770,63,328.7,16.5,0
1.7.2026,55:43.0,21307,1918,91.7,7284,630,92,25.8,15311,3945,0.846,0.79,0.867,0.862,0.865,0.793,0.758,2898.9,2456.7,3046.3,3046.3,3046.3,98.3,2653.2,1828.4,1842,1748.3,1940.5,1775.7,1779.7,1964.9,1957,1618.9,1828.4,51.3,52,49,54.3,49.8,49.7,54.9,55.2,45.8,55.2,51.3,100,79.5,80.5,76.3,84.1,77.2,77.5,85.3,85.2,69.9,79.5,29.5,25,31,31,31,27,64,66,65,62,65,36,34,35,38,35,66,66,No,No,No,No,No,No,No,No,No,No,Yes,Yes,Yes,Yes,Yes,No,No,Yes,58,58,55,5.078,21.402,17.652,0.054,9.163,1.826,1.294,0.481,64,15,64,64,0,0.1,0,0,0,0,0,0,51.3,51.8,48.8,54.2,49.7,49.7,54.8,55.1,45.8,6.9,7,5.5,5.2,9.9,2096.4,21.33,36,39,39,90,129,598,1,2,Yes,No,No,No,No,No,No,No,Yes,No,Yes,No,No,No,No,No,No,No,No,No,No,No,No,No,No,No,No,No,No,No,No,No,No,No,No,No,No,58,64,51,50,42,51,56,54,7295,6984,65,56,55,100,No,No,34679,80138,49.5,1.2,50.7,163.108,1.414,524654,193729,55,0.73,0.054,650,2096,0.9,0.2,0,0.7,0.6,0,3,0,0,45.2,1788,2169,1788,No,No,No,No,No,No,No,No,8.187,28.538,97.2,4.175,43.5,59.6,8.6,55.4,3.4,3.3,3.3,3.3,8.6,56.1,3.4,3.3,3.3,3.3,116.6,291.96,18.04,17.04,300.13,300.13,0.23,3.17,116.6,0,93.67,1770,63,5.2,5.4,0
1.7.2026,55:45.0,21278,1947,91.6,7375,539,93.1,25.6,15311,3912,0.658,0.65,0.667,0.652,0.662,0.646,0.761,1203.8,1179.2,1277.5,1179.2,1179.2,98.3,982.7,928.2,1005.3,908.9,930,905.3,940.9,854.4,952.7,927.9,928.2,44.6,48.1,42.7,45.7,43.9,45.7,40.9,46.4,43.6,48.1,44.6,100,41.1,44.6,40.2,41.3,39.8,42,38.2,42.3,40.7,41.2,12.2,12,13,12,12,10,53,55,54,52,51,47,45,46,48,49,55,55,No,No,No,No,No,No,No,No,No,No,Yes,Yes,Yes,Yes,Yes,No,No,Yes,57,55,55,3.809,10.56,7.125,0.046,5.81,1.61,1.033,0.485,64,15,64,64,0,3.4,0,0,0,0,0,0,44.9,48.3,43,46,44.6,45.9,40.9,46.6,43.8,25.3,24.5,23.2,28,25.4,2096.4,21.33,36,39,39,90,129,598,1,2,Yes,No,No,No,No,No,No,No,Yes,No,Yes,No,No,No,No,No,No,No,No,No,No,No,No,No,No,No,No,No,No,No,No,No,No,No,No,No,No,57,63,51,50,42,51,56,54,7295,6984,65,56,55,100,No,No,34679,80138,44,0.1,44,90.757,0.272,524829,193729,55,0.775,0.046,900,2096,1,0.2,0,0.8,0.7,0,3.3,0,0,45.2,1787,2170,1787,No,No,No,No,No,No,No,No,8.184,28.538,97.2,4.198,43.5,59.6,9.9,96.7,6.1,6,6,6,8.4,15,6,6,6,6,101.26,163.76,10.25,7.31,164.92,164.92,3.69,27.77,100.9,0.36,36.95,1771,63,433.6,15.5,0
1.7.2026,55:47.0,21263,1962,91.5,7110,804,89.8,26.9,15311,4123,0.658,0.652,0.66,0.657,0.662,0.646,0.761,1179.2,1179.2,1179.2,1179.2,1179.2,98.3,982.7,625.3,663.6,575.6,623.8,591.2,670.6,601.4,667.4,608.5,625.3,40.3,43.4,38.1,41,39,42.4,36.6,42,39.7,43.4,40.3,100,27.9,29.7,26,28,26.6,29.9,26.6,29.5,26.8,27.9,12,12,12,12,12,10,51,53,51,51,50,49,47,49,49,50,54,53,No,No,No,No,No,No,No,No,No,No,No,No,No,No,No,No,No,No,56,54,54,3.047,6.835,3.359,0.06,4.938,1.57,1.012,0.483,64,15,64,64,0,4.7,0,0,0,0,0,0,40.4,43.4,37.9,41.3,38.9,42.9,36.8,42.2,39.6,30.5,30.1,30.3,30.5,31.2,2096.4,21.33,36,39,39,90,129,598,1,2,Yes,No,No,No,No,No,No,No,No,No,Yes,No,No,No,No,No,No,No,No,No,No,No,No,No,No,No,No,No,No,No,No,No,No,No,No,No,No,56,63,51,50,42,51,56,54,7268,6984,65,56,55,100,No,No,34680,80138,18.6,100,100,27.495,126.079,524882,193969,52,0.777,0.06,900,2096,0.9,0.2,0,0.8,0.7,0,3.3,0,0,45.2,1787,2170,1787,No,No,No,No,No,No,No,No,8.184,28.538,97.2,4.207,43.5,59.6,8.4,30.4,2.6,2.5,2.5,2.5,8.4,30,2.6,2.5,2.5,2.5,118.55,382.67,32.92,32.92,400.07,400.07,0.27,3.55,118.55,0,109.34,1771,63,158.1,10.3,0
1.7.2026,55:49.0,21254,1971,91.5,7124,790,90,26.9,15311,4122,0.668,0.662,0.67,0.667,0.672,0.651,0.761,1277.5,1277.5,1277.5,1277.5,1277.5,98.3,1080.9,482.5,537.1,442.2,545.1,446.8,515.3,390.7,495.1,487.9,482.5,30.7,33.7,28.1,33.9,28,32.9,25.9,31.5,31.8,33.9,30.7,100,21.7,24.4,20.1,24.5,20,23.3,17.5,22.3,21.8,21.7,13,13,13,13,13,11,50,53,50,50,49,50,47,50,50,51,54,53,No,No,No,No,No,No,No,No,No,No,No,No,No,No,No,No,No,No,55,54,52,3.301,6.467,3.203,0.051,4.627,1.468,0.861,0.483,64,15,64,64,0,9.8,0,0,0,0,0,0,31,34,28.2,34.1,28.2,33.3,26,31.9,31.9,41.9,40.7,42.6,43.8,40.4,1048.2,10.67,20,20,20,45,129,299,1,2,Yes,No,No,No,No,No,No,No,No,No,Yes,No,No,No,No,No,No,No,No,No,No,No,No,No,No,No,No,No,No,No,No,No,No,No,No,No,No,56,62,51,50,42,51,56,54,7268,6984,65,55,55,100,No,No,34680,80138,10.1,1.4,11.5,17.164,0.278,524915,193969,52,0.777,0.051,900,1048,1.1,0.3,0,0.8,0.8,0,3.3,0,0,45.4,1796,2160,1797,No,No,No,No,No,No,No,No,8.184,28.546,97.2,4.19,43.5,59.6,6.5,10,4.4,4.3,4.3,4.3,6.5,9.9,4.4,4.3,4.3,4.3,153.18,229.47,100.44,99.2,232.74,232.74,0.29,27.76,153.18,0,73.06,1771,63,62.7,7.7,0
1.7.2026,55:51.0,21401,1824,92.1,7266,648,91.8,26.8,15311,4110,1.001,1.02,0.987,1.007,0.987,0.893,0.763,3734.2,3734.2,3734.2,3734.2,3734.2,98.3,3439.4,916.2,988.6,799.7,888.2,779.9,920.8,822.6,1274.7,855.3,916.2,42.7,48.6,38.4,43.6,35.6,42,38.2,54.5,41.1,54.5,42.7,100,38.3,44.4,34.4,36.9,31.7,37.9,33.3,53.1,34.4,38.3,38,38,38,38,38,35,68,61,71,69,72,32,39,29,31,28,61,72,No,No,No,No,No,No,No,No,No,No,No,No,No,No,No,No,No,No,56,53,53,2.031,10.117,6.672,0.072,5.697,1.573,1.052,0.488,64,15,64,64,0,2.7,0,0,0,0,0,0,43.6,48,38.8,44.4,37.1,43.5,39.6,55.1,42.6,27.8,26.9,31.9,30.9,21.6,2096.4,21.33,36,39,39,90,129,598,1,2,Yes,No,No,No,No,No,No,No,No,No,Yes,No,No,No,No,No,No,No,No,No,No,No,No,No,No,No,No,No,No,No,No,No,No,No,No,No,No,56,61,51,50,42,51,56,54,7254,6984,65,55,55,100,No,No,34680,80138,19.3,4.1,23.5,35.992,0.315,524985,193970,52,0.742,0.072,700,2096,0.8,0.2,0,0.8,0.6,0,3.5,0,0,46.9,1857,2100,1857,No,No,No,No,No,No,No,No,8.185,28.546,97.2,4.183,43.5,59.6,8.7,53.6,4.1,4,4,4,8.7,52.7,4.1,4,4,4,114.43,243.67,18.67,16.55,249.61,249.61,0.27,15.78,114.43,0,110.34,1773,63,547,18.9,0
1.7.2026,55:53.0,21368,1857,92,7270,645,91.8,26.7,15311,4088,0.659,0.65,0.667,0.657,0.662,0.648,0.763,1203.8,1179.2,1277.5,1179.2,1179.2,98.3,982.7,940.2,1023.4,1081.5,980.3,853.5,920.1,820.9,936.3,905.2,940.2,46,48.2,49.4,47.5,43.5,47.1,41.8,47,43.8,49.4,46,100,43.4,44.6,48,45.7,40.3,43.4,39,43.9,42.2,43.4,12.2,12,13,12,12,10,52,54,51,51,51,48,46,49,49,49,54,54,No,No,No,No,No,No,No,No,No,No,No,No,No,No,No,No,No,No,56,52,52,1.016,10.947,7.514,0.049,5.902,1.57,1.044,0.482,64,15,64,64,0,4.1,0,0,0,0,0,0,44.8,47.9,48.7,46.2,42.1,45.7,40.1,45.7,42.2,27.5,22.8,27.9,30.6,28.8,2096.4,21.33,36,39,39,90,129,598,1,2,Yes,No,No,No,No,No,No,No,No,No,Yes,No,No,No,No,No,No,No,No,No,No,No,No,No,No,No,No,No,No,No,No,No,No,No,No,No,No,56,61,51,50,42,51,56,54,7281,6971,65,55,55,100,No,No,34680,80139,20,0.1,20.1,38.614,0.167,525057,193970,52,0.777,0.049,900,2096,0.9,0.2,0,1,0.7,0,4.2,0,0,46.7,1849,2108,1849,No,No,No,No,No,No,No,No,8.185,28.546,97.2,4.174,43.5,59.6,9.4,14.2,7.5,7.5,7.5,7.5,9.4,14.5,7.6,7.5,7.5,7.5,106.1,132.54,70.24,68.26,133.72,133.72,0.26,8.78,106.1,0,26.92,1773,63,204.9,9.9,0
1.7.2026,55:55.0,21374,1851,92,7290,624,92.1,26.6,15311,4080,0.664,0.662,0.66,0.657,0.675,0.651,0.763,1228.4,1277.5,1179.2,1179.2,1277.5,98.3,1080.9,698,690.4,627.4,777.3,660.5,737,637.5,704,750.3,698,44.3,43.9,39.9,46.8,39.9,47.9,41.9,46.1,47.7,47.9,44.3,100,30.7,30.7,27.7,34,29.2,32.7,28.1,31,32.6,30.7,12.5,13,12,12,13,11,50,51,51,49,49,50,49,49,51,51,52,51,No,No,No,No,No,No,No,No,No,No,No,No,No,No,No,No,No,No,55,52,51,2.539,7.52,4.083,0.055,4.99,1.543,1.027,0.483,64,15,64,64,0,1.9,0,0,0,0,0,0,44.6,44.2,40.3,47.1,40.2,48.2,42.1,46.5,48,28.7,31,29.5,27,27.2,2096.4,21.33,36,39,39,90,129,598,1,2,Yes,No,No,No,No,No,No,No,No,No,Yes,No,No,No,No,No,No,No,No,No,No,No,No,No,No,No,No,No,No,No,No,No,No,No,No,No,No,56,60,51,50,42,51,56,54,7281,6984,65,55,55,100,No,No,34680,80139,11,0,11.1,22.237,0.026,525100,193970,51,0.74,0.055,450,2096,1,0.3,0,1.1,0.8,0,4.5,0,0,47,1858,2099,1858,No,No,No,No,No,No,No,No,8.184,28.546,97.2,4.174,43.5,59.6,8.1,18.9,6,6,6,6,8.1,19.6,6,6,6,6,123.9,167.51,52.9,52.17,167.61,167.61,0.32,0,123.9,0,45.18,1773,63,249,7.1,0
1.7.2026,55:57.0,21333,1892,91.8,7288,626,92,26.5,15311,4060,0.991,1.02,0.987,1.007,0.947,0.893,0.763,3685.1,3734.2,3734.2,3734.2,3537.6,98.3,3439.4,1226.7,1375.3,1127.5,1274.9,1117.5,1319.4,1153.2,1269.3,1176.5,1226.7,51.1,56.1,46.6,55.7,47.1,54.1,47,52.8,49,56.1,51.1,100,53.1,59.7,49.1,55.3,48.4,57.2,49.5,54.8,50.7,53.1,37.5,38,38,38,36,35,61,63,60,59,62,39,37,40,41,38,63,63,No,No,No,No,No,No,No,No,No,No,No,No,No,No,No,No,No,No,55,54,52,3.809,11.754,8.207,0.056,6.525,1.643,1.159,0.524,64,15,64,64,0,1.4,0,0,0,0,0,0,51,55.9,46.5,55.7,47.1,54,47,52.7,48.8,20.8,20.3,21.3,18.3,23.5,2096.4,21.33,36,39,39,90,129,598,1,2,Yes,No,No,No,No,No,No,No,No,No,Yes,No,Yes,No,No,No,No,No,No,No,No,No,No,No,No,Yes,No,No,No,No,No,No,No,No,No,No,No,56,60,51,50,42,51,57,54,7268,6959,65,55,55,100,No,No,34680,80139,27.2,0,27.3,60.578,0.039,525216,193971,52,0.86,0.056,900,2096,0.7,0.1,0,0.8,0.4,0,3.6,0,0,46.6,1843,2114,1843,No,No,No,No,No,No,No,No,8.187,28.553,97.3,4.175,43.5,59.6,4.3,18.3,2.5,2.5,2.5,2.5,4.3,18.2,2.5,2.5,2.5,2.5,233.3,396.96,54.74,50.54,400.33,400.33,0.27,23.73,233.3,0,170.14,1806,64,16378.2,112.2,0
1.7.2026,55:59.0,21344,1881,91.8,7293,621,92.1,26.3,15311,4026,0.772,0.74,0.702,0.79,0.855,0.691,0.763,2284.7,2063.6,1670.6,2456.7,2948,98.3,1867.1,1100.6,1185,995.9,1087.2,1003,1201.6,1063.7,1160.1,1108,1100.6,46.9,50.6,42.3,47.9,43.4,49.6,45.1,49.5,46.5,50.6,46.9,100,48.3,52.3,44.1,47.9,43.8,52.7,46.5,50.8,48.3,48.3,23.2,21,17,25,30,19,53,55,52,51,53,47,45,48,49,47,55,55,No,No,No,No,No,No,No,No,No,No,No,No,No,No,No,No,No,No,55,52,52,2.031,12.613,9.084,0.05,6.445,1.615,1.094,0.491,64,15,64,64,0,2.4,0,0,0,0,0,0,46.8,50.3,42.3,47.9,43.3,49.5,45,49.6,46.5,24.3,23.7,26.6,24.8,22.3,2096.4,21.33,36,39,39,90,129,598,1,2,Yes,No,No,No,No,No,No,No,No,No,Yes,No,No,No,No,No,No,No,No,No,No,No,No,No,No,No,No,No,No,No,No,No,No,No,No,No,No,56,60,51,50,42,51,57,54,7254,6984,65,55,55,100,No,No,34680,80139,49.3,4.6,53.8,90.14,0.049,525389,193971,51,0.777,0.05,900,2096,0.9,0.2,0,0.9,0.6,0,3.7,0,0,46.6,1843,2114,1843,No,No,No,No,No,No,No,No,8.187,28.553,97.3,4.151,43.5,59.6,8,49,4.7,4.6,4.6,4.6,8,49.5,4.7,4.6,4.6,4.6,124.98,213.89,20.4,17.28,216.21,216.21,0.28,6.03,124.98,0,64.59,1812,64,3330.7,34.2,0
1.7.2026,56:01.0,21312,1913,91.7,7329,585,92.6,27.1,15311,4155,0.73,0.73,0.73,0.727,0.732,0.681,0.763,1965.4,1965.4,1965.4,1965.4,1965.4,98.3,1768.8,894.6,948.5,826.8,924.9,838.3,979.5,735.4,973.4,929.6,894.6,40.4,42.7,38.2,41.2,37.2,44.5,35.1,43.4,41.1,44.5,40.4,100,39.1,41.6,36.3,40.5,36.5,42.9,32.4,42.5,40.4,39.2,20,20,20,20,20,18,53,55,52,52,52,47,45,48,48,48,55,55,No,No,No,No,No,No,No,No,No,No,No,No,No,No,No,No,No,No,54,52,51,2.285,10.536,7.111,0.028,5.929,1.589,1.076,0.488,64,15,64,64,0,2.2,0,0,0,0,0,0,40.8,43,38.5,41.7,37.7,44.9,35.2,43.7,41.4,31,30.8,33.6,31,28.5,1048.2,10.67,20,20,20,45,129,299,1,2,Yes,No,No,No,No,No,No,No,No,No,Yes,No,No,No,No,No,No,No,No,No,No,No,No,No,No,No,No,No,No,No,No,No,No,No,No,No,No,54,59,51,50,42,51,57,54,7281,6971,65,55,55,100,No,No,34680,80139,16.3,34.9,51.2,32.444,76.153,525451,194116,52,0.735,0.028,650,1048,0.5,0.1,0,0.4,0.4,0,1.8,0,0,46.3,1832,2124,1833,No,No,No,No,No,No,No,No,8.183,28.553,97.3,4.157,43.5,59.6,4.5,18.9,1.9,1.9,1.9,1.9,4.5,19.1,1.9,1.9,1.9,1.9,220.77,522.16,52.97,50.78,533.13,533.13,0.3,32.48,220.77,0,204.3,1814,64,797.6,11.2,0
1.7.2026,56:03.0,21342,1883,91.8,7356,559,92.9,26.9,15311,4123,0.659,0.655,0.66,0.657,0.665,0.648,0.763,1179.2,1179.2,1179.2,1179.2,1179.2,98.3,982.7,775.6,977.3,666,876.3,698.6,743.7,658.3,808.2,776.7,775.6,39.7,48.7,35.1,43.8,36,38.5,35.1,42.3,38.1,48.7,39.7,100,34.1,42.8,29.6,38.5,30.5,32.9,29,35.7,33.9,34.1,12,12,12,12,12,10,50,51,49,50,48,50,49,51,50,52,52,51,No,No,No,No,No,No,No,No,No,No,No,No,No,No,No,No,No,No,54,52,51,2.031,8.953,5.58,0.031,5.448,1.536,0.983,0.5,64,15,64,64,0,3.6,0,0,0,0,0,0,39.6,48.5,35,43.8,36.2,38.5,34.9,42.2,38,33.1,29.7,33.4,37.2,32.2,2096.4,21.33,36,39,39,90,129,598,1,2,Yes,No,No,No,No,No,No,No,No,No,Yes,No,No,No,No,No,No,No,No,No,No,No,No,No,No,No,No,No,No,No,No,No,No,No,No,No,No,54,59,51,50,42,51,57,54,7281,6984,65,55,55,100,No,No,34680,80139,17.3,0,17.3,37.474,0.07,525523,194117,52,0.735,0.031,650,2096,0.7,0.2,0,0.4,0.6,0,1.2,0,0,46.3,1831,2126,1831,No,No,No,No,No,No,No,No,8.183,28.553,97.3,4.141,43.5,59.6,6.4,29.2,2.9,2.9,2.9,2.9,6.4,28.5,2.9,2.9,2.9,2.9,155.5,343.02,34.28,32.76,350.57,350.57,0.3,24.14,155.5,0,153.22,1822,64,4080.7,34.1,0
1.7.2026,56:05.1,21366,1859,91.9,7389,525,93.3,26.7,15311,4083,0.67,0.69,0.657,0.662,0.67,0.648,0.763,1326.6,1572.3,1179.2,1277.5,1277.5,98.3,982.7,945.5,973.2,912.2,1078.1,988.5,863.1,876.3,951.3,921.6,945.5,39.6,41.7,38.8,44.4,39.9,36.6,36.5,39.4,39.2,44.4,39.6,100,41.2,42.7,40,46.8,42.8,37.9,38,41.3,40.1,41.2,13.5,16,12,13,13,10,52,55,52,52,51,48,45,48,48,49,55,55,No,No,No,No,No,No,No,No,No,No,No,No,No,No,No,No,No,No,54,50,50,2.793,11.218,7.741,0.126,6.068,1.535,0.994,0.485,64,15,64,64,0,2.4,0,0,0,0,0,0,39.8,41.9,39,44.4,39.9,37,36.9,39.8,39.2,32.2,29.3,29.3,37.1,33.2,2096.4,21.33,36,39,39,90,129,598,1,2,Yes,No,No,No,No,No,No,No,No,No,Yes,No,No,No,No,No,No,No,No,No,No,No,No,No,No,No,No,No,No,No,No,No,No,No,No,No,No,54,59,51,50,42,51,57,54,7281,6984,65,55,55,100,No,No,34680,80139,11.2,0.1,11.3,22.273,0.09,525566,194117,51,0.735,0.126,650,2096,3.8,2.8,0,1.1,4.1,0,1.2,0,0,46.8,1853,2104,1853,No,No,No,No,No,No,No,No,8.184,28.561,97.3,4.149,43.5,59.6,21.6,64.1,1.7,1.3,1.3,1.3,21.6,60.3,1.7,1.3,1.3,1.3,46.2,604.55,15.6,15.55,799.64,799.64,0.39,3.71,46.2,0,47.65,1822,64,333.8,40.9,0
1.7.2026,56:07.0,21332,1893,91.8,7373,541,93.1,26.6,15311,4072,0.659,0.655,0.66,0.657,0.665,0.648,0.763,1179.2,1179.2,1179.2,1179.2,1179.2,98.3,982.7,863.1,808.8,809.6,1072,791,833.2,796.7,901,892.3,863.1,40.5,38.4,37.7,47.1,37.3,39.5,38.7,42.6,42.6,47.1,40.5,100,37.4,35.4,35.2,46.3,34.2,36.3,34.4,39,38.7,37.4,12,12,12,12,12,10,50,52,50,49,48,50,48,50,51,52,52,52,No,No,No,No,No,No,No,No,No,No,No,No,No,No,No,No,No,No,54,51,50,3.809,10.392,6.904,0.104,5.752,1.572,1.063,0.483,64,15,64,64,0,4,0,0,0,0,0,0,40.9,38.8,38.2,47.3,37.8,39.9,39,43,43,33.4,36.5,31.2,35.2,30.4,2096.4,21.33,36,39,39,90,129,598,1,2,Yes,No,No,No,No,No,No,No,No,No,Yes,No,No,No,No,No,No,No,No,No,No,No,No,No,No,No,No,No,No,No,No,No,No,No,No,No,No,54,58,51,50,42,51,57,54,7308,6984,65,55,55,100,No,No,34680,80139,7.7,0,7.8,11.422,0.032,525588,194117,51,0.725,0.104,600,2096,2.4,1,0,0.9,3.2,0,1.3,0,0,46.6,1844,2112,1845,No,No,No,No,No,No,No,No,8.185,28.561,97.3,4.142,43.5,59.6,59,83.8,35,24.7,24,24,59,60.5,41.3,30.9,30,30,16.95,28.76,11.78,7.9,41.82,41.82,0.69,0.89,16.55,0.4,1.3,1823,64,21.6,11.2,0
1.7.2026,56:09.1,21360,1865,91.9,7400,514,93.5,26.6,15311,4070,0.962,0.905,0.987,1.007,0.947,0.808,0.766,3537.6,3144.6,3734.2,3734.2,3537.6,98.3,2948,712.4,749.3,648.1,665.2,675.8,745.2,725.2,724.1,766.6,712.4,35.7,38.5,31.6,34.6,33.1,37.4,34.2,38.7,37.2,38.7,35.7,100,30.6,33.8,27.7,28.5,28.7,31.8,31.1,30.8,32.4,30.6,36,32,38,38,36,30,62,56,64,63,64,38,44,36,37,36,56,64,No,No,No,No,No,No,No,No,No,No,No,No,No,No,No,No,No,No,64,64,52,10.41,8.838,5.511,0.059,5.338,1.481,0.915,0.482,64,15,64,64,0,5.3,0,0,0,0,0,0,36.2,38.6,32.2,35.2,33.7,38,34.7,39.3,37.8,37.2,37.7,41.7,35.6,33.8,2096.4,21.33,36,39,39,90,129,598,1,2,Yes,No,No,No,No,No,No,No,No,No,Yes,No,No,No,No,No,No,No,No,No,No,No,No,No,No,No,No,No,No,No,No,No,No,No,No,No,No,54,58,51,50,42,51,57,54,7268,6984,65,55,55,100,No,No,34680,80139,7.8,0.1,7.9,11.639,0.23,525610,194117,52,0.725,0.059,600,2096,1.5,0.6,0,0.6,1.7,0,1.3,0,0,46.6,1843,2113,1850,No,No,No,No,No,No,No,No,8.184,28.561,97.3,4.149,43.5,59.6,17.8,64.4,2.4,2.1,2.1,2.1,17.8,60.3,2.4,2.2,2.1,2.1,56.03,419.48,15.41,15.41,473.87,473.87,1.11,26.91,55.62,0.42,54.5,1823,64,197.2,6.7,0
1.7.2026,56:11.1,21349,1876,91.9,7456,458,94.2,26.5,15311,4063,0.722,0.74,0.702,0.705,0.742,0.693,0.763,1867.1,2063.6,1670.6,1670.6,2063.6,98.3,1867.1,1239,1415.6,1146.8,1212.3,1144.6,1168.7,1137,1369.2,1317.9,1239,45.8,51.5,42.7,46.2,42.3,44.4,42.2,48.7,48.2,51.5,45.8,100,54.8,61.4,51.4,53.9,50.8,52,50.5,60.6,58.1,54.9,19,21,17,17,21,19,52,53,53,51,50,48,47,47,49,50,54,53,No,No,No,No,No,No,No,No,No,No,No,No,No,No,No,No,No,No,62,62,51,7.871,14.522,10.933,0.094,7.105,1.635,1.131,0.499,64,15,64,64,0,1.1,0,0,0,0,0,0,45.3,51.2,42.1,46.1,41.9,43.9,41.8,48,47.6,22.7,20,25.1,24.7,21.1,2096.4,21.33,36,39,39,90,129,598,1,2,Yes,No,No,No,No,No,No,No,No,No,Yes,No,No,No,No,No,No,No,No,No,No,No,No,No,No,No,No,No,No,No,No,No,No,No,No,No,No,54,58,51,50,42,51,57,54,7295,7021,65,55,55,100,No,No,34680,80139,19.7,0.1,19.8,39.423,0.312,525685,194118,52,0.725,0.094,600,2096,3.3,2.3,0,1,3.7,0,1.3,0,0,46.6,1844,2113,1844,No,No,No,No,No,No,No,No,8.184,28.568,97.3,4.125,43.5,59.6,37.6,64.3,5.8,4.8,4.7,4.7,37.9,62,5.7,4.7,4.6,4.6,26.56,172.93,14.58,14.22,211.06,211.06,1.24,2.77,26.09,0.48,15.06,1829,64,3313.4,29.3,0
1.7.2026,56:13.1,21358,1867,91.9,7465,449,94.3,26.5,15311,4057,0.956,1.02,0.987,0.83,0.987,0.891,0.761,3488.5,3734.2,3734.2,2751.5,3734.2,98.3,3439.4,1418.3,1652.2,1464.3,1427.8,1331.7,1400.3,1357.2,1320,1392.6,1418.3,41.3,48.7,42.9,41.2,38.4,41,40.2,38,39.5,48.7,41.3,100,61.3,71.9,64,62,57.4,60.1,58.5,57.2,59,61.3,35.5,38,38,28,38,35,63,62,61,63,67,37,38,39,37,33,69,67,No,No,No,No,No,No,No,No,No,No,No,No,No,No,No,No,No,No,56,55,53,2.793,17.581,13.885,0.2,7.991,1.667,1.14,0.486,64,15,64,64,0,1.1,0,0,0,0,0,0,41.2,48.4,42.7,40.9,38.2,41.2,39.8,38.1,39.9,29.5,23.3,30.3,32,32.5,2096.4,21.33,36,39,39,90,129,598,1,2,Yes,No,No,No,No,No,No,No,No,No,Yes,No,No,No,No,No,No,No,No,No,No,No,No,No,No,No,No,No,No,No,No,No,No,No,No,No,No,56,58,51,50,42,51,57,54,7268,6996,65,55,55,100,No,No,34680,80139,16,0,16,29.231,0.029,525741,194118,52,0.722,0.2,600,2096,3.7,3.1,0,1,3.8,0,1.3,0,0,46.7,1848,2109,1848,No,No,No,No,No,No,No,No,8.185,28.568,97.3,4.117,43.5,59.6,38.1,63.3,7.3,7.3,7.3,7.3,38.1,60.6,7.5,7.5,7.5,7.5,26.23,136.54,15.65,15.57,138.13,138.13,1.67,3.15,25.88,0.36,15.82,1830,64,137.8,5.5,0
1.7.2026,56:15.1,21409,1816,92.1,7424,490,93.7,26.5,15311,4052,0.999,1.02,0.977,1.007,0.99,0.891,0.761,3734.2,3734.2,3734.2,3734.2,3734.2,98.3,3439.4,1571,1691.5,1570.3,1612.8,1539.8,1649.3,1507.8,1530.8,1465.4,1571,45.5,49.7,44.9,46.7,45.6,47.1,42.1,45,43.1,49.7,45.5,100,68.7,73.9,69.3,70.5,67.2,71.7,65.5,67.4,64.2,68.7,38,38,38,38,38,35,65,64,68,69,59,35,36,32,31,41,67,69,No,No,No,No,No,No,No,No,No,No,No,No,No,No,No,No,No,No,56,54,53,6.094,19.283,15.538,0.155,8.394,1.685,1.173,0.489,64,15,64,64,0,0.8,0,0,0,0,0,0,46,50.1,45.1,47.3,45.8,47.7,42.8,45.4,43.4,20.7,17.7,21.6,21.8,21.8,2096.4,21.33,36,39,39,90,129,598,1,2,Yes,No,No,No,No,No,No,No,No,No,Yes,No,No,No,No,No,No,No,No,No,No,No,No,No,No,No,No,No,No,No,No,No,No,No,No,No,No,56,59,51,50,42,51,57,54,7268,6984,65,55,55,100,No,No,34680,80139,21.3,1.7,22.9,46.197,4.008,525830,194126,53,0.777,0.155,900,2096,2.8,2.3,0,0.8,2.7,0,1.4,0,0,46.7,1847,2110,1847,No,No,No,No,No,No,No,No,8.188,28.568,97.3,4.11,43.5,59.6,32.9,89,5.8,5.5,5.4,5.4,32.9,61.7,5.8,5.5,5.5,5.5,30.38,171.9,11.17,10.95,182.35,182.35,1.72,4.7,29.96,0.42,28.01,1830,64,401.2,10.9,0
1.7.2026,56:17.1,21372,1853,92,7550,364,95.3,26.3,15311,4023,0.967,0.952,0.987,0.96,0.967,0.891,0.761,3586.8,3439.4,3734.2,3537.6,3635.9,98.3,3439.4,1292.7,1326.3,1222.1,1309.1,1286.8,1371.4,1263.6,1315.3,1246.8,1292.7,51,53.3,47.4,51.3,50.2,53.9,50.4,52.7,48.7,53.9,51,100,56.8,58.5,53.6,57.2,56.1,60.6,56,57.5,54.8,56.8,36.5,35,38,36,37,35,70,71,69,68,71,30,29,31,32,29,71,71,No,No,No,No,No,No,No,No,No,No,No,No,No,No,No,No,No,No,56,52,53,2.031,13.084,9.485,0.093,6.806,1.655,1.153,0.483,64,15,64,64,0,2.7,0,0,0,0,0,0,51,53.4,47.6,51.6,50.4,53.9,49.8,52.7,48.3,21.1,22.7,21.9,18.7,20.9,2096.4,21.33,36,39,39,90,129,598,1,2,Yes,No,No,No,No,No,No,No,No,No,Yes,No,No,No,No,No,No,No,No,No,No,No,No,No,No,No,No,No,No,No,No,No,No,No,No,No,No,56,60,51,50,42,51,57,54,7281,6996,65,55,55,100,No,No,34680,80140,93.7,0,93.8,200.982,0.128,526214,194126,52,0.775,0.093,900,2096,1.8,1.3,0,0.6,1.8,0,1.3,0,0,46.7,1847,2110,1847,No,No,No,No,No,No,No,No,8.183,28.568,97.3,4.108,43.5,59.6,13.7,64.4,5.2,5.1,5,5,13.7,60.3,5.1,5,5,5,72.81,193.37,15.51,15.47,198.07,198.07,2.19,11.37,72.32,0.5,75.99,1830,64,5.2,3,0
1.7.2026,56:19.1,21243,1982,91.4,7308,606,92.3,25.5,15311,3910,0.996,1.02,0.977,1.007,0.98,0.893,0.761,3734.2,3734.2,3734.2,3734.2,3734.2,98.3,3439.4,1394.2,1445.4,1357.1,1673,1422.2,1330.7,1297.8,1344.2,1282.9,1394.2,50.2,53.5,48.7,57.2,48.9,49.3,47,50.2,46.9,57.2,50.2,100,60.8,63,59.3,72.6,61.7,58.3,56.7,58.8,55.8,60.8,38,38,38,38,38,35,58,61,57,57,57,42,39,43,43,43,61,61,No,No,No,No,No,No,No,No,No,No,No,No,No,No,No,No,No,No,56,53,53,2.793,15.292,11.752,0.034,7.29,1.677,1.139,0.501,64,15,64,64,0,2.8,0,0,0,0,0,0,50,53.1,48.2,56.7,48.5,49,47,50.3,47.3,21.8,20.4,19.4,23,24.3,2096.4,21.33,36,39,39,90,129,598,1,2,Yes,No,No,No,No,No,No,No,No,No,Yes,No,No,No,No,No,No,No,No,No,No,No,No,No,No,No,No,No,No,No,No,No,No,No,No,No,No,56,60,51,50,42,51,57,54,7295,6996,65,55,55,100,No,No,34680,80140,29.1,1.5,30.6,41.41,0.218,526293,194126,52,0.775,0.034,900,2096,0.5,0.2,0,0.3,0.4,0,1.1,0,0,46.6,1845,2111,1846,No,No,No,No,No,No,No,No,8.189,28.576,97.3,4.103,43.5,59.6,14.8,66.2,2,1.9,1.8,1.8,14.7,60.3,2.1,1.9,1.9,1.9,67.73,493.03,15.08,14.93,542.96,542.96,1,31.39,67.39,0.34,67.21,1839,64,4165.1,31.3,0
1.7.2026,56:21.1,21294,1931,91.6,7284,630,92,25.6,15311,3913,0.833,0.807,0.84,0.845,0.84,0.743,0.763,2776.1,2555,2849.8,2849.8,2849.8,98.3,2358.4,966.7,1082.7,898.7,932.4,891.5,973.3,927,1062.4,965.6,966.7,47.9,53.2,44.5,45.5,44,48.9,46,53.2,47.4,53.2,47.9,100,42.2,47.3,39.7,40.4,38.9,42.7,40.5,46.4,41.8,42.2,28.2,26,29,29,29,24,57,58,59,55,55,43,42,41,45,45,60,59,No,No,No,No,No,No,No,No,No,No,No,No,No,No,No,No,No,No,74,74,53,15.489,10.029,6.514,0.021,5.657,1.635,1.047,0.503,64,15,64,64,0,3.6,0,0,0,0,0,0,48,53.3,44.8,46.2,44.3,49.1,46,53.2,47.4,25.5,23.8,29.1,26.5,22.6,2096.4,21.33,36,39,39,90,129,598,1,2,Yes,No,No,No,No,No,No,No,No,No,Yes,No,No,No,No,No,No,No,No,No,No,No,No,No,No,No,No,No,No,No,No,No,No,No,No,No,No,56,60,51,50,42,51,57,54,7268,6996,65,55,55,100,No,No,34680,80140,37,1.2,38.1,46.982,4.859,526383,194136,54,0.722,0.021,600,2096,1,0.5,0,0.4,0.9,0,1.2,0,0,46.6,1845,2112,1845,No,No,No,No,No,No,No,No,8.184,28.576,97.3,4.125,43.5,59.6,1.9,1.9,1.9,1.9,1.9,1.9,1.8,1.8,1.8,1.8,1.8,1.8,530.07,530.07,530.07,530.07,530.07,530.07,6.05,462.98,529.84,0.23,17.49,1854,64,7692.6,57.2,0
1.7.2026,56:23.2,21305,1920,91.7,7396,518,93.4,25.5,15311,3902,0.71,0.707,0.71,0.707,0.715,0.671,0.761,1768.8,1768.8,1768.8,1768.8,1768.8,98.3,1572.3,1867.6,1954.3,1844.5,1988.5,1745.5,1931.1,1741,1930.6,1805.2,1867.6,57.8,61.2,56.4,62.3,54.9,59.4,53.6,58.7,56,62.3,57.8,100,81.2,85.4,81.2,86.8,75.7,83.8,75.3,83.3,77.9,81.2,18,18,18,18,18,16,54,56,54,55,53,46,44,46,45,47,56,56,No,No,No,No,No,No,No,No,No,No,No,No,No,No,No,No,No,No,55,53,52,5.586,19.434,15.629,0.255,8.584,1.766,1.274,0.501,64,15,64,64,0,0.7,0,0,0,0,0,0,57.6,60.8,55.9,61.8,54.9,59.3,53.6,58.7,55.6,14.2,12.5,13.9,15.7,14.8,2096.4,21.33,36,39,39,90,129,598,1,2,Yes,No,No,No,No,No,No,No,No,No,Yes,No,No,No,No,No,No,No,No,No,No,No,No,No,No,No,No,No,No,No,No,No,No,No,No,No,No,56,61,51,50,42,51,57,54,7308,7021,65,55,55,100,No,No,34680,80140,31.1,0.1,31.1,50.408,0.201,526480,194136,52,0.86,0.255,900,2096,6.1,4.6,0,1.6,6.8,0,1.3,0,0,46.6,1845,2112,1845,No,No,No,No,No,No,No,No,8.185,28.576,97.3,4.093,43.5,59.6,30,76.3,4.4,3.6,3.5,3.5,30,62.6,4.5,3.6,3.5,3.5,33.35,226.01,13.1,12,287.86,287.86,0.41,1.2,33.35,0,31.51,1864,64,5351.6,45,0
1.7.2026,56:25.2,21438,1787,92.3,7624,290,96.3,25.2,15311,3862,1,1.02,0.985,1.007,0.987,0.891,0.758,3734.2,3734.2,3734.2,3734.2,3734.2,98.3,3439.4,1572.8,1642,1588,1518.4,1436.6,1644.2,1521.3,1597,1634.7,1572.8,53.8,57.1,53.6,52.4,50.1,57.3,52.4,53.8,53.9,57.3,53.8,100,68.5,72.3,70,66.5,62.4,71.4,66,69.5,70.3,68.5,38,38,38,38,38,35,72,71,72,71,74,28,29,28,29,26,73,74,No,No,No,No,No,No,No,No,No,No,No,No,No,No,No,No,No,No,75,75,56,16.504,16.328,12.596,0.177,7.751,1.721,1.209,0.519,64,15,64,64,0,1.8,0,0,0,0,0,0,53.8,56.9,53.4,52.6,50.3,57.2,52.4,53.9,54,17.6,14.8,20.4,16.7,18.3,2096.4,21.33,36,39,39,90,129,598,1,2,Yes,No,No,No,No,No,No,No,No,No,Yes,No,No,No,No,No,No,No,No,No,No,No,No,No,No,No,No,No,No,No,No,No,No,No,No,No,No,56,61,51,50,42,51,57,54,7268,7009,65,55,55,100,No,No,34680,80140,100,0,100,153.214,0.049,526777,194136,56,0.772,0.177,900,2096,6.6,5.4,0,1.7,7.1,0,1.4,0,0,50,1979,1978,1974,No,No,No,No,No,No,No,No,8.184,28.584,97.4,4.108,43.5,59.6,36,297.3,4.4,3.6,3.5,3.5,35.8,62,4.7,3.8,3.8,3.8,27.81,224.86,2.92,2.79,285.92,285.92,1.37,10.55,27.42,0.39,24.88,1869,64,2112.5,44.5,0
1.7.2026,56:27.2,21659,1566,93.2,7567,347,95.6,25.9,15311,3966,0.907,1.01,0.987,0.642,0.987,0.891,0.758,3095.4,3734.2,3734.2,1179.2,3734.2,98.3,3439.4,3488.3,3492.2,3436.7,3463.5,3508.4,3511.9,3500.3,3505.9,3487,3488.3,95.6,96.4,94.8,95.2,96.2,95.6,95.7,95.7,94.9,96.4,95.6,100,149.4,149.8,147.6,148.7,149.9,150.4,150.3,150,148.7,149.4,31.5,38,38,12,38,35,67,68,68,65,66,33,32,32,35,34,68,68,No,No,No,No,No,No,No,No,No,No,No,No,No,No,No,No,No,No,68,68,56,12.949,27.833,23.318,0.526,11.939,2.063,1.695,0.527,64,15,64,64,0,0,0,0,0,0,0,0,93.7,94.4,92.7,93.2,94.5,93.8,93.4,94,93.3,0,0,0,0,0,2096.4,21.33,36,39,39,90,129,598,1,2,Yes,No,No,No,No,No,No,No,No,No,Yes,No,No,No,No,No,No,No,No,No,No,No,No,No,No,No,No,No,No,No,No,No,No,No,No,No,No,59,63,51,50,42,52,57,54,7281,7009,65,56,55,100,No,No,34680,80141,100,74.7,100,277.744,106.462,527302,194337,56,0.72,0.526,600,2096,9.1,8.2,0,2.1,9.4,0,1.2,0,0,50.7,2008,1949,2008,No,No,No,No,No,No,No,No,8.185,28.584,97.4,4.052,43.5,59.6,26.2,264.4,4.7,4,3.9,3.9,26.3,60.1,4.9,4.1,4,4,38.19,211.42,3.77,3.6,253.89,253.89,2.78,16.98,37.78,0.41,38.56,1872,64,1898,91.2,0
1.7.2026,56:29.2,21748,1477,93.6,7439,475,93.9,26.1,15311,4000,0.983,1.02,0.987,0.938,0.987,0.891,0.758,3660.5,3734.2,3734.2,3439.4,3734.2,98.3,3439.4,2177.2,2331.2,1902.6,2164.9,2209.3,2296.3,2014,2297.1,2202.1,2177.2,61.3,65.8,53.6,61.6,62.1,64.4,56.2,65,61.7,65.8,61.3,100,94.7,101.6,84.2,94.4,95.9,99.5,87.3,99.4,95,94.7,37.2,38,38,35,38,35,62,62,67,58,63,38,38,33,42,37,69,67,No,No,No,No,No,No,No,No,No,No,Yes,Yes,Yes,Yes,Yes,No,No,Yes,62,62,57,11.426,22.704,18.645,0.23,9.863,1.91,1.399,0.527,64,15,64,64,0,0.1,0,0,0,0,0,0,61,65.3,53.1,61.3,61.8,64.2,56,64.7,61.5,6.3,6.3,7.2,6.7,5.2,2096.4,21.33,36,39,39,90,129,598,1,2,Yes,No,No,No,No,No,No,No,Yes,No,Yes,No,No,No,No,No,No,No,No,No,No,No,No,No,No,No,No,No,No,No,No,No,No,No,No,No,No,58,64,51,50,42,52,57,54,7295,7021,65,56,55,100,No,No,34680,80141,100,100,100,141.092,124.107,527571,194574,57,0.72,0.23,600,2096,4.7,3.4,0,1.3,5.3,0,1.3,0,0,47.4,1875,2082,1875,No,No,No,No,No,No,No,No,8.187,28.584,97.4,4.085,43.5,59.6,43.3,168,8.9,6.9,6.7,6.7,43.5,62.1,9.2,6.9,6.7,6.7,23.09,112.44,5.89,5.32,148.37,148.37,1.21,5.95,22.79,0.3,13.73,1879,65,3256.5,70.9,0
1.7.2026,56:31.3,21878,1347,94.1,7588,326,95.8,26.1,15311,4000,0.787,0.79,0.785,0.787,0.785,0.731,0.758,2456.7,2456.7,2456.7,2456.7,2456.7,98.3,2260.2,1873.5,1777.1,1707.8,1785.3,1832.3,1993.4,1862.1,1930.2,2099.5,1873.5,68.5,64.9,62.3,65.3,67.4,73.2,68,70,76.8,76.8,68.5,100,81.2,78,74.9,77.7,79.4,86.1,80.4,83.1,90.3,81.2,25,25,25,25,25,23,60,62,61,58,58,40,38,39,42,42,62,62,No,No,No,No,No,No,No,No,No,No,Yes,Yes,Yes,Yes,Yes,No,No,Yes,61,61,55,8.379,15.405,11.536,0.098,7.334,1.84,1.343,0.519,64,15,64,64,0,0,0,0,0,0,0,0,68.2,64.8,62.1,65.3,67.2,72.8,67.9,69.9,76,8.6,13.3,10.1,6.6,4.5,2096.4,21.33,36,39,39,90,129,598,1,2,Yes,No,No,No,No,No,No,No,Yes,No,Yes,No,No,No,No,No,No,No,No,No,No,No,No,No,No,No,No,No,No,No,No,No,No,No,No,No,No,58,64,51,50,42,52,57,54,7281,6996,65,55,55,100,No,No,34680,80141,64.1,1,65.1,119.431,4.111,527802,194582,55,0.775,0.098,900,2096,1.6,0.7,0,0.6,1.9,0,1.2,0,0,46.5,1840,2117,1840,No,No,No,No,No,No,No,No,8.187,28.584,97.4,4.094,43.5,59.6,30,66.1,19.5,19.5,19.5,19.5,30,60.1,20,20,20,20,33.33,51.13,15.06,14.98,51.14,51.14,0.79,3.22,32.99,0.34,17.6,1881,65,1024.9,59.4,0
1.7.2026,56:33.2,21980,1245,94.6,7665,249,96.8,24.9,15311,3819,0.791,0.792,0.785,0.787,0.797,0.731,0.758,2456.7,2456.7,2456.7,2456.7,2456.7,98.3,2260.2,1992.8,2062.1,1903.3,2037.4,2016.1,1979.9,1952.7,2002.6,1988.6,1992.8,80,82.9,76.8,81.6,80.8,79.3,78.3,80.2,80,82.9,80,100,86.2,89.3,82.9,87.9,86.8,86,84.6,86.6,85.7,86.2,25,25,25,25,25,23,60,61,61,58,59,40,39,39,42,41,61,61,No,No,No,No,No,No,No,No,No,No,Yes,Yes,Yes,Yes,Yes,No,No,Yes,61,61,54,9.902,13.992,10.12,0.084,6.959,1.853,1.363,0.509,64,15,64,64,0,0,0,0,0,0,0,0,79.1,81.9,75.6,80.8,80.1,78.6,77.5,79.5,78.9,0.9,0,0.1,2.4,1.1,2096.4,21.33,36,39,39,90,129,598,1,2,Yes,No,No,No,No,No,No,No,Yes,No,No,No,Yes,No,No,No,No,No,No,No,No,No,No,No,Yes,No,No,No,No,No,No,No,No,No,No,No,No,58,64,51,50,42,52,57,54,7295,6996,65,56,55,100,No,No,34680,80142,65.2,2.7,67.9,157.664,3.631,528103,194589,55,0.72,0.084,600,2096,1.9,1,0,0.7,2.4,0,1.2,0,0,46.2,1828,2128,1829,No,No,No,No,No,No,No,No,8.186,28.591,97.4,4.093,43.5,59.6,42.4,109.2,19.4,19.3,19.3,19.3,41.7,61.7,20,20,20,20,23.58,51.72,9.14,7.04,51.82,51.82,0.94,3.26,23.2,0.38,9.87,1881,65,122.8,8.2,0
1.7.2026,56:35.2,21942,1283,94.4,7523,391,95,25.2,15311,3866,0.766,0.807,0.65,0.797,0.807,0.741,0.761,2235.6,2555,1179.2,2555,2653.2,98.3,1965.4,2058.9,2038.2,1965.2,2083.2,2049,2058.7,2055,2115.8,2106,2058.9,82.3,81.5,78.6,83,81.7,82.3,82.2,84.5,84.8,84.8,82.3,100,89.4,88.9,86,90.3,89,89.5,88.9,91.7,91.1,89.4,22.8,26,12,26,27,20,58,61,58,58,56,42,39,42,42,44,61,61,No,No,No,No,No,No,No,No,No,No,Yes,Yes,Yes,Yes,Yes,No,No,Yes,61,61,55,9.395,14.124,10.334,0.102,6.981,1.802,1.304,0.521,64,15,64,64,0,0,0,0,0,0,0,0,81.4,80.7,77.7,82.3,80.9,81.5,81.4,83.5,83.2,0.5,0.9,0,1.2,0,2096.4,21.33,36,39,39,90,129,598,1,2,Yes,No,No,No,No,No,No,No,Yes,No,No,No,No,No,No,No,No,No,No,No,No,No,No,No,No,No,No,No,No,No,No,No,No,No,No,No,No,58,63,51,50,42,52,57,54,7295,7021,65,56,55,100,No,No,34680,80142,92.1,100,100,120.673,86.139,528334,194753,55,0.72,0.102,600,2096,2.9,2,0,0.9,3.2,0,1.3,0,0,47.2,1868,2088,1869,No,No,No,No,No,No,No,No,8.186,28.591,97.4,4.085,43.5,59.6,29.2,190,2.9,2.3,2.2,2.2,28.6,62.5,2.8,2.3,2.2,2.2,34.27,346.99,4.65,4.59,450.3,450.3,1.24,16.51,33.87,0.4,37,1886,65,2435.6,30.5,0
1.7.2026,56:37.3,21955,1270,94.5,7237,677,91.4,27.8,15311,4251,0.809,0.955,0.772,0.772,0.735,0.856,0.761,2555,3439.4,2358.4,2358.4,2063.6,98.3,3242.8,1322.4,1388.4,1232.6,1226.4,1095.2,1355,1456.6,1426.3,1398.7,1322.4,48.9,52,45.9,45.1,40.6,50.5,53.6,52.4,51.5,53.6,48.9,100,57.7,60.9,54.6,53.5,47.9,59.1,63.3,61.8,60.6,57.7,26,35,24,24,21,33,58,59,61,57,56,42,41,39,43,44,59,61,No,No,No,No,No,No,No,No,No,No,Yes,Yes,Yes,Yes,Yes,No,No,Yes,60,60,55,8.633,13.757,9.966,0.158,7.077,1.777,1.284,0.512,64,15,64,64,0,0.3,0,0,0,0,0,0,49,52,45.7,45.7,40.8,50.4,53.5,52.5,51.3,19.5,19.8,26.7,16.8,14.7,2096.4,21.33,36,39,39,90,129,598,1,2,Yes,No,No,No,No,No,No,No,Yes,No,Yes,No,No,No,No,No,No,No,No,No,No,No,No,No,No,No,No,No,No,No,No,No,No,No,No,No,No,58,63,51,50,42,52,57,54,7295,7034,65,56,55,100,No,No,34681,80142,100,100,100,60.498,203.893,528450,195144,55,0.72,0.158,600,2096,4.9,3.6,0,1.4,5.5,0,1.3,0,0,47,1861,2095,1862,No,No,No,No,No,No,No,No,8.19,28.591,97.4,4.095,43.5,59.6,58,190.4,32.6,31.2,31,31,58.9,60.6,40,30.9,30.1,30.1,17.25,30.63,5.32,4.52,32.15,32.15,0.95,5.21,16.93,0.32,2.83,1887,65,459.5,21,0
1.7.2026,56:39.2,22065,1160,95,7116,799,89.9,29.3,15311,4491,0.957,1.02,0.987,1.007,0.812,0.891,0.761,3463.9,3734.2,3734.2,3734.2,2653.2,98.3,3439.4,1229.6,1219.6,994.3,1068.2,1053.8,1246.9,1461.2,1417.6,1374.9,1229.6,49,50.7,41.5,45.7,43.9,48.8,54.5,54,52.8,54.5,49,100,53.4,53.5,43.7,47.2,45.9,54.1,62.9,61.2,58.6,53.4,35.2,38,38,38,27,35,61,61,61,61,62,39,39,39,39,38,62,62,No,No,No,No,No,No,No,No,No,No,Yes,Yes,Yes,Yes,Yes,No,No,Yes,57,56,54,3.047,12.771,8.934,0.157,6.924,1.757,1.274,0.511,64,15,64,64,0,1.3,0,0,0,0,0,0,48.9,50.6,41.3,45.3,43.8,48.8,54.3,53.8,53,24.2,27.1,31.2,20.3,18.3,2096.4,21.33,36,39,39,90,129,598,1,2,Yes,No,No,No,No,No,No,No,Yes,No,Yes,No,No,No,No,No,No,No,No,No,No,No,No,No,No,No,No,No,No,No,No,No,No,No,No,No,No,57,62,51,50,42,52,57,54,7281,7021,65,57,55,100,No,No,34681,80142,100,100,100,41.639,127.97,528530,195392,54,0.722,0.157,600,2096,3.2,2.2,0,1,3.7,0,1.3,0,0,47.1,1862,2094,1863,No,No,No,No,No,No,No,No,8.185,28.599,97.4,4.084,43.5,59.6,51.4,165.6,17.7,16.4,16.3,16.3,51.5,60.4,17,15.2,15,15,19.45,57.28,5.98,5.83,62.69,62.69,0.94,1.56,18.78,0.67,8.27,1887,65,489.4,22,0
1.7.2026,56:41.2,22136,1089,95.3,7068,846,89.2,30.4,15311,4650,0.666,0.66,0.667,0.662,0.672,0.651,0.761,1277.5,1277.5,1277.5,1277.5,1277.5,98.3,1080.9,845.5,887.7,790.8,846.9,734.5,910.6,794.4,986,813.2,845.5,43.7,47.2,40.1,44.5,37.4,47.4,41.4,50.5,40.7,50.5,43.7,100,37.1,39.2,34.8,37.2,32.3,39.9,34.7,43,35.7,37.1,13,13,13,13,13,11,52,54,53,51,51,48,46,47,49,49,55,54,No,No,No,No,No,No,No,No,No,No,Yes,Yes,Yes,Yes,Yes,No,No,Yes,57,55,54,2.793,9.237,5.672,0.099,5.716,1.625,1.077,0.507,64,15,64,64,0,5,0,0,0,0,0,0,43.8,47.3,40.2,44.7,37.7,47.6,41.6,50.6,40.7,30.6,30.7,34,28.9,28.7,2096.4,21.33,36,39,39,90,129,598,1,2,Yes,No,No,No,No,No,No,No,Yes,No,Yes,No,Yes,No,No,No,No,No,No,No,No,No,No,No,No,Yes,No,No,No,No,No,No,No,No,No,No,No,57,62,51,50,42,52,57,54,7295,7021,65,57,55,100,No,No,34681,80142,100,100,100,31.53,87.957,528590,195558,53,0.732,0.099,650,2096,3.1,2.1,0,1,3.6,0,1.3,0,0,47.1,1862,2095,1862,No,No,No,No,No,No,No,No,8.185,28.599,97.4,4.101,43.5,59.6,34.6,146.5,4.1,3.1,3,3,34.6,63.3,4.4,3.2,3.2,3.2,28.89,242.85,4.07,3.93,334.47,334.47,1.14,4.54,27.51,1.38,27.43,1888,65,168.3,11.3,0
1.7.2026,56:43.2,22193,1032,95.5,7058,856,89.1,31,15311,4748,0.662,0.655,0.657,0.665,0.672,0.648,0.761,1228.4,1179.2,1179.2,1277.5,1277.5,98.3,982.7,766.5,895.5,683.5,774.1,684.4,761.6,741.1,840.6,751.2,766.5,40.6,48.1,36.2,41.2,37.8,41.7,37.7,43.5,38.5,48.1,40.6,100,33.9,39.6,30.7,34.4,30.3,34,32.5,36.9,32.9,33.9,12.5,12,12,13,13,10,52,53,53,50,50,48,47,47,50,50,54,53,No,No,No,No,No,No,No,No,No,No,No,No,No,No,No,No,No,No,56,52,53,3.047,8.9,5.364,0.144,5.537,1.607,1.06,0.502,64,15,64,64,0,4.5,0,0,0,0,0,0,41,48.4,36.6,41.8,38.3,42.2,38,43.8,39,30.6,28.3,33,31.1,29.8,2096.4,21.33,36,39,39,90,129,598,1,2,Yes,No,No,No,No,No,No,No,No,No,Yes,No,No,No,No,No,No,No,No,No,No,No,No,No,No,No,No,No,No,No,No,No,No,No,No,No,No,56,62,51,50,42,52,58,55,7308,7034,65,58,55,100,No,No,34681,80142,100,100,100,28.885,54.271,528645,195661,53,0.777,0.144,900,2096,4,2.9,0,1.2,4.7,0,1.5,0,0,47.2,1869,2087,1870,No,No,No,No,No,No,No,No,8.185,28.599,97.4,4.084,43.5,59.6,59.9,167.2,37.9,36.2,36.1,36.1,59,62.4,40.9,30.8,30,30,16.69,26.3,6.54,3.31,27.6,27.6,1.28,2.16,16.19,0.5,2.45,1888,65,245.7,22.6,0
1.7.2026,56:45.3,22199,1026,95.5,7083,831,89.4,30.9,15311,4731,0.668,0.662,0.67,0.665,0.675,0.653,0.763,1277.5,1277.5,1277.5,1277.5,1277.5,98.3,1080.9,509.4,551.9,477.3,533.2,486.7,531.9,441.1,551.8,501.4,509.4,35.8,38.6,33.4,37.5,34.3,37.2,31.3,38.8,35.1,38.8,35.8,100,23,25,21.7,24.1,22,24,19.9,24.8,22.4,23,13,13,13,13,13,11,50,52,51,51,48,50,48,49,49,52,52,52,No,No,No,No,No,No,No,No,No,No,No,No,No,No,No,No,No,No,56,55,52,11.68,6.288,3.023,0.069,4.533,1.46,0.845,0.484,64,15,64,64,0,8.3,0,0,0,0,0,0,35.8,38.6,33.4,37.6,34.4,37.5,31.3,39,34.8,37.9,36.7,37.2,39.8,38.1,2096.4,21.33,36,39,39,90,129,598,1,2,Yes,No,No,No,No,No,No,No,No,No,Yes,No,No,No,No,No,No,No,No,No,No,No,No,No,No,No,No,No,No,No,No,No,No,No,No,No,No,56,61,51,50,42,52,58,55,7295,7009,65,57,55,100,No,No,34681,80142,18.7,0.2,18.9,32.908,0.791,528708,195663,52,0.735,0.069,650,2096,2.5,1.6,0,0.8,2.8,0,1.3,0,0,47.4,1875,2081,1876,No,No,No,No,No,No,No,No,8.187,28.599,97.4,4.094,43.5,59.6,45.4,131.1,7.8,5.9,5.7,5.7,45.3,61.1,8.7,6.8,6.7,6.7,22.03,129.91,5.02,3.65,174.73,174.73,0.92,4.46,21.45,0.58,10.95,1889,65,367.7,5.1,0
1.7.2026,56:47.2,22226,999,95.6,7224,691,91.2,30.8,15311,4723,0.744,0.737,0.675,0.787,0.775,0.691,0.763,2039.1,2063.6,1375.8,2358.4,2358.4,98.3,1867.1,1170.2,1439.6,1011.6,1162.8,1087.9,1259.4,1115.9,1185.5,1098.8,1170.2,44.6,54.1,39.5,44.8,41.8,47.8,42.4,44.7,41.6,54.1,44.6,100,51.1,62.7,44.8,50.8,47.6,54.9,48.6,51.8,48,51.1,20.8,21,14,24,24,19,54,56,54,54,53,46,44,46,46,47,56,56,No,No,No,No,No,No,No,No,No,No,No,No,No,No,No,No,No,No,64,64,53,14.473,12.469,8.898,0.119,6.624,1.644,1.101,0.528,64,15,64,64,0,3.4,0,0,0,0,0,0,44.9,54.2,39.8,45.1,42.3,48.3,42.7,45.2,42,21.4,19,22.9,20.8,22.8,2096.4,21.33,36,39,39,90,129,598,1,2,Yes,No,No,No,No,No,No,No,No,No,Yes,No,No,No,No,No,No,No,No,No,No,No,No,No,No,No,No,No,No,No,No,No,No,No,No,No,No,56,61,51,50,42,52,58,55,7281,7009,65,57,55,100,No,No,34681,80142,34.1,0.7,34.8,82.873,0.626,528866,195664,53,0.725,0.119,600,2096,3.7,2.6,0,1.1,4.3,0,1.4,0,0,47.4,1876,2081,1876,No,No,No,No,No,No,No,No,8.187,28.606,97.4,4.061,43.5,59.6,54.2,84.3,15.6,9.6,9.2,9.2,54.8,62.2,17.3,10.4,10,10,18.46,64.22,11.81,11.39,108.65,108.65,0.94,4.34,18.16,0.3,4.18,1922,65,17032.3,119,0
1.7.2026,56:49.2,22211,1014,95.6,7234,680,91.4,30.8,15311,4720,0.99,1.02,0.987,0.962,0.99,0.893,0.763,3685.1,3734.2,3734.2,3537.6,3734.2,98.3,3439.4,1002.9,1158.2,942.9,1178.5,913.5,1039.3,900.9,981.2,908.8,1002.9,41.1,48.2,38.7,46.6,37.8,43.1,36.7,40.1,37.9,48.2,41.1,100,44.1,50.9,42.1,51.5,40.3,45.8,39.4,43.4,39.8,44.1,37.5,38,38,36,38,35,56,58,54,56,54,44,42,46,44,46,58,58,No,No,No,No,No,No,No,No,No,No,No,No,No,No,No,No,No,No,63,63,52,7.871,11.907,8.32,0.159,6.302,1.638,1.095,0.497,64,15,64,64,0,1.7,0,0,0,0,0,0,41.4,48.3,38.7,46.7,38.2,43.4,37,40.4,38.2,23.7,22.4,23.8,23.4,25,2096.4,21.33,36,39,39,90,129,598,1,2,Yes,No,No,No,No,No,No,No,No,No,Yes,No,No,No,No,No,No,No,No,No,No,No,No,No,No,No,No,No,No,No,No,No,No,No,No,No,No,55,60,51,50,42,52,58,55,7295,7059,65,56,55,100,No,No,34681,80142,77.9,0.7,78.6,60.746,0.17,528982,195665,53,0.775,0.159,900,2096,3.7,2.6,0,1.1,4.4,0,1.3,0,0,46.8,1852,2104,1853,No,No,No,No,No,No,No,No,8.186,28.606,97.4,4.06,43.5,59.6,59.2,99,35.4,29.7,29.1,29.1,59,61.3,41.4,30.9,30,30,16.9,28.44,9.85,9.01,34.28,34.28,0.97,1,16.56,0.33,1.84,1927,65,2651.4,25.9,0
1.7.2026,56:51.2,22213,1012,95.6,7230,684,91.3,30.8,15311,4710,0.681,0.712,0.67,0.667,0.675,0.673,0.763,1400.3,1768.8,1277.5,1277.5,1277.5,98.3,1572.3,722.6,911.6,664.5,682.7,611.2,834.3,573.3,917.9,585.6,722.6,27.7,35.6,27.1,26.6,24.2,31.3,21.3,32.6,23,35.6,27.7,100,32.3,40.4,30.6,30.6,27.4,37.2,25.5,40.4,26.3,32.3,14.2,18,13,13,13,16,50,54,51,49,48,50,46,49,51,52,54,54,No,No,No,No,No,No,No,No,No,No,No,No,No,No,No,No,No,No,60,60,52,7.109,10.746,7.342,0.065,5.892,1.549,0.919,0.487,64,15,64,64,0,5.6,0,0,0,0,0,0,27.7,35.6,27,26.7,24.2,31.4,21.2,32.6,23.1,31.9,29,35.4,31.8,31.3,2096.4,21.33,36,39,39,90,129,598,1,2,Yes,No,No,No,No,No,No,No,No,No,Yes,No,No,No,No,No,No,No,No,No,No,No,No,No,No,No,No,No,No,No,No,No,No,No,No,No,No,56,59,51,50,42,52,58,55,7295,7034,65,56,55,100,No,No,34681,80143,64.9,0.1,64.9,57.098,0.044,529091,195665,52,0.725,0.065,600,2096,1.3,0.6,0,0.6,1.7,0,1.3,0,0,46.7,1846,2111,1846,No,No,No,No,No,No,No,No,8.191,28.606,97.4,4.063,43.5,59.6,45.4,70.8,6.6,4.1,4,4,45.5,62.1,6.7,4.2,4,4,22.01,152.44,14.01,13.88,253.04,253.04,0.59,5.93,21.67,0.33,11.49,1928,65,279.6,5.4,0
1.7.2026,56:53.3,22224,1001,95.6,7340,575,92.7,30.6,15311,4681,0.912,0.825,0.987,0.845,0.99,0.891,0.761,3242.8,2653.2,3734.2,2849.8,3734.2,98.3,3439.4,961,1212.7,1028.3,912.4,799.4,1022.2,696.3,1111.3,905.5,961,30.3,37.7,32,29.4,25.6,32,21.9,34.8,29.3,37.7,30.3,100,42.6,53.4,46.1,40.6,35.3,45.6,30.7,49,39.8,42.6,33,27,38,29,38,35,56,58,55,57,55,44,42,45,43,45,58,58,No,No,No,No,No,No,No,No,No,No,No,No,No,No,No,No,No,No,66,66,53,14.219,14.902,11.407,0.095,7.068,1.629,1.066,0.487,64,15,64,64,0,2.6,0,0,0,0,0,0,30.6,37.8,32.2,29.8,25.9,32.5,22.2,34.9,29.5,19.4,18.1,21.2,21.7,16.4,2096.4,21.33,36,39,39,90,129,598,1,2,Yes,No,No,No,No,No,No,No,No,No,Yes,No,No,No,No,No,No,No,No,No,No,No,No,No,No,No,No,No,No,No,No,No,No,No,No,No,No,56,60,51,50,42,52,58,55,7281,7021,65,56,55,100,No,No,34681,80143,57.6,0.1,57.7,139.936,0.174,529358,195665,52,0.722,0.095,600,2096,3,2,0,0.9,3.4,0,1.3,0,0,46.9,1855,2102,1855,No,No,No,No,No,No,No,No,8.191,28.614,97.5,4.055,43.5,59.6,46.3,91.7,7.3,4.6,4.4,4.4,46.6,61.9,7.2,4.5,4.3,4.3,21.59,137.56,11.11,10.6,227.32,227.32,1.18,6.07,21.33,0.26,10.95,1929,65,387,7,0
1.7.2026,56:55.3,22141,1084,95.3,7344,570,92.7,30.1,15311,4601,1.001,1.02,0.987,1.007,0.987,0.891,0.761,3734.2,3734.2,3734.2,3734.2,3734.2,98.3,3439.4,1438.9,1631.5,1275.8,1900.7,1322.2,1399.3,1205.3,1515.9,1260.9,1438.9,39.7,45.3,35.4,51.7,36.1,38.7,33.3,42,35.4,51.7,39.7,100,63.1,71.5,57.4,82.2,58.1,61.5,52.8,66.4,54.9,63.1,38,38,38,38,38,35,66,64,64,68,69,34,36,36,32,31,69,69,No,No,No,No,No,No,No,No,No,No,No,No,No,No,No,No,No,No,59,59,55,3.047,18.309,14.647,0.123,8.481,1.726,1.194,0.484,64,15,64,64,0,0,0,0,0,0,0,0,39.6,45.1,35.2,51.5,36,38.5,33.1,42,35.2,9.9,7,7.6,13.9,11.1,2096.4,21.33,36,39,39,90,129,598,1,2,Yes,No,No,No,No,No,No,No,No,No,Yes,No,No,No,No,No,No,No,No,No,No,No,No,No,No,No,No,No,No,No,No,No,No,No,No,No,No,56,60,51,50,42,52,58,55,7268,7021,65,56,55,100,No,No,34681,80143,63.7,30.6,94.3,149.708,3.491,529644,195672,55,0.775,0.123,900,2096,2.8,1.8,0,0.9,3.1,0,1.3,0,0,46.7,1846,2111,1847,No,No,No,No,No,No,No,No,8.186,28.614,97.5,4.044,43.5,59.6,54.5,156.6,14.2,10,9.7,9.7,53.7,60.6,15,10.4,10,10,18.35,70.33,6.41,3.2,103.42,103.42,1.06,3.73,18.05,0.29,5.09,1929,65,0.6,5.1,0
1.7.2026,56:57.3,22119,1106,95.2,7246,668,91.5,29.3,15311,4480,0.667,0.662,0.665,0.665,0.675,0.651,0.761,1277.5,1277.5,1277.5,1277.5,1277.5,98.3,1080.9,1055.9,1191.4,953.2,1087.2,1013.8,1116.6,934,1146.1,1005.1,1055.9,44.2,49.4,41.5,45.7,42.9,46.5,39.6,46.9,40.8,49.4,44.2,100,46.4,52.4,42.6,47.8,44.7,49,40.8,50.2,43.7,46.4,13,13,13,13,13,11,52,53,53,50,50,48,47,47,50,50,54,53,No,No,No,No,No,No,No,No,No,No,No,No,No,No,No,No,No,No,56,54,52,2.285,11.666,8.048,0.102,6.394,1.664,1.127,0.492,64,15,64,64,0,2.5,0,0,0,0,0,0,44.6,49.7,41.7,46.1,43.4,47,40,47.4,41.3,21.9,21.6,20.5,22.7,22.6,1048.2,10.67,20,20,20,45,129,299,1,2,Yes,No,No,No,No,No,No,No,No,No,Yes,No,No,No,No,No,No,No,No,No,No,No,No,No,No,No,No,No,No,No,No,No,No,No,No,No,No,56,60,51,50,42,52,58,55,7281,7046,65,56,55,100,No,No,34681,80143,34.6,0.1,34.7,73.951,0.537,529787,195673,53,0.725,0.102,600,1048,2.7,1.7,0,0.9,3.3,0,1.4,0,0,46.8,1852,2105,1852,No,No,No,No,No,No,No,No,8.186,28.614,97.5,4.036,43.5,59.6,50.5,140.9,9.7,6,5.8,5.8,50.6,62.7,10.4,6.3,6,6,19.79,102.75,7.23,4.3,173.24,173.24,1.08,1.09,19.25,0.55,8.04,1930,65,728.3,13,0
1.7.2026,56:59.3,21937,1288,94.4,7094,820,89.6,29,15311,4433,0.761,0.795,0.75,0.75,0.75,0.656,0.763,2235.6,2456.7,2161.9,2161.9,2161.9,98.3,1179.2,1118.5,1195.3,1099.1,1122.6,1096.1,1186.9,1030.7,1116.9,1100.2,1118.5,52,55,50.4,53.4,51.4,54.8,46.6,52.6,51.4,55,52,100,48.7,52.2,48.3,48.9,47.6,51.7,44.6,48.6,47.5,48.7,22.8,25,22,22,22,12,53,55,53,51,52,47,45,47,49,48,55,55,No,No,No,No,No,No,No,No,No,No,No,No,No,No,No,No,No,No,56,52,52,2.539,11.075,7.518,0.11,5.967,1.634,1.114,0.485,64,15,64,64,0,2.3,0,0,0,0,0,0,51.9,54.8,50.2,53.2,51.4,54.8,46.6,52.6,51.3,23.3,21.7,22.2,24.9,24.3,2096.4,21.33,36,39,39,90,129,598,1,2,Yes,No,No,No,No,No,No,No,No,No,Yes,No,No,No,No,No,No,No,No,No,No,No,No,No,No,No,No,No,No,No,No,No,No,No,No,No,No,56,60,51,51,42,52,57,54,7295,7021,65,56,55,100,No,No,34681,80143,42.6,2.5,45.2,25.242,0.733,529835,195674,52,0.725,0.11,600,2096,2.9,1.8,0,0.9,3.2,0,1.4,0,0,46.4,1836,2121,1836,No,No,No,No,No,No,No,No,8.191,28.614,97.5,4.063,43.5,59.6,55.5,79.2,18.9,12.1,11.6,11.6,55.8,62.9,20.4,12.5,12,12,18.03,52.77,12.48,12.27,85.7,85.7,0.78,0.84,17.61,0.42,3.83,1930,65,1.2,2.4,0
1.7.2026,57:01.3,21928,1297,94.4,6936,978,87.6,29.9,15311,4584,0.669,0.665,0.667,0.667,0.675,0.653,0.766,1277.5,1277.5,1277.5,1277.5,1277.5,98.3,1080.9,540,590.4,532.6,543.7,482.6,581.7,481.2,596.3,511.3,540,37.9,42.6,37.7,38,34.5,40.2,33.6,41.5,34.8,42.6,37.9,100,24.3,26.7,24.2,24.5,21.8,26.1,21.6,26.7,22.9,24.3,13,13,13,13,13,11,50,52,51,49,49,50,48,49,51,51,52,52,No,No,No,No,No,No,No,No,No,No,No,No,No,No,No,No,No,No,55,54,52,2.793,6.171,2.664,0.086,4.762,1.559,0.989,0.485,64,15,64,64,0,6.7,0,0,0,0,0,0,38.5,43.1,38,38.7,35.2,40.9,34.2,42.1,35.5,33.8,30.9,35.6,36.2,32.5,2096.4,21.33,36,39,39,90,129,598,1,2,Yes,No,No,No,No,No,No,No,No,No,Yes,No,No,No,No,No,No,No,No,No,No,No,No,No,No,No,No,No,No,No,No,No,No,No,No,No,No,55,59,51,51,42,52,57,54,7281,7021,65,57,55,100,No,No,34681,80143,100,100,100,25.513,85.666,529884,195839,52,0.732,0.086,650,2096,3.3,2.3,0,1.1,4.4,0,1.3,0,0,46.9,1855,2102,1855,No,No,No,No,No,No,No,No,8.188,28.622,97.5,4.061,43.5,59.6,41.3,282.5,5.1,4.1,4,4,40.4,62.8,5.2,4.1,4,4,24.22,195.54,3.71,2.93,251.45,251.45,0.94,5.99,23.64,0.58,18.27,1930,65,0.4,1.8,0
1.7.2026,57:03.3,21967,1258,94.5,7078,837,89.4,29.9,15311,4579,0.96,0.917,0.967,1.007,0.947,0.823,0.763,3537.6,3242.8,3635.9,3734.2,3537.6,98.3,3046.3,806,898.1,793.3,829,756.6,790.3,717.8,832.3,830.4,806,45.5,51,45.9,47.4,42.8,44.5,39.4,47.1,46,51,45.5,100,35.8,40,35.7,37.1,33.9,35.4,31.7,36.7,36.2,35.8,36,33,37,38,36,31,56,55,55,54,60,44,45,45,46,40,60,60,No,No,No,No,No,No,No,No,No,No,No,No,No,No,No,No,No,No,62,62,52,8.887,8.739,5.223,0.105,5.348,1.586,1.059,0.488,64,15,64,64,0,3,0,0,0,0,0,0,45.6,50.9,45.8,47.6,42.9,44.8,39.5,47.2,46.2,24.8,21.3,25.3,28.5,24.2,2096.4,21.33,36,39,39,90,129,598,1,2,Yes,No,No,No,No,No,No,No,No,No,Yes,No,No,No,No,No,No,No,No,No,No,No,No,No,No,No,No,No,No,No,No,No,No,No,No,No,No,54,59,51,51,42,52,57,54,7281,6984,65,56,55,100,No,No,34681,80143,49.8,0,49.8,55.63,0.008,529990,195839,52,0.775,0.105,900,2096,3.8,2.7,0,1.2,4.5,0,1.4,0,0,46.9,1855,2102,1855,No,No,No,No,No,No,No,No,8.187,28.622,97.5,4.053,43.5,59.6,47.6,122.5,8.1,6.9,6.8,6.8,48.2,62,8.8,6.8,6.7,6.7,21,123.43,7.56,5.51,147.17,147.17,0.89,6.72,20.36,0.64,7.19,1931,65,307.1,6.3,0
1.7.2026,57:05.3,22876,349,98.4,7914,0,99.9,29.9,15311,4582,0.841,0.79,0.857,0.862,0.855,0.731,0.761,2825.2,2456.7,2948,2948,2948,98.3,2260.2,1790.4,1861.5,1632.1,1743.8,1686.1,1915.4,1738.3,1934.5,1811.3,1790.4,51.9,54.6,47.7,50.7,49.4,55.5,50,55.4,52.2,55.5,51.9,100,77.8,81,71.5,75.9,73.2,83,75.5,84.2,78.2,77.8,28.8,25,30,30,30,23,55,57,54,53,55,45,43,46,47,45,57,57,No,No,No,No,No,No,No,No,No,No,No,No,No,No,No,No,No,No,57,57,53,6.602,20.224,16.548,0.092,8.831,1.742,1.268,0.485,64,15,64,64,0,0.1,0,0,0,0,0,0,51.5,54.4,47.5,50.4,49,55,49.5,54.6,51.9,19.8,19.2,23.9,19.6,16.5,2096.4,21.33,36,39,39,90,129,598,1,2,Yes,No,No,No,No,No,No,No,No,No,Yes,No,No,No,No,No,No,No,No,No,No,No,No,No,No,No,No,No,No,No,No,No,No,No,No,No,No,55,60,51,51,42,52,57,54,7281,6996,65,56,55,100,No,No,34681,80144,100,100,100,111.024,13.144,530204,195864,53,0.775,0.092,900,2096,1.9,1.1,0,0.7,2.2,0,1.1,0,0,46.9,1857,2099,1858,No,No,No,No,No,No,No,No,8.187,28.622,97.5,4.02,43.5,59.6,43.2,144.9,8.1,7.4,7.3,7.3,43.2,63.3,7.3,6.7,6.7,6.7,23.12,124.07,6.84,2.76,136.26,136.26,1.11,4.09,22.73,0.39,12.58,1931,65,59.6,4.2,0
1.7.2026,57:07.3,23119,106,99.5,7897,17,99.7,30.7,15311,4702,0.667,0.662,0.667,0.665,0.672,0.653,0.763,1277.5,1277.5,1277.5,1277.5,1277.5,98.3,1080.9,959.8,1064.8,850.1,920.2,816.8,1032.1,1002.5,1127.9,864.2,959.8,41.6,46.4,38.2,41.1,35.8,43.6,42.5,46.5,38.8,46.5,41.6,100,42.8,47.4,39.1,41.2,36.9,45.7,44,49.7,38.7,42.8,13,13,13,13,13,11,51,52,53,51,48,49,48,47,49,52,54,53,No,No,No,No,No,No,No,No,No,No,No,No,No,No,No,No,No,No,72,72,52,10.156,12.12,8.696,0.033,6.314,1.597,1.024,0.484,64,15,64,64,0,3,0,0,0,0,0,0,41.8,46.4,38,41.3,36.2,44,42.7,46.8,38.7,23.1,22,26.7,21.7,22.2,2096.4,21.33,36,39,39,90,129,598,1,2,Yes,No,No,No,No,No,No,No,No,No,Yes,No,No,No,No,No,No,No,No,No,No,No,No,No,No,No,No,No,No,No,No,No,No,No,No,No,No,56,60,51,51,42,52,57,54,7295,7021,65,57,55,100,No,No,34682,80144,100,100,100,104.133,90.621,530405,196040,52,0.777,0.033,900,2096,1,0.2,0,0.7,0.9,0,2.6,0,0,46.9,1854,2102,1855,No,No,No,No,No,No,No,No,8.187,28.622,97.5,4.036,43.5,59.6,23.9,122.7,4,4,4,4,25.6,62.3,4,4,4,4,39.57,249.62,3.32,2.58,251.3,251.3,0.93,4.27,39.01,0.56,45.72,1931,65,0,0,0
1.7.2026,57:09.4,23221,4,99.9,7894,20,99.7,31.3,15311,4799,0.667,0.662,0.667,0.665,0.672,0.651,0.763,1277.5,1277.5,1277.5,1277.5,1277.5,98.3,1080.9,996.2,1037.6,1209.6,1503.3,1024.1,887.4,728.3,891.3,688.1,996.2,36.5,38.4,43.1,50,34.8,36.1,28.5,33.9,27.8,50,36.5,100,43.9,45.9,53.4,65,44.5,39.6,32.6,39.7,30.7,43.9,13,13,13,13,13,11,51,54,51,49,49,49,46,49,51,51,54,54,No,No,No,No,No,No,No,No,No,No,No,No,No,No,No,No,No,No,55,51,52,3.047,12.873,9.379,0.046,6.825,1.631,1.05,0.484,64,15,64,64,0,3,0,0,0,0,0,0,36.6,38.5,43,49.8,35,36,28.6,33.9,28,31.1,27.8,25.1,35.8,35.6,2096.4,21.33,36,39,39,90,129,598,1,2,Yes,No,No,No,No,No,No,No,No,No,Yes,No,No,No,No,No,No,No,No,No,No,No,No,No,No,No,No,No,No,No,No,No,No,No,No,No,No,56,60,51,51,42,52,57,54,7281,7046,65,58,55,100,No,No,34682,80144,100,100,100,127.839,68.837,530651,196172,52,0.742,0.046,700,2096,1,0.3,0,0.8,0.7,0,3.5,0,0,46.8,1852,2105,1854,No,No,No,No,No,No,No,No,8.187,28.629,97.5,4.02,43.5,59.6,0.2,0.2,0.2,0.2,0.2,0.2,0.2,0.2,0.2,0.2,0.2,0.2,4185.69,4185.69,4185.69,4185.69,4185.69,4185.69,1,2175.45,4185.69,0,2217.21,1931,65,0.2,0.2,0
1.7.2026,57:11.4,23390,865,96.4,7913,1,99.9,29.9,16341,4888,0.816,0.762,0.702,0.902,0.895,0.776,0.763,2604.1,2260.2,1670.6,3242.8,3242.8,98.3,2653.2,1238.3,1307.7,1199.3,1245.2,1143.3,1235.8,1169.3,1349,1256.8,1238.3,49.8,52.7,49,51,46.5,49.6,46.2,53.2,50.1,53.2,49.8,100,55.5,59,54.4,56,51.3,55.1,52.1,60.3,56,55.5,26.5,23,17,33,33,27,54,56,55,54,53,46,44,45,46,47,56,56,No,No,No,No,No,No,No,No,No,No,No,No,No,No,No,No,No,No,56,53,53,3.047,13.109,9.588,0.073,6.998,1.645,1.089,0.487,64,15,64,64,0,4.6,0,0,0,0,0,0,49.5,52.3,48.7,50.8,46.5,49.4,46.1,53,49.6,17.7,15.6,19.3,19.5,16.5,2096.4,21.33,36,39,39,90,129,598,1,2,Yes,No,No,No,No,No,No,No,No,No,Yes,No,No,No,No,No,No,No,No,No,No,No,No,No,No,No,No,No,No,No,No,No,No,No,No,No,No,56,60,51,51,42,52,57,54,7281,7046,65,58,55,100,No,No,34682,80144,100,100,100,187.179,59.768,531041,196296,52,0.777,0.073,900,2096,1.1,0.1,0,1.2,0.2,0,5.6,0,0,46.8,1852,2105,1852,No,No,No,No,No,No,No,No,8.186,28.629,97.5,4.028,43.5,59.6,1.2,1.2,1.2,1.2,1.2,1.2,1.3,1.3,1.3,1.3,1.3,1.3,818.88,818.88,818.88,818.88,818.88,818.88,54.42,759.78,818.5,0.38,797.53,1932,65,284.5,5,0
1.7.2026,57:13.5,23491,764,96.8,7889,25,99.6,30.3,16341,4952,0.679,0.66,0.685,0.682,0.69,0.651,0.761,1424.9,1277.5,1474,1474,1474,98.3,1080.9,1527.7,1591.8,1492.6,1553.3,1563.8,1575.8,1461,1538.9,1444.9,1527.7,59.5,60.9,58.1,59.7,60.2,61,56.7,61.4,58.1,61.4,59.5,100,67.6,70.5,66.5,68.6,68.9,69.9,64.6,68,63.7,67.6,14.5,13,15,15,15,11,52,54,53,51,51,48,46,47,49,49,54,54,No,No,No,No,No,No,No,No,No,No,No,No,No,No,No,No,No,No,67,67,54,11.68,14.584,11.034,0.03,7.471,1.693,1.135,0.488,64,15,64,64,0,3.2,0,0,0,0,0,0,58.9,60,57.3,59.2,59.7,60.2,55.9,60.8,57.7,13.2,12.9,13.7,13.6,12.7,1048.2,10.67,20,20,20,45,129,299,1,2,Yes,No,No,No,No,No,No,No,No,No,Yes,No,No,No,No,No,No,No,No,No,No,No,No,No,No,No,No,No,No,No,No,No,No,No,No,No,No,56,61,51,51,42,52,57,54,7281,7034,65,58,55,100,No,No,34682,80145,100,100,100,245.84,57.516,531484,196400,54,0.775,0.03,900,1048,0.5,0,0,0.5,0.1,0,2.4,0,0,46.8,1854,2103,1854,No,No,No,No,No,No,No,No,8.186,28.629,97.5,4.028,43.5,59.6,1.2,1.2,1.2,1.2,1.2,1.2,1.3,1.3,1.3,1.3,1.3,1.3,818.88,818.88,818.88,818.88,818.88,818.88,54.42,759.78,818.5,0.38,797.53,1932,65,16.4,9.9,0
1.7.2026,57:15.4,23683,571,97.6,7911,3,99.9,30.5,16341,4986,0.993,1.02,0.967,0.997,0.987,0.891,0.761,3709.6,3734.2,3635.9,3734.2,3734.2,98.3,3439.4,1561.8,1595.5,1597.2,1628.8,1476.8,1589.9,1519.7,1539.7,1547.3,1561.8,57.8,59.7,58.4,61.8,54.4,58.1,55.8,56.4,57.6,61.8,57.8,100,68.9,70.5,70.3,71.7,65,70.4,66.8,68.1,68.2,68.9,37.8,38,37,38,38,35,62,62,61,63,64,38,38,39,37,36,62,64,No,No,No,No,No,No,No,No,No,No,No,No,No,No,No,No,No,No,56,54,53,2.539,15.252,11.765,0.007,7.47,1.655,1.087,0.495,64,15,64,64,0,2.4,0,0,0,0,0,0,57,59,57.5,61.2,53.8,57.4,55.1,55.7,56.7,17.8,16.9,16.9,19,18.3,2096.4,21.33,36,39,39,90,129,598,1,2,Yes,No,No,No,No,No,No,No,No,No,Yes,No,No,No,No,No,No,No,No,No,No,No,No,No,No,No,No,No,No,No,No,No,No,No,No,No,No,56,60,51,51,42,52,57,54,7295,7034,65,58,55,100,No,No,34682,80145,100,100,100,209.964,55.807,531898,196510,52,0.775,0.007,900,2096,0.1,0,0,0,0.1,0,0,0,0,47.2,1869,2088,1869,No,No,No,No,No,No,No,No,8.186,28.637,97.5,4.011,43.5,59.6,0.5,0.5,0.5,0.5,0.5,0.5,0.2,0.2,0.2,0.2,0.2,0.2,1927.13,1927.13,1927.13,1927.13,1927.13,1927.13,0.67,406.25,1927.13,0,1914.59,1937,65,2502.6,24,0
1.7.2026,57:17.4,23736,519,97.8,7825,90,98.8,30.6,16341,4993,0.954,0.997,0.892,0.938,0.987,0.891,0.761,3513.1,3635.9,3242.8,3439.4,3734.2,98.3,3439.4,1883.4,1993.3,1735.2,1837.9,1746.3,2019.8,1804.8,2022.6,1907.6,1883.4,58.2,61.7,54.3,57.4,54.2,61.7,55.5,62,58.4,62,58.2,100,82.6,87.5,77.1,80.5,76.5,88.5,79.8,88.1,83.3,82.6,35.8,37,33,35,38,35,68,66,73,63,72,32,34,27,37,28,74,73,No,No,No,No,No,No,No,No,No,No,No,No,No,No,No,No,No,No,59,59,56,8.633,20.203,16.5,0.077,8.979,1.769,1.217,0.494,64,15,64,64,0,0.8,0,0,0,0,0,0,57.9,61.4,54,57.2,54.2,61.3,54.9,61.9,58,12.1,12,14,13.5,8.8,2096.4,21.33,36,39,39,90,129,598,1,2,Yes,No,No,No,No,No,No,No,No,No,Yes,No,No,No,No,No,No,No,No,No,No,No,No,No,No,No,No,No,No,No,No,No,No,No,No,No,No,56,61,51,51,42,52,57,54,7295,7021,65,58,55,100,No,No,34682,80146,100,100,100,254.16,56.277,532361,196613,54,0.775,0.077,900,2096,1.8,0.6,0,1.3,0.8,0,5.8,0,0,47.9,1895,2062,1896,No,No,No,No,No,No,No,No,8.186,28.637,97.5,3.987,43.5,59.6,7.2,106.1,2.6,2.5,2.5,2.5,7.2,60,2.6,2.5,2.5,2.5,138.17,384.15,9.43,9.09,396.09,396.09,0.48,7.83,138.17,0,198.45,1940,65,1671.7,15.7,0
1.7.2026,57:19.4,23724,531,97.8,7832,82,98.9,30.4,16341,4961,0.68,0.667,0.672,0.688,0.692,0.653,0.701,1474,1375.8,1375.8,1572.3,1572.3,98.3,982.7,1778.2,2075.8,1629.1,1769.6,1695.4,1796.7,1662.6,1932.9,1663.1,1778.2,52,59.9,48.2,51.5,49.2,52,49,57.5,49,59.9,52,100,79.5,91.6,73.2,79.4,76.1,80.3,74.3,87.1,74.2,79.5,15,14,14,16,16,10,56,57,55,56,54,44,43,45,44,46,57,57,No,No,No,No,No,No,No,No,No,No,No,No,No,No,No,No,No,No,63,63,54,4.316,19.792,16.096,0.055,9.012,1.782,1.202,0.483,64,15,64,64,0,0.8,0,0,0,0,0,0,51.9,59.7,48.3,51.5,49.1,52,48.8,56.8,49.1,10.4,6.2,11.2,13.2,10.8,2096.4,21.33,36,39,39,90,129,598,1,2,Yes,No,No,No,No,No,No,No,No,No,Yes,No,No,No,No,No,No,No,No,No,No,No,No,No,No,No,No,No,No,No,No,No,No,No,No,No,No,58,62,51,51,42,52,57,54,7295,7021,65,59,55,100,No,No,34682,80147,100,100,100,440.661,45.7,533194,196699,54,0.73,0.055,650,2096,0.6,0.2,0,0.6,0.3,0,2.5,0,0,47.4,1875,2081,1876,No,No,No,No,No,No,No,No,8.186,28.637,97.5,3.978,43.5,59.6,2,3.5,1.5,1.4,1.4,1.4,2,3.5,1.4,1.4,1.4,1.4,488.18,689.42,286.95,283.26,693.52,693.52,0.45,101.75,488.18,0,299.65,1940,65,0.4,1,0
1.7.2026,57:21.4,23784,470,98,7908,6,99.9,30.5,16341,4988,0.664,0.66,0.665,0.662,0.67,0.651,0.763,1277.5,1277.5,1277.5,1277.5,1277.5,98.3,1080.9,1621.3,1709.3,1486.7,1797.9,1556.1,1715.4,1551.3,1669,1485,1621.3,57.4,60.5,53.5,61.8,55.6,60.2,54.9,59.2,53.7,61.8,57.4,100,71.9,76.1,66.2,79,69.4,75.8,68.5,74,66,71.9,13,13,13,13,13,11,54,55,54,53,53,46,45,46,47,47,56,55,No,No,No,No,No,No,No,No,No,No,No,No,No,No,No,No,No,No,71,71,55,12.949,16.614,12.963,0.064,8.002,1.75,1.191,0.49,64,15,64,64,0,5.4,0,0,0,0,0,0,56.5,59.1,52.4,60.8,54.5,59.5,54.3,58.6,52.9,16.3,16.8,16.3,14.9,17.2,2096.4,21.33,36,39,39,90,129,598,1,2,Yes,No,No,No,No,No,No,No,No,No,Yes,No,No,No,No,No,No,No,No,No,No,No,No,No,No,No,No,No,No,No,No,No,No,No,No,No,No,57,62,51,51,42,52,57,54,7322,7046,65,59,55,100,No,No,34682,80147,100,100,100,255.621,53.906,533682,196802,56,0.775,0.064,900,2096,1,0.2,0,1.1,0.3,0,5.1,0,0,51,2019,1938,2019,No,No,No,No,No,No,No,No,8.186,28.637,97.5,3.995,43.5,59.6,2.9,25.3,1.5,1.5,1.5,1.5,2.9,25.2,1.5,1.5,1.5,1.5,349.87,660.23,39.51,33.8,666.56,666.56,0.48,26.93,349.87,0,625.37,1942,65,1126.1,14.2,0
1.7.2026,57:23.4,23798,456,98.1,7896,18,99.7,30.2,16341,4933,0.664,0.66,0.665,0.662,0.67,0.648,0.761,1277.5,1277.5,1277.5,1277.5,1277.5,98.3,1080.9,1712.2,1670.3,1593.1,1812.7,1744.8,1756.7,1746,1793.3,1580.5,1712.2,58,58,55,60.5,59,59.3,58.2,60.9,53.4,60.9,58,100,74.4,73,69.9,78.5,75.6,76.4,75.6,77.8,68.7,74.4,13,13,13,13,13,11,53,55,53,52,51,47,45,47,48,49,55,55,No,No,No,No,No,No,No,No,No,No,No,No,No,No,No,No,No,No,74,74,55,5.586,17.576,13.865,0.066,7.996,1.755,1.195,0.48,64,15,64,64,0,3.8,0,0,0,0,0,0,57.5,57.5,54.3,60,58.4,58.8,57.8,60.4,53,20.3,21.5,19.4,19.2,21.1,1048.2,10.67,20,20,20,45,129,299,1,2,Yes,No,No,No,No,No,No,No,No,No,Yes,No,No,No,No,No,No,No,No,No,No,No,No,No,No,No,No,No,No,No,No,No,No,No,No,No,No,57,63,51,51,42,52,57,54,7322,7046,65,59,55,100,No,No,34682,80148,100,100,100,299.921,35.085,534259,196869,55,0.775,0.066,900,1048,0.8,0.2,0,0.6,0.3,0,2.9,0,0,52.6,2080,1877,2080,No,No,No,No,No,No,No,No,8.186,28.644,97.6,3.995,43.5,59.6,2.9,25.3,1.5,1.5,1.5,1.5,2.9,25.2,1.5,1.5,1.5,1.5,349.87,660.23,39.51,33.8,666.56,666.56,0.48,26.93,349.87,0,625.37,1942,66,1.5,6.1,0
1.7.2026,57:26.1,23840,414,98.2,7911,3,99.9,30.3,16341,4951,0.989,1.02,0.965,0.982,0.987,0.891,0.758,3685.1,3734.2,3635.9,3635.9,3734.2,98.3,3439.4,2247.7,2302.3,2187.6,2400.1,2168.7,2267.3,2141.6,2309.1,2205.2,2247.7,66.1,69.1,64.8,70,63.3,66.6,62.5,67.8,65,70,66.1,100,98.3,101.2,96.7,104.9,94.6,99.1,93.7,100.8,95.8,98.3,37.5,38,37,37,38,35,74,74,73,71,77,26,26,27,29,23,77,77,No,No,No,No,No,No,No,No,No,No,No,No,No,No,No,No,No,No,71,71,57,10.918,20.764,16.876,0.175,9.575,1.875,1.319,0.483,64,15,64,64,0,0.9,0,0,0,0,0,0,65.5,68.2,63.7,69.5,62.7,65.9,62,67.2,64.4,11.3,11.4,11,12.2,10.5,2096.4,21.33,36,39,39,90,129,598,1,2,Yes,No,No,No,No,No,No,No,No,No,Yes,No,No,No,No,No,No,No,No,No,No,No,No,No,No,No,No,No,No,No,No,No,No,No,No,No,No,58,64,51,51,42,52,57,54,7295,7059,65,59,55,100,No,No,34683,80148,100,100,100,292.823,56.115,534827,196978,57,0.812,0.175,1000,2096,4.1,2.8,0,2.1,3.4,0,6.2,0.9,0,53.4,2114,1843,2114,No,No,No,No,No,No,No,No,8.188,28.644,97.6,3.988,43.5,59.6,5.7,72.4,1.2,1.2,1.2,1.2,1.9,37.1,1,1,1,1,176,807.48,13.81,13.71,842.85,842.85,0.2,0,176,0,1081.19,1942,66,8.6,5.3,0
1.7.2026,57:27.5,23802,452,98.1,7844,70,99.1,29.7,16341,4855,0.772,0.777,0.772,0.77,0.77,0.721,0.761,2358.4,2358.4,2358.4,2358.4,2358.4,98.3,1965.4,2454.7,2473.2,2444.2,2469.3,2418.8,2461.1,2444.9,2478.1,2447.6,2454.7,94.2,94.8,94.1,94.7,93.3,94.6,94,94.6,93.9,94.8,94.2,100,106.4,107,106.2,107,104.8,106.7,106.1,107.2,105.9,106.4,24,24,24,24,24,20,60,61,60,58,60,40,39,40,42,40,61,61,No,No,No,No,No,No,No,No,No,No,Yes,Yes,Yes,Yes,Yes,No,No,Yes,58,58,57,6.094,17.525,13.44,0.325,7.994,1.923,1.442,0.488,64,15,64,64,0,0,0,0,0,0,0,0,92,92.1,91.5,92.4,90.9,92.4,91.9,92.7,91.9,0.2,0,0.3,0.2,0.2,2096.4,21.33,36,39,39,90,129,598,1,2,Yes,No,No,No,No,No,No,No,Yes,No,Yes,No,Yes,No,No,No,No,No,No,No,No,No,No,No,Yes,Yes,No,No,No,No,No,No,No,No,No,No,No,57,64,51,51,42,52,57,54,7336,7021,65,58,55,100,No,No,34683,80149,100,6.5,100,317.939,13.462,535441,197004,56,0.775,0.325,900,2096,6,4.4,0,2.7,5.8,0,5.2,2.6,0,53,2097,1860,2097,No,No,No,No,No,No,No,No,8.186,28.644,97.6,3.978,43.5,59.6,31.1,83,5.7,5.5,5.4,5.4,16.2,60,6.7,6.7,6.7,6.7,32.14,174.54,12.05,11.72,183.66,183.66,0.18,0,32.14,0,25.45,1943,66,404.5,17.4,0
1.7.2026,57:29.5,23803,452,98.1,7826,88,98.8,29.3,16341,4786,0.787,0.792,0.785,0.787,0.785,0.731,0.761,2456.7,2456.7,2456.7,2456.7,2456.7,98.3,1867.1,2175.2,2147.9,2119.1,2230.8,2210.7,2187,2147.9,2185.2,2172.9,2175.2,91.8,91.2,90,93.9,92.9,92.2,90.5,92,91.6,93.9,91.8,100,93.7,93,92.1,95.7,95,94.3,92.6,94,93.2,93.7,25,25,25,25,25,19,60,61,61,58,59,40,39,39,42,41,61,61,No,No,No,No,No,No,No,No,No,No,Yes,Yes,Yes,Yes,Yes,No,No,Yes,61,61,56,7.871,13.356,9.503,0.21,6.92,1.848,1.34,0.494,64,15,64,64,0,0,0,0,0,0,0,0,89.7,88.9,87.4,92,90.9,90.2,88.5,90.2,89.9,0.6,2.2,0,0.1,0,2096.4,21.33,36,39,39,90,129,598,1,2,Yes,No,No,No,No,No,No,No,Yes,No,No,No,Yes,No,No,No,No,No,No,No,No,No,Yes,No,Yes,Yes,No,No,No,No,No,No,No,No,No,No,No,58,63,52,51,42,52,58,55,7349,6996,65,59,55,100,No,No,34683,80149,100,100,100,206.962,17.118,535834,197037,56,0.775,0.21,900,2096,2.7,1.1,0,1.8,2.3,0,4.2,2.4,0,52.5,2077,1880,2077,No,No,No,No,No,No,No,No,8.187,28.644,97.6,3.995,43.5,59.6,12.8,136.4,1.5,1.3,1.2,1.2,12.9,60.3,1.5,1.3,1.3,1.3,77.94,679.14,7.27,5.82,805.75,805.75,5.18,9.24,77.62,0.32,101.19,1943,66,0.5,1.2,0
1.7.2026,57:31.5,23655,600,97.5,7688,226,97.1,28.7,16341,4687,0.787,0.792,0.785,0.787,0.785,0.731,0.761,2456.7,2456.7,2456.7,2456.7,2456.7,98.3,2260.2,2194.7,2214.9,2169,2161.5,2186.4,2227,2185.7,2209.4,2203.9,2194.7,91.6,92.6,90.4,90.5,91.6,92.7,90.7,92.1,91.9,92.7,91.6,100,95,96,94.3,94,94.6,96.3,94.5,95.4,94.9,95,25,25,25,25,25,23,59,59,61,58,59,41,41,39,42,41,60,61,No,No,No,No,No,No,No,No,No,No,Yes,Yes,Yes,Yes,Yes,No,No,Yes,61,61,56,8.125,15.193,11.087,0.371,7.003,1.863,1.406,0.51,64,15,64,64,0,0,0,0,0,0,0,0,89.7,90.5,88.4,88.4,89.5,90.8,88.9,90.4,90.3,0.3,0,1.2,0,0,2096.4,21.33,36,39,39,90,129,598,1,2,Yes,No,No,No,No,No,No,No,Yes,No,No,No,Yes,No,No,No,No,No,No,No,No,No,No,No,Yes,No,No,No,No,No,No,No,No,No,No,No,No,57,63,52,51,42,52,58,55,7322,6996,65,59,55,100,No,No,34683,80150,100,100,100,191.567,22.92,536199,197081,56,0.772,0.371,900,2096,6.4,4.6,0,2.9,6.1,0,4.8,3.8,0,52.6,2083,1874,2083,No,No,No,No,No,No,No,No,8.19,28.652,97.6,3.989,43.5,59.6,33.8,62.5,4.4,3.4,3.3,3.3,34.1,60.6,4.4,3.4,3.3,3.3,29.57,225.48,15.99,15.86,300.65,300.65,0.61,6.64,29.57,0,21.97,1943,66,6.2,8,0
1.7.2026,57:33.5,23623,632,97.3,7697,217,97.2,28.3,16341,4626,0.794,0.792,0.785,0.787,0.81,0.751,0.758,2505.8,2456.7,2456.7,2456.7,2653.2,98.3,2260.2,2036.1,2071.6,2023,2100.2,1980.2,2015.2,2023.6,2067.6,2007.4,2036.1,81.7,83.6,81.6,83.9,79,80.8,81.3,82.8,80.5,83.9,81.7,100,88.5,90.3,88.3,91.3,85.8,87.9,88,89.6,86.8,88.5,25.5,25,25,25,27,23,60,61,61,57,62,40,39,39,43,38,62,62,No,No,No,No,No,No,No,No,No,No,Yes,Yes,Yes,Yes,Yes,No,No,Yes,60,60,56,2.285,14.456,10.397,0.237,7.167,1.877,1.36,0.516,64,15,64,64,0,0,0,0,0,0,0,0,80.5,82.1,80.1,82.6,77.9,79.6,80,81.9,79.6,0.9,0,1.6,0,2.1,2096.4,21.33,36,39,39,90,129,598,1,2,Yes,No,No,No,No,No,No,No,Yes,No,No,No,Yes,No,No,No,No,No,No,No,No,No,Yes,No,Yes,No,No,No,No,No,No,No,No,No,No,No,No,58,63,52,51,42,52,58,55,7349,6996,65,58,55,100,No,No,34683,80150,100,100,100,181.933,32.824,536550,197144,55,0.747,0.237,750,2096,3.8,1.9,0,2.4,3.6,0,4.7,3.7,0,52.4,2073,1884,2073,No,No,No,No,No,No,No,No,8.186,28.652,97.6,3.987,43.5,59.6,24,69.6,16.2,16,16,16,24,60,15,15,15,15,41.63,61.7,14.13,12.29,62.42,62.42,4.46,11.12,41.28,0.35,20.73,1944,66,420,10.9,0
1.7.2026,57:35.5,23600,655,97.2,7666,248,96.8,28.3,16341,4618,0.817,0.825,0.815,0.815,0.812,0.753,0.761,2653.2,2653.2,2653.2,2653.2,2653.2,98.3,2456.7,1891.4,1953.4,1877.6,1902.5,1826.6,1877.8,1886.2,1917.7,1889.5,1891.4,73.8,76.4,73.2,74.2,71.3,73.4,73.1,75.2,73.1,76.4,73.8,100,82,84.9,81.8,82.4,79,81.5,81.6,83.4,81.2,82,27,27,27,27,27,25,58,59,58,58,56,42,41,42,42,44,59,59,No,No,No,No,No,No,No,No,No,No,Yes,Yes,Yes,Yes,Yes,No,No,Yes,61,61,55,9.649,14.878,10.986,0.255,7.326,1.804,1.299,0.528,64,15,64,64,0,2.5,0,0,0,0,0,0,72.9,75.2,72.2,73.5,70.7,72.7,72.3,74,72.7,9.2,8.8,9.3,9.3,9.6,2096.4,21.33,36,39,39,90,129,598,1,2,Yes,No,No,No,No,No,No,No,Yes,No,Yes,No,Yes,No,No,No,No,No,No,No,No,No,No,No,Yes,No,No,No,No,No,No,No,No,No,No,No,No,57,63,52,51,42,52,58,55,7336,6984,65,59,55,100,No,No,34683,80150,100,100,100,111.841,52.601,536769,197247,55,0.835,0.255,1050,2096,5.3,3.7,0,2.6,4.7,0,4.8,3.6,0,52.3,2069,1887,2070,No,No,No,No,No,No,No,No,8.188,28.652,97.6,3.971,43.5,59.6,24.3,40.3,17.3,17,16.9,16.9,24,30.5,19.8,19.8,19.8,19.8,41.14,57.95,24.74,23.87,59.12,59.12,5.5,21.09,40.77,0.36,16.81,1952,66,4347.8,31.8,0
1.7.2026,57:37.5,23586,669,97.2,7738,177,97.7,28.3,16341,4624,0.966,1.02,0.987,0.887,0.967,0.891,0.761,3562.2,3734.2,3734.2,3144.6,3635.9,98.3,3439.4,1562.6,1650.9,1458.7,1609,1606.4,1567.6,1498.5,1573.8,1535.9,1562.6,60.1,64.1,56.8,61.4,60.9,59.5,57.5,60.5,60.2,64.1,60.1,100,68.5,72.3,64.5,70.4,69.7,68.9,65.6,68.7,68.1,68.5,36.2,38,38,32,37,35,61,62,61,59,62,39,38,39,41,38,62,62,No,No,No,No,No,No,No,No,No,No,Yes,Yes,Yes,Yes,Yes,No,No,Yes,64,64,56,7.871,13.437,9.506,0.42,7.063,1.8,1.32,0.522,64,15,64,64,0,0.9,0,0,0,0,0,0,59.6,63.5,56.3,60.9,60.6,59,57.1,60.4,58.9,15.8,15.7,15.3,17.6,14.5,2096.4,21.33,36,39,39,90,129,598,1,2,Yes,No,No,No,No,No,No,No,Yes,No,Yes,No,No,No,No,No,No,No,No,No,No,No,No,No,No,No,No,No,No,No,No,No,No,No,No,No,No,58,62,52,51,42,52,58,55,7322,6984,65,59,55,100,No,No,34683,80150,100,100,100,103.685,50.9,536961,197341,56,0.775,0.42,900,2096,7,5.4,0,2.9,6.7,0,4,3.8,0,52.6,2088,1869,2081,No,No,No,No,No,No,No,No,8.187,28.66,97.6,3.979,43.5,59.6,24,34.1,18.8,18.7,18.7,18.7,24,30,20,20,20,20,41.75,53.27,29.22,28.42,53.68,53.68,5.81,19.48,41.41,0.34,13.74,1957,66,2448.8,18.2,0
1.7.2026,57:39.5,23597,657,97.2,7667,247,96.8,28.8,16341,4701,0.664,0.66,0.665,0.662,0.67,0.651,0.703,1277.5,1277.5,1277.5,1277.5,1277.5,98.3,1080.9,1469.3,1502.9,1479.1,1511.7,1412.3,1553.8,1428.8,1469.9,1395.8,1469.3,58.1,60.2,58.1,59.9,55.9,60.4,55.8,58.6,55.9,60.4,58.1,100,64.4,66.1,65,66.3,61.8,67.8,62.4,64.7,61.1,64.4,13,13,13,13,13,11,53,55,54,52,52,47,45,46,48,48,55,55,No,No,No,No,No,No,No,No,No,No,Yes,Yes,Yes,Yes,Yes,No,No,Yes,57,54,54,3.047,13.272,9.132,0.463,7.122,1.769,1.286,0.508,64,15,64,64,0,3.4,0,0,0,0,0,0,57.6,59.8,57.5,59.5,55.5,60,55.3,58,55.4,15.7,13.8,16.5,16.3,16.4,2096.4,21.33,36,39,39,90,129,598,1,2,Yes,No,No,No,No,No,No,No,Yes,No,Yes,No,No,No,No,No,No,No,No,No,No,No,No,No,No,No,No,No,No,No,No,No,No,No,No,No,No,58,62,52,51,42,52,58,55,7349,7021,65,59,55,100,No,No,34683,80151,100,100,100,76.187,76.016,537108,197488,54,0.857,0.463,900,2096,8.2,6.6,0,3.1,8.2,0,3.3,3.9,0,52.6,2081,1875,2082,No,No,No,No,No,No,No,No,8.187,28.66,97.6,3.963,43.5,59.6,25.7,65.7,4.6,4,4,4,25.7,62.6,4.6,4.1,4,4,38.92,216.9,15.23,15.06,251.7,251.7,0.7,0,38.92,0,34.5,1957,66,0.5,2.3,0
1.7.2026,57:41.5,23610,645,97.3,7701,213,97.2,29.2,16341,4767,0.666,0.662,0.665,0.665,0.672,0.651,0.761,1277.5,1277.5,1277.5,1277.5,1277.5,98.3,1080.9,1082.6,1105.9,1027,1161.6,1080.6,1103.3,1017.5,1129.6,1035.5,1082.6,51.6,54.5,49,54,50.6,52.5,48.5,54.5,49.5,54.5,51.6,100,47.7,48.8,45.5,51.2,47.5,48.8,45,49.7,45.5,47.7,13,13,13,13,13,11,52,54,53,52,51,48,46,47,48,49,55,54,No,No,No,No,No,No,No,No,No,No,Yes,Yes,Yes,Yes,Yes,No,No,Yes,62,62,54,10.664,11.204,7.448,0.31,6.306,1.66,1.134,0.504,64,15,64,64,0,7.8,0,0,0,0,0,0,51.5,54.3,49,53.9,50.4,52.3,48.3,54.2,49.5,24.9,23.5,24.7,25,26.1,1048.2,10.67,20,20,20,45,129,299,1,2,Yes,No,No,No,No,No,No,No,Yes,No,Yes,No,No,No,No,No,No,No,No,No,No,No,No,No,No,No,No,No,No,No,No,No,No,No,No,No,No,57,62,52,51,42,52,58,55,7308,6984,65,59,55,100,No,No,34683,80151,100,100,100,88.782,66.389,537279,197615,54,0.775,0.31,900,1048,5,3.6,0,2.3,4.7,0,2.9,3.8,0,52.4,2073,1883,2074,No,No,No,No,No,No,No,No,8.188,28.66,97.6,3.971,43.5,59.6,53.1,75,17.3,14.8,14.5,14.5,53.2,60.7,17.7,15.2,15,15,18.82,57.86,13.33,12.48,68.89,68.89,0.58,0.47,18.82,0,8.08,1957,66,0.2,0.1,0
1.7.2026,57:43.6,23558,697,97.1,7737,177,97.7,29.3,16341,4796,0.972,1.02,0.892,1.007,0.967,0.891,0.758,3586.8,3734.2,3242.8,3734.2,3635.9,98.3,3439.4,1648.5,1643,1584.3,1925,1681.4,1608.8,1485.9,1710.3,1549.2,1648.5,55.5,56.2,53.2,63,55.9,55.9,50.7,57.4,51.7,63,55.5,100,73,72.9,70.2,84.4,73.7,71.9,66.2,75.8,68.6,73,36.5,38,33,38,37,35,68,67,71,65,71,32,33,29,35,29,71,71,No,No,No,No,No,No,No,No,No,No,No,No,No,No,No,No,No,No,71,71,56,17.52,17.792,14.077,0.153,8.313,1.765,1.257,0.511,64,15,64,64,0,1.7,0,0,0,0,0,0,55.4,56.1,53,62.6,55.8,55.9,50.7,57.3,51.7,12.8,11.7,9.1,16.3,14,2096.4,21.33,36,39,39,90,129,598,1,2,Yes,No,No,No,No,No,No,No,No,No,Yes,No,No,No,No,No,No,No,No,No,No,No,No,No,No,No,No,No,No,No,No,No,No,No,No,No,No,58,62,52,51,42,52,58,55,7349,7034,65,59,55,100,No,No,34683,80151,100,100,100,275.968,44.754,537802,197700,55,0.775,0.153,900,2096,2.5,1.4,0,1.7,2,0,2.7,3.5,0,52.4,2074,1882,2075,No,No,No,No,No,No,No,No,8.187,28.66,97.6,3.971,43.5,59.6,24.5,32.1,19.7,19.6,19.6,19.6,24.2,30.1,20,20,20,20,40.79,50.41,30.98,30.68,50.48,50.48,3.34,10.24,40.49,0.3,14.3,1958,66,502.1,17.7,0
1.7.2026,57:45.5,23483,771,96.8,7755,159,97.9,28.1,16341,4585,0.829,0.837,0.827,0.827,0.825,0.763,0.758,2751.5,2751.5,2751.5,2751.5,2751.5,98.3,2555,2021,2095.3,1989.2,2123.6,1990.8,1935.7,1858,2214.4,1960.8,2021,68.4,70.9,66.3,73.2,68.5,66.2,62.8,74.2,65.5,74.2,68.4,100,89.6,92.7,88.3,93.7,88.2,86.7,82.7,97.7,86.6,89.6,28,28,28,28,28,26,61,62,61,59,62,39,38,39,41,38,62,62,No,No,No,No,No,No,No,No,No,No,Yes,Yes,Yes,Yes,Yes,No,No,Yes,62,62,55,7.363,18.549,14.62,0.201,8.424,1.851,1.354,0.507,64,15,64,64,0,0,0,0,0,0,0,0,68.1,70.5,65.7,72.8,68.1,66,62.6,73.8,65.4,1.6,1.9,0.6,3,0.7,2096.4,21.33,36,39,39,90,129,598,1,2,Yes,No,No,No,No,No,No,No,Yes,No,Yes,No,No,No,No,No,No,No,No,No,No,No,No,No,No,No,No,No,No,No,No,No,No,No,No,No,No,59,63,52,52,42,52,58,55,7336,7021,65,59,55,100,No,No,34683,80152,100,5.9,100,353.264,2.127,538482,197704,55,0.795,0.201,950,2096,4.3,3,0,2,3.9,0,2.8,3.4,0,43.4,1719,2238,1719,No,No,No,No,No,No,No,No,8.187,28.667,97.6,3.938,43.5,59.6,24.2,32.4,18.9,18.7,18.7,18.7,24.2,30,20,20,20,20,41.33,52.92,30.81,30.3,53.49,53.49,4.16,17.08,40.99,0.33,14.95,1958,66,101.6,14.7,0
1.7.2026,57:47.6,23220,1035,95.7,7825,90,98.8,27.6,16341,4505,0.888,0.902,0.882,0.887,0.88,0.806,0.761,3144.6,3144.6,3144.6,3144.6,3144.6,98.3,2948,1455.8,1558.6,1356.1,1499.6,1406.3,1455.5,1359.3,1549.5,1461.3,1455.8,56.6,60.3,51.6,57.8,53.6,56.3,53,61.7,58.8,61.7,56.6,100,65,69.6,60.6,66.7,62.8,65.2,60.8,69.1,65.4,65,32,32,32,32,32,30,59,59,59,59,59,41,41,41,41,41,59,59,No,No,No,No,No,No,No,No,No,No,Yes,Yes,Yes,Yes,Yes,No,No,Yes,61,61,55,9.902,14.6,10.73,0.381,7.091,1.786,1.308,0.515,64,15,64,64,0,0,0,0,0,0,0,0,56.4,60.1,51.3,57.4,53.5,56,52.8,61.3,58.6,3.4,2.7,4.9,4.4,1.4,2096.4,21.33,36,39,39,90,129,598,1,2,Yes,No,No,No,No,No,No,No,Yes,No,Yes,No,No,No,No,No,No,No,No,No,No,No,No,No,No,No,No,No,No,No,No,No,No,No,No,No,No,58,62,52,52,42,52,58,55,7308,7021,65,59,55,100,No,No,34683,80152,100,0.7,100,270.886,1.271,539000,197707,55,0.815,0.381,1000,2096,5.7,4.3,0,2.4,5.4,0,2.7,3.8,0,43.1,1707,2250,1707,No,No,No,No,No,No,No,No,8.187,28.667,97.6,3.979,43.5,59.6,23.8,33.5,18.7,18.6,18.6,18.6,23.8,30.1,20,20,20,20,42,53.58,29.71,29.57,53.83,53.83,4.44,21.11,41.74,0.26,16.68,1959,66,697.6,24.4,0
1.7.2026,57:49.6,23258,997,95.8,7753,161,97.9,27,16341,4419,0.664,0.66,0.665,0.662,0.67,0.651,0.761,1277.5,1277.5,1277.5,1277.5,1277.5,98.3,1080.9,1822.2,1863.1,1768.3,1734.7,1785.9,1860,1928.6,1849.1,1787.7,1822.2,75.9,77.2,72.9,73.4,75.1,76.5,78.6,78.4,75.4,78.6,75.9,100,79.3,81.2,77,75.6,77.6,81.2,83.5,80.6,77.9,79.3,13,13,13,13,13,11,53,55,54,52,51,47,45,46,48,49,56,55,No,No,No,No,No,No,No,No,No,No,Yes,Yes,Yes,Yes,Yes,No,No,Yes,58,58,55,1.777,14.276,10.28,0.363,6.85,1.817,1.349,0.513,64,15,64,64,0,1.2,0,0,0,0,0,0,74.9,76.2,72.1,72.7,74.2,75.3,77.2,77.3,74.3,5.6,6.4,6,4.4,5.5,2096.4,21.33,36,39,39,90,129,598,1,2,Yes,No,No,No,No,No,No,No,Yes,No,No,No,Yes,No,No,No,No,No,No,No,No,No,Yes,No,No,No,No,No,No,No,No,No,No,No,No,No,No,58,62,52,52,42,52,58,55,7308,7034,65,59,55,100,No,No,34683,80153,100,100,100,161.617,13.829,539316,197734,56,0.775,0.363,900,2096,5.4,4,0,2.3,5.1,0,2.8,3.5,0,43.2,1710,2246,1711,No,No,No,No,No,No,No,No,8.186,28.667,97.6,3.954,43.5,59.6,24,37.7,18.4,18.3,18.3,18.3,24,30.1,20,20,20,20,41.67,54.49,26.38,25.83,54.87,54.87,4.78,19.5,41.32,0.35,15.61,1962,66,1165.1,14.5,0
1.7.2026,57:51.6,23298,957,96,7677,237,97,26.6,16341,4354,0.901,0.917,0.895,0.9,0.892,0.823,0.761,3242.8,3242.8,3242.8,3242.8,3242.8,98.3,3046.3,1524.6,1677.5,1395.8,1497.7,1497.5,1513.8,1543.9,1560.7,1510,1524.6,55.4,61.7,50.8,55,54.1,54.5,55.7,56.2,55.6,61.7,55.4,100,67.2,74.2,61.8,66.2,65.8,66.7,67.5,69,66.6,67.2,33,33,33,33,33,31,63,62,65,62,62,37,38,35,38,38,63,65,No,No,No,No,No,No,No,No,No,No,Yes,Yes,Yes,Yes,Yes,No,No,Yes,61,61,55,8.633,15.952,12.108,0.208,7.387,1.771,1.248,0.495,64,15,64,64,0,2.6,0,0,0,0,0,0,55.4,61.4,50.9,55.1,54.2,54.5,55.8,56.2,55.4,15.6,14.2,15.1,17,15.9,2096.4,21.33,36,39,39,90,129,598,1,2,Yes,No,No,No,No,No,No,No,Yes,No,Yes,No,Yes,No,No,No,No,No,No,No,No,No,No,No,No,Yes,No,No,No,No,No,No,No,No,No,No,No,58,63,52,52,42,52,58,55,7322,6996,65,59,55,100,No,No,34683,80153,100,100,100,153.439,45.355,539605,197819,55,0.775,0.208,900,2096,2.7,1.5,0,1.8,2.2,0,3.3,3.4,0,45.4,1797,2159,1798,No,No,No,No,No,No,No,No,8.186,28.667,97.6,3.946,43.5,59.6,23.6,292.5,9.3,8.7,8.6,8.6,23.6,60.4,9.4,8.7,8.6,8.6,42.43,107.4,3.41,2.57,116.02,116.02,3.9,10.09,42.12,0.31,26.29,1962,66,10.5,11.7,0
1.7.2026,57:53.6,23124,1131,95.3,7655,259,96.7,26,16341,4252,0.751,0.657,0.662,0.845,0.84,0.773,0.758,2063.6,1277.5,1277.5,2849.8,2849.8,98.3,2653.2,1330,1507.8,1200.2,1250.6,1182.9,1353.9,1400.3,1440,1304,1330,53.9,61.2,48.5,50.9,48.4,54.3,56,58.6,52.9,61.2,53.9,100,58.5,66.3,52.8,55.7,52.1,59.5,61.4,63,57.2,58.5,21,13,13,29,29,27,56,57,55,57,54,44,43,45,43,46,58,57,No,No,No,No,No,No,No,No,No,No,Yes,Yes,Yes,Yes,Yes,No,No,Yes,72,72,56,16.758,12.566,8.883,0.144,6.383,1.728,1.215,0.488,64,15,64,64,0,2.9,0,0,0,0,0,0,53.6,60.9,48.3,50.9,48.2,54,55.4,58.5,52.6,16.2,12.5,21.7,13.9,16.6,2096.4,21.33,36,39,39,90,129,598,1,2,Yes,No,No,No,No,No,No,No,Yes,No,Yes,No,No,No,No,No,No,No,No,No,No,No,No,No,No,No,No,No,No,No,No,No,No,No,No,No,No,57,62,52,52,42,52,58,55,7322,7021,65,58,55,100,No,No,34683,80153,100,100,100,95.101,12.895,539786,197844,56,0.775,0.144,900,2096,2.3,1.1,0,1.9,1.6,0,4.4,3.4,0,45.2,1789,2167,1790,No,No,No,No,No,No,No,No,8.191,28.675,97.7,3.948,43.5,59.6,24.1,31.3,19.5,19.4,19.4,19.4,24,30.1,20,20,20,20,41.54,51.26,31.94,31.79,51.54,51.54,3.95,14.58,41.2,0.34,16.12,1964,66,1027.3,17.3,0
1.7.2026,57:55.6,23087,1168,95.1,7606,308,96.1,26.2,16341,4288,0.826,0.855,0.825,0.815,0.81,0.773,0.761,2726.9,2849.8,2751.5,2653.2,2653.2,98.3,2161.9,2012.7,2031.7,1877.5,1943.7,1880.1,2133.7,2063.5,2155.1,2016.3,2012.7,72.8,73.3,67.6,70,67.8,75.7,73.6,79.9,74.6,79.9,72.8,100,86.6,89.4,81.9,83.6,79.9,91.9,88,92.5,85.4,86.6,27.8,29,28,27,27,22,60,58,62,59,63,40,42,38,41,37,59,63,No,No,No,No,No,No,No,No,No,No,Yes,Yes,Yes,Yes,Yes,No,No,Yes,59,59,55,6.094,17.719,13.881,0.232,7.734,1.811,1.33,0.493,64,15,64,64,0,0,0,0,0,0,0,0,73,72.4,67.1,70.4,68.7,75.9,74.2,80.1,75.5,4.1,5.3,6.7,3.1,1.5,2096.4,21.33,36,39,39,90,129,598,1,2,Yes,No,No,No,No,No,No,No,Yes,No,Yes,No,No,No,No,No,No,No,No,No,No,No,No,No,No,No,No,No,No,No,No,No,No,No,No,No,No,58,63,52,52,42,52,58,55,7308,7009,65,58,55,100,No,No,34683,80154,100,100,100,174.275,27.403,540147,197900,55,0.775,0.232,900,2096,4.8,3.3,0,2.4,4.3,0,4.2,3.3,0,45.6,1803,2153,1804,No,No,No,No,No,No,No,No,8.187,28.675,97.7,3.93,43.5,59.6,23.7,35.8,16.5,16.1,16.1,16.1,24,30,20,20,20,20,42.22,60.72,27.75,27.51,62.12,62.12,4.96,21.99,41.89,0.33,16.22,1968,66,2041.9,32,0
1.7.2026,57:57.6,23089,1166,95.1,7661,253,96.7,26.7,16341,4365,0.908,0.932,0.907,0.9,0.892,0.838,0.758,3292,3341.1,3341.1,3242.8,3242.8,98.3,3144.6,1645.6,1752.7,1607.7,1657.3,1539.4,1676.3,1615.7,1641,1674.8,1645.6,66.1,67.7,62.1,66.5,62.5,67.3,65.7,67.7,69.2,69.2,66.1,100,73.4,76.8,70.8,74.1,69.8,74.9,72.8,73.2,74.8,73.4,33.5,34,34,33,33,32,64,65,64,65,64,36,35,36,35,36,65,65,No,No,No,No,No,No,No,No,No,No,Yes,Yes,Yes,Yes,Yes,No,No,Yes,64,64,55,10.664,14.495,10.277,0.599,7.234,1.78,1.322,0.49,64,15,64,64,0,0,0,0,0,0,0,0,64.1,66.8,61.2,64.7,59.9,65.1,62.9,65.5,66.6,10.8,12.5,10.7,11.2,8.8,2096.4,21.33,36,39,39,90,129,598,1,2,Yes,No,No,No,No,No,No,No,Yes,No,No,No,Yes,No,No,No,No,No,No,No,No,No,Yes,No,No,No,No,No,No,No,No,No,No,No,No,No,No,58,62,52,52,42,52,58,55,7322,6984,65,59,55,100,No,No,34684,80154,100,100,100,47.169,61.653,540231,198009,55,0.747,0.599,750,2096,10.5,8.5,0,3.7,10.4,0,4.6,3.4,0,45.6,1804,2152,1805,No,No,No,No,No,No,No,No,8.188,28.675,97.7,3.93,43.5,59.6,31.1,62.9,14.9,14.9,14.9,14.9,31.1,61.3,15,15,15,15,32.2,66.98,15.91,15.86,66.99,66.99,0.71,0.01,32.2,0,12.39,1969,66,554.2,16.8,0
1.7.2026,57:59.6,21437,2818,88.3,7446,468,94,26.4,16341,4308,0.709,0.657,0.665,0.66,0.855,0.648,0.761,1695.1,1277.5,1277.5,1277.5,2948,98.3,1080.9,1654.2,1748.3,1515.8,1685.1,1514.6,1730.2,1719.6,1635.5,1684.1,1654.2,59.9,62.5,55.2,61.3,54.9,62.1,61.2,59.3,62.5,62.5,59.9,100,73.4,77.8,67.4,74.4,66.6,76.6,75.8,72.8,75.6,73.4,17.2,13,13,13,30,11,55,56,54,55,56,45,44,46,45,44,56,56,No,No,No,No,No,No,No,No,No,No,Yes,Yes,Yes,Yes,Yes,No,No,Yes,58,57,55,2.793,14.499,10.533,0.389,7.343,1.789,1.325,0.485,64,15,64,64,0,0.2,0,0,0,0,0,0,59.5,62,54.8,60.9,54.7,61.6,60.9,59.7,61.5,5.9,8.1,6.6,2.9,6.1,2096.4,21.33,36,39,39,90,129,598,1,2,Yes,No,No,No,No,No,No,No,Yes,No,No,No,Yes,No,No,No,No,No,No,No,No,No,Yes,No,No,Yes,No,No,No,No,No,No,No,No,No,No,No,57,62,52,52,42,52,58,55,7295,6984,65,59,55,100,No,No,34684,80154,100,100,100,195.688,20.637,540610,198049,55,0.775,0.389,900,2096,4.4,3.3,0,1.9,4.3,0,4.4,0.9,0,45.9,1817,2139,1818,No,No,No,No,No,No,No,No,8.187,28.682,97.7,3.922,43.5,59.6,24.7,61.4,3.8,3.4,3.3,3.3,24.6,61.8,3.8,3.4,3.3,3.3,40.57,264.88,16.28,16.27,299.86,299.86,0.56,0,40.57,0,38.62,1969,66,1,6.3,0
1.7.2026,58:01.6,21422,2833,88.3,7476,438,94.4,26.4,16341,4319,0.726,0.71,0.712,0.71,0.772,0.671,0.761,1916.2,1768.8,1768.8,1768.8,2358.4,98.3,1572.3,972.8,1024.2,796.6,1037.3,904.2,939.5,926.7,1038.3,1115.9,972.8,37,39.7,31.3,39.3,34.5,35.9,36,41.1,38.5,41.1,37,100,43,45.9,35.9,46.2,40,42.2,41.4,46.7,45.9,43,19.5,18,18,18,24,16,54,55,53,54,53,46,45,47,46,47,56,55,No,No,No,No,No,No,No,No,No,No,Yes,Yes,Yes,Yes,Yes,No,No,Yes,67,68,55,15.235,12.429,8.954,0.047,6.428,1.615,1.035,0.483,64,15,64,64,0,2.6,0,0,0,0,0,0,37.2,39.9,31.3,39.6,34.6,36.2,36,40.1,40.1,25.3,28.2,25.1,25.7,22.4,2096.4,21.33,36,39,39,90,129,598,1,2,Yes,No,No,No,No,No,No,No,Yes,No,Yes,No,No,No,No,No,No,No,No,No,No,No,No,No,No,No,No,No,No,No,No,No,No,No,No,No,No,58,62,53,52,42,52,58,56,7322,7021,65,59,55,100,No,No,34684,80154,80.5,100,100,47.736,10.822,540701,198070,55,0.72,0.047,600,2096,2,1,0,1.1,1.8,0,3.9,0,0,45.3,1791,2166,1783,No,No,No,No,No,No,No,No,8.187,28.682,97.7,3.93,43.5,59.6,13.2,59.9,6,6,6,6,13.2,60.3,6.1,6,6,6,75.72,165.56,16.69,16.68,167.28,167.28,0.22,6.59,75.72,0,42.55,1969,66,14.1,14.2,0
1.7.2026,58:03.6,21428,2827,88.3,7508,406,94.8,26.7,16341,4360,0.736,0.66,0.71,0.735,0.84,0.671,0.761,1989.9,1277.5,1768.8,2063.6,2849.8,98.3,1572.3,1098.6,1069.9,914.6,1114,1171.6,1244.2,1088.3,1113.3,1072.5,1098.6,43.3,45,37.4,43.8,43.8,47,40.8,44.5,44.4,47,43.3,100,49.1,48.3,41,49.5,51.6,55.5,47.8,48.8,50.3,49.1,20.2,13,18,21,29,16,57,56,57,56,58,43,44,43,44,42,56,58,No,No,No,No,No,No,No,No,No,No,Yes,Yes,Yes,Yes,Yes,No,No,Yes,58,54,55,2.793,13.268,9.656,0.122,6.809,1.675,1.137,0.482,64,15,64,64,0,2.4,0,0,0,0,0,0,43.1,44.8,37.3,43.7,43.8,46.8,41,45,42.6,19.5,21.3,21.3,17.2,18.1,2096.4,21.33,36,39,39,90,129,598,1,2,Yes,No,No,No,No,No,No,No,Yes,No,Yes,No,No,No,No,No,No,No,No,No,No,No,No,No,No,No,No,No,No,No,No,No,No,No,No,No,No,58,62,53,52,42,52,58,56,7308,7034,65,58,55,100,No,No,34684,80154,58.5,97.8,100,54.047,29.04,540804,198125,54,0.775,0.122,900,2096,2.8,1.7,0,1.3,2.8,0,3.4,0,0,44.8,1773,2183,1774,No,No,No,No,No,No,No,No,8.188,28.682,97.7,3.947,43.5,59.6,12.1,58.1,7.5,7.4,7.4,7.4,12.5,60.1,7.6,7.5,7.5,7.5,82.35,133.61,17.19,17.14,135.05,135.05,3.28,34.09,82.02,0.34,24.85,1969,66,1.1,2.4,0
1.7.2026,58:05.6,21410,2845,88.2,7354,561,92.9,27.5,16341,4490,0.857,0.902,0.885,0.89,0.75,0.806,0.761,2898.9,3144.6,3144.6,3144.6,2161.9,98.3,2948,741.8,783.9,590.6,798.9,726.8,798.8,709.8,786.3,739.6,741.8,38.5,41.6,31,40,37.3,41.6,35.7,43.1,37.6,43.1,38.5,100,33.7,35.6,27.2,35.8,32.8,36.2,32.3,36.4,33,33.7,29.5,32,32,32,22,30,52,53,53,52,52,48,47,47,48,48,54,53,No,No,No,No,No,No,No,No,No,No,No,No,No,No,No,No,No,No,56,54,53,1.016,8.839,5.388,0.05,5.608,1.593,1.01,0.486,64,15,64,64,0,7.2,0,0,0,0,0,0,38.9,42.2,31.8,40.8,37.7,42,35.8,43,38.2,30.5,31.4,31.3,30.3,29,2096.4,21.33,36,39,39,90,129,598,1,2,Yes,No,No,No,No,No,No,No,No,No,Yes,No,No,No,No,No,No,No,No,No,No,No,No,No,No,No,No,No,No,No,No,No,No,No,No,No,No,56,61,53,52,42,52,58,56,7322,7034,65,59,55,100,No,No,34684,80154,100,100,100,14.505,71.373,540831,198259,53,0.777,0.05,900,2096,0.8,0.1,0,0.7,0.6,0,3.1,0,0,44,1741,2215,1742,No,No,No,No,No,No,No,No,8.187,28.682,97.7,3.946,43.5,59.6,8.9,27.7,4.1,4,4,4,9,29.3,4.1,4,4,4,112.61,242.3,36.29,35.56,248.58,248.58,4.6,53.92,112.12,0.49,79.24,1970,66,584.2,7.4,0
1.7.2026,58:07.6,21375,2880,88.1,7181,733,90.7,28.2,16341,4607,0.69,0.697,0.72,0.672,0.67,0.666,0.761,1547.7,1670.6,1867.1,1375.8,1277.5,98.3,1474,612.8,658.7,550.6,575.7,576.9,666.2,608.4,670.9,594.6,612.8,39.6,42.6,35.1,37.1,37.3,43.5,39.2,44,38,44,39.6,100,27.2,29.5,24.5,25.7,25.5,29.7,26.9,29.6,26.3,27.2,15.8,17,19,14,13,15,54,57,54,54,53,46,43,46,46,47,57,57,No,No,No,No,No,No,No,No,No,No,No,No,No,No,No,No,No,No,55,53,53,3.555,6.426,3.081,0.037,4.959,1.541,0.974,0.481,64,15,64,64,0,5.3,0,0,0,0,0,0,39.7,42.6,35.3,37.3,37.3,43.5,39.2,44.1,38,34.4,34.5,38.6,32.4,32.1,1048.2,10.67,20,20,20,45,129,299,1,2,Yes,No,No,No,No,No,No,No,No,No,Yes,No,No,No,No,No,No,No,No,No,No,No,No,No,No,No,No,No,No,No,No,No,No,No,No,No,No,56,61,53,52,42,52,58,56,7308,7021,65,59,55,100,No,No,34684,80154,100,100,100,8.79,67.243,540848,198389,53,0.775,0.037,900,1048,0.9,0.2,0,0.7,0.7,0,3,0,0,44,1740,2217,1740,No,No,No,No,No,No,No,No,8.187,28.682,97.7,3.946,43.5,59.6,7.8,15.6,4.6,4.6,4.6,4.6,7.7,14.8,4.7,4.6,4.6,4.6,128.04,216.59,64.06,63.35,219.56,219.56,4.19,69.68,127.5,0.54,103.76,1970,66,0.9,1.2,0
1.7.2026,58:09.6,21375,2879,88.1,7005,910,88.5,28.8,16341,4713,0.659,0.655,0.66,0.657,0.665,0.648,0.763,1179.2,1179.2,1179.2,1179.2,1179.2,98.3,982.7,630.4,667.2,515.7,666.1,611.4,677.6,585.9,702.3,616.9,630.4,39.2,42.1,32.5,40.4,37,42.1,37.4,43.9,38,43.9,39.2,100,28.2,30.1,23.3,29.8,27.3,30.3,26.2,31.3,27.3,28.2,12,12,12,12,12,10,50,52,51,50,49,50,48,49,50,51,54,52,No,No,No,No,No,No,No,No,No,No,No,No,No,No,No,No,No,No,59,59,52,10.41,7.114,3.752,0.049,5.005,1.543,0.968,0.481,64,15,64,64,0,5,0,0,0,0,0,0,39.9,42.7,33.2,41.1,37.7,42.8,38.1,44.6,38.8,32,33.3,33.3,31.6,29.7,2096.4,21.33,36,39,39,90,129,598,1,2,Yes,No,No,No,No,No,No,No,No,No,Yes,No,No,No,No,No,No,No,No,No,No,No,No,No,No,No,No,No,No,No,No,No,No,No,No,No,No,56,60,53,52,42,52,58,56,7322,7034,65,59,55,100,No,No,34684,80154,100,100,100,20.887,64.554,540888,198513,52,0.777,0.049,900,2096,1,0.3,0,0.8,0.8,0,2.9,0,0,44.2,1749,2207,1750,No,No,No,No,No,No,No,No,8.19,28.69,97.7,3.931,43.5,59.6,8.7,58.8,3,2.9,2.9,2.9,8.7,60.4,3,2.9,2.9,2.9,114.7,337.36,17,17,350.24,350.24,0.37,0.9,114.7,0,145.6,1970,66,1.3,2.8,0
1.7.2026,58:11.6,21289,2966,87.7,7020,894,88.6,29,16341,4741,0.723,0.722,0.722,0.722,0.725,0.676,0.763,1867.1,1867.1,1867.1,1867.1,1867.1,98.3,1670.6,773.9,820.4,688.7,807.3,738.7,785,810.3,819.7,721.5,773.9,43.6,46.8,39.5,45.3,41.4,43.5,44,46.5,41.6,46.8,43.6,100,34.3,36.6,30.7,35.9,32.7,35.1,35.5,36.3,31.8,34.3,19,19,19,19,19,17,52,52,53,51,50,48,48,47,49,50,52,53,No,No,No,No,No,No,No,No,No,No,No,No,No,No,No,No,No,No,56,51,52,1.523,7.808,4.398,0.041,5.269,1.578,1.028,0.484,64,15,64,64,0,3.8,0,0,0,0,0,0,43.6,46.7,39.7,45.3,41.5,43.5,43.9,46.5,41.5,27.7,27.5,29.2,27.5,26.7,2096.4,21.33,36,39,39,90,129,598,1,2,Yes,No,No,No,No,No,No,No,No,No,Yes,No,No,No,No,No,No,No,No,No,No,No,No,No,No,No,No,No,No,No,No,No,No,No,No,No,No,55,59,53,52,42,52,58,56,7308,7021,65,59,55,100,No,No,34684,80154,50.9,100,100,40.853,18.354,540966,198548,52,0.777,0.041,900,2096,1,0.2,0,0.8,0.7,0,3.5,0,0,43.9,1738,2219,1739,No,No,No,No,No,No,No,No,8.187,28.69,97.7,3.938,43.5,59.6,9.2,28.7,4.7,4.6,4.6,4.6,9.2,29,4.7,4.6,4.6,4.6,108.18,210.64,34.84,33.81,216.43,216.43,0.26,0.09,108.18,0,60.36,1970,66,13,17.4,0
1.7.2026,58:13.7,21338,2917,87.9,7104,810,89.7,29,16341,4737,0.676,0.667,0.677,0.675,0.682,0.653,0.766,1351.2,1277.5,1375.8,1375.8,1375.8,98.3,1080.9,657,710.1,570.7,614.1,599.5,663.8,603.1,803.5,691.5,657,40.3,44,35.5,38.9,37.2,41.6,37.5,46.8,40.8,46.8,40.3,100,29.4,31.9,25.9,27.7,26.9,29.9,26.9,35.6,30.5,29.4,13.8,13,14,14,14,11,51,52,52,51,49,49,48,48,49,51,52,52,No,No,No,No,No,No,No,No,No,No,No,No,No,No,No,No,No,No,66,66,53,11.68,7.693,4.327,0.071,5.034,1.525,0.966,0.482,64,15,64,64,0,2.4,0,0,0,0,0,0,40.5,44.2,35.8,39.2,37.3,41.9,37.6,47.1,40.8,29.3,29.7,32.8,30.7,24.1,2096.4,21.33,36,39,39,90,129,598,1,2,Yes,No,No,No,No,No,No,No,No,No,Yes,No,No,No,No,No,No,No,No,No,No,No,No,No,No,No,No,No,No,No,No,No,No,No,No,No,No,55,59,53,52,42,52,58,56,7322,6984,65,58,55,100,No,No,34684,80154,20.3,0.1,20.3,19.436,0.136,541003,198549,52,0.777,0.071,900,2096,1.7,0.6,0,1.2,1.4,0,4.6,0,0,44.4,1755,2201,1756,No,No,No,No,No,No,No,No,8.187,28.698,97.7,3.93,43.5,59.6,23.5,63,7.5,7.5,7.5,7.5,23.5,60.5,7.5,7.5,7.5,7.5,42.53,132.84,15.88,15.8,132.88,132.88,0.36,0.16,42.53,0,22.29,1970,66,15.4,7.2,0
1.7.2026,58:15.7,21354,2901,88,7146,768,90.2,28.9,16341,4730,0.996,0.997,0.987,1.007,0.99,0.893,0.763,3709.6,3635.9,3734.2,3734.2,3734.2,98.3,3439.4,1168.6,1174.7,1093.5,1056.4,1019.4,1173.6,1150.4,1276.2,1404.9,1168.6,44.7,47.4,41.5,43,39.4,44.3,46,46.7,49.2,49.2,44.7,100,49.7,51.9,47.7,46.3,42.8,50.6,49.4,53.3,55.8,49.7,37.8,37,38,38,38,35,62,64,58,58,66,38,36,42,42,34,64,66,No,No,No,No,No,No,No,No,No,No,No,No,No,No,No,No,No,No,65,65,53,12.696,13.267,9.535,0.205,6.774,1.667,1.173,0.484,64,15,64,64,0,1.8,0,0,0,0,0,0,45.4,47.4,41.9,43.3,40.5,44.8,46.4,47.7,51.5,24.6,25.4,28.5,24.6,19.9,2096.4,21.33,36,39,39,90,129,598,1,2,Yes,No,No,No,No,No,No,No,No,No,Yes,No,No,No,No,No,No,No,No,No,No,No,No,No,No,No,No,No,No,No,No,No,No,No,No,No,No,56,59,53,52,42,52,58,56,7295,7034,65,58,55,100,No,No,34684,80155,100,0.1,100,197.894,0.25,541409,198549,52,0.722,0.205,600,2096,5.1,3.3,0,2.1,5.3,0,5.3,0,0,44.8,1772,2185,1772,No,No,No,No,No,No,No,No,8.19,28.698,97.7,3.898,43.5,59.6,60.3,69,56,54.5,54.4,54.4,56.8,61,24.2,15.6,15,15,16.58,18.25,14.24,13.81,18.86,18.86,1.47,5.17,16.16,0.42,0.57,1970,66,37.2,32.3,0
1.7.2026,58:17.7,21496,2759,88.6,7293,622,92.1,28.7,16341,4692,1.001,1.02,0.987,1.007,0.987,0.893,0.763,3734.2,3734.2,3734.2,3734.2,3734.2,98.3,3439.4,1319.3,1329.5,1130.2,1225.5,1217.7,1425.2,1278.5,1585.8,1362.1,1319.3,51.2,53,43.5,48.9,49.5,55.5,49,56.1,53.7,56.1,51.2,100,58.6,59.3,50,54.5,55.1,62.7,56.8,67.2,63.3,58.6,38,38,38,38,38,35,64,57,61,62,76,36,43,39,38,24,68,76,No,No,No,No,No,No,No,No,No,No,No,No,No,No,No,No,No,No,70,70,53,14.981,14.172,10.528,0.14,7.096,1.69,1.197,0.489,64,15,64,64,0,0.2,0,0,0,0,0,0,50.9,53,43.6,49.2,48.9,55.6,48.8,57,51.2,16.5,18.3,18.4,15.4,13.8,2096.4,21.33,36,39,39,90,129,598,1,2,Yes,No,No,No,No,No,No,No,No,No,Yes,No,No,No,No,No,No,No,No,No,No,No,No,No,No,No,No,No,No,No,No,No,No,No,No,No,No,56,59,53,52,42,52,58,55,7322,7009,65,58,55,100,No,No,34684,80155,63.8,2.3,66.1,89.531,0.368,541573,198550,53,0.857,0.14,900,2096,2,0.6,0,1.4,2.1,0,4.7,0,0,44.8,1772,2185,1772,No,No,No,No,No,No,No,No,8.188,28.698,97.7,3.897,43.5,59.6,60,65.2,56.8,56.7,56.7,56.7,60,60.4,59.6,59.6,59.6,59.6,16.66,17.8,15.14,15.13,17.91,17.91,1.32,1.46,16.29,0.37,0.5,1973,66,1189.5,18.3,0
1.7.2026,58:19.7,21529,2725,88.7,7311,603,92.3,28.4,16341,4643,1.022,1.02,0.987,1.007,1.072,0.891,0.761,3832.5,3734.2,3734.2,3734.2,4127.3,98.3,3439.4,1564,1526.6,1396,1453.6,1338.7,1818,1521.4,1692.1,1765.6,1564,49.5,49.4,44.5,47.8,42.6,56.1,47.5,54.3,53.9,56.1,49.5,100,68.1,66.5,60.4,63.1,56.7,79.4,66.1,76.3,75.9,68,39,38,38,38,42,35,62,61,72,54,63,38,39,28,46,37,72,72,No,No,No,No,No,No,No,No,No,No,No,No,No,No,No,No,No,No,56,55,53,3.555,18.56,14.864,0.11,8.222,1.707,1.201,0.485,64,15,64,64,0,0.3,0,0,0,0,0,0,49.3,49.6,44.8,48,43.4,55.6,47.2,52.3,53.7,21.1,24.5,25.7,19.5,14.7,1048.2,10.67,20,20,20,45,129,299,1,2,Yes,No,No,No,No,No,No,No,No,No,Yes,No,No,No,No,No,No,No,No,No,No,No,No,No,No,No,No,No,No,No,No,No,No,No,No,No,No,56,60,53,52,42,52,58,55,7349,7021,65,57,55,100,No,No,34684,80155,53.8,1.6,55.4,44.008,0.773,541655,198551,53,0.722,0.11,600,1048,3,1.6,0,1.6,3,0,5,0,0,44.4,1755,2202,1755,No,No,No,No,No,No,No,No,8.187,28.698,97.7,3.889,43.5,59.6,53.1,105,16.8,16.4,16.4,16.4,52.8,60.5,17.2,15.2,15,15,18.84,59.64,9.56,5.28,61.39,61.39,1.72,2.66,18.51,0.33,3.86,1973,66,85.3,7.7,0
1.7.2026,58:21.7,21505,2750,88.6,7286,628,92,28.2,16341,4609,0.819,0.917,0.785,0.787,0.787,0.823,0.761,2653.2,3242.8,2456.7,2456.7,2456.7,98.3,2653.2,1434.3,1729.6,1309.7,1354.5,1242.3,1360,1363.6,1583.6,1531,1434.3,47.3,56.5,42.5,45.9,42,45.7,45.2,51.8,48.6,56.5,47.3,100,62.4,75.1,57.3,59,55.3,58.9,58.6,68.8,66,62.4,27,33,25,25,25,27,57,57,61,55,54,43,43,39,45,46,61,61,No,No,No,No,No,No,No,No,No,No,No,No,No,No,No,No,No,No,69,69,54,9.141,15.299,11.416,0.179,7.704,1.728,1.217,0.508,64,15,64,64,0,0.4,0,0,0,0,0,0,47.2,56.3,42.5,45.8,41.2,45.9,45.3,51.9,48.8,23.5,21.4,28,25.3,19.2,1048.2,10.67,20,20,20,45,129,299,1,2,Yes,No,No,No,No,No,No,No,No,No,Yes,No,No,No,No,No,No,No,No,No,No,No,No,No,No,No,No,No,No,No,No,No,No,No,No,No,No,56,60,53,52,42,52,58,55,7308,6984,65,57,55,100,No,No,34684,80155,22.4,16.7,39.1,28.137,2.254,541709,198555,54,0.775,0.179,900,1048,2.5,1.4,0,1.5,2.1,0,5.5,0,0,44.5,1760,2197,1760,No,No,No,No,No,No,No,No,8.187,28.698,97.7,3.897,43.5,59.6,10.5,58.6,5.8,5.8,5.8,5.8,10.5,60.3,6,6,6,6,95,171.4,17.2,17.14,171.48,171.48,6.32,35.4,94.72,0.29,47.54,1982,66,4920,42,0
1.7.2026,58:23.7,21522,2733,88.7,7207,707,91,28.6,16341,4666,0.911,0.822,0.947,0.885,0.987,0.891,0.758,3267.4,2653.2,3537.6,3144.6,3734.2,98.3,3439.4,1161.2,1291.7,1088,1085.9,882.7,1188.3,1162.7,1251.1,1338.8,1161.2,35.5,40.8,34.1,34.5,28.7,35.3,34.1,36.9,39.4,40.8,35.5,100,50.3,56.2,48,47.4,38.3,51.2,49.7,54.1,57.5,50.3,33.2,27,36,32,38,35,61,59,63,63,60,39,41,37,37,40,66,63,No,No,No,No,No,No,No,No,No,No,No,No,No,No,No,No,No,No,56,54,53,4.063,15.474,11.951,0.113,7.43,1.654,1.077,0.486,64,15,64,64,0,2.5,0,0,0,0,0,0,35.4,40.8,33.9,34.5,28.7,35.5,34.1,36.7,39.2,37.3,34.4,44.7,37.5,32.7,2096.4,21.33,36,39,39,90,129,598,1,2,Yes,No,No,No,No,No,No,No,No,No,Yes,No,No,No,No,No,No,No,No,No,No,No,No,No,No,No,No,No,No,No,No,No,No,No,No,No,No,56,61,53,52,42,52,58,55,7322,6984,65,58,55,100,No,No,34684,80155,100,100,100,19.008,50.391,541745,198652,54,0.722,0.113,600,2096,1.8,1,0,1.3,1.4,0,4.9,0,0,44.5,1762,2194,1763,No,No,No,No,No,No,No,No,8.188,28.705,97.8,3.906,43.5,59.6,10,70.4,5.5,5.5,5.5,5.5,10,60.6,5.5,5.5,5.5,5.5,99.97,180.68,13.57,13.42,182.96,182.96,6.55,49.91,99.51,0.46,75.67,1982,66,5.4,2.1,0
1.7.2026,58:25.7,21496,2758,88.6,7268,646,91.8,27.8,16341,4547,1.001,1.02,0.987,1.007,0.987,0.908,0.761,3734.2,3734.2,3734.2,3734.2,3734.2,98.3,3537.6,1404.4,1600.1,1272,1398,1297.9,1436.5,1309.5,1462.4,1459.1,1404.4,47.9,54.3,43.4,47.5,44.8,50.3,44.7,48.9,49.1,54.3,47.9,100,61.7,70.7,56.6,61.5,56.9,63.3,57.2,64.2,63.3,61.7,38,38,38,38,38,36,71,70,73,68,72,29,30,27,32,28,73,73,No,No,No,No,No,No,No,No,No,No,No,No,No,No,No,No,No,No,70,70,55,15.742,15.785,12.056,0.205,7.607,1.71,1.193,0.512,64,15,64,64,0,0.3,0,0,0,0,0,0,48.2,54.6,43.7,48,45.2,50.6,44.9,49.5,49.5,16.5,13.5,20,16.8,15.8,2096.4,21.33,36,39,39,90,129,598,1,2,Yes,No,No,No,No,No,No,Yes,No,No,Yes,No,Yes,No,No,No,No,No,No,No,Yes,No,No,No,No,Yes,Yes,No,No,No,No,No,No,No,Yes,No,No,56,61,53,52,42,52,58,55,7308,6984,65,57,55,100,No,No,34684,80155,35.4,0.1,35.5,53.473,0.261,541848,198653,55,0.775,0.205,900,2096,4,3,0,1.7,3.7,0,5,0,0,44.6,1765,2192,1765,No,No,No,No,No,No,No,No,8.188,28.705,97.8,3.906,43.5,59.6,33.7,91.2,4.7,4,3.9,3.9,33.7,61.7,4.8,4.1,4,4,29.65,214.21,10.66,9.18,257.52,257.52,2.57,8.72,29.26,0.4,26.15,1996,66,7215.2,49.9,0
1.7.2026,58:27.7,21503,2751,88.6,7335,579,92.6,27.2,16341,4450,1.021,1.02,1.007,1.067,0.99,0.891,0.761,3832.5,3734.2,3832.5,4029,3734.2,98.3,3439.4,937.2,1192,893,913.5,788.1,938.5,808.9,1084.5,879,937.2,33.1,42.3,31.3,32.2,28,33.6,29,37.1,31.3,42.3,33.1,100,42,52.6,40.3,41.2,35.4,42.1,36.4,48.4,39.3,42,39,38,39,41,38,35,58,61,57,58,54,42,39,43,42,46,61,61,No,No,No,No,No,No,No,No,No,No,No,No,No,No,No,No,No,No,56,53,52,1.777,14.381,10.714,0.144,6.724,1.622,1.04,0.49,64,15,64,64,0,3.6,0,0,0,0,0,0,33.2,42.3,31.4,32.4,28,33.8,29,37.2,31.2,21.6,18.2,26.2,22.3,19.6,2096.4,21.33,36,39,39,90,129,598,1,2,Yes,No,No,No,No,No,No,No,No,No,Yes,No,Yes,No,No,No,No,No,No,No,No,No,No,No,No,Yes,No,No,No,No,No,No,No,No,No,No,No,56,61,53,52,42,52,58,55,7308,6959,65,57,55,100,No,No,34684,80155,35.5,0,35.6,59.992,0.24,541962,198653,53,0.777,0.144,900,2096,2.4,1.6,0,1.4,2.1,0,4.7,0,0,44.6,1765,2192,1765,No,No,No,No,No,No,No,No,8.187,28.705,97.8,3.897,43.5,59.6,27.4,66.9,5.6,5.1,5,5,27.5,61.5,5.6,5.1,5,5,36.52,178.81,14.87,14.66,200.1,200.1,2.98,6.55,36.11,0.41,26.78,1998,66,1020.5,14.4,0
1.7.2026,58:29.7,21515,2740,88.7,7401,513,93.5,26.7,16341,4371,0.779,0.672,0.75,0.747,0.947,0.701,0.761,2309.3,1375.8,2161.9,2161.9,3537.6,98.3,1965.4,820.1,934.5,753.3,798.2,714.5,890.9,849.8,822.7,797,820.1,40.2,47.2,37.1,40.5,34.1,43.3,39.6,40,39.5,47.2,40.2,100,36.3,41.7,34,35.8,31.8,39.6,36.8,35.8,34.7,36.3,23.5,14,22,22,36,20,55,54,53,54,59,45,46,47,46,41,54,59,No,No,No,No,No,No,No,No,No,No,No,No,No,No,No,No,No,No,56,54,54,3.809,9.373,5.958,0.064,5.607,1.584,1.01,0.485,64,15,64,64,0,2.4,0,0,0,0,0,0,40.9,47.7,37.6,41,34.8,43.9,40.7,41.1,40.1,26.6,24.5,30.5,25.4,25.9,2096.4,21.33,36,39,39,90,129,598,1,2,Yes,No,No,No,No,No,No,No,No,No,Yes,No,No,No,No,No,No,No,No,No,No,No,No,No,No,No,No,No,No,No,No,No,No,No,No,No,No,56,60,53,52,42,52,58,55,7308,6971,65,57,55,100,No,No,34684,80156,28,0.1,28,47.664,0.183,542055,198653,54,0.775,0.064,900,2096,1.7,0.8,0,1.2,1.2,0,4.6,0,0,44.6,1764,2193,1764,No,No,No,No,No,No,No,No,8.187,28.705,97.8,3.897,43.5,59.6,28.7,66.6,3.5,3,2.9,2.9,28.7,60.4,3.5,2.9,2.9,2.9,34.89,282.12,15.12,15.05,343.5,343.5,2.42,9.15,34.43,0.46,21.5,1999,66,24.1,3.3,0
1.7.2026,58:31.7,21495,2760,88.6,7534,380,95.1,26.6,16341,4353,0.982,0.997,0.985,0.96,0.987,0.891,0.761,3660.5,3635.9,3734.2,3537.6,3734.2,98.3,3439.4,1388.4,1706,1368.9,1408.8,1194.3,1335.6,1252.8,1437.6,1403.3,1388.4,48.3,59,47.4,49.5,41.9,46.9,44.4,49.9,47.8,59,48.3,100,61,74.9,60.8,61.6,52.6,58.4,55.4,63.4,60.7,61,37.2,37,38,36,38,35,70,67,73,69,69,30,33,27,31,31,72,73,No,No,No,No,No,No,No,No,No,No,No,No,No,No,No,No,No,No,61,61,55,3.047,15.001,11.207,0.13,7.391,1.727,1.203,0.515,64,15,64,64,0,2,0,0,0,0,0,0,48.6,59,47.5,50,42,47.5,44.2,49.9,48.4,19.3,13.4,22,22.8,19,2096.4,21.33,36,39,39,90,129,598,1,2,Yes,No,No,No,No,No,No,No,No,No,Yes,No,No,No,No,No,No,No,No,No,No,No,No,No,No,No,No,No,No,No,No,No,No,No,No,No,No,56,60,53,52,42,52,58,55,7308,6959,65,57,55,100,No,No,34684,80156,100,0,100,191.087,0.111,542417,198654,55,0.775,0.13,900,2096,3.7,2.7,0,1.6,3.4,0,4.8,0,0,44.5,1762,2195,1762,No,No,No,No,No,No,No,No,8.19,28.713,97.8,3.898,43.5,59.6,18.3,80.4,2.8,2.5,2.4,2.4,18.2,61.6,2.7,2.4,2.4,2.4,54.75,360.36,12.4,11.56,411.5,411.5,3.68,26.07,54.32,0.43,73.96,2015,67,8736.2,56.9,0
1.7.2026,58:33.7,21367,2887,88,7679,235,97,26.6,16341,4345,1,1.02,0.985,1.007,0.987,0.891,0.758,3734.2,3734.2,3734.2,3734.2,3734.2,98.3,3439.4,1922.9,1981,1848.4,1969.3,1808.5,2060.4,1913.4,1905,1897.5,1922.9,59.9,63.5,58.6,62.6,57.2,61.9,57,59.8,58.7,63.5,59.9,100,84,87.3,81.1,86.1,78.5,90,83.4,83.5,82.1,84,38,38,38,38,38,35,72,73,71,70,75,28,27,29,30,25,75,75,No,No,No,No,No,No,No,No,No,No,No,No,No,No,No,No,No,No,77,77,57,13.965,18.47,14.596,0.151,8.67,1.835,1.313,0.485,64,15,64,64,0,1.7,0,0,0,0,0,0,59.8,63.2,58.4,62.4,57.3,61.7,56.9,59.9,58.7,12.4,11.7,12.9,11.1,14.1,2096.4,21.33,36,39,39,90,129,598,1,2,Yes,No,No,No,No,No,No,No,No,No,Yes,No,No,No,No,No,No,No,No,No,No,No,No,No,No,No,No,No,No,No,No,No,No,No,No,No,No,57,61,52,52,42,52,58,55,7322,6959,65,57,55,100,No,No,34684,80157,100,10.2,100,378.527,0.078,543144,198654,56,0.775,0.151,900,2096,1.8,1,0,1.2,1.3,0,4.5,0,0,44.3,1751,2205,1752,No,No,No,No,No,No,No,No,8.187,28.713,97.8,3.881,43.5,59.6,15.7,61.7,2,1.9,1.8,1.8,15.7,60.7,2,1.8,1.8,1.8,63.85,490.72,16.14,16.13,545.21,545.21,3.85,41.33,63.51,0.34,44.22,2015,67,0.2,0.1,0
1.7.2026,58:35.8,21348,2907,88,7435,480,93.9,25.4,16341,4152,0.656,0.65,0.655,0.655,0.662,0.646,0.761,1179.2,1179.2,1179.2,1179.2,1179.2,98.3,982.7,2007.1,1988.5,1844.8,1933.6,2074.8,2136,1960.9,2160.4,1957.9,2007.1,60.5,60.3,55.2,58.7,62.8,63.5,57.6,66.3,59.8,66.3,60.5,100,86.8,86.1,79.8,83.6,89.2,92.7,84.9,93.2,85,86.8,12,12,12,12,12,10,54,55,54,53,53,46,45,46,47,47,55,55,No,No,No,No,No,No,No,No,No,No,No,No,No,No,No,No,No,No,58,54,54,12.442,19.683,15.964,0.047,8.758,1.811,1.254,0.481,64,15,64,64,0,3.4,0,0,0,0,0,0,60,60.1,54.7,58.2,62.5,62.9,56.9,65.7,58.8,14.6,17.2,14.4,15.6,11.3,2096.4,21.33,36,39,39,90,129,598,1,2,Yes,No,No,No,No,No,No,No,No,No,Yes,No,No,No,No,No,No,No,No,No,No,No,No,No,No,No,No,No,No,No,No,No,No,No,No,No,No,58,63,52,52,42,52,58,55,7336,6971,65,57,55,100,No,No,34684,80157,100,100,100,100.544,8.839,543334,198670,54,0.775,0.047,900,2096,0.7,0,0,0.9,0.1,0,4.3,0,0,44.3,1751,2206,1751,No,No,No,No,No,No,No,No,8.188,28.713,97.8,3.873,43.5,59.6,1.9,1.9,1.9,1.9,1.9,1.9,1.9,1.9,1.9,1.9,1.9,1.9,521.32,521.32,521.32,521.32,521.32,521.32,20.21,316.24,520.6,0.72,15.59,2015,67,5.8,4.1,0
1.7.2026,58:37.7,21380,2874,88.1,7303,611,92.2,26.1,16341,4257,0.769,0.71,0.79,0.79,0.787,0.676,0.761,2284.7,1768.8,2456.7,2456.7,2456.7,98.3,1670.6,651.1,652.7,586.2,634.5,627.2,678.7,592.7,763.7,672.8,651.1,40.1,40.8,36.4,39.3,38.3,41.7,36.1,46.8,41,46.8,40.1,100,29,29.7,26.3,28.3,27.7,30.2,26.2,33.7,29.5,29,23.2,18,25,25,25,17,54,54,54,55,52,46,46,46,45,48,55,55,No,No,No,No,No,No,No,No,No,No,No,No,No,No,No,No,No,No,61,61,54,2.285,7.383,3.946,0.05,5.042,1.581,1,0.481,64,15,64,64,0,7.7,0,0,0,0,0,0,40.5,41.2,36.9,39.8,38.8,42.2,36.5,47.1,41.4,33,33.9,35.1,34.3,28.8,2096.4,21.33,36,39,39,90,129,598,1,2,Yes,No,No,No,No,No,No,No,No,No,Yes,No,No,No,No,No,No,No,No,No,No,No,No,No,No,No,No,No,No,No,No,No,No,No,No,No,No,57,62,52,52,42,52,58,55,7336,6959,65,58,55,100,No,No,34684,80157,100,100,100,44.424,59.684,543421,198787,55,0.775,0.05,900,2096,0.9,0.1,0,0.9,0.3,0,4.3,0,0,44.3,1751,2205,1752,No,No,No,No,No,No,No,No,8.187,28.72,97.8,3.897,43.5,59.6,3.8,27.6,2,2,2,2,1,18.8,0.5,0.5,0.5,0.5,266.2,496.14,36.25,32.03,500.84,500.84,0.63,65.67,266.2,0,999.92,2015,67,0.2,0.1,0
1.7.2026,58:39.8,21516,2739,88.7,7540,374,95.2,26,16341,4250,1.001,1.02,0.987,1.007,0.99,0.891,0.758,3734.2,3734.2,3734.2,3734.2,3734.2,98.3,3439.4,1572.6,1602.4,1419.6,1606.1,1422.5,1509.6,1544.6,1717.7,1758.7,1572.6,53.3,55.5,49.1,55.5,47.9,52.3,53.6,56.7,55.8,56.7,53.3,100,68.9,70.7,62.9,70.9,62.8,66.6,67.8,74.9,74.5,68.9,38,38,38,38,38,35,66,62,66,68,66,34,38,34,32,34,70,68,No,No,No,No,No,No,No,No,No,No,No,No,No,No,No,No,No,No,74,74,56,15.742,16.475,12.747,0.117,7.788,1.726,1.205,0.48,64,15,64,64,0,1.5,0,0,0,0,0,0,53.2,55.2,48.8,55.2,47.7,52.1,53.4,56.6,56.4,15.2,14.8,17.3,15.4,13.4,2096.4,21.33,36,39,39,90,129,598,1,2,Yes,No,No,No,No,No,No,No,No,No,Yes,No,No,No,No,No,No,No,No,No,No,No,No,No,No,No,No,No,No,No,No,No,No,No,No,No,No,58,62,52,52,42,52,58,55,7295,6971,65,57,55,100,No,No,34684,80157,64.2,2.1,66.3,82.521,0.197,543581,198787,55,0.772,0.117,900,2096,2.3,1,0,1.3,2.2,0,4.6,0,0,45.3,1804,2153,1792,No,No,No,No,No,No,No,No,8.187,28.72,97.8,3.872,43.5,59.6,11.6,247.3,2,1.9,1.9,1.9,10.7,61.5,2,1.9,1.9,1.9,86.34,509.24,3.66,2.99,533.75,533.75,4.81,50.84,85.94,0.41,58.61,2016,67,26.3,10.8,0
1.7.2026,58:41.8,21837,2418,90,7712,203,97.4,25.7,16341,4199,1,1.02,0.985,1.007,0.987,0.891,0.756,3734.2,3734.2,3734.2,3734.2,3734.2,98.3,3439.4,3152.3,3195.7,3114.9,3069.3,3085.3,3210.3,3181.1,3156.6,3205.5,3152.3,88.6,90.9,87.7,87.2,88,89,88.3,87.5,89.8,90.9,88.6,100,137.2,140,135.8,134.1,134.1,139.4,138.1,136.6,139.7,137.2,38,38,38,38,38,35,75,75,72,74,79,25,25,28,26,21,79,79,No,No,No,No,No,No,No,No,No,No,No,No,No,No,No,No,No,No,82,82,58,17.012,28.449,23.632,0.644,11.394,2.038,1.607,0.515,64,15,64,64,0,0,0,0,0,0,0,0,85.9,87.5,85,84.5,85.5,86.4,85.9,85.4,87,1.7,1.2,2.3,1.6,1.7,2096.4,21.33,36,39,39,90,129,598,1,2,Yes,No,No,No,No,No,No,Yes,No,No,Yes,No,Yes,No,No,No,No,No,No,No,Yes,No,No,No,No,Yes,Yes,No,No,No,No,No,No,No,Yes,No,No,59,64,52,52,42,52,58,55,7281,6959,65,58,55,100,No,No,34684,80158,100,100,100,367.655,11.633,544277,198809,58,0.772,0.644,900,2096,9.1,6.8,0,4.9,8.3,0,14.4,1.7,0,53.2,2106,1851,2106,No,No,No,No,No,No,No,No,8.188,28.72,97.8,3.832,43.5,59.6,38.5,78.8,14.8,14.8,14.8,14.8,36.2,61.5,15,15,15,15,25.95,67.6,12.7,12.25,67.79,67.79,0.46,0.06,25.95,0,11.75,2016,67,2.8,4.4,0
1.7.2026,58:43.8,21750,2505,89.6,7624,291,96.3,26.3,16341,4295,0.856,0.867,0.852,0.855,0.85,0.783,0.758,2948,2948,2948,2948,2948,98.3,2751.5,2226.8,2205.5,2190.7,2208.6,2163.1,2282.3,2226.9,2273.7,2263.1,2226.8,75.2,74.3,74.4,74.9,73.4,76.2,74.6,77.2,76.8,77.2,75.2,100,96.3,95.6,94.9,95.4,93.5,98.5,96.2,98.6,97.5,96.3,30,30,30,30,30,28,64,66,63,63,64,36,34,37,37,36,66,66,No,No,No,No,No,No,No,No,No,No,Yes,Yes,Yes,Yes,Yes,No,No,Yes,61,61,57,5.84,18.94,14.53,0.531,8.715,1.906,1.448,0.511,64,15,64,64,0,1.2,0,0,0,0,0,0,74.2,73.3,73.3,74,72.5,75.2,73.5,76,75.8,9,8.8,11.1,7.8,8.1,2096.4,21.33,36,39,39,90,129,598,1,2,Yes,No,No,No,No,No,No,No,Yes,No,Yes,No,No,No,No,No,No,No,No,No,No,No,No,No,No,No,No,No,No,No,No,No,No,No,No,No,No,59,64,52,52,42,52,58,55,7268,6971,65,58,55,100,No,No,34684,80158,100,100,100,159.62,63.149,544580,198929,57,0.837,0.531,850,2096,5.2,3.6,0,3.1,4.7,0,9.8,0.9,0,52.6,2081,1876,2081,Yes,Yes,No,No,No,No,No,No,8.186,28.72,97.8,3.831,43.5,59.6,8.7,59.3,2.9,2.9,2.9,2.9,7.2,60.6,2,1.9,1.9,1.9,114.3,339.23,16.86,16.85,350.2,350.2,0.72,2.17,114.3,0,128.53,2016,67,5.2,5.2,0
1.7.2026,58:45.8,21734,2520,89.6,7773,141,98.2,26.1,16341,4259,0.79,0.792,0.785,0.785,0.797,0.731,0.758,2481.3,2456.7,2456.7,2456.7,2555,98.3,1867.1,2213,2226.1,2171.3,2179.8,2185.5,2224,2237.5,2225.8,2253.8,2213,94.5,95,92.8,94,94.1,94.8,94.8,94.8,95.7,95.7,94.5,100,95.3,95.9,93.7,93.8,93.8,96,96.3,95.8,96.6,95.2,25.2,25,25,25,26,19,60,61,61,59,60,40,39,39,41,40,61,61,No,No,No,No,No,No,No,No,No,No,Yes,Yes,Yes,Yes,Yes,No,No,Yes,62,62,56,7.871,13.619,9.415,0.398,7.155,1.923,1.484,0.559,64,15,64,64,0,0,0,0,0,0,0,0,92.7,93.2,90.9,92.3,92.6,92.5,93,92.9,94,0,0,0,0,0,2096.4,21.33,36,39,39,90,129,598,1,2,Yes,No,No,No,No,No,No,No,Yes,No,No,No,Yes,No,No,No,No,No,No,No,No,No,Yes,No,Yes,No,No,No,No,No,No,No,No,No,No,No,No,59,64,52,52,42,52,58,55,7295,6959,65,58,55,100,No,No,34684,80159,100,100,100,255.076,0.334,545081,198930,56,0.802,0.398,750,2096,7.5,5.1,0,5.9,9.7,0,18.2,1.8,0,51.2,2025,1932,2025,No,No,No,No,No,No,No,No,8.187,28.728,97.9,3.864,43.5,59.6,37.1,61.4,12.7,12.1,12,12,37.5,62.6,12.6,12,12,12,26.94,79.04,16.27,16.23,83.19,83.19,2.68,0.79,26.94,0,15.3,2046,67,15205.7,115.9,0
1.7.2026,58:47.8,21620,2634,89.1,7681,233,97,25.4,16341,4146,0.79,0.792,0.785,0.785,0.797,0.731,0.761,2481.3,2456.7,2456.7,2456.7,2555,98.3,1474,2241.6,2241.1,2184.8,2243.8,2251.4,2264.1,2214.3,2283.9,2249.1,2241.6,94.1,94.5,92.2,94.1,94.4,95.1,93.4,95.3,94.1,95.3,94.1,100,96.7,96.9,94.7,96.6,96.8,97.4,96.2,98,96.8,96.7,25.2,25,25,25,26,15,60,59,59,61,60,40,41,41,39,40,59,61,No,No,No,No,No,No,No,No,No,No,Yes,Yes,Yes,Yes,Yes,No,No,Yes,60,60,56,5.332,13.513,9.227,0.443,7.086,1.911,1.513,0.516,64,15,64,64,0,0,0,0,0,0,0,0,92.1,92.3,90.2,92.4,92.6,93,90.8,93.6,92.1,0,0,0,0,0,2096.4,21.33,36,39,39,90,129,598,1,2,Yes,No,No,No,No,No,No,No,Yes,No,No,No,Yes,No,No,No,No,No,No,No,No,No,Yes,No,Yes,No,No,No,No,No,No,No,No,No,No,No,No,58,63,52,52,42,52,59,56,7281,6971,65,58,55,100,No,No,34684,80159,100,32.6,100,242.197,14.869,545555,198959,55,0.737,0.443,700,2096,5.2,3.4,0,4.1,4.5,0,12.4,3.5,0,52.3,2071,1886,2071,No,No,No,No,No,No,No,No,8.187,28.728,97.9,3.856,43.5,59.6,22.4,62.6,2,1.5,1.5,1.5,19.3,61.6,1.7,1.3,1.3,1.3,44.64,504.4,15.98,15.96,670.58,670.58,0.41,2.91,44.64,0,16.33,2048,67,851.3,11.6,0
1.7.2026,58:49.8,21708,2546,89.4,7608,307,96.1,26,16341,4253,0.777,0.837,0.785,0.742,0.745,0.763,0.761,2383,2751.5,2456.7,2161.9,2161.9,98.3,2555,1299.3,1401,1200.7,1387.5,1201.2,1449.4,1224.6,1300.9,1228.8,1299.3,53.3,57.3,50.1,55.8,49.6,58.1,49.5,55.2,51.2,58.1,53.3,100,57.7,62,53.9,60.8,52.7,64.1,53.7,58.9,55.3,57.7,24.2,28,25,22,22,26,60,61,63,58,57,40,39,37,42,43,65,63,No,No,No,No,No,No,No,No,No,No,Yes,Yes,Yes,Yes,Yes,No,No,Yes,58,57,55,7.871,12.428,8.531,0.295,6.679,1.748,1.218,0.508,64,15,64,64,0,4,0,0,0,0,0,0,52.8,56.8,49.8,55.8,49.8,57.3,49.4,53.5,49.8,18.9,16.9,19.1,17.5,22.1,2096.4,21.33,36,39,39,90,129,598,1,2,Yes,No,No,No,No,No,No,No,Yes,No,Yes,No,Yes,No,No,No,No,No,No,No,No,No,Yes,No,No,Yes,No,No,No,No,No,No,No,No,No,No,No,58,63,52,52,42,52,59,56,7295,6959,65,58,55,100,No,No,34685,80159,100,100,100,37.673,66.502,545624,199081,55,0.775,0.295,900,2096,4.8,2.6,0,4.5,4.1,0,13.5,4.9,0,53,2096,1860,2097,No,No,No,No,No,No,No,No,8.19,28.728,97.9,3.857,43.5,59.6,11.8,154.9,1.7,1.6,1.6,1.6,11.8,60.3,1.7,1.6,1.6,1.6,85.01,580.19,6.31,6.21,638,638,14.58,12.6,82.76,2.26,129.46,2048,67,0.5,2.8,0
1.7.2026,58:51.8,21655,2600,89.2,7467,447,94.3,26.6,16341,4339,0.984,0.955,0.987,1.007,0.987,0.891,0.761,3660.5,3439.4,3734.2,3734.2,3734.2,98.3,3439.4,1027,1053.8,1001,1186.3,987.1,1036.8,915.3,1008.6,1027.4,1027,48.6,50.6,47.3,52.9,46.6,49.7,43.4,48.9,49.5,52.9,48.6,100,45.6,47.3,44.9,52.4,44.1,46.1,40.4,44.5,45.3,45.6,37.2,35,38,38,38,35,61,62,61,59,63,39,38,39,41,37,63,63,No,No,No,No,No,No,No,No,No,No,Yes,Yes,Yes,Yes,Yes,No,No,Yes,68,68,56,14.219,10.925,6.729,0.638,6.332,1.779,1.328,0.509,64,15,64,64,0,3,0,0,0,0,0,0,48.9,50.9,47.6,53,46.5,50.1,43.8,49.3,49.7,21.6,20.8,21.1,22.9,21.7,1048.2,10.67,20,20,20,45,129,299,1,2,Yes,No,No,No,No,No,No,No,Yes,No,Yes,No,No,No,No,No,No,No,No,No,No,No,No,No,No,No,No,No,No,No,No,No,No,No,No,No,No,58,62,52,52,42,52,59,56,7295,6984,65,58,55,100,No,No,34685,80159,100,100,100,43.013,52.183,545706,199180,55,0.775,0.638,900,1048,13,10.2,0,6.8,12.8,0,14.6,6.6,0,52.5,2078,1878,2088,No,No,No,No,No,No,No,No,8.187,28.736,97.9,3.864,43.5,59.6,58.9,67.9,40.9,31.9,31.1,31.1,59,60.6,41.3,30.9,30.1,30.1,16.98,24.44,14.73,13.9,32.16,32.16,0.59,0,16.98,0,1,2048,67,0.6,2.2,0
1.7.2026,58:53.8,21657,2598,89.2,7534,381,95.1,26.5,16341,4331,0.984,0.952,0.987,1.007,0.987,0.891,0.758,3660.5,3439.4,3734.2,3734.2,3734.2,98.3,3439.4,1557.4,1715.3,1489.4,1606.2,1456.2,1600,1529.8,1598.4,1464,1557.4,50.6,56.1,48.4,52.5,47.1,51.8,49.4,51.7,47.7,56.1,50.6,100,68.4,75.6,66.1,70.8,63.9,69.9,66.8,70.1,63.7,68.4,37.2,35,38,38,38,35,67,65,66,63,73,33,35,34,37,27,75,73,No,No,No,No,No,No,No,No,No,No,Yes,Yes,Yes,Yes,Yes,No,No,Yes,63,63,56,14.981,18.512,13.78,1.036,8.195,1.872,1.474,0.511,64,15,64,64,0,0.6,0,0,0,0,0,0,50.3,55.8,48.1,52.1,46.9,51.5,49.1,51.4,47.4,13.9,12.1,15.4,13.8,14.2,2096.4,21.33,36,39,39,90,129,598,1,2,Yes,No,No,No,No,No,No,Yes,Yes,No,Yes,No,Yes,No,No,No,No,No,No,No,Yes,No,No,No,No,Yes,Yes,No,No,No,No,No,No,No,Yes,No,No,58,62,52,52,42,52,59,56,7295,6971,65,58,55,100,No,No,34685,80159,100,2.8,100,85.683,0.092,545870,199180,58,0.775,1.036,900,2096,17.1,14.3,0,8.9,17.2,0,13.2,13.8,0,53.1,2102,1855,2102,No,No,No,No,No,No,No,No,8.187,28.736,97.9,3.848,43.5,59.6,50.6,73.7,29.7,29.6,29.6,29.6,46.3,61.2,29.5,29.5,29.5,29.5,19.78,33.71,13.57,13.4,33.76,33.76,0.68,0.29,19.78,0,5.77,2048,67,65.1,20.7,0
1.7.2026,58:55.8,21675,2580,89.3,7485,429,94.5,26.4,16341,4319,0.994,0.997,0.985,1.007,0.987,0.891,0.758,3709.6,3635.9,3734.2,3734.2,3734.2,98.3,3439.4,1368.8,1463.7,1250.6,1391.1,1339.8,1392.7,1287,1484.2,1341.5,1368.8,50.5,54.6,46.7,50.3,50,51.1,46.8,55.1,49.7,55.1,50.5,100,60.5,65.1,56,59,59.8,61.7,56.7,65.8,59.9,60.5,37.8,37,38,38,38,35,66,65,73,62,64,34,35,27,38,36,69,73,No,No,No,No,No,No,No,No,No,No,Yes,Yes,Yes,Yes,Yes,No,No,Yes,59,58,55,5.84,15.373,10.733,0.995,7.539,1.838,1.437,0.509,64,15,64,64,0,1.1,0,0,0,0,0,0,50.5,54.8,46.8,51.7,49.3,50.9,46.9,54.6,49.1,18.3,16.9,19.8,19.8,16.6,2096.4,21.33,36,39,39,90,129,598,1,2,Yes,No,No,No,No,No,No,No,Yes,No,Yes,No,No,No,No,No,No,No,No,No,No,No,No,No,No,No,No,No,No,No,No,No,No,No,No,No,No,58,62,52,52,42,52,59,56,7308,6971,65,58,55,100,No,No,34685,80159,100,2.3,100,74.907,1.354,546017,199183,56,0.855,0.995,900,2096,15.7,12.9,0,9,15.8,0,13.1,16,0,52.9,2092,1865,2092,No,No,No,No,No,No,No,No,8.187,28.736,97.9,3.848,43.5,59.6,58,65.9,30.4,29.6,29.5,29.5,58,62,30,30,30,30,17.25,32.89,15.16,14.95,33.94,33.94,0.57,0.28,17.25,0,1.63,2048,67,1.1,1.4,0
1.7.2026,58:57.8,21760,2495,89.7,7425,489,93.8,26.4,16341,4311,0.831,0.84,0.827,0.83,0.825,0.761,0.758,2751.5,2751.5,2751.5,2751.5,2751.5,98.3,2555,1666.6,1669.4,1506.5,1707.4,1633.8,1758.2,1678.6,1742.8,1636.1,1666.6,59.3,59.9,53,62.7,58,61.5,59.1,62.3,57.7,62.7,59.3,100,72.3,73.1,65.8,76.3,70.1,75.8,72.8,74.7,69.9,72.3,28,28,28,28,28,26,59,58,59,58,62,41,42,41,42,38,60,62,No,No,No,No,No,No,No,No,No,No,Yes,Yes,Yes,Yes,Yes,No,No,Yes,62,62,57,12.949,16.667,11.852,1.056,7.958,1.895,1.543,0.507,64,15,64,64,0,0.2,0,0,0,0,0,0,59.4,59.9,53,61.7,58.8,61.9,59,63,58.1,10.9,12.2,11.7,9.2,10.3,2096.4,21.33,36,39,39,90,129,598,1,2,Yes,No,No,No,No,No,No,No,Yes,No,Yes,No,No,No,No,No,No,No,No,No,No,No,No,No,No,No,No,No,No,No,No,No,No,No,No,No,No,58,62,52,52,42,52,59,56,7268,6947,65,58,55,100,No,No,34685,80160,100,100,100,262.852,12.837,546511,199207,57,0.855,1.056,900,2096,16.7,14,0,8.9,16.3,0,12.7,15.5,0,52.8,2087,1869,2088,No,No,No,No,No,No,No,No,8.188,28.736,97.9,3.832,43.5,59.6,59,64.2,40.6,31.7,30.9,30.9,59,60.5,41.4,31.3,30.4,30.4,16.95,24.61,15.59,14.88,32.37,32.37,0.56,0,16.95,0,0.78,2048,67,41.6,11.4,0
1.7.2026,58:59.8,21820,2435,89.9,7466,449,94.3,26.3,16341,4304,0.937,1.02,0.84,0.9,0.987,0.891,0.758,3390.2,3734.2,2849.8,3242.8,3734.2,98.3,3439.4,1356.3,1341.3,1266.9,1275.6,1270.3,1411.2,1461.4,1466.4,1357.4,1356.3,55,56.2,50.4,53.9,52.8,56.3,57.1,59.3,54.1,59.3,55,100,58.8,59.7,54.4,55.6,55.2,60.9,62.9,63.2,58.6,58.8,34.5,38,29,33,38,35,69,72,64,68,73,31,28,36,32,27,72,73,No,No,No,No,No,No,No,No,No,No,Yes,Yes,Yes,Yes,Yes,No,No,Yes,57,56,55,1.27,13.264,8.806,0.741,6.665,1.764,1.358,0.503,64,15,64,64,0,0.5,0,0,0,0,0,0,55.2,55.8,50.9,54.2,52.7,56.8,57.2,59.6,54.2,15.1,18.5,18.6,10.6,12.9,2096.4,21.33,36,39,39,90,129,598,1,2,Yes,No,No,No,No,No,No,No,Yes,No,Yes,No,Yes,No,No,No,No,No,No,No,Yes,No,No,No,No,Yes,No,No,No,No,No,No,No,No,No,No,No,57,62,52,52,42,52,59,56,7281,6959,65,58,55,100,No,No,34685,80160,100,7.8,100,69.916,0.141,546646,199207,55,0.95,0.741,1100,2096,7.8,6,0,5.9,7.4,0,10.1,12.1,0,52.9,2092,1864,2093,No,No,No,No,No,No,No,No,8.187,28.736,97.9,3.84,43.5,59.6,24,38,18.5,18.3,18.3,18.3,24,30.1,20,20,20,20,41.65,54.28,26.12,25.72,54.59,54.59,9.72,18.35,41.2,0.45,17.22,2048,67,2.5,6.9,0
1.7.2026,59:01.8,21781,2474,89.7,7361,553,93,27,16341,4415,0.736,0.735,0.737,0.735,0.735,0.688,0.761,2063.6,2063.6,2063.6,2063.6,2063.6,98.3,1867.1,894.4,968.9,715.6,872.6,737.3,1185.6,789.8,1058.6,827.3,894.4,41.7,44.5,36,41.2,37.2,49.9,37.7,46.9,40.4,49.9,41.7,100,41.3,43.5,34.6,40.5,34.7,53.4,36.9,48.7,38.1,41.3,21,21,21,21,21,19,57,61,57,56,55,43,39,43,44,45,61,61,No,No,No,No,No,No,No,No,No,No,Yes,Yes,Yes,Yes,Yes,No,No,Yes,58,58,55,3.047,12.203,8.136,0.539,6.38,1.688,1.2,0.489,64,15,64,64,0,4,0,0,0,0,0,0,41.3,44.8,35.4,40.8,36.9,49.4,37.3,46.1,40,28.5,28.8,32.1,26.3,26.7,2096.4,21.33,36,39,39,90,129,598,1,2,Yes,No,No,No,No,No,No,Yes,Yes,No,Yes,No,Yes,No,No,No,No,No,No,No,Yes,No,No,No,No,Yes,Yes,No,No,No,No,No,No,No,Yes,No,No,58,62,52,52,42,52,59,56,7308,6959,65,58,55,100,No,No,34685,80160,100,100,100,50.975,59.634,546742,199319,57,0.757,0.539,800,2096,8.2,6.4,0,5.8,8,0,8.9,12,0,51.3,2030,1926,2031,No,No,No,No,No,No,No,No,8.188,28.743,97.9,3.857,43.5,59.6,23.4,111,9.4,8.4,8.3,8.3,23.3,50,9.7,8.7,8.6,8.6,42.82,106.91,9.04,5.81,120.74,120.74,10.79,20.35,42.44,0.38,21.73,2048,67,93.4,21,0
1.7.2026,59:03.9,21915,2340,90.3,7583,331,95.8,27.2,16341,4443,0.988,1.02,0.985,0.96,0.987,0.891,0.758,3685.1,3734.2,3734.2,3537.6,3734.2,98.3,3439.4,1531.4,1621.4,1467,1514.6,1423,1562.2,1494,1624.2,1544.8,1531.4,57.9,62.2,55.6,58.3,54.4,58.8,55.9,60.4,57.3,62.2,57.9,100,67.4,72,65.6,67.1,63.1,68.8,65.7,70.7,66.5,67.4,37.5,38,38,36,38,35,74,74,73,72,77,26,26,27,28,23,75,77,No,No,No,No,No,No,No,No,No,No,No,No,No,No,No,No,No,No,73,73,57,10.156,15.383,11.008,0.794,7.571,1.841,1.436,0.494,64,15,64,64,0,1.2,0,0,0,0,0,0,57.5,61.5,55,57.8,54.1,58.6,55.5,60.2,57.4,14.9,14.3,15.7,15.2,14.3,2096.4,21.33,36,39,39,90,129,598,1,2,Yes,No,No,No,No,No,No,No,No,No,Yes,No,No,No,No,No,No,No,No,No,No,No,No,No,No,No,No,No,No,No,No,No,No,No,No,No,No,58,61,53,52,43,53,59,56,7281,6996,65,58,55,100,No,No,34685,80160,100,100,100,171.74,18.736,547073,199355,57,0.88,0.794,1150,2096,11.1,9.1,0,6.6,11.1,0,8.7,13.2,0,53.5,2116,1841,2116,No,No,No,No,No,No,No,No,8.191,28.743,97.9,3.85,43.5,59.6,37.3,63.3,10.6,10.1,10,10,37.3,61.5,10.6,10,10,10,26.81,93.97,15.79,15.69,99.78,99.78,0.66,0.08,26.81,0,12.6,2052,67,1654.7,23.9,0
1.7.2026,59:06.1,22197,2058,91.5,7747,167,97.8,26.5,16341,4322,0.745,0.777,0.772,0.712,0.717,0.718,0.758,2112.8,2358.4,2358.4,1867.1,1867.1,98.3,2161.9,2869.1,2865.1,2822.8,2855.1,2836.4,2937.2,2850,2935.2,2850.9,2869.1,92,91.3,90.5,91.9,91,93.6,91.4,94.8,91.9,94.8,92,100,124,122.9,121.7,123.3,121.9,126.8,123.4,128.1,123.8,124,21.5,24,24,19,19,22,60,61,61,59,58,40,39,39,41,42,61,61,No,No,No,No,No,No,No,No,No,No,Yes,Yes,Yes,Yes,Yes,No,No,Yes,60,60,56,6.602,23.615,19.141,0.441,9.865,2.014,1.592,0.527,64,15,64,64,0,0,0,0,0,0,0,0,90.3,89.4,88.8,90.2,89.6,91.8,89.7,92.5,90.6,0.6,0.7,1,0.7,0,2096.4,21.33,36,39,39,90,129,598,1,2,Yes,No,No,No,No,No,No,No,Yes,No,Yes,No,Yes,No,No,No,No,No,No,No,No,No,No,No,No,Yes,No,No,No,No,No,No,No,No,No,No,No,58,63,53,52,43,53,59,56,7295,6971,65,59,55,100,No,No,34685,80161,100,17,100,291.855,4.388,547733,199365,57,0.855,0.441,900,2096,5.4,4.1,0,2.9,5.2,0,9.4,0,0,54.7,2164,1793,2140,No,No,No,No,No,No,No,No,8.187,28.743,97.9,3.807,43.5,59.6,17.4,63.6,2,1.7,1.7,1.7,17.4,60.2,2,1.7,1.7,1.7,57.53,504.95,15.71,15.62,599.93,599.93,0.7,13.83,57.53,0,73.39,2087,67,13544.8,119.8,0
1.7.2026,59:07.9,22270,1985,91.8,7728,186,97.6,25.8,16341,4209,0.772,0.775,0.772,0.772,0.77,0.721,0.758,2358.4,2358.4,2358.4,2358.4,2358.4,98.3,2161.9,2251.4,2236.5,2236.8,2252.7,2261.4,2246.2,2253.3,2256.2,2268.2,2251.4,100,100,100,100,100,100,100,100,100,100,100,100,96.1,96.1,96.1,96,96,96.1,96.1,96,96,96.1,24,24,24,24,24,22,60,61,61,58,59,40,39,39,42,41,61,61,No,No,No,No,No,No,No,No,No,No,Yes,Yes,Yes,Yes,Yes,No,No,Yes,61,61,57,8.379,13.395,9.297,0.306,6.891,1.892,1.461,0.504,64,15,64,64,0,0,0,0,0,0,0,0,97.4,97.1,97.1,97.8,97.9,97.2,97.4,97.3,97.8,0,0,0,0,0,2096.4,21.33,36,39,39,90,129,598,1,2,Yes,No,No,No,No,No,No,No,Yes,No,No,No,Yes,No,No,No,No,No,No,No,No,No,Yes,No,Yes,Yes,No,No,No,No,No,No,No,No,No,No,No,58,63,53,52,43,53,59,56,7281,7009,65,58,55,100,No,No,34685,80161,100,10.6,100,143.263,8.979,548010,199383,55,0.855,0.306,900,2096,4.7,3.4,0,2.8,4.2,0,9.7,0,0,55.2,2179,1778,2183,No,No,No,No,No,No,No,No,8.187,28.751,97.9,3.815,43.5,59.6,24.6,82.3,4,3.7,3.7,3.7,24.6,61.6,4,3.8,3.8,3.8,40.57,252.78,12.15,11.84,272.67,272.67,0.56,0.15,40.57,0,39.84,2103,68,9174.3,95.6,0
1.7.2026,59:09.8,22131,2123,91.2,7611,304,96.1,24.9,16341,4064,0.787,0.79,0.785,0.787,0.785,0.731,0.758,2456.7,2456.7,2456.7,2456.7,2456.7,98.3,2260.2,2031,2052.4,2038.2,2083.1,2028.6,2056.9,1957.2,2011.2,2020.3,2031,87.4,86.9,87,88.5,87.7,89.1,85.3,87.1,87.4,89.1,87.4,100,89,88.7,88.8,90,89.3,90.5,86.7,88.7,89,89,25,25,25,25,25,23,60,61,63,58,60,40,39,37,42,40,61,63,No,No,No,No,No,No,No,No,No,No,Yes,Yes,Yes,Yes,Yes,No,No,Yes,61,61,56,7.109,14.828,10.691,0.435,6.965,1.871,1.433,0.503,64,15,64,64,0,0,0,0,0,0,0,0,84.6,85.5,84.9,86.6,84.5,85.8,81.9,83.6,84,0.9,1.6,0.2,0,1.8,2096.4,21.33,36,39,39,90,129,598,1,2,Yes,No,No,No,No,No,No,No,Yes,No,No,No,Yes,No,No,No,No,No,No,No,No,No,Yes,No,Yes,No,No,No,No,No,No,No,No,No,No,No,No,58,62,53,52,43,53,59,56,7308,7009,65,58,55,100,No,No,34685,80162,100,59.3,100,147.412,14.698,548251,199407,56,0.765,0.435,850,2096,8.3,6.8,0,4.2,9.8,0,11.1,0,0,53.9,2128,1829,2133,No,No,No,No,No,No,No,No,8.191,28.751,97.9,3.825,43.5,59.6,38,533.3,16.5,16.3,16.3,16.3,36.9,60.8,15,15,15,15,26.34,60.61,1.9,1.69,61.47,61.47,3.97,8.19,25.56,0.78,16.35,2105,68,1152.9,47.2,0
1.7.2026,59:11.9,22232,2022,91.6,7720,194,97.5,24.1,16341,3941,0.803,0.822,0.795,0.797,0.797,0.741,0.758,2555,2555,2555,2555,2555,98.3,2161.9,1890.1,1904.8,1833.4,1822.1,1887.1,1960.5,1846.8,1996.5,1869.7,1890.1,73.8,75.2,71.8,71.4,74.2,76.5,71.8,77.4,72.4,77.4,73.8,100,82.5,83.9,80.7,79.7,82.6,85.1,80.4,86.6,81.3,82.5,26,26,26,26,26,22,60,61,63,58,58,40,39,37,42,42,62,63,No,No,No,No,No,No,No,No,No,No,Yes,Yes,Yes,Yes,Yes,No,No,Yes,59,59,55,4.57,14.229,10.336,0.215,7.024,1.817,1.34,0.491,64,15,64,64,0,0.5,0,0,0,0,0,0,73,74.2,70.9,70.9,73.2,75.9,70.9,76.5,71.8,6.1,6.2,7.5,5.3,5.2,2096.4,21.33,36,39,39,90,129,598,1,2,Yes,No,No,No,No,No,No,No,Yes,No,No,No,Yes,No,No,No,No,No,No,No,No,No,Yes,No,No,Yes,No,No,No,No,No,No,No,No,No,No,No,58,62,53,52,43,53,59,56,7295,6984,65,58,55,100,No,No,34685,80162,100,100,100,169.727,11.924,548602,199431,55,0.795,0.215,950,2096,2.3,0.9,0,2.4,2,0,10.2,0,0,52.8,2090,1867,2090,No,No,No,No,No,No,No,No,8.187,28.751,97.9,3.823,43.5,59.6,30,126.5,10,8.6,8.5,8.5,30,61.2,10.1,8.7,8.6,8.6,33.39,99.46,7.88,7.03,117.67,117.67,4.44,10.11,33.03,0.36,24.92,2105,68,80.5,18.9,0
1.7.2026,59:13.9,22283,1972,91.8,7720,194,97.5,24.5,16341,4011,0.786,0.745,0.8,0.8,0.8,0.698,0.758,2456.7,2161.9,2555,2555,2555,98.3,1965.4,1538.1,1598,1405.8,1577.7,1385.6,1698.8,1499.3,1602.1,1537.8,1538.1,58.1,59.9,52.7,61.2,53.2,63.9,56.7,60,57.1,63.9,58.1,100,67.6,69.9,62.2,70.1,61.3,74.4,65.8,70,67.2,67.6,25,22,26,26,26,20,57,58,58,56,55,43,42,42,44,45,59,58,No,No,No,No,No,No,No,No,No,No,Yes,Yes,Yes,Yes,Yes,No,No,Yes,61,61,55,12.442,13.569,9.872,0.112,7.093,1.77,1.252,0.487,64,15,64,64,0,0.8,0,0,0,0,0,0,57.2,59.3,52.1,59.6,52.2,62.7,55.9,59.3,56.5,15,16,16.5,11.2,16.4,2096.4,21.33,36,39,39,90,129,598,1,2,Yes,No,No,No,No,No,No,No,Yes,No,Yes,No,No,No,No,No,No,No,No,No,No,No,No,No,No,No,No,No,No,No,No,No,No,No,No,No,No,58,62,53,52,43,53,59,56,7308,6984,65,59,55,100,No,No,34685,80162,100,100,100,106.521,60.98,548800,199545,55,0.857,0.112,900,2096,1.4,0.3,0,2.1,0.9,0,9.8,0,0,52.8,2090,1867,2090,No,No,No,No,No,No,No,No,8.188,28.751,97.9,3.824,43.5,59.6,10,15.6,7.4,7.4,7.4,7.4,10,19.6,6.7,6.7,6.7,6.7,100.02,134.83,64.12,63.44,135.51,135.51,10.46,44.46,99.59,0.43,66.68,2105,68,15.4,14.1,0
1.7.2026,59:15.9,22362,1893,92.1,7658,256,96.7,25,16341,4089,0.854,0.917,0.895,0.712,0.892,0.823,0.758,2898.9,3242.8,3242.8,1867.1,3242.8,98.3,3046.3,1432.8,1531.4,1267.9,1395.5,1440.2,1471.9,1484.9,1398.5,1472.4,1432.8,54,57.6,48.4,53.6,54.5,54.8,54.1,53.3,55.4,57.6,54,100,63.4,67.8,56.8,61.9,63.6,65.2,65.3,61.9,64.6,63.4,29.5,33,33,19,33,31,63,62,63,62,65,37,38,37,38,35,65,65,No,No,No,No,No,No,No,No,No,No,Yes,Yes,Yes,Yes,Yes,No,No,Yes,57,56,55,5.84,14.156,10.458,0.113,7.295,1.754,1.222,0.486,64,15,64,64,0,1.4,0,0,0,0,0,0,53.7,57.1,48.1,53.4,54.2,54.6,53.9,53.2,55.1,16.8,18.4,16.9,14.6,17.3,2096.4,21.33,36,39,39,90,129,598,1,2,Yes,No,No,No,No,No,No,No,Yes,No,Yes,No,No,No,No,No,No,No,No,No,No,No,No,No,No,No,No,No,No,No,No,No,No,No,No,No,No,58,63,53,52,43,53,59,56,7295,6984,65,59,55,100,No,No,34685,80162,100,100,100,92.725,63.574,548978,199666,55,0.775,0.113,900,2096,1.4,0.6,0,1.6,1.2,0,6.9,0,0,52.8,2088,1868,2089,No,No,No,No,No,No,No,No,8.187,28.758,98,3.823,43.5,59.6,46.4,73.6,10.9,9.3,9.1,9.1,45,61.9,8.4,6.8,6.7,6.7,21.53,112.41,6.14,4.15,136.81,136.81,3.1,8.34,19.85,1.68,7.66,2105,68,48,9.5,0
1.7.2026,59:17.9,22613,1641,93.2,7899,15,99.8,24.5,16341,4000,0.773,0.777,0.772,0.772,0.77,0.718,0.758,2358.4,2358.4,2358.4,2358.4,2358.4,98.3,1768.8,2179.9,2198.8,2146.5,2174.4,2155.1,2181.2,2191.4,2200.4,2191.2,2179.9,86.2,87.5,85.4,85.6,85.5,86.3,86.7,86.9,86,87.5,86.2,100,94.9,96.4,94.3,94.6,94.1,94.9,95,95.5,94.7,94.9,24,24,24,24,24,18,60,61,62,59,60,40,39,38,41,40,61,62,No,No,No,No,No,No,No,No,No,No,Yes,Yes,Yes,Yes,Yes,No,No,Yes,61,61,56,7.871,15.196,10.859,0.549,7.49,1.878,1.472,0.499,64,15,64,64,0,0.5,0,0,0,0,0,0,84.4,85,83.1,84.1,83.4,84.4,85.1,85.2,84.7,3.3,2.9,3.7,3.2,3.6,2096.4,21.33,36,39,39,90,129,598,1,2,Yes,No,No,No,No,No,No,No,Yes,No,Yes,No,Yes,No,No,No,No,No,No,No,No,No,Yes,No,Yes,Yes,No,No,No,No,No,No,No,No,No,No,No,57,63,53,52,43,53,59,56,7281,6984,65,59,55,100,No,No,34685,80163,100,100,100,260.574,15.095,549607,199703,57,0.775,0.549,900,2096,9.7,7.4,0,5.2,8.9,4.2,11.4,1.7,0,58.8,2327,1629,2330,No,No,No,No,No,No,No,No,8.187,28.758,98,3.799,43.5,59.6,29.1,112,6.6,5.6,5.5,5.5,8.4,60.2,3,3,3,3,34.36,151.52,8.93,6.5,181.74,181.74,0.22,0,34.36,0,245.54,2111,68,2133.2,37.7,0
1.7.2026,59:19.9,22590,1665,93.1,7907,7,99.9,24.3,16341,3971,0.777,0.777,0.772,0.772,0.785,0.721,0.761,2383,2358.4,2358.4,2358.4,2456.7,98.3,2161.9,1800.6,1852.8,1789.5,1865.8,1758.4,1797.8,1727,1855.5,1758.3,1800.6,76.2,78,76.1,78.6,74.5,76.1,72.9,78,75.1,78.6,76.2,100,79.5,81.2,78.9,82,77.6,79.7,76.7,81.6,78.2,79.5,24.2,24,24,24,25,22,58,59,59,56,58,42,41,41,44,42,60,59,No,No,No,No,No,No,No,No,No,No,Yes,Yes,Yes,Yes,Yes,No,No,Yes,58,56,55,2.793,13.46,9.413,0.498,6.776,1.805,1.349,0.49,64,15,64,64,0,0.9,0,0,0,0,0,0,74,76.1,74,76.3,72.4,74,70.8,75.9,72.7,6.7,5.3,7,7.5,6.8,2096.4,21.33,36,39,39,90,129,598,1,2,Yes,No,No,No,No,No,No,No,Yes,No,Yes,No,Yes,No,No,No,No,No,No,No,No,No,Yes,No,Yes,No,No,No,No,No,No,No,No,No,No,No,No,59,62,53,52,42,53,59,56,7281,6996,65,59,55,100,No,No,34685,80163,100,100,100,219.089,37.551,549938,199760,54,0.747,0.498,750,2096,5.8,4.3,0,3.3,5.5,1.6,6.4,2.8,0,59.7,2361,1595,2362,No,No,No,No,No,No,No,No,8.188,28.758,98,3.799,43.5,59.6,23,61,12.1,12,11.9,11.9,23.1,60.9,12.2,12,12,12,43.46,82.45,16.39,16.38,83.75,83.75,0.51,0,43.46,0,34,2112,68,846.3,14.4,0
1.7.2026,59:21.9,22539,1716,92.9,7818,96,98.7,24.9,16341,4063,1,1.02,0.985,1.007,0.987,0.891,0.761,3734.2,3734.2,3734.2,3734.2,3734.2,98.3,3439.4,1390.6,1488.2,1356,1402.5,1331.2,1424.9,1337,1426,1358.9,1390.6,57.2,61.6,56.3,57.4,54.5,58.6,54.5,58.6,55.9,61.6,57.2,100,61,65.8,59.9,61.5,58.2,62.3,58.6,62.5,59.3,61,38,38,38,38,38,35,69,67,71,67,71,31,33,29,33,29,72,71,No,No,No,No,No,No,No,No,No,No,Yes,Yes,Yes,Yes,Yes,No,No,Yes,68,68,56,7.109,13.078,9.154,0.3,6.931,1.773,1.277,0.486,64,15,64,64,0,4.4,0,0,0,0,0,0,57,61.3,56,57.3,54.5,58.5,54.4,58.3,55.7,18.3,16.5,19.8,18.4,18.6,2096.4,21.33,36,39,39,90,129,598,1,2,Yes,No,No,No,No,No,No,No,Yes,No,Yes,No,Yes,No,No,No,No,No,No,No,No,No,No,No,No,Yes,No,No,No,No,No,No,No,No,No,No,No,58,62,53,52,42,53,59,56,7295,7009,65,60,55,100,No,No,34685,80164,100,100,100,148.459,71.164,550222,199896,56,0.772,0.3,900,2096,5.2,3.5,0,3.8,4.7,3.3,11,0,0,58.8,2326,1631,2326,No,No,No,No,No,No,No,No,8.187,28.758,98,3.815,43.5,59.6,17.3,62.8,1.8,1.4,1.4,1.4,17.3,60.6,1.8,1.5,1.4,1.4,57.75,557.68,15.93,15.92,708.5,708.5,0.75,3.94,57.75,0,67.92,2112,68,18.6,3,0
1.7.2026,59:23.9,22526,1729,92.8,7777,137,98.2,25.3,16341,4130,1.029,1.107,0.927,1.007,1.075,0.908,0.758,3857,4127.3,3439.4,3734.2,4127.3,98.3,3537.6,1500.5,1604.7,1404.3,1585,1459.4,1517.6,1455.5,1521.8,1455.9,1500.5,53.8,57.1,51,56,52.4,54.4,51.8,55.5,52.4,57.1,53.8,100,66.2,70.6,62.7,69.6,64.6,67,64.1,67.1,64.1,66.2,39.2,42,35,38,42,36,67,66,66,63,72,33,34,34,37,28,73,72,No,No,No,No,No,No,No,No,No,No,Yes,Yes,Yes,Yes,Yes,No,No,Yes,73,73,57,17.52,16.08,12.058,0.326,7.657,1.78,1.265,0.493,64,15,64,64,0,3.8,0,0,0,0,0,0,53.3,56.4,50.2,55.6,51.9,54,51.3,55,52.1,20,18.7,20.2,19.8,21.3,2096.4,21.33,36,39,39,90,129,598,1,2,Yes,No,No,No,No,No,No,No,Yes,No,Yes,No,Yes,No,No,No,No,No,No,No,No,No,No,No,No,Yes,No,No,No,No,No,No,No,No,No,No,No,58,62,53,52,42,53,59,56,7308,6996,65,60,55,100,No,No,34686,80164,100,100,100,83.342,55.343,550381,200002,56,0.772,0.326,900,2096,4.7,3.1,0,3.3,4.4,2.3,9.9,0,0,59.3,2345,1612,2346,No,No,No,No,No,No,No,No,8.187,28.766,98,3.815,43.5,59.6,34.3,252.4,6.3,5.2,5.1,5.1,34.3,61.1,6.3,5.1,5,5,29.14,159.29,4.01,3.99,195.12,195.12,5.15,13.86,28.74,0.4,27.96,2114,68,1237.7,15,0
1.7.2026,59:25.9,22571,1683,93,7830,84,98.9,25.8,16341,4218,0.855,0.86,0.852,0.857,0.85,0.783,0.758,2948,2948,2948,2948,2948,98.3,2161.9,1878.5,1981.8,1848.8,1928.6,1799.7,1926.6,1839,1896.8,1806.7,1878.5,66.4,70.5,64.8,68.4,64.1,68.2,64.7,67,63.6,70.5,66.4,100,81.6,86.3,80.5,83.7,78.4,83.5,79.9,82,78.4,81.6,30,30,30,30,30,22,64,64,64,62,65,36,36,36,38,35,65,65,No,No,No,No,No,No,No,No,No,No,Yes,Yes,Yes,Yes,Yes,No,No,Yes,66,66,57,10.41,16.21,12.305,0.26,8.024,1.827,1.328,0.505,64,15,64,64,0,2.4,0,0,0,0,0,0,65.9,69.8,64.2,67.8,63.6,67.8,64.2,66.8,63.1,14.2,12.7,13.4,14.5,16.3,2096.4,21.33,36,39,39,90,129,598,1,2,Yes,No,No,No,No,No,No,No,Yes,No,Yes,No,No,No,No,No,No,No,No,No,No,No,No,No,No,No,No,No,No,No,No,No,No,No,No,No,No,58,62,53,52,42,53,59,56,7295,6959,65,60,55,100,No,No,34686,80164,100,100,100,136.897,74.523,550646,200146,58,0.747,0.26,750,2096,4.2,2.8,0,3.2,3.5,2.6,9.4,0.5,0,59.2,2343,1613,2343,No,No,No,No,No,No,No,No,8.187,28.766,98,3.799,43.5,59.6,3.1,98.6,0.8,0.8,0.8,0.8,3.1,61.2,0.8,0.8,0.8,0.8,324.21,1215.61,11.45,11.32,1252.68,1252.68,35.41,272.26,321.71,2.5,619.7,2130,68,7743.1,54.2,0
1.7.2026,59:27.9,22548,1707,92.9,7791,123,98.4,25.2,16341,4110,0.831,0.84,0.827,0.83,0.825,0.761,0.758,2751.5,2751.5,2751.5,2751.5,2751.5,98.3,2555,2135.5,2162.9,2075.6,2239.7,2175.5,2115.3,2055.9,2156.6,2102.4,2135.5,84.2,86,82.6,88,85,83,80.8,85.5,82.9,88,84.2,100,92.3,93.9,90.2,96.5,94,91.4,88.8,93.3,90.4,92.3,28,28,28,28,28,26,59,61,61,56,58,41,39,39,44,42,62,61,No,No,No,No,No,No,No,No,No,No,Yes,Yes,Yes,Yes,Yes,No,No,Yes,61,61,55,6.094,15.274,11.023,0.502,7.254,1.896,1.472,0.515,64,15,64,64,0,0,0,0,0,0,0,0,83.2,84.8,81.5,86.5,83.9,82.3,80,84.5,82.4,0.5,0,0,2,0.1,2096.4,21.33,36,39,39,90,129,598,1,2,Yes,No,No,No,No,No,No,No,Yes,No,No,No,Yes,No,No,No,No,No,No,No,No,No,Yes,No,Yes,No,No,No,No,No,No,No,No,No,No,No,No,58,62,53,52,42,53,59,56,7295,6971,65,59,55,100,No,No,34686,80164,74.5,12.3,86.8,108.848,1.08,550852,200148,56,0.737,0.502,700,2096,6.9,4.8,0,4.4,6.2,2.4,9.2,4,0,58.9,2329,1627,2330,No,No,No,No,No,No,No,No,8.191,28.766,98,3.784,43.5,59.6,12.9,30.3,3.9,3.6,3.5,3.5,12.9,30.4,3.9,3.6,3.5,3.5,77.72,259.59,32.96,32.87,283.29,283.29,0.55,3.74,77.72,0,44.73,2148,68,9437.7,64.4,0
1.7.2026,59:30.0,22528,1727,92.8,7754,160,97.9,24.5,16341,4011,0.899,0.917,0.895,0.902,0.88,0.823,0.758,3242.8,3242.8,3242.8,3242.8,3242.8,98.3,3046.3,1745.3,1733.1,1704.7,1840.9,1754.3,1631.3,1549.2,2070.9,1678.1,1745.3,67,68,66.9,69.9,66.9,62.6,59.2,77.1,65.2,77.1,67,100,76.6,76.5,75.3,80.3,76.8,72.1,68.3,88.9,74.1,76.5,33,33,33,33,33,31,61,58,62,57,67,39,42,38,43,33,67,67,No,No,No,No,No,No,No,No,No,No,Yes,Yes,Yes,Yes,Yes,No,No,Yes,58,56,55,2.793,14.153,10.015,0.5,7.088,1.856,1.412,0.485,64,15,64,64,0,0,0,0,0,0,0,0,66.7,67.7,66.4,69.3,66.6,62.9,59.4,77.2,64.2,8,8.8,6.2,12.9,3.9,1048.2,10.67,20,20,20,45,129,299,1,2,Yes,No,No,No,No,No,No,No,Yes,No,No,No,Yes,No,No,No,No,No,No,No,No,No,Yes,No,No,No,No,No,No,No,No,No,No,No,No,No,No,57,62,53,52,42,53,59,56,7322,6984,65,59,55,100,No,No,34686,80165,100,100,100,136.423,13.86,551117,200175,55,0.72,0.5,600,1048,8.1,6.5,0,3.9,8,1.1,8.8,1.8,0,56.5,2237,1720,2237,No,No,No,No,No,No,No,No,8.187,28.766,98,3.791,43.5,59.6,28.4,64.6,9.6,8.7,8.6,8.6,28.4,67.6,9.6,8.7,8.6,8.6,35.23,103.75,15.48,15.35,115.66,115.66,0.57,0,35.23,0,21.62,2148,68,31.9,3.8,0
1.7.2026,59:31.9,22663,1592,93.4,7809,105,98.6,25.1,16341,4099,1,1.02,0.985,1.007,0.987,0.891,0.761,3734.2,3734.2,3734.2,3734.2,3734.2,98.3,3439.4,1249.3,1324,1205.6,1200.4,1132.9,1248.7,1367.3,1258.4,1257.3,1249.3,52.8,56.3,52.2,52.8,48.8,51.4,55.1,53.9,52.2,56.3,52.8,100,55.4,58.9,54.1,53.5,50.2,55.1,59.9,56.8,55.1,55.4,38,38,38,38,38,35,71,70,72,68,75,29,30,28,32,25,71,75,No,No,No,No,No,No,No,No,No,No,Yes,Yes,Yes,Yes,Yes,No,No,Yes,72,72,57,15.742,13.029,9.095,0.281,6.839,1.749,1.227,0.487,64,15,64,64,0,4.2,0,0,0,0,0,0,52.1,55.5,51.1,52,48.4,51.1,54.4,52.6,51.8,22.2,19.1,24,21.4,24.3,2096.4,21.33,36,39,39,90,129,598,1,2,Yes,No,No,No,No,No,No,Yes,Yes,No,Yes,No,Yes,No,No,No,No,No,No,No,Yes,No,No,No,No,Yes,Yes,No,No,No,No,No,No,No,Yes,No,No,58,62,53,52,42,53,59,56,7295,6984,65,60,55,100,No,No,34686,80165,100,100,100,59.398,63.597,551230,200295,55,0.72,0.281,600,2096,5.2,4.1,0,2.8,5.1,0.7,8.1,0,0,58.8,2328,1628,2329,No,No,No,No,No,No,No,No,8.191,28.774,98,3.801,43.5,59.6,14.5,64,3.2,3.1,3.1,3.1,14.5,60.7,3.2,3.2,3.2,3.2,68.99,313.77,15.62,15.56,318.35,318.35,0.69,5.2,68.99,0,51.28,2148,68,73.8,12.3,0
1.7.2026,59:34.0,22551,1704,92.9,7717,197,97.5,25.4,16341,4147,0.716,0.657,0.737,0.735,0.735,0.678,0.758,1867.1,1277.5,2063.6,2063.6,2063.6,98.3,1768.8,1908,1966.7,1863,1911.1,1839.5,1967.8,1811.4,2017.1,1887,1908,66.6,69.2,64.8,67.4,64,68.4,63.1,70.6,65.3,70.6,66.6,100,83.3,85.9,81.9,83.6,80.4,85.6,79,87.8,82.2,83.3,19,13,21,21,21,18,56,57,57,55,55,44,43,43,45,45,58,57,No,No,No,No,No,No,No,No,No,No,Yes,Yes,Yes,Yes,Yes,No,No,Yes,58,56,55,5.332,17.098,12.975,0.535,7.936,1.856,1.401,0.487,64,15,64,64,0,1.3,0,0,0,0,0,0,65.9,68.3,64,66.7,63.6,67.9,62.3,69.7,64.6,9.7,8,11.1,10.8,8.9,2096.4,21.33,36,39,39,90,129,598,1,2,Yes,No,No,No,No,No,No,No,Yes,No,Yes,No,Yes,No,No,No,No,No,No,No,No,No,No,No,No,Yes,No,No,No,No,No,No,No,No,No,No,No,57,62,53,52,42,53,59,56,7308,6996,65,60,55,100,No,No,34686,80165,100,100,100,118.737,58.581,551457,200407,55,0.737,0.535,700,2096,7.6,6.3,0,3.5,7.6,3.1,7,0,0,49.7,1964,1992,1964,No,No,No,No,No,No,No,No,8.187,28.774,98,3.774,43.5,59.6,15.4,61.4,3.6,3.5,3.5,3.5,14.6,61.1,3.6,3.5,3.5,3.5,64.77,277.37,16.28,16.24,282.98,282.98,0.67,5.95,64.77,0,59.16,2148,68,107.4,9,0
1.7.2026,59:36.0,22443,1812,92.5,7655,259,96.7,25.1,16341,4097,0.671,0.67,0.672,0.672,0.67,0.653,0.758,1351.2,1375.8,1375.8,1375.8,1277.5,98.3,1179.2,1595.2,1771,1495.6,1687,1561.2,1582.7,1533.5,1680.1,1450.3,1595.2,58.6,66.1,54.6,62.8,57,57.8,55,62.3,53,66.1,58.6,100,70.3,78,66.4,74.2,68.7,70.2,67.6,74,63.7,70.3,13.8,14,14,14,13,12,54,56,55,53,52,46,44,45,47,48,56,56,No,No,No,No,No,No,No,No,No,No,Yes,Yes,Yes,Yes,Yes,No,No,Yes,58,55,55,1.777,14.738,10.707,0.367,7.325,1.843,1.385,0.491,64,15,64,64,0,1.9,0,0,0,0,0,0,58.7,65.9,54.6,62.9,57.2,58,55.2,62.4,53.1,10.4,9.4,10.1,11.4,10.8,2096.4,21.33,36,39,39,90,129,598,1,2,Yes,No,No,No,No,No,No,No,Yes,No,Yes,No,No,No,No,No,No,No,No,No,No,No,No,No,No,No,No,No,No,No,No,No,No,No,No,No,No,58,62,53,52,43,53,59,56,7308,6984,65,60,55,100,No,No,34686,80165,100,100,100,139.996,40.653,551726,200485,55,0.775,0.367,900,2096,5.6,4.3,0,3.3,5.5,3.2,7.5,0.1,0,49.8,1969,1987,1970,No,No,No,No,No,No,No,No,8.188,28.774,98,3.783,43.5,59.6,26.3,88.5,2.8,2.7,2.7,2.7,26.3,64.7,2.8,2.7,2.7,2.7,38.04,351.29,11.29,9.56,367.01,367.01,0.32,4.37,38.04,0,24.25,2150,68,878.6,21,0
1.7.2026,59:38.0,22399,1856,92.3,7566,348,95.5,25.6,16341,4178,1.042,1.02,1.045,1.052,1.052,0.891,0.761,3930.7,3734.2,4029,3930.7,4029,98.3,3439.4,845.8,903.4,795.5,921.8,904.6,854.4,781.1,846.9,759.1,845.8,40.7,43.9,38.2,42.7,43.7,42.3,37,41,36.6,43.9,40.7,100,37.6,40.1,35.6,41,40,38,34.7,37.7,33.6,37.6,40,38,41,40,41,35,60,58,63,56,64,40,42,37,44,36,64,64,No,No,No,No,No,No,No,No,No,No,Yes,Yes,Yes,Yes,Yes,No,No,Yes,64,64,55,13.457,9.954,6.366,0.13,5.934,1.647,1.094,0.484,64,15,64,64,0,4.5,0,0,0,0,0,0,40.8,43.9,38.3,42.9,43.6,42.5,37,41.2,36.6,28.7,26.6,25.6,30.4,31.9,2096.4,21.33,36,39,39,90,129,598,1,2,Yes,No,No,No,No,No,No,No,Yes,No,Yes,No,No,No,No,No,No,No,No,No,No,No,No,No,No,No,No,No,No,No,No,No,No,No,No,No,No,58,62,53,52,43,53,59,56,7295,7009,65,60,55,100,No,No,34686,80165,100,100,100,53.872,63.709,551828,200606,56,0.775,0.13,900,2096,1.9,1,0,2.4,1.5,2.8,7.9,0,0,50,1977,1979,1978,No,No,No,No,No,No,No,No,8.188,28.774,98,3.783,43.5,59.6,26.3,88.5,2.8,2.7,2.7,2.7,26.3,64.7,2.8,2.7,2.7,2.7,38.04,351.29,11.29,9.56,367.01,367.01,0.32,4.37,38.04,0,24.25,2150,68,1.2,1.1,0
1.7.2026,59:40.0,22383,1872,92.2,7477,437,94.4,26.2,16341,4285,0.67,0.66,0.675,0.672,0.672,0.651,0.761,1326.6,1277.5,1375.8,1375.8,1277.5,98.3,1080.9,981.3,1066,874.4,1018.7,947.1,981.6,993.7,1024.1,944.6,981.3,43.5,48.3,37.4,44.3,41.5,43.7,44.3,46.6,41.7,48.3,43.5,100,43.8,47.7,39.1,45.6,42.1,44,44.1,45.7,42.2,43.8,13.5,13,14,14,13,11,53,55,53,52,51,47,45,47,48,49,55,55,No,No,No,No,No,No,No,No,No,No,No,No,No,No,No,No,No,No,72,72,55,14.727,10.966,7.354,0.093,6.221,1.661,1.099,0.503,64,15,64,64,0,5.6,0,0,0,0,0,0,43.9,48.5,38,44.8,42,44.2,44.6,47.1,41.9,25.3,23.2,27.1,24.1,26.6,2096.4,21.33,36,39,39,90,129,598,1,2,Yes,No,No,No,No,No,No,No,No,No,Yes,No,No,No,No,No,No,No,No,No,No,No,No,No,No,No,No,No,No,No,No,No,No,No,No,No,No,58,62,53,52,43,53,59,56,7281,6996,65,60,55,100,No,No,34686,80165,100,100,100,60.375,75.198,551945,200751,55,0.857,0.093,900,2096,0.7,0.1,0,2,0.2,2.4,7.4,0,0,49.6,1963,1993,1964,No,No,No,No,No,No,No,No,8.188,28.781,98,3.783,43.5,59.6,26.3,88.5,2.8,2.7,2.7,2.7,26.3,64.7,2.8,2.7,2.7,2.7,38.04,351.29,11.29,9.56,367.01,367.01,0.32,4.37,38.04,0,24.25,2156,68,3041.3,24.4,0
1.7.2026,59:42.0,22277,1978,91.8,7738,176,97.7,26.1,16341,4258,0.995,0.997,0.987,1.007,0.987,0.891,0.758,3709.6,3635.9,3734.2,3734.2,3734.2,98.3,3439.4,1564.2,1597.7,1249,1943.7,1637,1597.5,1456.4,1581,1451.3,1564.2,48.1,49,38.3,58.3,49.9,48.6,44.7,50.2,45.3,58.3,48.1,100,68.5,71.2,55.3,84.8,71.3,70.4,63.5,68.8,63,68.5,37.8,37,38,38,38,35,70,67,71,68,75,30,33,29,32,25,72,75,No,No,No,No,No,No,No,No,No,No,No,No,No,No,No,No,No,No,70,70,56,6.856,18.201,14.428,0.109,8.237,1.788,1.253,0.495,64,15,64,64,0,0.8,0,0,0,0,0,0,48.1,48.9,38.5,58.1,50,48.8,45.2,50.2,45.4,17,20.9,10.3,18.1,18.7,2096.4,21.33,36,39,39,90,129,598,1,2,Yes,No,No,No,No,No,No,No,No,No,Yes,No,No,No,No,No,No,No,No,No,No,No,No,No,No,No,No,No,No,No,No,No,No,No,No,No,No,58,62,53,52,43,53,59,56,7295,6984,65,59,55,100,No,No,34686,80166,100,100,100,137.097,6.416,552211,200764,56,0.835,0.109,1050,2096,0.9,0,0,2.3,0.1,3.5,7.8,0,0,51.2,2024,1933,2025,No,No,No,No,No,No,No,No,8.191,28.781,98,3.784,43.5,59.6,26.3,88.5,2.8,2.7,2.7,2.7,26.3,64.7,2.8,2.7,2.7,2.7,38.04,351.29,11.29,9.56,367.01,367.01,0.32,4.37,38.04,0,24.25,2160,68,1877.9,28.5,0
1.7.2026,59:44.0,22159,2096,91.3,7334,580,92.6,26.4,16341,4309,0.663,0.65,0.665,0.665,0.672,0.646,0.761,1252.9,1179.2,1277.5,1277.5,1277.5,98.3,982.7,873.3,836.2,732.2,820.1,908.9,1138.8,742.4,1039.2,769,873.3,39.9,39.4,33.9,39.3,40.3,48.1,36.1,46.5,35.3,48.1,39.9,100,38.8,36.8,32.5,36.7,39.9,49.6,34.1,46.5,34.6,38.8,12.8,12,13,13,13,10,52,54,53,50,50,48,46,47,50,50,55,54,No,No,No,No,No,No,No,No,No,No,No,No,No,No,No,No,No,No,58,55,53,2.793,10.762,7.231,0.096,6.036,1.625,1.041,0.481,64,15,64,64,0,6.1,0,0,0,0,0,0,39.7,39.4,33.7,39.1,40.1,47.9,35.6,46.3,35.2,31.6,34.5,31.2,29.9,30.9,1048.2,10.67,20,20,20,45,129,299,1,2,Yes,No,No,No,No,No,No,No,No,No,Yes,No,No,No,No,No,No,No,No,No,No,No,No,No,No,No,No,No,No,No,No,No,No,No,No,No,No,58,62,53,52,43,53,59,56,7308,6996,65,60,55,100,No,No,34686,80166,100,100,100,39.723,48.113,552285,200854,54,0.857,0.096,900,1048,0.7,0.1,0,1.8,0.1,1.4,7.3,0,0,46.4,1834,2122,1835,No,No,No,No,No,No,No,No,8.189,28.781,98,3.792,43.5,59.6,26.3,88.5,2.8,2.7,2.7,2.7,26.3,64.7,2.8,2.7,2.7,2.7,38.04,351.29,11.29,9.56,367.01,367.01,0.32,4.37,38.04,0,24.25,2160,68,0.3,0.8,0
1.7.2026,59:46.0,22141,2114,91.2,7284,631,92,27.1,16341,4432,0.66,0.652,0.657,0.665,0.665,0.648,0.761,1203.8,1179.2,1179.2,1277.5,1179.2,98.3,982.7,488.5,548.9,422.3,495.4,499.2,519.2,442.5,551.4,428.8,488.5,32.9,37.7,29.1,32.9,33.2,35.5,29.5,36.3,29.5,37.7,32.9,100,22.4,25.1,19.6,22.9,22.7,23.8,20.4,25.3,19.7,22.5,12.2,12,12,13,12,10,51,52,52,50,51,49,48,48,50,49,53,52,No,No,No,No,No,No,No,No,No,No,No,No,No,No,No,No,No,No,56,54,53,4.063,6.601,3.19,0.096,4.916,1.532,0.944,0.481,64,15,64,64,0,9.5,0,0,0,0,0,0,33.2,37.9,29.4,33.3,33.5,35.6,29.7,36.6,29.8,36.4,35.9,36.6,37.5,35.8,2096.4,21.33,36,39,39,90,129,598,1,2,Yes,No,No,No,No,No,No,No,No,No,Yes,No,No,No,No,No,No,No,No,No,No,No,No,No,No,No,No,No,No,No,No,No,No,No,No,No,No,56,62,53,52,43,53,59,56,7295,6984,65,60,55,100,No,No,34687,80166,100,100,100,50.394,65.063,552381,200978,53,0.777,0.096,900,2096,0.8,0,0,1.9,0.1,1.9,7.7,0,0,46.4,1835,2122,1835,No,No,No,No,No,No,No,No,8.188,28.789,98.1,3.783,43.5,59.6,26.3,88.5,2.8,2.7,2.7,2.7,26.3,64.7,2.8,2.7,2.7,2.7,38.04,351.29,11.29,9.56,367.01,367.01,0.32,4.37,38.04,0,24.25,2160,68,5.7,3.4,0
1.7.2026,59:48.0,22254,2000,91.7,7580,334,95.7,27.1,16341,4432,1.001,1.02,0.987,1.007,0.987,0.891,0.761,3734.2,3734.2,3734.2,3734.2,3734.2,98.3,3439.4,1600.3,1788.9,1358,1559.8,1477.4,1655,1607.1,1792.9,1563.6,1600.3,54.7,60.6,44.8,55.3,52.5,55,54,61.2,54.5,61.2,54.7,100,70.8,79.3,60.5,69.2,65.5,73.3,70.9,78.9,68.7,70.8,38,38,38,38,38,35,66,68,64,65,67,34,32,36,35,33,68,68,No,No,No,No,No,No,No,No,No,No,No,No,No,No,No,No,No,No,71,71,55,12.442,17.709,13.918,0.078,8.124,1.787,1.282,0.515,64,15,64,64,0,0.8,0,0,0,0,0,0,54.5,60,44.6,55.1,52.3,54.6,53.8,61,54.2,10.6,13.3,9.9,11.1,8.1,2096.4,21.33,36,39,39,90,129,598,1,2,Yes,No,No,No,No,No,No,No,No,No,Yes,No,No,No,No,No,No,No,No,No,No,No,No,No,No,No,No,No,No,No,No,No,No,No,No,No,No,57,61,53,52,43,53,59,56,7295,6984,65,60,55,100,No,No,34687,80166,100,100,100,391.973,3.743,553129,200985,56,0.772,0.078,900,2096,0.6,0,0,1.6,0.1,0.2,7.7,0,0,45,1779,2178,1779,No,No,No,No,No,No,No,No,8.189,28.789,98.1,3.783,43.5,59.6,26.3,88.5,2.8,2.7,2.7,2.7,26.3,64.7,2.8,2.7,2.7,2.7,38.04,351.29,11.29,9.56,367.01,367.01,0.32,4.37,38.04,0,24.25,2172,68,6159.6,67.5,0
1.7.2026,59:50.0,22102,2153,91.1,7644,270,96.5,27,16341,4419,0.844,0.917,0.895,0.902,0.66,0.823,0.758,2726.9,3242.8,3242.8,3242.8,1179.2,98.3,3046.3,1562.7,1636.5,1342.6,1550.7,1560.6,1675.7,1718.2,1483.5,1533.9,1562.7,47.6,50.7,39.9,48.1,48.3,49.2,49.9,47,47.2,50.7,47.6,100,69.5,72.9,60.2,69.9,69.1,74,75.9,66.6,67.9,69.6,27.8,33,33,33,12,31,58,61,59,57,55,42,39,41,43,45,61,61,No,No,No,No,No,No,No,No,No,No,No,No,No,No,No,No,No,No,74,74,56,11.68,19.191,15.429,0.078,8.444,1.802,1.275,0.484,64,15,64,64,0,0,0,0,0,0,0,0,47.4,50.6,39.9,47.7,48.1,49,49.8,46.9,46.8,5.3,4.4,4.3,4.5,8,2096.4,21.33,36,39,39,90,129,598,1,2,Yes,No,No,No,No,No,No,No,No,No,Yes,No,No,No,No,No,No,No,No,No,No,No,No,No,No,No,No,No,No,No,No,No,No,No,No,No,No,58,62,53,53,43,53,59,56,7295,6984,65,59,55,100,No,No,34687,80166,100,67.5,100,228.505,0.269,553570,200986,55,0.775,0.078,900,2096,0.7,0.1,0,1.8,0.1,0,8.6,0,0,45.7,1809,2148,1809,No,No,No,No,No,No,No,No,8.188,28.789,98.1,3.758,43.5,59.6,26.3,88.5,2.8,2.7,2.7,2.7,26.3,64.7,2.8,2.7,2.7,2.7,38.04,351.29,11.29,9.56,367.01,367.01,0.32,4.37,38.04,0,24.25,2172,68,166.5,10,0
1.7.2026,59:52.1,21833,2421,90,7487,427,94.5,26.6,16341,4345,0.664,0.66,0.665,0.662,0.67,0.651,0.758,1277.5,1277.5,1277.5,1277.5,1277.5,98.3,1080.9,1290.8,1476.4,1131.1,1265,1203.8,1405.9,1213.4,1455.3,1176.1,1290.8,41.8,48.7,36,41.8,39,45.1,39.2,46.7,38.4,48.7,41.8,100,56.8,64.8,49.9,55.7,52.9,61.8,53.4,63.9,51.7,56.8,13,13,13,13,13,11,53,55,54,52,52,47,45,46,48,48,55,55,No,No,No,No,No,No,No,No,No,No,No,No,No,No,No,No,No,No,58,55,54,2.285,16.647,12.945,0.077,7.44,1.746,1.182,0.519,64,15,64,64,0,1.5,0,0,0,0,0,0,42.3,49,36.5,42.2,39.5,45.3,39.6,47,38.9,12.2,9.8,16.5,9.8,12.9,2096.4,21.33,36,39,39,90,129,598,1,2,Yes,No,No,No,No,No,No,No,No,No,Yes,No,No,No,No,No,No,No,No,No,No,No,No,No,No,No,No,No,No,No,No,No,No,No,No,No,No,58,62,53,53,43,53,59,56,7308,7009,65,59,55,100,No,No,34687,80166,100,12.1,100,104.383,0.18,553771,200986,55,0.775,0.077,900,2096,0.7,0.1,0,1.7,0.1,0,8.6,0,0,45.5,1799,2157,1800,No,No,No,No,No,No,No,No,8.188,28.789,98.1,3.758,43.5,59.6,26.3,88.5,2.8,2.7,2.7,2.7,26.3,64.7,2.8,2.7,2.7,2.7,38.04,351.29,11.29,9.56,367.01,367.01,0.32,4.37,38.04,0,24.25,2194,69,10878,71.9,0
1.7.2026,59:54.1,21876,2378,90.1,7369,545,93.1,27.1,16341,4427,0.664,0.65,0.667,0.665,0.672,0.646,0.761,1252.9,1179.2,1277.5,1277.5,1277.5,98.3,982.7,831.2,958.4,642.8,786.4,750.4,878.9,826.3,920.8,885.4,831.2,45.1,51.6,36.5,44.4,40.8,47.2,45.4,48.6,46.2,51.6,45.1,100,36.5,42.2,28.6,34.8,33.2,38.7,36.2,40.2,38.4,36.5,12.8,12,13,13,13,10,52,54,53,52,50,48,46,47,48,50,56,54,No,No,No,No,No,No,No,No,No,No,No,No,No,No,No,No,No,No,61,61,55,6.856,9.138,5.564,0.083,5.278,1.62,1.063,0.522,64,15,64,64,0,5.3,0,0,0,0,0,0,45.1,51.6,36.6,44.5,40.8,47.3,45.4,48.7,46.2,29.5,28.5,32.8,28.4,28.4,2096.4,21.33,36,39,39,90,129,598,1,2,Yes,No,No,No,No,No,No,No,No,No,Yes,No,No,No,No,No,No,No,No,No,No,No,No,No,No,No,No,No,No,No,No,No,No,No,No,No,No,57,62,53,53,43,53,59,56,7322,6984,65,59,55,100,No,No,34687,80166,100,100,100,20.203,52.978,553810,201088,54,0.777,0.083,900,2096,0.8,0,0,1.8,0.2,0,8.7,0,0,45.5,1798,2158,1799,No,No,No,No,No,No,No,No,8.188,28.789,98.1,3.775,43.5,59.6,26.3,88.5,2.8,2.7,2.7,2.7,26.3,64.7,2.8,2.7,2.7,2.7,38.04,351.29,11.29,9.56,367.01,367.01,0.32,4.37,38.04,0,24.25,2216,69,11542.2,78.1,0
1.7.2026,59:56.1,21959,2296,90.5,7405,509,93.5,27.1,16341,4436,0.867,0.865,0.882,0.905,0.815,0.891,0.761,2997.2,2948,3144.6,3242.8,2653.2,98.3,3439.4,781.9,821.3,705.5,701.2,822.2,826.8,881.6,772.3,724,781.9,45.4,48.3,42,42.2,45.9,46.9,48.6,46.1,42.9,48.6,45.4,100,34.4,36.4,31.1,31.2,36,36.4,38.5,34.1,31.7,34.4,30.5,30,32,33,27,35,52,54,54,52,50,48,46,46,48,50,54,54,No,No,No,No,No,No,No,No,No,No,No,No,No,No,No,No,No,No,56,54,54,2.285,8.631,5.147,0.078,5.123,1.601,1.077,0.482,64,15,64,64,0,1.9,0,0,0,0,0,0,45.4,48.2,42.2,42.4,46,47,48.5,46.1,43,28,26.6,30.1,25,30.4,2096.4,21.33,36,39,39,90,129,598,1,2,Yes,No,No,No,No,No,No,No,No,No,Yes,No,No,No,No,No,No,No,No,No,No,No,No,No,No,No,No,No,No,No,No,No,No,No,No,No,No,57,61,53,53,43,53,59,56,7295,6984,65,59,55,100,No,No,34687,80166,100,100,100,31.2,25.924,553869,201137,53,0.775,0.078,900,2096,0.8,0.1,0,1.8,0.2,0,8.6,0,0,45.8,1812,2145,1812,No,No,No,No,No,No,No,No,8.188,28.796,98.1,3.766,43.5,59.6,26.3,88.5,2.8,2.7,2.7,2.7,26.3,64.7,2.8,2.7,2.7,2.7,38.04,351.29,11.29,9.56,367.01,367.01,0.32,4.37,38.04,0,24.25,2217,69,88.2,6.9,0
1.7.2026,59:58.1,21993,2262,90.6,7737,177,97.7,27,16341,4416,0.959,1.02,0.907,0.985,0.925,0.891,0.758,3537.6,3734.2,3341.1,3635.9,3439.4,98.3,3439.4,1629.3,1677.6,1627,1697,1668.2,1621.1,1552.5,1748.5,1442.1,1629.3,61.4,62.4,58.7,63.3,62.9,62.1,58,67.1,56.5,67.1,61.4,100,72.1,74.5,72,75.2,73.5,72.4,69,76.5,63.9,72.1,36,38,34,37,35,35,72,72,72,68,75,28,28,28,32,25,76,75,No,No,No,No,No,No,No,No,No,No,No,No,No,No,No,No,No,No,72,72,56,15.235,16.751,13.107,0.078,7.469,1.73,1.203,0.492,64,15,64,64,0,0.6,0,0,0,0,0,0,60.9,62,58,62.7,62.4,61.7,57.7,66.6,56.3,11.8,12.3,10.1,12.1,12.8,2096.4,21.33,36,39,39,90,129,598,1,2,Yes,No,No,No,No,No,No,No,No,No,Yes,No,No,No,No,No,No,No,No,No,No,No,No,No,No,No,No,No,No,No,No,No,No,No,No,No,No,56,61,53,53,43,53,59,56,7295,6996,65,59,55,100,No,No,34687,80167,100,0,100,356.012,0.27,554543,201138,54,0.775,0.078,900,2096,0.7,0,0,1.7,0.1,0,8.6,0,0,45.4,1798,2158,1799,No,No,No,No,No,No,No,No,8.192,28.796,98.1,3.777,43.5,59.6,26.3,88.5,2.8,2.7,2.7,2.7,26.3,64.7,2.8,2.7,2.7,2.7,38.04,351.29,11.29,9.56,367.01,367.01,0.32,4.37,38.04,0,24.25,2220,69,1633.2,22.2,0
1.7.2026,00:00.1,21821,2434,89.9,7394,520,93.4,27.1,16341,4421,0.746,0.857,0.787,0.662,0.677,0.773,0.761,1989.9,2849.8,2456.7,1277.5,1375.8,98.3,2653.2,1412.6,1408.8,1418.2,1349.6,1442.6,1525.3,1394.2,1351.4,1410.6,1412.6,56.9,55.3,53.8,53.9,56.4,61.3,56.2,56.9,61.2,61.3,56.9,100,61.7,61.8,62.1,59.2,62.9,66.3,60.6,59.4,61.4,61.7,20.2,29,25,13,14,27,55,56,55,55,53,45,44,45,45,47,56,56,No,No,No,No,No,No,No,No,No,No,No,No,No,No,No,No,No,No,57,57,54,8.633,14.023,10.314,0.08,6.922,1.753,1.24,0.499,64,15,64,64,0,0,0,0,0,0,0,0,56.8,55.3,53.8,54,56.2,61.3,56.2,56.8,61.1,17.4,19.8,18.5,15.5,15.9,1048.2,10.67,20,20,20,45,129,299,1,2,Yes,No,No,No,No,No,No,No,No,No,Yes,No,No,No,No,No,No,No,No,No,No,No,No,No,No,No,No,No,No,No,No,No,No,No,No,No,No,56,62,53,53,43,53,59,56,7295,7009,65,59,55,100,No,No,34687,80167,100,100,100,45.452,68.733,554631,201271,54,0.857,0.08,900,1048,0.7,0.1,0,1.6,0.2,0,7.9,0,0,45.5,1802,2154,1803,No,No,No,No,No,No,No,No,8.188,28.796,98.1,3.709,43.5,59.6,26.3,88.5,2.8,2.7,2.7,2.7,26.3,64.7,2.8,2.7,2.7,2.7,38.04,351.29,11.29,9.56,367.01,367.01,0.32,4.37,38.04,0,24.25,2225,69,2778.6,22.7,0
1.7.2026,00:02.1,21792,2463,89.8,7341,574,92.7,26.4,16341,4319,0.916,0.7,0.987,1.007,0.967,0.666,0.761,3193.7,1670.6,3734.2,3734.2,3635.9,98.3,1474,845.7,926.3,821.6,833.8,869.2,957,771.5,826.7,759.4,845.7,32.3,35.8,30.4,32.8,32.2,36.1,28.6,33,29.8,36.1,32.3,100,37.4,42.1,36.2,36.8,38.1,42.3,34,36.6,33.4,37.4,32.5,17,38,38,37,15,62,56,64,62,64,38,44,36,38,36,56,64,No,No,No,No,No,No,No,No,No,No,No,No,No,No,No,No,No,No,57,54,54,4.316,11.617,8.13,0.074,5.987,1.603,1.027,0.491,64,15,64,64,0,3,0,0,0,0,0,0,33.3,36.8,31.4,34,33.3,37.1,29.7,33.8,30.4,25.5,22.3,25.4,27.1,27.1,2096.4,21.33,36,39,39,90,129,598,1,2,Yes,No,No,No,No,No,No,No,No,No,Yes,No,No,No,No,No,No,No,No,No,No,No,No,No,No,No,No,No,No,No,No,No,No,No,No,No,No,57,61,53,53,43,53,59,56,7308,6984,65,59,55,100,No,No,34687,80167,100,65.2,100,84.214,0.709,554794,201272,54,0.775,0.074,900,2096,0.7,0.1,0,1.8,0.1,0,8.9,0,0,45.5,1802,2155,1802,No,No,No,No,No,No,No,No,8.188,28.804,98.1,3.758,43.5,59.6,0.8,1.5,0.5,0.5,0.5,0.5,0.8,1.5,0.5,0.5,0.5,0.5,1317.34,1983.14,651.54,639.31,1996.73,1996.73,0.53,67.18,1317.34,0,699.7,2228,69,1598.4,18.5,0
1.7.2026,00:04.1,21772,2482,89.7,7435,479,93.9,26.2,16341,4284,1.001,1.02,0.987,1.007,0.99,0.891,0.761,3734.2,3734.2,3734.2,3734.2,3734.2,98.3,3439.4,783.1,817.9,717.2,765.7,643.3,744.4,783.2,708.5,1085,783.1,32.1,34.3,29.6,31.6,28.1,31.6,32.6,29.4,39.5,39.5,32.1,100,34.8,35.5,32.1,34.2,29,33.4,34.9,31.7,47.4,34.8,38,38,38,38,38,35,62,61,62,61,63,38,39,38,39,37,62,63,No,No,No,No,No,No,No,No,No,No,No,No,No,No,No,No,No,No,66,66,54,11.426,10.502,7.049,0.083,5.862,1.596,1.026,0.484,64,15,64,64,0,4.6,0,0,0,0,0,0,31.5,33.7,28.7,31.1,27.3,31.1,31.8,29.3,39.2,30,29.1,36.2,28.6,26.1,2096.4,21.33,36,39,39,90,129,598,1,2,Yes,No,No,No,No,No,No,No,No,No,Yes,No,No,No,No,No,No,No,No,No,No,No,No,No,No,No,No,No,No,No,No,No,No,No,No,No,No,56,61,53,53,43,53,59,56,7295,6984,65,58,55,100,No,No,34687,80167,31.2,0.9,32.1,66.238,0.676,554919,201273,54,0.775,0.083,900,2096,0.7,0,0,1.6,0.2,0,7.7,0,0,45.5,1801,2155,1802,No,No,No,No,No,No,No,No,8.192,28.804,98.1,3.752,43.5,59.6,0.8,1.5,0.5,0.5,0.5,0.5,0.8,1.5,0.5,0.5,0.5,0.5,1317.34,1983.14,651.54,639.31,1996.73,1996.73,0.53,67.18,1317.34,0,699.7,2229,69,413.7,6.7,0
1.7.2026,00:06.1,21973,2282,90.5,7610,305,96.1,26.1,16341,4259,0.664,0.66,0.665,0.662,0.67,0.648,0.758,1277.5,1277.5,1277.5,1277.5,1277.5,98.3,1080.9,1617.4,1778.4,1627.6,1626.3,1455.5,1619,1588.2,1764.5,1479.5,1617.4,57.2,60.3,54.7,59.3,52.1,58.1,57.1,62,54.1,62,57.2,100,71.2,78.1,72,71.6,64.2,71.5,69.6,77.5,65,71.2,13,13,13,13,13,11,54,56,54,54,52,46,44,46,46,48,56,56,No,No,No,No,No,No,No,No,No,No,No,No,No,No,No,No,No,No,59,59,55,7.871,17.606,13.7,0.289,7.848,1.772,1.273,0.49,64,15,64,64,0,0,0,0,0,0,0,0,57.1,60.1,54.6,59.3,52.2,57.8,56.8,61.8,54.1,13.1,12.8,14.4,12.6,12.6,2096.4,21.33,36,39,39,90,129,598,1,2,Yes,No,No,No,No,No,No,No,No,No,Yes,No,Yes,No,No,No,No,No,No,No,No,No,No,No,No,Yes,No,No,No,No,No,No,No,No,No,No,No,58,62,53,52,43,53,59,56,7308,7009,65,58,55,100,No,No,34687,80168,55.6,10.7,66.3,96.03,0.465,555105,201274,54,0.775,0.289,900,2096,4,2.7,0,2.8,3.8,0,9,1.2,0,46.4,1834,2123,1835,No,No,No,No,No,No,No,No,8.19,28.804,98.1,3.743,43.5,59.6,10.9,51.4,4.4,4.3,4.3,4.3,5.5,18.7,3.8,3.8,3.8,3.8,91.77,228.07,19.44,17.48,233.83,233.83,0.14,15.34,91.77,0,133.84,2231,69,906.4,17.5,0
1.7.2026,00:08.1,21972,2283,90.5,7484,430,94.5,26.4,16341,4311,0.657,0.652,0.657,0.655,0.662,0.646,0.761,1179.2,1179.2,1179.2,1179.2,1179.2,98.3,982.7,1108.8,1291.8,1037.1,1240.8,903.1,1148.2,1002.7,1312.1,934.6,1108.8,42.1,50.2,40.6,46.4,34.9,43.9,38.2,47.2,35.6,50.2,42.1,100,48.9,57.1,46.4,54.5,39.9,50.7,44.3,57.4,41.4,48.9,12,12,12,12,12,10,52,54,53,50,51,48,46,47,50,49,55,54,No,No,No,No,No,No,No,No,No,No,No,No,No,No,No,No,No,No,57,54,54,3.047,13.706,9.769,0.382,6.969,1.728,1.206,0.503,64,15,64,64,0,2.7,0,0,0,0,0,0,42.1,50.1,40.6,46.3,35,44.1,38,47.2,35.6,22.1,17.6,24.1,22.7,23.9,2096.4,21.33,36,39,39,90,129,598,1,2,Yes,No,No,No,No,No,No,No,No,No,Yes,No,Yes,No,No,No,No,No,No,No,No,No,No,No,No,Yes,No,No,No,No,No,No,No,No,No,No,No,58,61,53,52,43,53,59,56,7308,7021,65,59,55,100,No,No,34687,80168,100,100,100,40.219,48.204,555183,201367,54,0.817,0.382,1000,2096,6.5,5,0,3.6,6.7,0,8.7,2.3,0,45.9,1817,2140,1817,No,No,No,No,No,No,No,No,8.189,28.804,98.1,3.742,43.5,59.6,33.4,152.8,5.7,4.7,4.6,4.6,33.4,65.2,5.8,4.7,4.6,4.6,29.96,173.97,6.55,4.79,217.87,217.87,0.53,5.13,29.96,0,18.95,2237,69,3092.2,30,0
1.7.2026,00:10.2,21993,2262,90.6,7561,353,95.5,26.8,16341,4384,1,1.02,1.025,1.03,0.925,0.891,0.758,3734.2,3734.2,3930.7,3832.5,3439.4,98.3,3439.4,1324.9,1420.9,1245.9,1394.6,1265.9,1367.8,1292,1379.6,1232.4,1324.9,47.5,50.7,44.9,50.5,45.8,49.1,46,49.4,43.9,50.7,47.5,100,59.1,63.4,55.8,62.1,56.7,61,57.5,61.4,54.8,59.1,38,38,40,39,35,35,66,67,65,64,67,34,33,35,36,33,67,67,No,No,No,No,No,No,No,No,No,No,No,No,No,No,No,No,No,No,71,71,57,15.996,15.593,11.683,0.473,7.549,1.753,1.273,0.484,64,15,64,64,0,1.7,0,0,0,0,0,0,47.8,50.8,45.1,50.6,46,49.4,46.2,49.8,44.2,14.3,13.5,15.6,13.9,14.2,2096.4,21.33,36,39,39,90,129,598,1,2,Yes,No,No,No,No,No,No,Yes,No,No,Yes,No,Yes,No,No,No,No,No,No,No,Yes,No,No,No,No,No,Yes,No,No,No,No,No,No,No,Yes,No,No,58,61,53,52,43,53,59,56,7308,7009,65,59,55,100,No,No,34687,80168,100,100,100,144.756,42.747,555456,201448,56,0.755,0.473,800,2096,8.7,7.7,0,3.1,9.2,0,6.4,0,0,46.5,1838,2119,1838,No,No,No,No,No,No,No,No,8.188,28.804,98.1,3.75,43.5,59.6,32.1,64.4,12.8,12.2,12.1,12.1,11.8,50.1,4.2,4,4,4,31.11,78.28,15.52,15.3,82.4,82.4,0.25,0,31.11,0,28.8,2237,69,133.3,2.8,0
1.7.2026,00:12.2,22031,2224,90.8,7675,239,96.9,26.7,16341,4363,0.989,1.02,0.985,1.007,0.945,0.891,0.758,3685.1,3734.2,3734.2,3734.2,3537.6,98.3,3439.4,2094,2201.1,1914.2,2158.7,1996.6,2483.9,1950.4,2107.6,1939.1,2094,63.1,66.4,58,65.5,60.4,74.2,57.5,63.9,58.7,74.2,63.1,100,92.4,97.3,85.1,95.3,88,108.4,86.1,93.2,85.6,92.4,37.5,38,38,38,36,35,71,70,73,69,72,29,30,27,31,28,73,73,No,No,No,No,No,No,No,No,No,No,No,No,No,No,No,No,No,No,73,73,57,14.219,20.86,16.449,0.724,9.381,1.906,1.463,0.504,64,15,64,64,0,1.2,0,0,0,0,0,0,62.7,66,57.7,65.2,60.2,73.3,57.3,63.6,58.5,9.8,9.7,11,7.7,10.8,2096.4,21.33,36,39,39,90,129,598,1,2,Yes,No,No,No,No,No,No,Yes,No,No,Yes,No,Yes,No,No,No,No,No,No,No,Yes,No,No,No,No,Yes,Yes,No,No,No,No,No,No,No,Yes,No,No,58,62,53,52,43,53,59,56,7295,7009,65,59,55,100,No,No,34687,80168,100,7.1,100,293.055,1.886,556016,201451,56,0.772,0.724,900,2096,9.2,8.2,0,3.3,10,0,6.7,0,0,45.1,1785,2172,1786,No,No,No,No,No,No,No,No,8.189,28.812,98.1,3.734,43.5,59.6,41.2,77.7,12.8,12,11.9,11.9,41.1,61.8,12.9,12.1,12,12,24.28,78.41,12.87,12.44,83.7,83.7,0.82,0.34,24.28,0,7.99,2246,69,4183.9,39,0
1.7.2026,00:14.2,21934,2320,90.4,7518,396,94.9,26.3,16341,4290,1.001,1.02,0.987,1.007,0.987,0.891,0.758,3734.2,3734.2,3734.2,3734.2,3734.2,98.3,3439.4,2604.5,2658,2412.2,2563,2580.5,2641.9,2513.8,2877.6,2589.1,2604.5,70.8,72.5,65.7,69.7,70.4,71.7,68.1,77.8,70.2,77.8,70.8,100,113.5,116,106,112,112.5,115.3,109.4,124.8,112,113.5,38,38,38,38,38,35,66,66,65,67,66,34,34,35,33,34,68,67,No,No,No,No,No,No,No,No,No,No,Yes,Yes,Yes,Yes,Yes,No,No,Yes,59,59,57,5.84,26.485,22.301,0.355,10.631,1.982,1.483,0.517,64,15,64,64,0,0,0,0,0,0,0,0,70,71.6,64.9,69.3,69.7,71,67.5,77,69.4,5.1,5.9,6.2,5.8,2.5,2096.4,21.33,36,39,39,90,129,598,1,2,Yes,No,No,No,No,No,No,No,Yes,No,Yes,No,No,No,No,No,No,No,No,No,No,No,No,No,No,No,No,No,No,No,No,No,No,No,No,No,No,59,63,53,52,43,53,59,56,7295,6984,65,59,55,100,No,No,34687,80169,100,80.9,100,281.905,11.757,556556,201474,58,0.772,0.355,900,2096,4.6,3.9,0,2.4,4.8,0,7.3,0.1,0,47.4,1876,2080,1876,No,No,No,No,No,No,No,No,8.188,28.812,98.1,3.726,43.5,59.6,30.7,73.4,4.4,3.8,3.7,3.7,27.6,60.6,4.1,3.8,3.8,3.8,32.6,226.52,13.62,12.99,267.13,267.13,0.59,0.46,32.6,0,22.44,2263,69,8755.7,62,0
1.7.2026,00:16.2,21936,2319,90.4,7549,365,95.3,25.5,16341,4165,0.904,0.975,0.755,0.9,0.987,0.873,0.758,3193.7,3537.6,2260.2,3242.8,3734.2,98.3,3341.1,1365.8,1517.2,1233.7,1378.8,1366.9,1492.4,1296.3,1405.4,1235.4,1365.8,48.1,53.1,43.1,48.3,47.6,52.4,45.8,50.7,44,53.1,48.1,100,60.2,66.7,55,60.6,60.1,65.5,57,62,54.4,60.2,32.5,36,23,33,38,34,64,64,65,63,65,36,36,35,37,35,66,65,No,No,No,No,No,No,No,No,No,No,Yes,Yes,Yes,Yes,Yes,No,No,Yes,59,56,57,5.586,14.571,10.741,0.167,7.032,1.757,1.186,0.505,64,15,64,64,0,1.7,0,0,0,0,0,0,48.3,53.1,43.2,48.6,47.7,52.5,45.9,50.8,44.2,13.8,14.5,13.2,12.6,14.9,2096.4,21.33,36,39,39,90,129,598,1,2,Yes,No,No,No,No,No,No,No,Yes,No,Yes,No,Yes,No,No,No,No,No,No,No,No,No,Yes,No,No,Yes,No,No,No,No,No,No,No,No,No,No,No,59,63,53,52,43,53,59,56,7295,6996,65,58,55,100,No,No,34687,80169,100,0.9,100,98.852,0.728,556745,201475,57,0.772,0.167,900,2096,2.8,1.9,0,1.9,3,0,6.5,0,0,48,1898,2058,1899,No,No,No,No,No,No,No,No,8.188,28.812,98.1,3.717,43.5,59.6,28,62.5,3.3,2.7,2.6,2.6,27,60.8,3.2,2.7,2.6,2.6,35.65,306.09,16.01,16,382.26,382.26,0.32,0.42,35.65,0,33.47,2272,69,4634.1,47.9,0
1.7.2026,00:18.3,22020,2235,90.7,7658,256,96.7,24.4,16341,3992,0.844,0.855,0.84,0.845,0.837,0.773,0.758,2849.8,2849.8,2849.8,2849.8,2849.8,98.3,2653.2,1584.6,1675.4,1363.3,1688.3,1597.2,1603,1612.4,1633.7,1503.2,1584.6,55.6,59.4,47.9,59,56.5,56.4,56.1,56.9,52.4,59.4,55.6,100,69.9,74,61.1,73.8,70.4,70.7,70.5,72.3,66.3,69.9,29,29,29,29,29,27,60,61,62,58,58,40,39,38,42,42,61,62,No,No,No,No,No,No,No,No,No,No,Yes,Yes,Yes,Yes,Yes,No,No,Yes,63,63,57,10.664,15.731,11.887,0.186,7.357,1.802,1.276,0.499,64,15,64,64,0,0.6,0,0,0,0,0,0,55.1,59,47.3,58.6,56.1,55.8,55.7,56.5,51.9,9.6,12.2,7.1,8.5,10.7,2096.4,21.33,36,39,39,90,129,598,1,2,Yes,No,No,No,No,No,No,No,Yes,No,Yes,No,Yes,No,No,No,No,No,No,No,No,No,Yes,No,No,No,No,No,No,No,No,No,No,No,No,No,No,59,63,53,52,43,53,59,56,7308,7009,65,58,55,100,No,No,34687,80170,100,2.6,100,153.307,3.127,557038,201481,57,0.855,0.186,1100,2096,3.1,2.4,0,2.1,3.4,0,7,0,0,48.6,1924,2033,1923,Yes,Yes,No,No,No,No,No,No,8.188,28.812,98.1,3.742,43.5,59.6,61.2,72,57.9,57.8,57.8,57.8,60.2,67,54.2,54,53.9,53.9,16.34,17.35,13.25,12.97,17.38,17.38,1.92,11.85,15.98,0.37,0.7,2280,69,4096.8,28.5,0
1.7.2026,00:20.2,22059,2196,90.9,7688,226,97.1,24.6,16341,4013,0.681,0.695,0.662,0.697,0.67,0.666,0.761,1474,1670.6,1277.5,1670.6,1277.5,98.3,1474,1980.5,1984.8,1798.2,1880,1907.8,2074,2217.9,2052.7,1928.5,1980.5,77.8,78.1,71,74.1,75.7,80.8,86.6,80.7,75.6,86.6,77.8,100,85.8,86.6,78.7,81.8,82.7,89.1,95.5,88.7,83.1,85.8,15,17,13,17,13,15,55,56,55,56,53,45,44,45,44,47,57,56,No,No,No,No,No,No,No,No,No,No,Yes,Yes,Yes,Yes,Yes,No,No,Yes,62,62,56,12.188,14.275,10.161,0.478,7.053,1.859,1.418,0.488,64,15,64,64,0,0.1,0,0,0,0,0,0,77,77.2,70.1,73.6,75,80,85.2,80,75.1,4.4,5.1,7.7,2.2,2.8,2096.4,21.33,36,39,39,90,129,598,1,2,Yes,No,No,No,No,No,No,No,Yes,No,No,No,Yes,No,No,No,No,No,No,No,No,No,Yes,No,No,No,No,No,No,No,No,No,No,No,No,No,No,58,63,53,52,43,53,59,56,7308,6971,65,58,55,100,No,No,34687,80170,100,100,100,85.899,21.596,557204,201523,55,0.757,0.478,800,2096,8.9,7.6,0,3.4,9.6,0,7.2,0.1,0,47.9,1897,2060,1897,No,No,No,No,No,No,No,No,8.192,28.819,98.2,3.727,43.5,59.6,60,65.4,55.5,54.4,54.3,54.3,60,61.2,58.9,58.6,58.6,58.6,16.66,18.01,15.29,14.84,18.43,18.43,0.41,0.18,16.66,0,0.31,2280,69,112.3,37.8,0
1.7.2026,00:22.3,22096,2158,91,7670,244,96.9,25.1,16341,4096,0.662,0.657,0.662,0.66,0.67,0.648,0.701,1277.5,1277.5,1277.5,1277.5,1277.5,98.3,1080.9,1803.2,1768.4,1713.1,1733.4,1736.9,1820.4,1764.4,1923.7,1965.2,1803.2,71.2,70,68,69.8,69.9,72.2,69.1,75.9,75,75.9,71.2,100,78.1,77.1,74.7,75.3,75,78.9,76.4,83,84.3,78.1,13,13,13,13,13,11,54,56,54,54,53,46,44,46,46,47,56,56,No,No,No,No,No,No,No,No,No,No,Yes,Yes,Yes,Yes,Yes,No,No,Yes,59,59,56,12.442,14.013,9.826,0.564,7.174,1.844,1.397,0.501,64,15,64,64,0,0.8,0,0,0,0,0,0,70.2,68.8,67,68.9,69,71.1,68.1,74.6,73.9,9.7,11.3,11.4,9.4,6.5,1048.2,10.67,20,20,20,45,129,299,1,2,Yes,No,No,No,No,No,No,No,Yes,No,No,No,Yes,No,No,No,No,No,No,No,No,No,No,No,Yes,No,No,No,No,No,No,No,No,No,No,No,No,58,63,53,52,43,53,59,56,7295,6984,65,59,55,100,No,No,34687,80170,100,100,100,135.682,68.521,557465,201654,55,0.757,0.564,800,1048,9.5,7.9,0,3.6,9.6,0,6.1,2.1,0,48.1,1903,2053,1904,No,No,No,No,No,No,No,No,8.192,28.819,98.2,3.711,43.5,59.6,56.6,74.3,28.6,28,28,28,60,62.1,58,57.8,57.8,57.8,17.66,34.99,13.46,12.69,35.77,35.77,0.78,0,17.66,0,0.49,2282,70,915.4,108.3,0
1.7.2026,00:24.2,22019,2235,90.7,7533,381,95.1,25.1,16341,4097,0.815,0.822,0.812,0.815,0.81,0.753,0.761,2653.2,2653.2,2653.2,2653.2,2653.2,98.3,2456.7,1814.8,1767.8,1683.6,1744.6,1782.3,2256.9,1775.3,1805.9,1702.3,1814.8,68.7,68,64.7,66.7,68.6,80.7,65.9,70,64.8,80.7,68.7,100,79.2,77.7,73.9,76.4,77.6,97.3,77.5,78.8,74,79.1,27,27,27,27,27,25,60,61,62,59,59,40,39,38,41,41,61,62,No,No,No,No,No,No,No,No,No,No,Yes,Yes,Yes,Yes,Yes,No,No,Yes,63,63,56,10.41,15.576,11.48,0.342,7.41,1.825,1.338,0.487,64,15,64,64,0,2.1,0,0,0,0,0,0,67.7,67,63.7,65.8,67.7,79.5,64.5,69.1,64.2,10.9,12.2,13,6.2,12.2,2096.4,21.33,36,39,39,90,129,598,1,2,Yes,No,No,No,No,No,No,No,Yes,No,Yes,No,Yes,No,No,No,No,No,No,No,No,No,Yes,No,Yes,Yes,No,No,No,No,No,No,No,No,No,No,No,58,63,53,52,43,53,59,56,7308,6971,65,59,55,100,No,No,34687,80170,100,100,100,148.753,40.859,557747,201732,55,0.747,0.342,750,2096,4.6,3.2,0,3.9,4.4,0,8.4,6.5,0,43.1,1706,2251,1707,No,No,No,No,No,No,No,No,8.188,28.819,98.2,3.734,43.5,59.6,59.1,81.9,35.1,29.6,29.1,29.1,55.8,76.3,30,30,30,30,16.93,28.48,12.2,9.83,34.37,34.37,0.42,0.14,16.93,0,3.74,2282,70,33.9,13.9,0
1.7.2026,00:26.3,21951,2304,90.4,7596,318,95.9,24.1,16341,3940,0.661,0.657,0.662,0.66,0.665,0.648,0.758,1277.5,1277.5,1277.5,1277.5,1277.5,98.3,1080.9,1454.8,1538.8,1322.6,1442.6,1460.4,1500.1,1402.1,1519.6,1451.8,1454.8,54.7,57.8,50.2,54.5,55,56.4,51.3,57,55.7,57.8,54.7,100,64.4,68.4,59,63.8,64.3,66.3,62.1,67.3,63.8,64.4,13,13,13,13,13,11,56,57,57,56,55,44,43,43,44,45,57,57,No,No,No,No,No,No,No,No,No,No,Yes,Yes,Yes,Yes,Yes,No,No,Yes,68,68,57,11.68,13.095,9.272,0.147,6.853,1.759,1.203,0.486,64,15,64,64,0,0.7,0,0,0,0,0,0,54.7,58,50,54.5,54.9,56.4,51.3,56.9,55.6,10.7,12.3,11.3,11.4,7.9,1048.2,10.67,20,20,20,45,129,299,1,2,Yes,No,No,No,No,No,No,No,Yes,No,Yes,No,No,No,No,No,No,No,No,No,No,No,No,No,No,No,No,No,No,No,No,No,No,No,No,No,No,58,62,53,52,43,53,59,56,7295,6996,65,59,55,100,No,No,34687,80171,100,8.6,100,166.693,3.099,558066,201738,56,0.775,0.147,900,1048,3.5,2.7,0,1,3.7,0,1.4,0,0,44,1742,2214,1743,No,No,No,No,No,No,No,No,8.192,28.819,98.2,3.703,43.5,59.6,31.7,156.3,5.1,5,5,5,31.6,61.6,5.1,5,5,5,31.53,197.05,6.4,5.6,201.15,201.15,0.84,1.56,31.53,0,29.34,2282,70,166.3,5.6,0
1.7.2026,00:28.3,21918,2337,90.3,7603,312,96,23.4,16341,3823,1.016,1.02,0.987,1.007,1.05,0.891,0.758,3807.9,3734.2,3734.2,3734.2,4029,98.3,3439.4,1449.7,1546.6,1297.1,1370,1323.5,1295.9,1787.6,1486.8,1490.3,1449.7,51.7,56,47.1,49.5,47.9,45.8,61.1,53.2,53,61.1,51.7,100,64.4,68.8,58.3,61.3,58.9,57.6,77.7,66.3,65.8,64.4,38.8,38,38,38,41,35,58,58,58,57,58,42,42,42,43,42,58,58,No,No,No,No,No,No,No,No,No,No,Yes,Yes,Yes,Yes,Yes,No,No,Yes,75,75,56,13.965,14.372,10.576,0.208,7.103,1.754,1.178,0.487,64,15,64,64,0,0.9,0,0,0,0,0,0,51.5,55.8,46.8,49.6,47.8,45.7,60.6,53,52.6,10,11.2,12.9,6.5,9.5,2096.4,21.33,36,39,39,90,129,598,1,2,Yes,No,No,No,No,No,No,No,Yes,No,Yes,No,No,No,No,No,No,No,No,No,No,No,No,No,No,No,No,No,No,No,No,No,No,No,No,No,No,58,62,53,52,43,53,59,56,7308,6959,65,59,55,100,No,No,34687,80171,100,100,100,136.384,9.25,558326,201756,55,0.775,0.208,900,2096,4.6,3.4,0,1.3,5.1,0,1.4,0,0,43.8,1734,2222,1735,No,No,No,No,No,No,No,No,8.188,28.827,98.2,3.701,43.5,59.6,47.5,67.9,15,15,15,15,47.4,62.4,15,15,15,15,21.05,66.7,14.73,14.73,66.88,66.88,0.48,0.23,21.05,0,2.97,2282,70,23.7,5,0
1.7.2026,00:30.3,21767,2488,89.7,7422,492,93.7,23.2,16341,3793,1.001,1.02,0.987,1.007,0.99,0.891,0.761,3734.2,3734.2,3734.2,3734.2,3734.2,98.3,3439.4,906,1071.4,703.5,872.9,793.5,856.1,900.7,1027.5,1022.2,906,37.2,44.6,29.5,35.8,32.9,35.9,36.3,41.9,40.6,44.6,37.2,100,40.6,47.7,32.7,39.3,35.7,38.4,40.2,45.7,45.1,40.6,38,38,38,38,38,35,60,59,62,59,60,40,41,38,41,40,62,62,No,No,No,No,No,No,No,No,No,No,Yes,Yes,Yes,Yes,Yes,No,No,Yes,58,55,55,12.949,11.123,7.653,0.045,6.228,1.63,0.991,0.485,64,15,64,64,0,5.8,0,0,0,0,0,0,37.6,44.9,29.9,36.2,33.4,36.4,36.7,42.2,40.8,25.5,24.7,30.2,24.2,23,2096.4,21.33,36,39,39,90,129,598,1,2,Yes,No,No,No,No,No,No,No,Yes,No,Yes,No,No,No,No,No,No,No,No,No,No,No,No,No,No,No,No,No,No,No,No,No,No,No,No,No,No,58,62,53,52,43,53,59,56,7295,7009,65,59,55,100,No,No,34687,80171,100,100,100,76.797,49.61,558473,201851,55,0.732,0.045,650,2096,1,0.4,0,0.5,1,0,1.3,0,0,43.4,1716,2240,1717,No,No,No,No,No,No,No,No,8.189,28.827,98.2,3.71,43.5,59.6,22.1,63.8,12.2,12.1,12.1,12.1,21.8,60.4,12.1,12,12,12,45.22,82.29,15.67,15.65,82.78,82.78,0.51,4.34,45.22,0,21.23,2282,70,10.7,3.3,0
